world_id,view,true_R,gx,gy,x1,y1,theta1_deg,first_error_deg,second_error_deg
center_1050_0,center,1050,493.1024849241212,-15.99786230749816,0.0,0.0,359.0,0.8582112740657225,-0.5163467141745681
center_1050_1,center,1050,1008.6066583209374,-27.84629838737199,0.0,0.0,359.0,0.5814591018555667,-0.09150347514103145
center_1050_2,center,1050,814.5857040907619,-18.496022633934214,0.0,0.0,359.0,0.30073725025206743,-0.5433650354907382
center_1050_3,center,1050,1040.0993418094056,-29.96887443475529,0.0,0.0,359.0,0.6504337654030463,-0.9219683167904308
center_1050_4,center,1050,215.29147008510546,-4.299840099187911,0.0,0.0,359.0,0.14416953428327747,0.6928389392216937
center_1050_5,center,1050,172.05289278762478,-4.1317068245293465,0.0,0.0,359.0,0.37564599713018476,0.6176379622615942
center_1050_6,center,1050,186.66701913185787,-5.234832228916988,0.0,0.0,359.0,0.606364124452598,-0.9326882503262863
center_1050_7,center,1050,814.7490529331187,-23.83014192520265,0.0,0.0,359.0,0.675334765073097,-0.9682036012110572
center_1050_8,center,1050,719.2186658797532,-11.384236884384821,0.0,0.0,359.0,-0.09316277325287023,-0.5695359041317618
center_1050_9,center,1050,1001.1507127341364,-3.7221681770851194,0.0,0.0,359.0,-0.7869815784481904,-0.18242618856728068
center_1050_10,center,1050,923.5218940983959,-24.014815565953448,0.0,0.0,359.0,0.48955599382310344,0.8125365370767137
center_1050_11,center,1050,930.2230108606025,-12.723156016821518,0.0,0.0,359.0,-0.21638394203394679,0.6918089672630746
center_1050_12,center,1050,670.7835533234054,-9.054188245207548,0.0,0.0,359.0,-0.2266726445041472,0.2957675498384202
center_1050_13,center,1050,835.475981451418,-20.550214134299296,0.0,0.0,359.0,0.40902095887751094,-0.6951482969782128
center_1050_14,center,1050,525.770818571492,-9.396474422352357,0.0,0.0,359.0,0.02387009522131214,0.9030593519583457
center_1050_15,center,1050,609.9631950797648,-7.40286612529901,0.0,0.0,359.0,-0.304659420240641,-0.13084220294494742
center_1050_16,center,1050,1044.3726713449898,-20.257741589275486,0.0,0.0,359.0,0.11122934662081126,-0.042003666814639164
center_1050_17,center,1050,943.570591694959,-15.470554511630155,0.0,0.0,359.0,-0.060676462921461956,-0.12721352222881732
center_1050_18,center,1050,768.2977752653748,-11.998014862667759,0.0,0.0,359.0,-0.10532118838872248,-0.09178114325082982
center_1050_19,center,1050,602.8638262582217,-13.838769306600073,0.0,0.0,359.0,0.31499654669454225,0.20758339881597446
center_1050_20,center,1050,194.9038422689176,-6.60936386977219,0.0,0.0,359.0,0.9422069526284029,-0.22354622822719314
center_1050_21,center,1050,907.6368213865607,-10.889924125810085,0.0,0.0,359.0,-0.31259206379042687,0.46044475921154465
center_1050_22,center,1050,224.42906854986794,-4.139088677270899,0.0,0.0,359.0,0.05657182167589539,-0.930752386472947
center_1050_23,center,1050,891.0403435792754,-16.267457527783073,0.0,0.0,359.0,0.04591574719870599,-0.7844167943102327
center_1050_24,center,1050,924.8624777592879,-16.849771472077748,0.0,0.0,359.0,0.04373787602327054,0.5145567030680779
center_1050_25,center,1050,1046.5053774160413,-33.38502992597362,0.0,0.0,359.0,0.827198270435963,0.9642705266337611
center_1050_26,center,1050,783.1832919913165,-5.919789383146634,0.0,0.0,359.0,-0.5669308940404236,-0.5949462556166294
center_1050_27,center,1050,665.4455635291836,-3.5969877002351387,0.0,0.0,359.0,-0.6902974213030277,0.7571383800198714
center_1050_28,center,1050,628.5922209666428,-6.288821235185171,0.0,0.0,359.0,-0.42679708442581926,-0.311256662183776
center_1050_29,center,1050,793.1368325330502,-3.248160062469615,0.0,0.0,359.0,-0.7653559704979496,0.8129659944494586
center_1050_30,center,1050,838.0046387209015,-15.33782547297264,0.0,0.0,359.0,0.04855571921059448,-0.2860328532319198
center_1050_31,center,1050,838.6042173330461,-19.6520145528438,0.0,0.0,359.0,0.34243475400711143,-0.28800920878433955
center_1050_32,center,1050,362.423319285364,-1.0962401601018381,0.0,0.0,359.0,-0.8266950838602701,-0.11966614029474634
center_1050_33,center,1050,935.5995653927193,-18.089974908007182,0.0,0.0,359.0,0.10768550871554838,-0.7799433117625283
center_1050_34,center,1050,819.9812066366562,-3.8810361228309187,0.0,0.0,359.0,-0.7288165537122865,-0.2762269777574615
center_1050_35,center,1050,534.5831079078804,-8.624352636141245,0.0,0.0,359.0,-0.07573558391762772,0.8215308255479146
center_1050_36,center,1050,999.4262500327283,-7.711816648964024,0.0,0.0,359.0,-0.5579005681894608,-0.24325505847333578
center_1050_37,center,1050,605.8517004940121,-0.4659035382402336,0.0,0.0,359.0,-0.9559392156239893,-0.8946828237472919
center_1050_38,center,1050,898.58017916434,-6.3249594636735855,0.0,0.0,359.0,-0.5967110042211413,-0.8710246880641463
center_1050_39,center,1050,960.8322770725396,-23.196041210467303,0.0,0.0,359.0,0.38294392240048497,0.1433115918695481
center_1050_40,center,1050,544.7360605341349,-2.2753959263567163,0.0,0.0,359.0,-0.7606734076807949,-0.07328128824893157
center_1050_41,center,1050,771.888139530133,-7.97395786967928,0.0,0.0,359.0,-0.4081294201766479,0.29101269950803066
center_1050_42,center,1050,752.4539357571787,-22.594015685313703,0.0,0.0,359.0,0.7199097847319743,-0.9204209465544353
center_1050_43,center,1050,749.7758323865726,-24.548132404947907,0.0,0.0,359.0,0.8752300048858053,0.8531303731426895
center_1050_44,center,1050,256.07522441265013,-2.2385451365964504,0.0,0.0,359.0,-0.4991474793783725,-0.7563610098435127
center_1050_45,center,1050,901.7884611300626,-25.62809993107593,0.0,0.0,359.0,0.6278616378168094,0.6184184682429666
center_1050_46,center,1050,768.8374906259436,-6.837476609894155,0.0,0.0,359.0,-0.4904668028717239,0.7614298881262501
center_1050_47,center,1050,748.0621764357714,-3.9679433067290635,0.0,0.0,359.0,-0.6960890687330978,-0.39607608643666165
center_1050_48,center,1050,560.2359384794456,-12.55099592700992,0.0,0.0,359.0,0.28338575637957447,-0.9267220757337225
center_1050_49,center,1050,639.1437320330148,-19.536949065472612,0.0,0.0,359.0,0.7508366700567185,-0.96781879880474
center_1050_50,center,1050,278.16769202931926,-9.618546675096173,0.0,0.0,359.0,0.9803976531258937,-0.08416593341230066
center_1050_51,center,1050,1021.8750672606438,-6.098848647468687,0.0,0.0,359.0,-0.6580461255816505,0.018235535260028215
center_1050_52,center,1050,886.2061561599278,-23.342440179100915,0.0,0.0,359.0,0.5088071007142834,-0.17599845466336173
center_1050_53,center,1050,935.789781142605,-23.251120205176157,0.0,0.0,359.0,0.4233079293155825,-0.1291177199166054
center_1050_54,center,1050,961.3926888332853,-29.288868675103537,0.0,0.0,359.0,0.7449786155564556,-0.2624624668393882
center_1050_55,center,1050,791.8403683312679,-20.769436000357743,0.0,0.0,359.0,0.5024849552408921,-0.9341349560256961
center_1050_56,center,1050,1037.045141498394,-6.492740470974237,0.0,0.0,359.0,-0.6412868147339476,-0.3915327769742014
center_1050_57,center,1050,515.5956593166544,-16.093568463742518,0.0,0.0,359.0,0.787823942640043,-0.606894472694566
center_1050_58,center,1050,398.8881356472739,-7.707906918485435,0.0,0.0,359.0,0.10701607878773431,0.15462419717337048
center_1050_59,center,1050,720.694253182749,-2.8470349389329135,0.0,0.0,359.0,-0.7736595832916865,-0.42332520025126036
center_1050_60,center,1050,393.242585813216,-10.903301099357924,0.0,0.0,359.0,0.5882133465050429,0.6577943932890931
center_1050_61,center,1050,762.8524216708158,-12.352458025284978,0.0,0.0,359.0,-0.0723214015192662,0.028471996469538453
center_1050_62,center,1050,923.2481526989645,-19.162838442746683,0.0,0.0,359.0,0.18905424899480014,-0.8498921247706288
center_1050_63,center,1050,436.6247447322062,-3.291299665797407,0.0,0.0,359.0,-0.5681096626765002,-0.685484325246065
center_1050_64,center,1050,571.3835014778964,-9.047818140141173,0.0,0.0,359.0,-0.09280112303250743,0.36415694677963634
center_1050_65,center,1050,573.1643029707981,-6.235560626799609,0.0,0.0,359.0,-0.3766931910882385,-0.42897567210644927
center_1050_66,center,1050,489.9151614315491,-13.757301382814031,0.0,0.0,359.0,0.6084993509579821,-0.23961565052025668
center_1050_67,center,1050,557.0866548095656,-13.36631168424954,0.0,0.0,359.0,0.37444746553603686,-0.45527209714469224
center_1050_68,center,1050,942.6907968851486,-6.960421705156837,0.0,0.0,359.0,-0.5769603970847248,-0.9070994608150218
center_1050_69,center,1050,597.7277811329395,-12.31037084610198,0.0,0.0,359.0,0.1798558063879113,0.7576944300505208
center_1050_70,center,1050,328.5156149510144,-4.560073798103934,0.0,0.0,359.0,-0.20473733226991736,0.7498750822116278
center_1050_71,center,1050,270.2119747941523,-3.9826493043127433,0.0,0.0,359.0,-0.15557970736283155,-0.031193489847734932
center_1050_72,center,1050,1047.1177514569697,-13.055115396165462,0.0,0.0,359.0,-0.28569231242369403,-0.8502053964849865
center_1050_73,center,1050,814.8087528497764,-7.677515480935876,0.0,0.0,359.0,-0.46014789958520375,-0.652632154004037
center_1050_74,center,1050,688.3410674946485,-13.305344749914298,0.0,0.0,359.0,0.10736553627651198,0.26038540833012186
center_1050_75,center,1050,922.0852048975366,-11.23139978110672,0.0,0.0,359.0,-0.3021469377832082,0.6420941195401676
center_1050_76,center,1050,362.8254097121923,-1.4198098208570427,0.0,0.0,359.0,-0.7757910746184852,-0.19700337182924121
center_1050_77,center,1050,559.7807906992101,-1.1585560056238415,0.0,0.0,359.0,-0.8814173766320502,-0.40850761755087256
center_1050_78,center,1050,594.8913668385986,-11.272200281050585,0.0,0.0,359.0,0.08552966044645421,-0.47000027286508145
center_1050_79,center,1050,962.207953247162,-9.524983363010078,0.0,0.0,359.0,-0.4328424331288675,0.9855440215908514
center_1050_80,center,1050,627.2381909066758,-15.501714321217605,0.0,0.0,359.0,0.41573337340910116,0.13958709753149287
center_1050_81,center,1050,1023.1799863642893,-0.7210574558489327,0.0,0.0,359.0,-0.9596224098223817,-0.29230834394912236
center_1050_82,center,1050,994.662200248838,-32.955093060941614,0.0,0.0,359.0,0.8976264464125507,-0.8218962917139077
center_1050_83,center,1050,911.8070773835489,-20.374382515495295,0.0,0.0,359.0,0.28006452920107555,-0.04247828170275389
center_1050_84,center,1050,714.7905400433636,-1.3668493119982137,0.0,0.0,359.0,-0.8904369924274996,-0.08009756468215184
center_1050_85,center,1050,870.4691136498999,-30.048987597048807,0.0,0.0,359.0,0.977091137172045,0.5848409303738911
center_1050_86,center,1050,187.66940805050984,-4.9384474059409245,0.0,0.0,359.0,0.5073682645563946,0.2965428725038979
center_1050_87,center,1050,785.275813404518,-19.138011739560408,0.0,0.0,359.0,0.39608309053383584,-0.4218392964601789
center_1050_88,center,1050,1024.140350464284,-3.3910134586452276,0.0,0.0,359.0,-0.8102896254909352,-0.06468805846922918
center_1050_89,center,1050,959.8627598291861,-2.0293202191045596,0.0,0.0,359.0,-0.8788667344258922,0.010306515730212896
center_1050_90,center,1050,490.0003901730558,-4.117781936385295,0.0,0.0,359.0,-0.5185188073918573,0.7709881367194645
center_1050_91,center,1050,457.786114544035,-0.8673657877512453,0.0,0.0,359.0,-0.891442012141727,-0.2471451888789278
center_1050_92,center,1050,930.8581722259103,-16.342710655428835,0.0,0.0,359.0,0.005816122257056224,-0.19951982354231168
center_1050_93,center,1050,906.0057395657499,-9.81826046270774,0.0,0.0,359.0,-0.37911776675318304,-0.8031975187919305
center_1050_94,center,1050,810.2029767239827,-4.570245873595055,0.0,0.0,359.0,-0.6768056522769283,-0.9754097228324494
center_1050_95,center,1050,831.8577223109168,-6.119344052300393,0.0,0.0,359.0,-0.5785261661842245,-0.07183190679823327
center_1050_96,center,1050,528.6281818785884,-17.381180046605202,0.0,0.0,359.0,0.8831943797552823,-0.3660539982036619
center_1050_97,center,1050,745.8105843571283,-19.24687618559715,0.0,0.0,359.0,0.47828428217504976,0.8807391496961041
center_1050_98,center,1050,117.23440560977066,-0.379882465313582,0.0,0.0,359.0,-0.8143413131911431,-0.9816574132485895
center_1050_99,center,1050,775.9527260296757,-5.470877370220447,0.0,0.0,359.0,-0.5960411257166479,0.8973279735599692
center_1250_0,center,1250,409.54020961837415,-10.062635297183384,0.0,0.0,359.0,0.40750661093090307,-0.714097045388205
center_1250_1,center,1250,991.8605195561698,-23.431788212433734,0.0,0.0,359.0,0.3533081233101355,-0.4671386335187005
center_1250_2,center,1250,1053.922060744834,-7.672674810480731,0.0,0.0,359.0,-0.5828874502697577,0.8276869880717678
center_1250_3,center,1250,1152.245312264729,-13.467362357903376,0.0,0.0,359.0,-0.33036144092055736,-0.5103349498738947
center_1250_4,center,1250,710.6073323963843,-4.105308762997085,0.0,0.0,359.0,-0.6689954660008568,-0.9338734671661849
center_1250_5,center,1250,27.47285837848869,-0.2197352334017848,0.0,0.0,359.0,-0.5417428775357835,-0.7531058418203478
center_1250_6,center,1250,78.29234548399761,-1.5084491394268191,0.0,0.0,359.0,0.10377428070059705,-0.7170592258567227
center_1250_7,center,1250,331.37288823642257,-8.39010268114985,0.0,0.0,359.0,0.450374507076215,-0.33873157485783095
center_1250_8,center,1250,1066.139543687326,-5.515402683085591,0.0,0.0,359.0,-0.7035974522208381,0.23057235353871333
center_1250_9,center,1250,1045.9634198310227,-6.2901529346702745,0.0,0.0,359.0,-0.6554421844132443,0.9866528517270219
center_1250_10,center,1250,846.9652670704144,-24.449434559508404,0.0,0.0,359.0,0.6535040418120533,-0.3569709664741148
center_1250_11,center,1250,648.2116599396167,-17.671586130474676,0.0,0.0,359.0,0.5616142664141361,0.6701443440051842
center_1250_12,center,1250,968.6021138215373,-13.302655091223615,0.0,0.0,359.0,-0.2131567063208901,-0.18945642446716593
center_1250_13,center,1250,557.8555211276849,-11.383086369442806,0.0,0.0,359.0,0.16896272614593272,-0.9976553644144996
center_1250_14,center,1250,626.4055778613102,-20.16627122419617,0.0,0.0,359.0,0.843922436522464,-0.7837578813157646
center_1250_15,center,1250,778.4882351320979,-5.882301690833462,0.0,0.0,359.0,-0.5670780474680366,0.8601517160156735
center_1250_16,center,1250,408.22491236013167,-4.688632723176816,0.0,0.0,359.0,-0.34196310159315585,0.40462882921581084
center_1250_17,center,1250,960.7642196653718,-30.614090840703287,0.0,0.0,359.0,0.8250730745785959,0.7586286598837075
center_1250_18,center,1250,863.6359722607837,-25.188496341830295,0.0,0.0,359.0,0.6705945298003787,0.7367385796102603
center_1250_19,center,1250,1078.4564164753717,-14.98085036070819,0.0,0.0,359.0,-0.2041548605843851,0.23055565768248218
center_1250_20,center,1250,654.5968130105855,-9.589599954414247,0.0,0.0,359.0,-0.16069816856863672,0.5539964927871986
center_1250_21,center,1250,143.67172793302495,-3.221289784061776,0.0,0.0,359.0,0.28442382825897294,0.1420136797415927
center_1250_22,center,1250,993.1054112220783,-12.911746933592106,0.0,0.0,359.0,-0.2551174148706254,0.281389002660436
center_1250_23,center,1250,620.0601001632398,-17.92565658239705,0.0,0.0,359.0,0.6559338089616507,0.5129417973953656
center_1250_24,center,1250,1189.7754768283326,-40.640716915152375,0.0,0.0,359.0,0.9563662176469074,-0.08072431420292726
center_1250_25,center,1250,1230.3395995424519,-7.8648812784801505,0.0,0.0,359.0,-0.6337447271206579,0.6040357330876459
center_1250_26,center,1250,935.2772105923966,-19.155764506822194,0.0,0.0,359.0,0.17333237388024253,0.4986000961343458
center_1250_27,center,1250,261.9247369735169,-8.205701232537699,0.0,0.0,359.0,0.7944022037185,0.03278542693551716
center_1250_28,center,1250,787.5294389705444,-7.873123928049711,0.0,0.0,359.0,-0.4272191959203819,-0.0034868155958103515
center_1250_29,center,1250,1229.5284828224512,-7.162576017091899,0.0,0.0,359.0,-0.6662291766619851,0.8291917319903946
center_1250_30,center,1250,952.6609089071832,-11.211554213363302,0.0,0.0,359.0,-0.32573586465845655,0.7274338814846081
center_1250_31,center,1250,1128.2925436827613,-32.105107831416404,0.0,0.0,359.0,0.6298884321899287,0.6176114063056105
center_1250_32,center,1250,634.3533674463332,-16.790171929223337,0.0,0.0,359.0,0.516160366879527,0.9958889746305435
center_1250_33,center,1250,723.9718933696344,-3.5668895238769776,0.0,0.0,359.0,-0.7177154748455206,-0.6530130214541623
center_1250_34,center,1250,1007.9729144180202,-24.215347206475187,0.0,0.0,359.0,0.376198060701325,-0.24023895110483906
center_1250_35,center,1250,1068.765354510728,-25.277530716747684,0.0,0.0,359.0,0.35485854149981755,0.37917023835827207
center_1250_36,center,1250,595.043732406552,-13.475711147779206,0.0,0.0,359.0,0.29733224282361154,0.8477273564083925
center_1250_37,center,1250,71.32402320484542,-0.2843757649152494,0.0,0.0,359.0,-0.7715574072373327,-0.3150450952622272
center_1250_38,center,1250,1044.152526861888,-20.25988267778726,0.0,0.0,359.0,0.11158101825196709,-0.7961677201507715
center_1250_39,center,1250,1073.7932946892506,-37.47864932375799,0.0,0.0,359.0,0.9989853586776862,-0.3862622548807064
center_1250_40,center,1250,789.5234770189979,-22.141890142258816,0.0,0.0,359.0,0.6064176109393324,-0.2173721356280438
center_1250_41,center,1250,1021.5169611095006,-5.961420340316829,0.0,0.0,359.0,-0.6656341882531105,0.9913129871863073
center_1250_42,center,1250,268.4513877760097,-1.0047099557219232,0.0,0.0,359.0,-0.7855650075056481,-0.251339314341319
center_1250_43,center,1250,730.2494863484113,-21.654388195276223,0.0,0.0,359.0,0.6985175690745846,-0.14932240296421978
center_1250_44,center,1250,1248.509134015464,-5.845591429653155,0.0,0.0,359.0,-0.7317398317773233,-0.045092516094740125
center_1250_45,center,1250,380.4246374336958,-1.284363142696272,0.0,0.0,359.0,-0.8065627180637993,0.34400007530944887
center_1250_46,center,1250,1061.265385353472,-23.557259778080677,0.0,0.0,359.0,0.27160460117965735,-0.30246424179005094
center_1250_47,center,1250,1224.0343351239644,-22.045746833991977,0.0,0.0,359.0,0.031827016334179725,-0.1024266001676906
center_1250_48,center,1250,797.228463325149,-4.9564911560964315,0.0,0.0,359.0,-0.6437879746928373,-0.6547588530888793
center_1250_49,center,1250,1167.295896808764,-12.19439377977339,0.0,0.0,359.0,-0.40146976947261953,-0.751663560136214
center_1250_50,center,1250,1204.9148442282797,-22.876374274083545,0.0,0.0,359.0,0.0876803848744249,-0.5633920496261131
center_1250_51,center,1250,966.7720899979055,-14.195926601559403,0.0,0.0,359.0,-0.15873840539893203,0.63564154145274
center_1250_52,center,1250,780.7482784344768,-25.479143512276824,0.0,0.0,359.0,0.8691420995374318,0.131618100453235
center_1250_53,center,1250,930.1325540511192,-21.998611646560512,0.0,0.0,359.0,0.3548527678236376,-0.16296555790474954
center_1250_54,center,1250,1032.0064777556763,-22.690125944266487,0.0,0.0,359.0,0.25952603953728964,-0.8941837083557926
center_1250_55,center,1250,666.5306367028238,-13.00932829912534,0.0,0.0,359.0,0.11815561852267241,-0.9315888224970076
center_1250_56,center,1250,1028.9090399634865,-31.338090700331158,0.0,0.0,359.0,0.7445520977603164,-0.019185347969005884
center_1250_57,center,1250,555.8387737076446,-4.187081596293863,0.0,0.0,359.0,-0.5684044047954687,0.6402389605536029
center_1250_58,center,1250,1189.8826463503485,-18.8792119999789,0.0,0.0,359.0,-0.09099572578714372,0.4760919057868083
center_1250_59,center,1250,216.87974504862774,-1.8726859923353074,0.0,0.0,359.0,-0.5052818915531,0.8267093867593706
center_1250_60,center,1250,1187.6073698512034,-14.542522418136615,0.0,0.0,359.0,-0.2984352094946656,-0.37238356460860933
center_1250_61,center,1250,1167.003472273718,-16.284579258857136,0.0,0.0,359.0,-0.20053613223786612,-0.8790853639914953
center_1250_62,center,1250,1202.7470538816303,-0.41356431734524907,0.0,0.0,359.0,-0.9802988592399743,-0.49178707579116687
center_1250_63,center,1250,1057.4787727690455,-24.928522182150427,0.0,0.0,359.0,0.3504144586034029,-0.17241791226480263
center_1250_64,center,1250,538.0929774306975,-3.4274494641703575,0.0,0.0,359.0,-0.6350524142391446,-0.7787561433060235
center_1250_65,center,1250,1092.7337062315455,-10.221906592232077,0.0,0.0,359.0,-0.4640459787224865,-0.24511180146003775
center_1250_66,center,1250,1120.0974551299653,-20.682800355625467,0.0,0.0,359.0,0.0578566235108173,-0.6230094018155812
center_1250_67,center,1250,434.56613703673924,-14.482498913799125,0.0,0.0,359.0,0.9087521994624524,0.5083604227184183
center_1250_68,center,1250,1097.41004643901,-17.732594329951493,0.0,0.0,359.0,-0.07426179849995632,0.8619379382020954
center_1250_69,center,1250,900.9525310945403,-18.351188150622367,0.0,0.0,359.0,0.16687641287813676,-0.9823445340422271
center_1250_70,center,1250,476.86391277160067,-7.774327758013313,0.0,0.0,359.0,-0.06598780184814508,0.5288270020271494
center_1250_71,center,1250,905.4262215744001,-11.996026066139725,0.0,0.0,359.0,-0.24093047497004,-0.2840036765195768
center_1250_72,center,1250,787.3441065214254,-11.678850995853463,0.0,0.0,359.0,-0.15018122803622289,-0.263168954713029
center_1250_73,center,1250,447.3509273272385,-3.4733408343048207,0.0,0.0,359.0,-0.5551506442801007,-0.8750287973240267
center_1250_74,center,1250,1176.3463007989253,-21.62143615543741,0.0,0.0,359.0,0.05298717121498478,-0.7061433865421272
center_1250_75,center,1250,1171.4593977371192,-29.952266887305772,0.0,0.0,359.0,0.464638603860051,-0.41586038693597543
center_1250_76,center,1250,775.8176153155812,-9.602001937547959,0.0,0.0,359.0,-0.2909079574868841,-0.42475977059394826
center_1250_77,center,1250,948.8742554149885,-20.028255877769702,0.0,0.0,359.0,0.20918462545426347,-0.08068403816457417
center_1250_78,center,1250,926.6320050902933,-22.944385094308792,0.0,0.0,359.0,0.41841405533998516,-0.5687341800485373
center_1250_79,center,1250,193.2475364264235,-5.395750384409012,0.0,0.0,359.0,0.5993653949275628,-0.9492207683002417
center_1250_80,center,1250,904.5320943760645,-18.319740332804088,0.0,0.0,359.0,0.16026874561578658,0.19994677965260096
center_1250_81,center,1250,946.5141104238879,-30.086666998639124,0.0,0.0,359.0,0.8206372008035306,0.08017247562536818
center_1250_82,center,1250,874.7810017709239,-24.121866570143098,0.0,0.0,359.0,0.5795164837554301,-0.9589874627259667
center_1250_83,center,1250,692.9060819475038,-11.11567754814758,0.0,0.0,359.0,-0.08093347528112005,-0.43075428757888723
center_1250_84,center,1250,1012.6063560269272,-2.7305299993955243,0.0,0.0,359.0,-0.8455002137047929,0.41100578525044096
center_1250_85,center,1250,1109.8605158403957,-32.825466849988445,0.0,0.0,359.0,0.6940981069577064,0.7827996197724145
center_1250_86,center,1250,879.9189298367918,-13.104175559225107,0.0,0.0,359.0,-0.14678679046300527,0.25259163072627233
center_1250_87,center,1250,1125.7344039769157,-8.152850460183846,0.0,0.0,359.0,-0.5850568712623275,0.4690599825291027
center_1250_88,center,1250,1191.710769362379,-10.413368186961915,0.0,0.0,359.0,-0.49935262983669626,-0.012249630441718529
center_1250_89,center,1250,679.4791324560568,-17.463534810488607,0.0,0.0,359.0,0.4722550903195159,-0.152541150738378
center_1250_90,center,1250,846.4098330410419,-9.60734880881963,0.0,0.0,359.0,-0.34968040395760436,-0.196063676743524
center_1250_91,center,1250,1209.7150651277866,-34.32725914311583,0.0,0.0,359.0,0.6254070744505186,-0.9877301680509343
center_1250_92,center,1250,1157.270710546791,-22.62154198823501,0.0,0.0,359.0,0.11983637592930477,0.4923976691197641
center_1250_93,center,1250,1076.1377437219228,-10.55457493592502,0.0,0.0,359.0,-0.4380708114925484,-0.2873706993664902
center_1250_94,center,1250,597.128636238708,-19.731963457958376,0.0,0.0,359.0,0.8926357273115937,-0.3970694136206745
center_1250_95,center,1250,1164.3297667091551,-18.93091295516347,0.0,0.0,359.0,-0.06850629307736782,-0.36084203105175755
center_1250_96,center,1250,1144.2758149958788,-30.868621060368493,0.0,0.0,359.0,0.5452680518916228,-0.7760763121799352
center_1250_97,center,1250,798.4652107429065,-27.565520731135507,0.0,0.0,359.0,0.9772445464808018,-0.5208963704156979
center_1250_98,center,1250,473.1891168695455,-9.963984226491984,0.0,0.0,359.0,0.2063039217600631,0.3710513257624007
center_1250_99,center,1250,865.1052532224309,-2.8327858320642028,0.0,0.0,359.0,-0.812385727934864,0.3093853889862665
center_1450_0,center,1450,804.607059176784,-4.481634418224601,0.0,0.0,359.0,-0.6808677240325123,-0.2093213485425638
center_1450_1,center,1450,968.7905386000151,-24.23694866032397,0.0,0.0,359.0,0.4331119080715005,0.05022820022592531
center_1450_2,center,1450,779.1721633084451,-21.463369167650878,0.0,0.0,359.0,0.5778920478713429,0.6017757860712742
center_1450_3,center,1450,955.3986200846514,-8.891848483144036,0.0,0.0,359.0,-0.46676636290231444,-0.9369269483749788
center_1450_4,center,1450,698.8541398507314,-15.726753955572326,0.0,0.0,359.0,0.28914535407816144,0.9795592979338198
center_1450_5,center,1450,216.7875331876591,-0.3018076602522707,0.0,0.0,359.0,-0.9202339095283362,-0.0054149881369391735
center_1450_6,center,1450,1348.2787780636622,-9.425279124792125,0.0,0.0,359.0,-0.5994745843152928,-0.3253756674292443
center_1450_7,center,1450,200.51947978085653,-0.28595993921987645,0.0,0.0,359.0,-0.9182907987898968,0.637278070994992
center_1450_8,center,1450,1146.4307250859972,-8.110624406655376,0.0,0.0,359.0,-0.5946577627392311,0.18719487808865257
center_1450_9,center,1450,1072.7536815058227,-25.680237013713526,0.0,0.0,359.0,0.371319679563905,-0.46830963926584634
center_1450_10,center,1450,633.7937969217172,-19.517866736885203,0.0,0.0,359.0,0.7638829615497541,0.09313867195340998
center_1450_11,center,1450,663.5790945549662,-14.629425631236288,0.0,0.0,359.0,0.262952061702,-0.5008785769751416
center_1450_12,center,1450,1308.8579720584526,-39.22020156885258,0.0,0.0,359.0,0.716366365766626,0.6732540591390199
center_1450_13,center,1450,1180.9066191842294,-34.34985576214074,0.0,0.0,359.0,0.6661325673030526,-0.862777216431794
center_1450_14,center,1450,1183.622317845048,-13.017493775171141,0.0,0.0,359.0,-0.369885670077892,0.8017328588647048
center_1450_15,center,1450,1270.8359753528289,-11.46056108045861,0.0,0.0,359.0,-0.4833133515691677,0.8494756238140803
center_1450_16,center,1450,1419.1526985511234,-39.47603166463326,0.0,0.0,359.0,0.5933640615112994,0.14193207850927103
center_1450_17,center,1450,784.2476610874453,-18.767884137938495,0.0,0.0,359.0,0.37088753729379775,-0.36985809034997064
center_1450_18,center,1450,1434.6187219331518,-40.879378288336326,0.0,0.0,359.0,0.6321982893422353,0.01952706136696727
center_1450_19,center,1450,1237.443340203087,-32.55207187552051,0.0,0.0,359.0,0.5068700398230982,-0.05725143412382687
center_1450_20,center,1450,1302.9379250236977,-0.026465319826475313,0.0,0.0,359.0,-0.9988362061613325,0.44190858725133025
center_1450_21,center,1450,863.1382737727783,-4.187971930836186,0.0,0.0,359.0,-0.7220013980760914,-0.8670448746899886
center_1450_22,center,1450,902.5861578240666,-17.17150589612745,0.0,0.0,359.0,0.08990829672405998,0.0576870242431375
center_1450_23,center,1450,475.25403032381746,-0.5241224724441762,0.0,0.0,359.0,-0.936812753751621,-0.052700868069797395
center_1450_24,center,1450,701.9652429004807,-13.363875555872523,0.0,0.0,359.0,0.09065397421158963,0.4771366338385046
center_1450_25,center,1450,1363.6288192136208,-19.7704046057552,0.0,0.0,359.0,-0.1693623900081756,0.8222048373150156
center_1450_26,center,1450,1141.2724258467965,-30.16153343015455,0.0,0.0,359.0,0.5138597656942002,-0.3060060396893085
center_1450_27,center,1450,1165.1716498686455,-5.066222195851923,0.0,0.0,359.0,-0.7508767736527843,0.12550692159648777
center_1450_28,center,1450,827.6847469884025,-3.044352952656314,0.0,0.0,359.0,-0.7892581812437498,-0.579523205196171
center_1450_29,center,1450,411.1586376951111,-5.24966422837256,0.0,0.0,359.0,-0.2684885261687377,0.5137019002182386
center_1450_30,center,1450,977.8256472247524,-3.1568530995991457,0.0,0.0,359.0,-0.8150245585608897,0.951725222125236
center_1450_31,center,1450,97.90091921821003,-1.1164950920469043,0.0,0.0,359.0,-0.3466079375008801,-0.373409444672391
center_1450_32,center,1450,1436.3303454543836,-41.655071537141666,0.0,0.0,359.0,0.6611714924680632,-0.503255035176712
center_1450_33,center,1450,1308.5425016776187,-15.74636541843567,0.0,0.0,359.0,-0.31056367223332865,0.01846411818027529
center_1450_34,center,1450,521.174017887389,-6.213375325166015,0.0,0.0,359.0,-0.316958816768694,-0.9017853351144701
center_1450_35,center,1450,1426.7746235609125,-41.30934716375862,0.0,0.0,359.0,0.6584190549789589,0.7570416221099839
center_1450_36,center,1450,1392.6680350127087,-37.306632907947524,0.0,0.0,359.0,0.5344658549415855,-0.6229124836749802
center_1450_37,center,1450,1421.8597079306812,-18.559463675906848,0.0,0.0,359.0,-0.25216352482639437,0.3334927398766816
center_1450_38,center,1450,1017.9069159349191,-17.237506650520853,0.0,0.0,359.0,-0.029830750503567698,-0.2804850981581699
center_1450_39,center,1450,677.6654223291187,-15.656197183695983,0.0,0.0,359.0,0.3234768140870254,-0.565888312816471
center_1450_40,center,1450,213.57699879751806,-1.119168481452341,0.0,0.0,359.0,-0.6997661545855405,-0.9443761662566817
center_1450_41,center,1450,1307.9330086652396,-33.265633416401755,0.0,0.0,359.0,0.4569320960350959,0.04978487570686304
center_1450_42,center,1450,1271.1442932002897,-27.06081917537768,0.0,0.0,359.0,0.21955986838628316,0.845872890187505
center_1450_43,center,1450,369.8651247094379,-6.005561092429946,0.0,0.0,359.0,-0.06976071425163151,-0.7898068765154926
center_1450_44,center,1450,1386.8142129886587,-29.060766399904605,0.0,0.0,359.0,0.2004604478598331,0.6727811366518047
center_1450_45,center,1450,1109.1558785878444,-14.28704025641846,0.0,0.0,359.0,-0.2620137030827103,-0.528778824395578
center_1450_46,center,1450,1248.617535428337,-39.81845639969819,0.0,0.0,359.0,0.8265453753622971,-0.9025684142191878
center_1450_47,center,1450,955.4298784295144,-17.629930765536223,0.0,0.0,359.0,0.05712206314094707,-0.13625805462571663
center_1450_48,center,1450,1212.940936805096,-35.09529658768142,0.0,0.0,359.0,0.6573366922001557,-0.8647235334726977
center_1450_49,center,1450,940.0318776462663,-10.560960901970299,0.0,0.0,359.0,-0.3563271145684992,-0.5483615332479175
center_1450_50,center,1450,290.58416617928225,-4.166564095967135,0.0,0.0,359.0,-0.17851621920690616,-0.3362007929697797
center_1450_51,center,1450,1177.4930211604706,-9.412583401723447,0.0,0.0,359.0,-0.5420016876013337,-0.8917547928779452
center_1450_52,center,1450,1311.2442437875372,-14.013884817300179,0.0,0.0,359.0,-0.3876763314687553,-0.31529312836684414
center_1450_53,center,1450,885.7570879079675,-1.0039066660711036,0.0,0.0,359.0,-0.9350616651598631,-0.5770526397649938
center_1450_54,center,1450,1000.704495187339,-12.72337369130096,0.0,0.0,359.0,-0.27155684947015574,0.9976738015008245
center_1450_55,center,1450,1155.9525137289165,-32.94764950864902,0.0,0.0,359.0,0.6326365346359266,-0.7423480323544276
center_1450_56,center,1450,1294.8019475993806,-41.0340383294363,0.0,0.0,359.0,0.8151738151216855,-0.7308403967036912
center_1450_57,center,1450,999.3127291713157,-0.7124856585350956,0.0,0.0,359.0,-0.9591495103696257,-0.7642007994899385
center_1450_58,center,1450,873.3694996952655,-9.86705963618183,0.0,0.0,359.0,-0.3527174667392842,0.11915610574938885
center_1450_59,center,1450,888.9817169384094,-1.7379599985141265,0.0,0.0,359.0,-0.8879868459413612,-0.617245388360783
center_1450_60,center,1450,1375.0105138883848,-41.96698131401576,0.0,0.0,359.0,0.7481936747067476,0.6472441110577904
center_1450_61,center,1450,1236.956584744796,-34.8462324636874,0.0,0.0,359.0,0.6136493186713903,0.06579177332383726
center_1450_62,center,1450,1370.0104082376017,-31.669429893169397,0.0,0.0,359.0,0.32422466492644664,-0.01758165618983419
center_1450_63,center,1450,1380.5394724801795,-27.30202751947753,0.0,0.0,359.0,0.13295352621802847,-0.9047959485041206
center_1450_64,center,1450,799.3925059682921,-4.7186500584776025,0.0,0.0,359.0,-0.6617986891775444,0.01384533325852615
center_1450_65,center,1450,441.2838162542923,-9.341153461886046,0.0,0.0,359.0,0.2126634388518233,-0.058829433815684756
center_1450_66,center,1450,1429.4943615463383,-19.614629977750834,0.0,0.0,359.0,-0.21387238582314436,-0.43745592459339006
center_1450_67,center,1450,1336.1711684784598,-15.31219147108532,0.0,0.0,359.0,-0.34343326290718545,0.7739963586604908
center_1450_68,center,1450,1395.0702104131526,-7.175308354828458,0.0,0.0,359.0,-0.7053114192862797,0.1893055637617854
center_1450_69,center,1450,991.9572466288803,-15.974733064590529,0.0,0.0,359.0,-0.07737387533532807,-0.295134347666319
center_1450_70,center,1450,792.5702875062842,-8.273262636657652,0.0,0.0,359.0,-0.401938448197511,-0.03383408452870849
center_1450_71,center,1450,562.2986909082698,-6.905763049306849,0.0,0.0,359.0,-0.2963682965124482,-0.8570062494304775
center_1450_72,center,1450,486.57555402284214,-4.73955268129963,0.0,0.0,359.0,-0.44192063236595497,0.09064480776432697
center_1450_73,center,1450,752.2833657793836,-23.935543847881853,0.0,0.0,359.0,0.8223759991425026,0.7529585614561417
center_1450_74,center,1450,918.3324776786756,-22.454836038712557,0.0,0.0,359.0,0.400702959037643,-0.2984624505149691
center_1450_75,center,1450,732.5314532573568,-8.497781786323793,0.0,0.0,359.0,-0.3353661600079825,-0.6437712952658157
center_1450_76,center,1450,422.27412264861823,-11.934255457298814,0.0,0.0,359.0,0.6188548305926035,0.21646515426059484
center_1450_77,center,1450,893.9792279825828,-19.715567746108235,0.0,0.0,359.0,0.26338029380215117,-0.30798733239340015
center_1450_78,center,1450,1167.1662196087937,-18.495374240888903,0.0,0.0,359.0,-0.09214456370601487,0.8064920047924332
center_1450_79,center,1450,608.1393667153084,-12.063397135256634,0.0,0.0,359.0,0.13640251577916726,-0.5977277914053646
center_1450_80,center,1450,453.14160730515255,-3.985571571634366,0.0,0.0,359.0,-0.49607244604079453,-0.11748724503262294
center_1450_81,center,1450,1217.4292437788738,-28.657245873475294,0.0,0.0,359.0,0.3484447566017301,0.5943130066209676
center_1450_82,center,1450,1260.5093802876424,-10.28455951156723,0.0,0.0,359.0,-0.5325312225673546,-0.5352043058023366
center_1450_83,center,1450,743.1928539601389,-8.497903033497991,0.0,0.0,359.0,-0.3448904168352796,-0.1276734087627771
center_1450_84,center,1450,1289.4465447096668,-12.04580231799843,0.0,0.0,359.0,-0.4647676086991516,0.25238546494110126
center_1450_85,center,1450,1147.9200748741473,-27.8360891131726,0.0,0.0,359.0,0.38910187179554295,0.25065039752744367
center_1450_86,center,1450,746.2735721573291,-2.435404759805659,0.0,0.0,359.0,-0.81302042039995,-0.06401220848884218
center_1450_87,center,1450,1226.3036624357658,-13.371827009462383,0.0,0.0,359.0,-0.3752616808094249,0.6735157197503391
center_1450_88,center,1450,1018.1810626445972,-15.732303250660856,0.0,0.0,359.0,-0.11477154006103807,-0.9149297288215417
center_1450_89,center,1450,673.6189202094082,-17.23754659476233,0.0,0.0,359.0,0.4658483434520609,0.5712155219333379
center_1450_90,center,1450,504.6548823711293,-7.647839770410837,0.0,0.0,359.0,-0.13177219503886592,0.23806633764562515
center_1450_91,center,1450,525.000209662005,-0.332857247116825,0.0,0.0,359.0,-0.9636737042505146,-0.09583442039116562
center_1450_92,center,1450,1059.1285346584764,-7.55173298742156,0.0,0.0,359.0,-0.5914800877404238,0.6015004426146493
center_1450_93,center,1450,1376.071018973477,-19.175183488944935,0.0,0.0,359.0,-0.20165022938541818,0.4617785794599354
center_1450_94,center,1450,964.8006585136611,-2.7796900248617424,0.0,0.0,359.0,-0.8349254172826753,0.07562507981752618
center_1450_95,center,1450,1414.440540253729,-16.933946842897704,0.0,0.0,359.0,-0.3140769760855314,-0.8506673407322884
center_1450_96,center,1450,841.227553654623,-8.937538685333704,0.0,0.0,359.0,-0.3912895775240085,-0.363994679487317
center_1450_97,center,1450,1267.7351160807564,-24.100229299687417,0.0,0.0,359.0,0.08908801092665712,0.5795255815491307
center_1450_98,center,1450,816.4224992869056,-10.879051477776043,0.0,0.0,359.0,-0.2365633649147154,-0.23159672874400347
center_1450_99,center,1450,1030.7267228825806,-20.20576179023947,0.0,0.0,359.0,0.12304899185188999,-0.9220902544165812
offset_1050_0,offset,1050,212.01018989117313,-66.12459206319068,850.0,-500.0,145.0,-0.7816980071229911,-0.6184400988222798
offset_1050_1,offset,1050,387.1581592698388,-168.04599438990778,850.0,-500.0,145.0,0.6484045199433239,-0.19384862949661216
offset_1050_2,offset,1050,4.096218444196666,101.89575991413847,850.0,-500.0,145.0,0.43343472745760114,0.21902563202678058
offset_1050_3,offset,1050,238.4069544720793,-57.22262802068457,850.0,-500.0,145.0,0.90355539565938,0.03485720501882862
offset_1050_4,offset,1050,4.491641983975114,75.53986067501432,850.0,-500.0,145.0,-0.7567737993626932,-0.36879597855101226
offset_1050_5,offset,1050,221.89747088994795,-63.772311594620305,850.0,-500.0,145.0,-0.21937617823241926,-0.06670212041149316
offset_1050_6,offset,1050,140.6622470307775,-3.8639789822000807,850.0,-500.0,145.0,-0.029691764791520053,0.0887546308353669
offset_1050_7,offset,1050,185.1512064421753,-23.82627390556513,850.0,-500.0,145.0,0.6107521213725204,-0.6265034079112111
offset_1050_8,offset,1050,429.7325012391734,-208.93490265629003,850.0,-500.0,145.0,-0.2946478814864915,0.4589232945647668
offset_1050_9,offset,1050,425.1747006765221,-197.97887201335737,850.0,-500.0,145.0,0.41016982709215777,0.33545836578341937
offset_1050_10,offset,1050,-12.65931237208224,93.03921340288298,850.0,-500.0,145.0,-0.49323885121192523,0.3503066743947838
offset_1050_11,offset,1050,391.9201969998848,-183.61367128868227,850.0,-500.0,145.0,-0.3679576411759726,-0.4248251444671474
offset_1050_12,offset,1050,223.54863620880337,-47.62694352031997,850.0,-500.0,145.0,0.8338034660920436,-0.34554971406443924
offset_1050_13,offset,1050,520.2180341249998,-274.6856108975561,850.0,-500.0,145.0,-0.6582400419852782,0.5578056116543828
offset_1050_14,offset,1050,413.40072838983764,-198.91909935826453,850.0,-500.0,145.0,-0.409671917143676,-0.19658541944976005
offset_1050_15,offset,1050,215.14278825608903,-54.847059907838116,850.0,-500.0,145.0,0.03759774325785633,0.24950189818326854
offset_1050_16,offset,1050,384.7764179341329,-164.15908801869926,850.0,-500.0,145.0,0.8251946722155786,0.21384615255714418
offset_1050_17,offset,1050,234.86919843041107,-78.47099603358674,850.0,-500.0,145.0,-0.5784351824921969,0.27615682960936533
offset_1050_18,offset,1050,43.25535562981838,52.81742321036961,850.0,-500.0,145.0,-0.5793183853571909,0.48674455024873237
offset_1050_19,offset,1050,380.8788705368727,-167.24220815853397,850.0,-500.0,145.0,0.34890461987961996,0.039553209131931
offset_1050_20,offset,1050,332.36403649871465,-125.35373454867795,850.0,-500.0,145.0,0.8956651361617125,-0.12028350141431356
offset_1050_21,offset,1050,686.5189620917392,-384.7760760664296,850.0,-500.0,145.0,0.176763958284295,-0.3465704216935948
offset_1050_22,offset,1050,476.05458877246485,-238.68320004163974,850.0,-500.0,145.0,-0.05376437009371394,-0.8771728205645217
offset_1050_23,offset,1050,64.75689673985346,49.192173198389696,850.0,-500.0,145.0,-0.03139422607394255,-0.5969708909562503
offset_1050_24,offset,1050,793.266879624573,-459.717196070227,850.0,-500.0,145.0,0.376288387581229,0.05927304857372719
offset_1050_25,offset,1050,301.5991255612946,-128.2659733876821,850.0,-500.0,145.0,-0.8685822017297726,0.834668079969419
offset_1050_26,offset,1050,1.1750577496482038,107.24459100446313,850.0,-500.0,145.0,0.579717414412932,0.8359811803185048
offset_1050_27,offset,1050,657.7117160477419,-365.6690779567917,850.0,-500.0,145.0,-0.06218520873065385,0.0035154719046681057
offset_1050_28,offset,1050,258.0248321032759,-97.82562603422963,850.0,-500.0,145.0,-0.8087096357688714,0.7498600285258228
offset_1050_29,offset,1050,752.8125564093515,-432.94632244451134,850.0,-500.0,145.0,-0.39658446442777984,-0.5761178855749175
offset_1050_30,offset,1050,654.0939914766681,-358.11054910091025,850.0,-500.0,145.0,0.9148030355427278,0.4423133725118021
offset_1050_31,offset,1050,401.3596146861593,-183.37576817372167,850.0,-500.0,145.0,0.2122141687177783,-0.06980733373264165
offset_1050_32,offset,1050,15.68515748469099,102.61061166766387,850.0,-500.0,145.0,0.8399046514280558,-0.5818548845251945
offset_1050_33,offset,1050,2.4084611020660986,101.72753606647643,850.0,-500.0,145.0,0.3719447792406853,0.7510136645742849
offset_1050_34,offset,1050,609.1261975105235,-327.67789337553074,850.0,-500.0,145.0,0.580086012717561,-0.7121889339191401
offset_1050_35,offset,1050,416.7866495493419,-187.1619958147894,850.0,-500.0,145.0,0.8343233960367087,0.5656553243620067
offset_1050_36,offset,1050,305.53788582607945,-126.78896946686052,850.0,-500.0,145.0,-0.5706332065304371,-0.8653526562023113
offset_1050_37,offset,1050,309.85908790012843,-118.91866498780888,850.0,-500.0,145.0,0.20381298718241658,0.1986756733337891
offset_1050_38,offset,1050,586.0025412092245,-315.3118875050386,850.0,-500.0,145.0,-0.02402123526674437,0.30691845486090447
offset_1050_39,offset,1050,527.7332615249371,-274.63516995467467,850.0,-500.0,145.0,-0.034464375265800345,0.2961797543911366
offset_1050_40,offset,1050,354.0512313303722,-152.10070365186772,850.0,-500.0,145.0,0.048981240102427215,-0.21590077741634328
offset_1050_41,offset,1050,11.657082572565741,82.33962984132086,850.0,-500.0,145.0,-0.21492804829179388,0.3897309710389581
offset_1050_42,offset,1050,101.13665527182502,8.440430525369948,850.0,-500.0,145.0,-0.8254738681738362,-0.37923461094275274
offset_1050_43,offset,1050,197.23093608693648,-36.80409331537123,850.0,-500.0,145.0,0.358985103799931,-0.3113136716812169
offset_1050_44,offset,1050,-6.963457095944932,99.07462963772991,850.0,-500.0,145.0,-0.043883617755098026,0.09286377577863113
offset_1050_45,offset,1050,252.69496087988125,-76.86810254127084,850.0,-500.0,145.0,0.3138212607981563,0.5702422148258439
offset_1050_46,offset,1050,164.92632400523632,-10.990891422497214,850.0,-500.0,145.0,0.5194409473468042,0.5032045545138399
offset_1050_47,offset,1050,297.8838134196948,-122.37208956177619,850.0,-500.0,145.0,-0.6292550451809926,-0.6567800843033903
offset_1050_48,offset,1050,705.9526346541651,-399.84077045869304,850.0,-500.0,145.0,-0.18828056357905473,0.48507931194619086
offset_1050_49,offset,1050,384.25791050249467,-185.22744291934987,850.0,-500.0,145.0,-0.9471411293379277,-0.9568388940513715
offset_1050_50,offset,1050,218.06353932061108,-60.78754261056298,850.0,-500.0,145.0,-0.19968358370049039,0.6809825762971274
offset_1050_51,offset,1050,173.38369873681665,-10.468460927764852,850.0,-500.0,145.0,0.8857185618489898,0.2780528528970168
offset_1050_52,offset,1050,244.38577060808882,-78.8870471758708,850.0,-500.0,145.0,-0.18723716483151287,0.5641879382678323
offset_1050_53,offset,1050,179.26807101419513,-33.62975820288813,850.0,-500.0,145.0,-0.18851586913035073,-0.996723286017242
offset_1050_54,offset,1050,4.564177203834447,88.42542391624761,850.0,-500.0,145.0,-0.16198771852430852,0.4686535245410808
offset_1050_55,offset,1050,397.02147494175705,-183.5182284506041,850.0,-500.0,145.0,-0.059217410846679704,-0.3107624308918806
offset_1050_56,offset,1050,238.01721403652243,-74.02541373713791,850.0,-500.0,145.0,-0.15990307145880786,-0.3334732957668231
offset_1050_57,offset,1050,268.9926873657299,-80.5575330959739,850.0,-500.0,145.0,0.8263793126223753,-0.8724855796427393
offset_1050_58,offset,1050,104.4640495568658,11.596396695001431,850.0,-500.0,145.0,-0.5415830307629018,0.36128104564537006
offset_1050_59,offset,1050,124.48601111179926,17.0954907303975,850.0,-500.0,145.0,0.4786070034337359,0.5908429508633919
offset_1050_60,offset,1050,532.2306818707948,-271.1318742530647,850.0,-500.0,145.0,0.7626993253097933,-0.9873643004697803
offset_1050_61,offset,1050,455.31517075150686,-222.33046332324938,850.0,-500.0,145.0,0.12723700781066163,-0.15259908391865667
offset_1050_62,offset,1050,241.04151037167844,-85.09390643289572,850.0,-500.0,145.0,-0.7319385333700732,-0.11772837802632875
offset_1050_63,offset,1050,189.91491270812867,-20.602010679822,850.0,-500.0,145.0,0.9896646662941296,-0.7141118427726252
offset_1050_64,offset,1050,70.12925278094781,53.25887523279221,850.0,-500.0,145.0,0.35279695366674274,-0.2614119199415337
offset_1050_65,offset,1050,481.537498056664,-235.3566298987795,850.0,-500.0,145.0,0.6873027581321546,-0.8902571453998955
offset_1050_66,offset,1050,221.60721428464512,-47.24466653276244,850.0,-500.0,145.0,0.7726497849266921,0.8204137204447911
offset_1050_67,offset,1050,249.7727971084031,-82.73638237086243,850.0,-500.0,145.0,-0.19389578678736857,0.7358464849491516
offset_1050_68,offset,1050,540.1888905411529,-289.03394867015675,850.0,-500.0,145.0,-0.7470717098722996,0.621665845660305
offset_1050_69,offset,1050,201.36774292593316,-39.48325296498302,850.0,-500.0,145.0,0.37403796652442256,-0.621952506583394
offset_1050_70,offset,1050,153.91475821146628,-9.462217478100854,850.0,-500.0,145.0,0.17271125659015144,0.8896648183663469
offset_1050_71,offset,1050,98.82308422734889,41.62209302389738,850.0,-500.0,145.0,0.7927848735466635,-0.719558568050483
offset_1050_72,offset,1050,374.4857163426244,-179.02562103698244,850.0,-500.0,145.0,-0.9804647975654007,0.10021858980435588
offset_1050_73,offset,1050,48.26572051812309,80.07143475028386,850.0,-500.0,145.0,0.8865209018066386,0.7977231504943141
offset_1050_74,offset,1050,305.0796254911784,-113.62560324309987,850.0,-500.0,145.0,0.3384496096935836,-0.3038466407052032
offset_1050_75,offset,1050,489.92432213646777,-244.5487835526717,850.0,-500.0,145.0,0.3533217401397102,-0.4713189256173254
offset_1050_76,offset,1050,444.8151166507403,-216.63773779597807,850.0,-500.0,145.0,-0.033341761215716595,0.3839897035821194
offset_1050_77,offset,1050,257.7436719015302,-71.61427263896024,850.0,-500.0,145.0,0.8786428813407813,-0.17891892495586867
offset_1050_78,offset,1050,325.999940159315,-129.35338165378613,850.0,-500.0,145.0,0.27332732503425006,-0.6831048560189806
offset_1050_79,offset,1050,77.16695342927426,61.49581537047811,850.0,-500.0,145.0,0.9999873833458574,-0.21777547224608165
offset_1050_80,offset,1050,440.97561956736746,-217.7602453200771,850.0,-500.0,145.0,-0.39309722666091423,-0.8696941110952872
offset_1050_81,offset,1050,79.4219582913621,34.75307884915924,850.0,-500.0,145.0,-0.2407612905937873,0.6018940916033636
offset_1050_82,offset,1050,112.84243217787628,11.17539639526808,850.0,-500.0,145.0,-0.26096847575196935,0.9793390411633475
offset_1050_83,offset,1050,417.0949945201887,-206.49142387580014,850.0,-500.0,145.0,-0.8628215854484476,-0.0758994014646737
offset_1050_84,offset,1050,506.7868426410484,-251.1696754867447,850.0,-500.0,145.0,0.9421978156317249,0.6875409602740018
offset_1050_85,offset,1050,146.17878790013674,-23.006667594241605,850.0,-500.0,145.0,-0.8737425266256688,-0.2901738584245653
offset_1050_86,offset,1050,202.68318706212108,-36.65622450918232,850.0,-500.0,145.0,0.5947595881853993,-0.11225714671247136
offset_1050_87,offset,1050,339.27588166821226,-146.05769916179162,850.0,-500.0,145.0,-0.2772459605057892,0.7003994585803094
offset_1050_88,offset,1050,332.61104608037397,-132.9747674953059,850.0,-500.0,145.0,0.35111664979242474,-0.6108177079693382
offset_1050_89,offset,1050,223.5073982978604,-45.894849916821045,850.0,-500.0,145.0,0.9359977552066956,0.38293566426474074
offset_1050_90,offset,1050,14.820817132940874,89.96721250270912,850.0,-500.0,145.0,0.23722975671845545,0.728019672521665
offset_1050_91,offset,1050,573.3886800739037,-308.59776241108415,850.0,-500.0,145.0,-0.31855796824303,0.6617276674826866
offset_1050_92,offset,1050,179.4658253929041,-31.893879366252577,850.0,-500.0,145.0,-0.08074981327605563,-0.018720583681156276
offset_1050_93,offset,1050,389.2731790548869,-173.91934458214058,850.0,-500.0,145.0,0.2890547781088174,0.27049969659564843
offset_1050_94,offset,1050,736.0457241553604,-419.2060805386102,850.0,-500.0,145.0,0.33675385096385757,0.7596727192677556
offset_1050_95,offset,1050,672.3717000241763,-374.8341124215621,850.0,-500.0,145.0,0.1704616772095861,-0.5053074818270753
offset_1050_96,offset,1050,362.0343365605983,-159.00295230376673,850.0,-500.0,145.0,-0.05362606386203556,-0.5452051695609608
offset_1050_97,offset,1050,272.36731397669075,-94.57997910627495,850.0,-500.0,145.0,0.06366365068991385,0.6692214363311112
offset_1050_98,offset,1050,104.12203258759325,28.013905009174323,850.0,-500.0,145.0,0.2950297562864338,0.5148148355856571
offset_1050_99,offset,1050,765.6064292846431,-439.5393528725948,850.0,-500.0,145.0,0.6183020996309166,-0.5794757498473737
offset_1250_0,offset,1250,-119.87465754518416,183.24426309288924,850.0,-500.0,145.0,0.16341507102097924,0.8818265102640015
offset_1250_1,offset,1250,101.37145617388876,6.869121165331251,850.0,-500.0,145.0,-0.8995018770378327,-0.8487769120264728
offset_1250_2,offset,1250,101.112019643184,31.832882311123967,850.0,-500.0,145.0,0.38097820991470194,0.48386323052068314
offset_1250_3,offset,1250,222.54268020388838,-66.70462473828741,850.0,-500.0,145.0,-0.3726893027872271,-0.0007187140494733347
offset_1250_4,offset,1250,162.2343100663943,-28.606960760828883,850.0,-500.0,145.0,-0.573349297137775,0.8198719242655409
offset_1250_5,offset,1250,-94.39816617684585,163.56549408443266,850.0,-500.0,145.0,0.09315039081651588,-0.028919602403151917
offset_1250_6,offset,1250,758.9744628594192,-435.9610701597881,850.0,-500.0,145.0,0.12742408797369412,0.3241826915783329
offset_1250_7,offset,1250,326.9677612206798,-146.6184609324286,850.0,-500.0,145.0,-0.9554632373784243,-0.600035050703644
offset_1250_8,offset,1250,-57.184988809793936,142.2748559934289,850.0,-500.0,145.0,0.29798404050278593,-0.8898532946012807
offset_1250_9,offset,1250,779.4960845349932,-451.3234724437888,850.0,-500.0,145.0,-0.3784575052015776,-0.9426812307394286
offset_1250_10,offset,1250,21.15531715492159,69.22239527999614,850.0,-500.0,145.0,-0.5200418633163306,-0.6058224488443811
offset_1250_11,offset,1250,32.73862019711919,54.2209048015111,850.0,-500.0,145.0,-0.8570772072548835,0.6786197880260947
offset_1250_12,offset,1250,410.973214081236,-195.30355668602596,850.0,-500.0,145.0,-0.2383078893281593,-0.5898118517836504
offset_1250_13,offset,1250,807.2211770573626,-469.47690165705734,850.0,-500.0,145.0,0.5082196847623798,0.16254262050066828
offset_1250_14,offset,1250,-157.36922459206528,224.8177810034764,850.0,-500.0,145.0,0.7356011426767721,-0.3848993553974211
offset_1250_15,offset,1250,73.22942265699965,55.16541329381528,850.0,-500.0,145.0,0.5537576137554913,-0.49492814687632425
offset_1250_16,offset,1250,-110.61517372394667,174.93118807397695,850.0,-500.0,145.0,0.09199581660005589,0.2531947876270978
offset_1250_17,offset,1250,-15.57156718062788,112.7997285034894,850.0,-500.0,145.0,0.29739404084914367,-0.08479023924067715
offset_1250_18,offset,1250,-100.3641839556326,141.05235568645298,850.0,-500.0,145.0,-0.9990213062568678,-0.41613471083788306
offset_1250_19,offset,1250,775.2657557004662,-447.15549825814503,850.0,-500.0,145.0,0.26408854298377693,-0.2817124561534725
offset_1250_20,offset,1250,135.86365476803633,11.389880846433073,850.0,-500.0,145.0,0.6062837295949164,0.5563546859942368
offset_1250_21,offset,1250,-159.6098535065497,206.00653237401536,850.0,-500.0,145.0,-0.03542592441371378,-0.19797718319325222
offset_1250_22,offset,1250,-7.021052818051658,94.63983647456371,850.0,-500.0,145.0,-0.2453434861825326,-0.3655813266294141
offset_1250_23,offset,1250,431.2874296602245,-200.6358504344331,850.0,-500.0,145.0,0.5633791274963694,0.05673255330814151
offset_1250_24,offset,1250,-13.92783375797194,126.94964285840354,850.0,-500.0,145.0,0.9682710218068739,0.5048832146444412
offset_1250_25,offset,1250,764.3352480491517,-439.68085188500936,850.0,-500.0,145.0,0.15053715516242078,-0.3544991387754326
offset_1250_26,offset,1250,-157.64546978464807,203.95357561003402,850.0,-500.0,145.0,-0.06137442516353167,0.37431230235335605
offset_1250_27,offset,1250,-136.1668265243535,174.96532497206124,850.0,-500.0,145.0,-0.6109657933861712,-0.04272181053249431
offset_1250_28,offset,1250,-51.193934747347726,116.76108742233896,850.0,-500.0,145.0,-0.6129560876772024,-0.7421107959047343
offset_1250_29,offset,1250,-4.376195343103632,90.31548501273812,850.0,-500.0,145.0,-0.35818074385854387,-0.9065253674119325
offset_1250_30,offset,1250,735.8170512979177,-420.61445863002916,850.0,-500.0,145.0,-0.19109402007954246,0.8040589046325591
offset_1250_31,offset,1250,334.08206939084005,-125.6909078874935,850.0,-500.0,145.0,0.9616588896298025,-0.26652982603765807
offset_1250_32,offset,1250,97.0424944922147,42.48474739730955,850.0,-500.0,145.0,0.7716912334076743,0.5215780178976117
offset_1250_33,offset,1250,-9.465145356073322,79.73883320608388,850.0,-500.0,145.0,-0.9989795044691748,0.7249187529042931
offset_1250_34,offset,1250,213.16776981324642,-41.17482614574095,850.0,-500.0,145.0,0.7720126976338247,-0.858100322440313
offset_1250_35,offset,1250,65.78438033726479,33.731387384908885,850.0,-500.0,145.0,-0.7610846340379421,-0.9738329490780057
offset_1250_36,offset,1250,369.23704278357917,-164.44976420644656,850.0,-500.0,145.0,-0.08674688466943016,-0.6612959085255952
offset_1250_37,offset,1250,186.88249632178167,-26.801236638332,850.0,-500.0,145.0,0.5115459260148784,-0.11440417909962468
offset_1250_38,offset,1250,331.84410647357765,-125.91952167001955,850.0,-500.0,145.0,0.8272434832645349,0.6742219649885485
offset_1250_39,offset,1250,586.3345187991868,-319.754911563242,850.0,-500.0,145.0,-0.6429900344059957,0.5741280803233312
offset_1250_40,offset,1250,528.1855214060682,-269.0767084870962,850.0,-500.0,145.0,0.6619550905257664,-0.2202872322284353
offset_1250_41,offset,1250,249.21896160915378,-67.09533680428638,850.0,-500.0,145.0,0.7753818614972114,0.46343225317051717
offset_1250_42,offset,1250,155.7424734500587,-8.991176962434508,850.0,-500.0,145.0,0.2695951199259033,-0.7356668150003045
offset_1250_43,offset,1250,194.43730329442337,-28.233823394637795,850.0,-500.0,145.0,0.740130005131008,0.6671034456703956
offset_1250_44,offset,1250,104.34702611689897,8.251475883049693,850.0,-500.0,145.0,-0.7209016858228597,-0.3322354628789208
offset_1250_45,offset,1250,509.00786284830673,-257.35626320573675,850.0,-500.0,145.0,0.43495556463613605,0.8168183595762625
offset_1250_46,offset,1250,-37.965224082301575,106.40453278498251,850.0,-500.0,145.0,-0.6702554908526628,-0.31859023976001727
offset_1250_47,offset,1250,576.4223180210408,-311.43319327654297,850.0,-500.0,145.0,-0.42296516152743957,-0.9718260583987851
offset_1250_48,offset,1250,222.08576828408457,-61.77384372264072,850.0,-500.0,145.0,-0.08851654735461068,-0.5759217840315762
offset_1250_49,offset,1250,-87.27106782870192,154.18304618207594,850.0,-500.0,145.0,-0.08628107135719096,0.621919540940458
offset_1250_50,offset,1250,-125.659208534855,205.7572583457088,850.0,-500.0,145.0,0.8806427960615303,0.6842437998860572
offset_1250_51,offset,1250,60.996236693928154,51.915014489012606,850.0,-500.0,145.0,-0.026875523944306878,-0.22360282219282593
offset_1250_52,offset,1250,142.8103000281145,-4.495655624099868,850.0,-500.0,145.0,0.01765300624590288,0.5877536586010625
offset_1250_53,offset,1250,440.8128410601839,-209.8437995416154,850.0,-500.0,145.0,0.3406012960448482,-0.6117935084165509
offset_1250_54,offset,1250,398.2662692983121,-188.04305833701966,850.0,-500.0,145.0,-0.371932389220311,0.6642747918633907
offset_1250_55,offset,1250,501.2197015806918,-253.93230989321594,850.0,-500.0,145.0,0.20331850140813837,0.25434923159168804
offset_1250_56,offset,1250,352.3390289545492,-163.26531652470817,850.0,-500.0,145.0,-0.9163541829237292,0.337694802764879
offset_1250_57,offset,1250,141.32888738303154,-12.930054907070371,850.0,-500.0,145.0,-0.499243131765397,0.7957930685515541
offset_1250_58,offset,1250,107.61923039792907,38.65410715703615,850.0,-500.0,145.0,0.9637601218708645,-0.8009631875984489
offset_1250_59,offset,1250,-117.84202118306587,166.95031401833035,850.0,-500.0,145.0,-0.4288567009028598,-0.575856940606398
offset_1250_60,offset,1250,588.9003493773425,-313.3440200602779,850.0,-500.0,145.0,0.5603723023951405,-0.11049969590277178
offset_1250_61,offset,1250,-4.337735038474648,111.02246272923674,850.0,-500.0,145.0,0.572355055020608,-0.26265768288286506
offset_1250_62,offset,1250,348.37633627047165,-150.04578257652736,850.0,-500.0,145.0,-0.0987167527645023,0.4587498910947411
offset_1250_63,offset,1250,742.5343232490072,-421.98364605192637,850.0,-500.0,145.0,0.9783482644804975,-0.9062030694186322
offset_1250_64,offset,1250,21.00539428498189,63.86243753150097,850.0,-500.0,145.0,-0.7773933052356947,-0.8612740631037417
offset_1250_65,offset,1250,111.82408645831379,20.850376131331927,850.0,-500.0,145.0,0.20645465431545032,-0.3190807052766049
offset_1250_66,offset,1250,237.81133651062578,-61.855811706846225,850.0,-500.0,145.0,0.5913457814316391,-0.9196033139218249
offset_1250_67,offset,1250,-131.96049115784956,178.73179277407792,850.0,-500.0,145.0,-0.3477441030929109,-0.07767026561683561
offset_1250_68,offset,1250,40.50697513768523,46.9348224863935,850.0,-500.0,145.0,-0.9550308548770526,-0.9821075073466916
offset_1250_69,offset,1250,-83.1772803971594,158.79340610477425,850.0,-500.0,145.0,0.22087250834914807,0.860602434262933
offset_1250_70,offset,1250,2.2111909763253834,76.00756402584102,850.0,-500.0,145.0,-0.8068942856023694,-0.9553968673209005
offset_1250_71,offset,1250,97.51203599934445,29.070110002599222,850.0,-500.0,145.0,0.11083979873422661,-0.6013036481811376
offset_1250_72,offset,1250,421.5557872787148,-191.3828616645464,850.0,-500.0,145.0,0.7659782780048322,0.579103042657894
offset_1250_73,offset,1250,214.88284167858433,-43.65873729382014,850.0,-500.0,145.0,0.6978157656580262,-0.7661381267446576
offset_1250_74,offset,1250,364.6704775529701,-167.5102727551556,850.0,-500.0,145.0,-0.5857226478136159,0.7166321569442621
offset_1250_75,offset,1250,74.69759667433937,49.798687436125306,850.0,-500.0,145.0,0.3420149509264405,0.6293769916022801
offset_1250_76,offset,1250,42.917491058044675,55.169728009252026,850.0,-500.0,145.0,-0.4769934032903527,0.8892098516587036
offset_1250_77,offset,1250,-166.0833321219843,190.304202367333,850.0,-500.0,145.0,-0.8086921623952739,-0.08298042458141254
offset_1250_78,offset,1250,-52.22645048419622,126.78677989314315,850.0,-500.0,145.0,-0.21186033631247608,0.7959248717665628
offset_1250_79,offset,1250,52.3853449217637,48.4147203195605,850.0,-500.0,145.0,-0.48881160068479956,0.826312827211365
offset_1250_80,offset,1250,-69.56697749314367,158.77085469557483,850.0,-500.0,145.0,0.6175264358050229,-0.9305600818127725
offset_1250_81,offset,1250,71.22322654543132,27.897667625086,850.0,-500.0,145.0,-0.8684244009043622,0.18134141904248263
offset_1250_82,offset,1250,773.2906013044314,-444.6438142647829,850.0,-500.0,145.0,0.8155344503627514,-0.11378611737414475
offset_1250_83,offset,1250,-169.02282229180298,214.00734873418048,850.0,-500.0,145.0,0.018101335167433768,0.6092795939179528
offset_1250_84,offset,1250,15.735361124909446,99.68691431787511,850.0,-500.0,145.0,0.7093723709065335,-0.9097477458941722
offset_1250_85,offset,1250,375.1696243745424,-159.77447827718987,850.0,-500.0,145.0,0.6223598920050603,0.5257259518777967
offset_1250_86,offset,1250,6.6599183733868585,106.62062857657645,850.0,-500.0,145.0,0.7277379373794508,-0.828309276861322
offset_1250_87,offset,1250,188.49838230053842,-39.136644280674545,850.0,-500.0,145.0,-0.13535446175630464,0.6935136069382711
offset_1250_88,offset,1250,-17.166485615549846,107.14269511256134,850.0,-500.0,145.0,-0.0023859711062071956,-0.14273460531280976
offset_1250_89,offset,1250,21.253548752707843,85.14342367461188,850.0,-500.0,145.0,0.2243260751257629,-0.03685005655840648
offset_1250_90,offset,1250,35.67669877224046,64.32465156481953,850.0,-500.0,145.0,-0.2781070952860379,0.486299296367444
offset_1250_91,offset,1250,679.2370042047035,-384.55506005417396,850.0,-500.0,145.0,-0.9391984154269557,0.8655841019255618
offset_1250_92,offset,1250,-156.2497206173266,222.97040465844645,850.0,-500.0,145.0,0.6964937072529043,-0.3771358722186178
offset_1250_93,offset,1250,757.5794926384913,-436.74597014084003,850.0,-500.0,145.0,-0.6116558507736121,-0.32845561093277564
offset_1250_94,offset,1250,66.7525366583327,48.23601351181833,850.0,-500.0,145.0,-0.009806708216422,-0.5191864605677352
offset_1250_95,offset,1250,568.991119085577,-306.8430159860609,850.0,-500.0,145.0,-0.49654767960031915,0.7080398343285855
offset_1250_96,offset,1250,-147.28950849841476,211.6004378803142,850.0,-500.0,145.0,0.5091660192949279,-0.554845612312711
offset_1250_97,offset,1250,192.12765757817067,-55.677773117959816,850.0,-500.0,145.0,-0.9651925635592647,-0.5011006435761463
offset_1250_98,offset,1250,433.5725467537037,-216.205658980086,850.0,-500.0,145.0,-0.7256609106677084,0.029809588614685807
offset_1250_99,offset,1250,625.2905635196038,-344.4670609248711,850.0,-500.0,145.0,-0.31090248181167973,0.06648009218996735
offset_1450_0,offset,1450,314.26920677274927,-122.49096659438845,850.0,-500.0,145.0,0.17089119457165508,0.07247855287451957
offset_1450_1,offset,1450,-145.52099202603063,218.619861076887,850.0,-500.0,145.0,0.8237492730066662,0.3716251902176189
offset_1450_2,offset,1450,-299.042138417949,301.37673790103247,850.0,-500.0,145.0,-0.10691540420395519,-0.48800668891658466
offset_1450_3,offset,1450,-226.3598360695521,230.27627442377275,850.0,-500.0,145.0,-0.8443425443723576,-0.10465307547556149
offset_1450_4,offset,1450,-199.56402173409538,255.8507691059084,850.0,-500.0,145.0,0.7598072147474174,-0.9733087387068662
offset_1450_5,offset,1450,88.033094963964,26.324860359258537,850.0,-500.0,145.0,-0.3654153046563917,0.7863052203084718
offset_1450_6,offset,1450,-16.850429725135655,112.90953302606874,850.0,-500.0,145.0,0.2623501530967769,-0.6255785155233344
offset_1450_7,offset,1450,112.67504888767212,23.973794672146937,850.0,-500.0,145.0,0.3991855569872692,0.08508957752868201
offset_1450_8,offset,1450,441.7345532951245,-208.8198284684832,850.0,-500.0,145.0,0.49695444360232843,-0.673705409362394
offset_1450_9,offset,1450,-278.0018051449813,306.38297670610496,850.0,-500.0,145.0,0.5601188280502097,-0.6473354150498165
offset_1450_10,offset,1450,335.06229474195106,-127.9304272380599,850.0,-500.0,145.0,0.8500909573095788,0.6769031318299028
offset_1450_11,offset,1450,118.0598009621981,-0.3517992995132886,850.0,-500.0,145.0,-0.6811760758777573,-0.623684001720225
offset_1450_12,offset,1450,-163.31929278630525,226.95362180030702,850.0,-500.0,145.0,0.6555958548629954,-0.6499194958561612
offset_1450_13,offset,1450,474.99743560222936,-230.43596672061608,850.0,-500.0,145.0,0.7098082935522059,0.6563813659092513
offset_1450_14,offset,1450,-34.0555070771635,139.1057635640883,850.0,-500.0,145.0,0.8641043883363286,0.05821166694760255
offset_1450_15,offset,1450,661.6988892213626,-371.6543263244841,850.0,-500.0,145.0,-0.7217331529729387,-0.5070358950864355
offset_1450_16,offset,1450,268.6423521011445,-97.55093360045885,850.0,-500.0,145.0,-0.30679892456319224,-0.31035344543801946
offset_1450_17,offset,1450,169.22254705219427,-35.10822771578228,850.0,-500.0,145.0,-0.6714710952806132,0.8355942620761622
offset_1450_18,offset,1450,200.43086429752384,-61.51969406219138,850.0,-500.0,145.0,-0.9793690589666072,0.9363975015658467
offset_1450_19,offset,1450,337.12417271316065,-134.85937154053056,850.0,-500.0,145.0,0.4488673458960295,-0.06393042164837014
offset_1450_20,offset,1450,-31.905941268800802,101.5397856225095,850.0,-500.0,145.0,-0.7024678027880482,0.5516801460172882
offset_1450_21,offset,1450,-254.4788442367119,284.2959444688672,850.0,-500.0,145.0,0.378751237545171,0.3676869709555278
offset_1450_22,offset,1450,0.3837979505850626,73.9075140248948,850.0,-500.0,145.0,-0.96135488731392,-0.5220532575058003
offset_1450_23,offset,1450,-149.16350401898762,184.153083675042,850.0,-500.0,145.0,-0.5995489271515947,-0.8056018967257474
offset_1450_24,offset,1450,-37.05788623705962,101.40097769278259,850.0,-500.0,145.0,-0.8638032398485006,-0.34947732245818935
offset_1450_25,offset,1450,-100.55587664231257,170.0541691952269,850.0,-500.0,145.0,0.1803043631825978,-0.1495636964494849
offset_1450_26,offset,1450,-282.97981895702674,266.6451194073769,850.0,-500.0,145.0,-0.9152560883359254,0.06568973074819781
offset_1450_27,offset,1450,-55.01975645030495,135.11598049403824,850.0,-500.0,145.0,0.06003767186974981,0.4588543784599528
offset_1450_28,offset,1450,713.2889853553245,-401.12619291416246,850.0,-500.0,145.0,0.8756650505578478,-0.7793295296442133
offset_1450_29,offset,1450,-294.1801127618762,314.19308293773554,850.0,-500.0,145.0,0.43547238105562264,0.8182175710192485
offset_1450_30,offset,1450,57.251268607919314,40.41641541365868,850.0,-500.0,145.0,-0.7177652090626154,-0.8738819133379354
offset_1450_31,offset,1450,606.486531869128,-330.2865229889055,850.0,-500.0,145.0,-0.1259434872175495,0.12486057356145679
offset_1450_32,offset,1450,313.8417529477249,-127.85661202391015,850.0,-500.0,145.0,-0.23577729194787664,0.07980341720255105
offset_1450_33,offset,1450,-130.89065234754162,169.89743485892734,850.0,-500.0,145.0,-0.6689506111901757,-0.4498590987110898
offset_1450_34,offset,1450,231.08085518485905,-65.93089048594567,850.0,-500.0,145.0,0.04328942726655603,0.4483090199041753
offset_1450_35,offset,1450,55.02349557761647,47.22205174207579,850.0,-500.0,145.0,-0.4584209047879965,-0.8875482070588083
offset_1450_36,offset,1450,83.80999947182124,50.085595387841295,850.0,-500.0,145.0,0.6764312563425225,0.49499322517932653
offset_1450_37,offset,1450,88.01334025962092,30.673255599537697,850.0,-500.0,145.0,-0.1453431776598546,0.18745240210537956
offset_1450_38,offset,1450,509.65951564742926,-259.641364872005,850.0,-500.0,145.0,0.23088244076929543,-0.30472746018666963
offset_1450_39,offset,1450,-62.77782330428329,140.70857706754828,850.0,-500.0,145.0,0.0662708520758966,0.4941857262366642
offset_1450_40,offset,1450,124.9578157575504,-5.4448821749537615,850.0,-500.0,145.0,-0.7018943874145267,0.6847703609785544
offset_1450_41,offset,1450,-68.75853169540733,148.56710730456962,850.0,-500.0,145.0,0.21891127236242966,-0.1878979391425315
offset_1450_42,offset,1450,164.84453212173287,-33.612871509290756,850.0,-500.0,145.0,-0.7567783488981071,-0.24810934675781457
offset_1450_43,offset,1450,135.6806644941562,-12.32113082419994,850.0,-500.0,145.0,-0.6779321204800977,0.9245213617042365
offset_1450_44,offset,1450,-8.69954369520326,93.88192275510494,850.0,-500.0,145.0,-0.3320258052568767,-0.669552696233791
offset_1450_45,offset,1450,-243.49961507998069,243.8845568364984,850.0,-500.0,145.0,-0.7733778593724885,-0.5846564374814274
offset_1450_46,offset,1450,-194.18804249426194,236.77406993906254,850.0,-500.0,145.0,0.20661035530446278,0.05004474387338806
offset_1450_47,offset,1450,357.36724973390716,-142.62665456267945,850.0,-500.0,145.0,0.9584685224706738,-0.6680343839587488
offset_1450_48,offset,1450,-289.11620568109083,310.26999073023933,850.0,-500.0,145.0,0.42479800338638923,-0.6274504170014419
offset_1450_49,offset,1450,545.7588400158775,-290.9771856562169,850.0,-500.0,145.0,-0.5097657363288717,-0.575203249308833
offset_1450_50,offset,1450,-170.65620917077365,201.4301976429423,850.0,-500.0,145.0,-0.5018064954353189,0.5594399830355318
offset_1450_51,offset,1450,-285.34790851073626,294.3625814451707,850.0,-500.0,145.0,-0.020884533164379014,0.589431105833155
offset_1450_52,offset,1450,17.03040407136382,100.36837257620641,850.0,-500.0,145.0,0.7824285459731362,0.23620862520758748
offset_1450_53,offset,1450,-102.06114676783079,168.47396845259618,850.0,-500.0,145.0,0.07397634184163282,-0.5995170223983717
offset_1450_54,offset,1450,175.9329726416613,-30.364611501069646,850.0,-500.0,145.0,-0.13433568126522863,-0.6460002459588303
offset_1450_55,offset,1450,-245.68777172202272,266.0207151282151,850.0,-500.0,145.0,-0.041710672934447586,0.6112791312193107
offset_1450_56,offset,1450,-261.5153610527814,261.84312710289726,850.0,-500.0,145.0,-0.5728924093057605,0.7186012929197726
offset_1450_57,offset,1450,358.79550423091376,-167.40919375755402,850.0,-500.0,145.0,-0.898371592241944,0.5778755081990963
offset_1450_58,offset,1450,201.9060077780216,-37.19630336582418,850.0,-500.0,145.0,0.5306182717300719,0.7562878126003728
offset_1450_59,offset,1450,-319.90506370946196,341.01683810550935,850.0,-500.0,145.0,0.7114566223665515,0.6213742417266072
offset_1450_60,offset,1450,209.05127762569737,-40.15578885785584,850.0,-500.0,145.0,0.6572857577084903,0.13808152274157098
offset_1450_61,offset,1450,-200.8461470134007,216.12350253728698,850.0,-500.0,145.0,-0.7266178863328702,0.421198977925942
offset_1450_62,offset,1450,151.0390746172859,2.8791994075169782,850.0,-500.0,145.0,0.7337632632620419,-0.44230594437524423
offset_1450_63,offset,1450,-267.6893710273332,259.282619420159,850.0,-500.0,145.0,-0.810461494993355,0.47613682936868573
offset_1450_64,offset,1450,-237.19895815182508,236.88416295230854,850.0,-500.0,145.0,-0.8712770963923154,0.22663481336474203
offset_1450_65,offset,1450,278.08124345257966,-90.63332218266368,850.0,-500.0,145.0,0.5942414994373262,0.4297909326928739
offset_1450_66,offset,1450,-114.99667637121001,179.02861208499314,850.0,-500.0,145.0,0.13248060909398346,0.08849978709855665
offset_1450_67,offset,1450,-209.6270261713771,259.99212120884545,850.0,-500.0,145.0,0.6490769388334547,0.007482175791196313
offset_1450_68,offset,1450,2.8892033196882494,96.53281987858509,850.0,-500.0,145.0,0.1530889079029339,0.6865627103821208
offset_1450_69,offset,1450,404.54948557317124,-186.48859640417635,850.0,-500.0,145.0,0.13816951675581604,0.12299423556919976
offset_1450_70,offset,1450,-295.1673990040649,294.7416474113994,850.0,-500.0,145.0,-0.23950488438193906,-0.687944279999473
offset_1450_71,offset,1450,337.4800801399033,-150.15386775094157,850.0,-500.0,145.0,-0.6825521847932526,0.345538049135406
offset_1450_72,offset,1450,-212.3563906497568,271.64232932278367,850.0,-500.0,145.0,0.9927711303678624,0.6790886103676866
offset_1450_73,offset,1450,-91.27349207340887,153.28404054645466,850.0,-500.0,145.0,-0.2376989597254972,-0.9996325251238729
offset_1450_74,offset,1450,-179.74532715995565,246.2898982358962,850.0,-500.0,145.0,0.9320642099514288,-0.1478786383642477
offset_1450_75,offset,1450,160.21013164205874,-19.531264779262017,850.0,-500.0,145.0,-0.14110560740137632,0.49748949303733514
offset_1450_76,offset,1450,-237.51461535464273,270.9753393973774,850.0,-500.0,145.0,0.33409800998615324,-0.567401591599977
offset_1450_77,offset,1450,-138.12658571914972,170.3034231084356,850.0,-500.0,145.0,-0.8486853840814571,-0.5885679814591256
offset_1450_78,offset,1450,-241.68149214136452,258.2555255877861,850.0,-500.0,145.0,-0.2170921741315411,0.8748359405491536
offset_1450_79,offset,1450,421.2203172658358,-201.67398287164548,850.0,-500.0,145.0,-0.17150401515023642,-0.21848534733376648
offset_1450_80,offset,1450,-231.7931475745038,247.1425638975046,850.0,-500.0,145.0,-0.3690256866843659,0.12944446541699445
offset_1450_81,offset,1450,-82.94062067118887,168.21332227825246,850.0,-500.0,145.0,0.6119127255268784,-0.43300151254269487
offset_1450_82,offset,1450,-198.0735973776816,230.5716701980018,850.0,-500.0,145.0,-0.12113467738967433,0.3965129975040041
offset_1450_83,offset,1450,-138.77170605162394,180.7006601653908,850.0,-500.0,145.0,-0.45528794868181743,0.12489313508630741
offset_1450_84,offset,1450,-92.82205261959268,166.18064463747692,850.0,-500.0,145.0,0.24432144230447,-0.31020495835063805
offset_1450_85,offset,1450,379.4895955039757,-166.49722663720217,850.0,-500.0,145.0,0.3294194206442825,0.12258451759870131
offset_1450_86,offset,1450,167.44242708191496,-31.178144862255067,850.0,-500.0,145.0,-0.5163639931047534,-0.18102607216439678
offset_1450_87,offset,1450,-53.66345809351901,145.3082665337654,850.0,-500.0,145.0,0.530723347552926,-0.39093404361964207
offset_1450_88,offset,1450,371.4354077719752,-154.07003380979097,850.0,-500.0,145.0,0.8612494472675628,-0.034143363248118216
offset_1450_89,offset,1450,-323.99271740572067,301.38524521478973,850.0,-500.0,145.0,-0.6819617132892348,0.10764625696581082
offset_1450_90,offset,1450,374.9518703162906,-160.24116452530643,850.0,-500.0,145.0,0.5727021111366589,0.4433883122858926
offset_1450_91,offset,1450,281.7957605608177,-92.23740024495117,850.0,-500.0,145.0,0.6645022492456685,0.4435102430024522
offset_1450_92,offset,1450,301.3805743720866,-119.98497417657921,850.0,-500.0,145.0,-0.2906177723105616,-0.6506983869605409
offset_1450_93,offset,1450,-223.48074955142215,246.46779071367052,850.0,-500.0,145.0,-0.1863539262432157,-0.9580078707689279
offset_1450_94,offset,1450,-323.3408459427885,305.66604744719245,850.0,-500.0,145.0,-0.5248408209035005,-0.5091491396463563
offset_1450_95,offset,1450,340.861712894731,-135.16829136008874,850.0,-500.0,145.0,0.6241353773490746,-0.11001187789242242
offset_1450_96,offset,1450,379.2262249202938,-176.43271429697444,850.0,-500.0,145.0,-0.4988895309272992,-0.5077366558568783
offset_1450_97,offset,1450,23.473811783269525,66.69674004982812,850.0,-500.0,145.0,-0.5640319703865473,0.7480979987801935
offset_1450_98,offset,1450,185.1069020895419,-33.43932610344541,850.0,-500.0,145.0,0.05763853759108728,0.7397544798677811
offset_1450_99,offset,1450,-68.14753727076948,158.40207350855826,850.0,-500.0,145.0,0.644244328945635,0.7954906516066322
boundary_1050_0,boundary,1050,1652.3923826933749,694.9117114814134,1600.0,0.0,85.0,-0.6883819218980417,0.07169367415490444
boundary_1050_1,boundary,1050,1653.6139950838765,514.2695114122106,1600.0,0.0,85.0,0.9517405461306544,-0.7286527783769708
boundary_1050_2,boundary,1050,1647.3132179622326,598.4302923997409,1600.0,0.0,85.0,-0.47947275150201424,-0.3309359783136878
boundary_1050_3,boundary,1050,1636.492533849765,444.7738581929769,1600.0,0.0,85.0,-0.30953709662279055,0.0514513693299376
boundary_1050_4,boundary,1050,1626.7431745213794,341.1233627882283,1600.0,0.0,85.0,-0.5173302815329506,-0.10217888412622943
boundary_1050_5,boundary,1050,1636.1278252085385,438.8932717112198,1600.0,0.0,85.0,-0.2942647748005729,-0.8013696522327987
boundary_1050_6,boundary,1050,1659.4846513894515,630.5856963296121,1600.0,0.0,85.0,0.3889006151433995,0.2686807383605471
boundary_1050_7,boundary,1050,1642.9173712721024,537.7668912956105,1600.0,0.0,85.0,-0.4370868956694925,-0.6944106626001016
boundary_1050_8,boundary,1050,1645.5611530054923,475.5363690769897,1600.0,0.0,85.0,0.4728050724472786,0.05359095377756943
boundary_1050_9,boundary,1050,1635.9427009582942,368.67073182460564,1600.0,0.0,85.0,0.568322126207332,0.5052718118056795
boundary_1050_10,boundary,1050,1645.2475265805983,458.92829673228624,1600.0,0.0,85.0,0.6308156500723019,-0.07521677371935406
boundary_1050_11,boundary,1050,1648.397026025553,483.53741134291903,1600.0,0.0,85.0,0.7156712656686925,-0.24922957165292714
boundary_1050_12,boundary,1050,1638.4700643103613,525.4802793271863,1600.0,0.0,85.0,-0.8128835824660734,-0.36925833212171716
boundary_1050_13,boundary,1050,1641.5144106220603,401.1222541263633,1600.0,0.0,85.0,0.908827010024205,0.9532129206183342
boundary_1050_14,boundary,1050,1642.9128961061053,409.93010760117375,1600.0,0.0,85.0,0.9761529094531396,0.5219490134718495
boundary_1050_15,boundary,1050,1631.5486371456793,338.1987889288506,1600.0,0.0,85.0,0.3293737040663307,-0.9205632904583145
boundary_1050_16,boundary,1050,1641.8396171736063,498.5042318334895,1600.0,0.0,85.0,-0.2023913585345165,0.11178014893941148
boundary_1050_17,boundary,1050,1627.8263326739468,319.0824144736786,1600.0,0.0,85.0,-0.015995877002396946,0.9712294649282329
boundary_1050_18,boundary,1050,1647.4589152552112,610.0767989889962,1600.0,0.0,85.0,-0.5518218956819231,-0.1988678798059833
boundary_1050_19,boundary,1050,1650.4657643174173,622.1954635862982,1600.0,0.0,85.0,-0.3629370995131064,0.08659425893324828
boundary_1050_20,boundary,1050,1643.6348166577136,486.5587206811903,1600.0,0.0,85.0,0.12460364347628676,0.3635860395256084
boundary_1050_21,boundary,1050,1648.8891802175365,659.3864733408242,1600.0,0.0,85.0,-0.7596526387843849,0.05857475647609968
boundary_1050_22,boundary,1050,1637.033957701255,451.6874092814702,1600.0,0.0,85.0,-0.3127897998602838,-0.9559770265840621
boundary_1050_23,boundary,1050,1602.5617090714582,32.93512991863851,1600.0,0.0,85.0,-0.5524632305452388,-0.3503867417179573
boundary_1050_24,boundary,1050,1606.9144625605422,87.36570938170668,1600.0,0.0,85.0,-0.4748212974260603,-0.18082056010174008
boundary_1050_25,boundary,1050,1649.2444072979315,579.3225407654281,1600.0,0.0,85.0,-0.1413415482439924,-0.2113928473460265
boundary_1050_26,boundary,1050,1637.6954573643084,460.3225035075918,1600.0,0.0,85.0,-0.31853822552626315,-0.5891730514971483
boundary_1050_27,boundary,1050,1621.5110503903989,257.90494534967667,1600.0,0.0,85.0,-0.23217269672019597,-0.1384946232367934
boundary_1050_28,boundary,1050,1654.546144914357,597.4045046158387,1600.0,0.0,85.0,0.21693813320121366,-0.9745347582573586
boundary_1050_29,boundary,1050,1639.4165369530638,447.4596891348448,1600.0,0.0,85.0,0.03416676735307274,-0.14743492835439964
boundary_1050_30,boundary,1050,1662.1894769655703,670.0930710179935,1600.0,0.0,85.0,0.3022738380439837,0.69780869257048
boundary_1050_31,boundary,1050,1647.7347161356129,603.3564801511545,1600.0,0.0,85.0,-0.47645070318901683,-0.9103072693237827
boundary_1050_32,boundary,1050,1643.4709488072624,472.6856325087042,1600.0,0.0,85.0,0.25447624884847986,-0.3616045210767544
boundary_1050_33,boundary,1050,1644.3940151441057,609.5664647567087,1600.0,0.0,85.0,-0.8345693076825085,-0.24000079806340446
boundary_1050_34,boundary,1050,1657.37018536684,674.7880823561399,1600.0,0.0,85.0,-0.1404244575357815,0.5003264749158277
boundary_1050_35,boundary,1050,1641.6476048832517,515.3176159373322,1600.0,0.0,85.0,-0.3794383313668207,0.8342644524513448
boundary_1050_36,boundary,1050,1643.4545929685978,513.1505594261284,1600.0,0.0,85.0,-0.15962944511297789,-0.6762795091876808
boundary_1050_37,boundary,1050,1606.9551497214325,87.27491466144407,1600.0,0.0,85.0,-0.4435897636542742,-0.602763691390027
boundary_1050_38,boundary,1050,1620.5391674733896,273.80681879966454,1600.0,0.0,85.0,-0.7100858972911015,0.4442198931812736
boundary_1050_39,boundary,1050,1650.5952692592255,503.5775935824024,1600.0,0.0,85.0,0.7373476022865495,-0.33451765904112807
boundary_1050_40,boundary,1050,1631.8760176340313,425.9498675981537,1600.0,0.0,85.0,-0.72023977903973,-0.6450629088669207
boundary_1050_41,boundary,1050,1646.2609557419212,594.710265798684,1600.0,0.0,85.0,-0.5520680708038803,0.9842158722854252
boundary_1050_42,boundary,1050,1628.035445050821,313.0783518862481,1600.0,0.0,85.0,0.11705663192769816,0.6535309694025975
boundary_1050_43,boundary,1050,1621.9182565135907,216.8161501442504,1600.0,0.0,85.0,0.7725020877741218,-0.781129195139699
boundary_1050_44,boundary,1050,1635.6133133130586,377.0110785166259,1600.0,0.0,85.0,0.39627551369289205,0.2807950590808099
boundary_1050_45,boundary,1050,1642.5810843633515,433.7636317195693,1600.0,0.0,85.0,0.6065661794216256,-0.00928538729256303
boundary_1050_46,boundary,1050,1658.6931264480909,627.33622229035,1600.0,0.0,85.0,0.3449927113784044,-0.8611902405921688
boundary_1050_47,boundary,1050,1660.233104130054,583.0572357295174,1600.0,0.0,85.0,0.8980554091879155,0.9716481828493141
boundary_1050_48,boundary,1050,1628.646039076001,292.53792170313574,1600.0,0.0,85.0,0.5927145307159621,-0.8079941267782478
boundary_1050_49,boundary,1050,1643.6931390228103,442.7356984645678,1600.0,0.0,85.0,0.6362119140913807,-0.991143885122408
boundary_1050_50,boundary,1050,1638.3732500763613,544.1046309401703,1600.0,0.0,85.0,-0.9658661534382836,-0.8058393865585586
boundary_1050_51,boundary,1050,1650.6975704177885,539.4370353627197,1600.0,0.0,85.0,0.369022514936106,-0.37044999833646797
boundary_1050_52,boundary,1050,1648.2683046125226,547.6469464598738,1600.0,0.0,85.0,0.03689857892023398,0.6650630705639993
boundary_1050_53,boundary,1050,1613.8763815437455,138.1182605363419,1600.0,0.0,85.0,0.7371064025191554,0.46678811447451046
boundary_1050_54,boundary,1050,1638.3184258205633,389.6557443228059,1600.0,0.0,85.0,0.6163618276133294,0.6383830099355166
boundary_1050_55,boundary,1050,1632.4943117296734,322.9061821815761,1600.0,0.0,85.0,0.7463759863265411,0.800538701670949
boundary_1050_56,boundary,1050,1644.1930645726636,432.4398266574295,1600.0,0.0,85.0,0.8350687361655768,-0.8207867035155951
boundary_1050_57,boundary,1050,1668.7644062925872,667.7151308098223,1600.0,0.0,85.0,0.8798570932066543,-0.3135833120511127
boundary_1050_58,boundary,1050,1631.517076286839,419.96481899562446,1600.0,0.0,85.0,-0.708172027797137,0.3261573474419169
boundary_1050_59,boundary,1050,1641.9382489535787,564.8186062469774,1600.0,0.0,85.0,-0.7535333661245444,-0.7275711190294301
boundary_1050_60,boundary,1050,1644.7193475713384,482.21305502435325,1600.0,0.0,85.0,0.2983265771615977,-0.29850425542113057
boundary_1050_61,boundary,1050,1668.221689686524,669.553578561283,1600.0,0.0,85.0,0.8178639626805944,0.32892845731001535
boundary_1050_62,boundary,1050,1614.360413497711,199.28492610919838,1600.0,0.0,85.0,-0.8784069620012084,0.07576221075321302
boundary_1050_63,boundary,1050,1645.1904736471856,459.6155965344718,1600.0,0.0,85.0,0.6154053859822801,0.6137286356738285
boundary_1050_64,boundary,1050,1655.7005418082776,543.5873727412458,1600.0,0.0,85.0,0.8505886651492809,0.551660406015548
boundary_1050_65,boundary,1050,1651.5415868592813,606.0385568676965,1600.0,0.0,85.0,-0.1388798655789863,-0.5376172620656308
boundary_1050_66,boundary,1050,1652.0113484574936,656.1473887650509,1600.0,0.0,85.0,-0.4677673438392542,0.052142955116484355
boundary_1050_67,boundary,1050,1639.563803943638,432.01102014531205,1600.0,0.0,85.0,0.2325826420732467,0.7903442926905174
boundary_1050_68,boundary,1050,1651.7390694397434,579.9238623519102,1600.0,0.0,85.0,0.09825954447562445,-0.36296160082412093
boundary_1050_69,boundary,1050,1661.9038873056027,661.9774224915375,1600.0,0.0,85.0,0.3423976402118075,0.6543381175228014
boundary_1050_70,boundary,1050,1640.4551121137374,503.14198017872434,1600.0,0.0,85.0,-0.40302438655995826,-0.7503761892436414
boundary_1050_71,boundary,1050,1633.0234622097669,361.24480485643494,1600.0,0.0,85.0,0.2232186689077356,-0.6637540675079796
boundary_1050_72,boundary,1050,1638.5878975838107,388.7993346228465,1600.0,0.0,85.0,0.6679799348716663,-0.7678429896041306
boundary_1050_73,boundary,1050,1655.2222116519067,704.2682153990401,1600.0,0.0,85.0,-0.5165673279224202,-0.009863235311365732
boundary_1050_74,boundary,1050,1649.5236752847743,581.0248903049502,1600.0,0.0,85.0,-0.1281675848098065,-0.03314688034782256
boundary_1050_75,boundary,1050,1661.8513948064792,628.7893370944213,1600.0,0.0,85.0,0.6178750941661294,0.22619074746553777
boundary_1050_76,boundary,1050,1660.2303596425772,585.7031494311145,1600.0,0.0,85.0,0.8713318506126254,0.7288483742667529
boundary_1050_77,boundary,1050,1648.6253607404724,650.3902909274552,1600.0,0.0,85.0,-0.7243297806796641,0.8999458385470889
boundary_1050_78,boundary,1050,1627.6830225034114,299.6695286330383,1600.0,0.0,85.0,0.277918817482443,0.6394440117847704
boundary_1050_79,boundary,1050,1648.3052381174393,529.9308090070034,1600.0,0.0,85.0,0.20833781321854772,-0.25910421267309114
boundary_1050_80,boundary,1050,1655.0517357171677,587.4587425808254,1600.0,0.0,85.0,0.3536476247828407,-0.07313883154839186
boundary_1050_81,boundary,1050,1650.4459242707749,559.365267522692,1600.0,0.0,85.0,0.153235004001172,0.001125543542772841
boundary_1050_82,boundary,1050,1644.6830499665314,443.2290050609231,1600.0,0.0,85.0,0.7566846353984881,0.20454081443084898
boundary_1050_83,boundary,1050,1639.3130812914635,449.27220172918686,1600.0,0.0,85.0,0.0008678059474859617,0.5194017568324816
boundary_1050_84,boundary,1050,1633.2053361474605,367.0308643803832,1600.0,0.0,85.0,0.1694844166868453,-0.603882345934831
boundary_1050_85,boundary,1050,1644.3265003056763,511.90675244816265,1600.0,0.0,85.0,-0.05104753146691078,0.09785797496324951
boundary_1050_86,boundary,1050,1633.932216190113,381.740155607672,1600.0,0.0,85.0,0.07957180989319074,0.3554790731496862
boundary_1050_87,boundary,1050,1668.4444654044064,658.3189311868866,1600.0,0.0,85.0,0.9356334823440962,0.08343424257327267
boundary_1050_88,boundary,1050,1637.6496181614832,482.19458422426715,1600.0,0.0,85.0,-0.5354195572663547,-0.45675883096879005
boundary_1050_89,boundary,1050,1643.3610983673645,473.83887023392856,1600.0,0.0,85.0,0.2285867923864144,-0.2975982171153464
boundary_1050_90,boundary,1050,1639.4234504548817,504.6009348799267,1600.0,0.0,85.0,-0.5326713789981214,-0.7605773741098723
boundary_1050_91,boundary,1050,1656.065960917653,559.0124073793736,1600.0,0.0,85.0,0.7273084282932106,0.40186567849910143
boundary_1050_92,boundary,1050,1633.8769443215454,372.37427153897715,1600.0,0.0,85.0,0.19820399759245794,0.20022511554769887
boundary_1050_93,boundary,1050,1637.0367732328973,381.1947452160234,1600.0,0.0,85.0,0.549423210410358,-0.5124137611030206
boundary_1050_94,boundary,1050,1639.1654673613532,473.743569865047,1600.0,0.0,85.0,-0.27397395961634174,-0.048031892628253865
boundary_1050_95,boundary,1050,1648.8405279334347,659.4296297920368,1600.0,0.0,85.0,-0.7641332963226973,0.065968901467519
boundary_1050_96,boundary,1050,1640.0159564147264,402.56741991359496,1600.0,0.0,85.0,0.6766604098005096,-0.8144827280365508
boundary_1050_97,boundary,1050,1649.4062928653013,625.6807901345703,1600.0,0.0,85.0,-0.48506134546880364,0.47743058845306746
boundary_1050_98,boundary,1050,1655.6863236297022,654.2778845767131,1600.0,0.0,85.0,-0.13521609560060974,0.2432277569384392
boundary_1050_99,boundary,1050,1637.389719540787,359.96627443689704,1600.0,0.0,85.0,0.9300508112433071,-0.5636163803594632
boundary_1250_0,boundary,1250,1654.895940391483,676.9139686767215,1600.0,0.0,85.0,-0.3636095671814705,-0.03240425784959549
boundary_1250_1,boundary,1250,1662.0045471925816,624.0810032270733,1600.0,0.0,85.0,0.6739081173164045,0.6959501623975864
boundary_1250_2,boundary,1250,1636.691215770803,386.08862428738024,1600.0,0.0,85.0,0.428694510220689,-0.837322583867034
boundary_1250_3,boundary,1250,1653.6507527906697,600.4640121430135,1600.0,0.0,85.0,0.1057525027250275,0.6059346059142307
boundary_1250_4,boundary,1250,1623.7443272884361,312.2091413821409,1600.0,0.0,85.0,-0.6508773196828103,-0.6316929273568583
boundary_1250_5,boundary,1250,1625.5129448681043,304.1376926000828,1600.0,0.0,85.0,-0.2049032398531709,0.7572850034536132
boundary_1250_6,boundary,1250,1621.870280264961,229.08641758353423,1600.0,0.0,85.0,0.4533507581522158,0.34499967963902034
boundary_1250_7,boundary,1250,1641.4463064009578,561.2077569831848,1600.0,0.0,85.0,-0.7762607806922833,-0.25757405480971846
boundary_1250_8,boundary,1250,1629.6070182899075,306.76230577030844,1600.0,0.0,85.0,0.5127999268049502,0.6203559905652245
boundary_1250_9,boundary,1250,1645.697785486114,502.03380145795796,1600.0,0.0,85.0,0.20103346945060982,-0.6310135644681083
boundary_1250_10,boundary,1250,1659.3674734826252,585.5693569683935,1600.0,0.0,85.0,0.7891052016277524,-0.8377739809316578
boundary_1250_11,boundary,1250,1637.2662229317273,511.0072002230721,1600.0,0.0,85.0,-0.8289744566286361,-0.2809345766566495
boundary_1250_12,boundary,1250,1641.5434870803904,483.3721783789178,1600.0,0.0,85.0,-0.08777758688814613,-0.11418796988931891
boundary_1250_13,boundary,1250,1638.4639426843125,446.09696444480176,1600.0,0.0,85.0,-0.07195837632715082,0.46735109789389856
boundary_1250_14,boundary,1250,1659.6254605148956,679.3170068799938,1600.0,0.0,85.0,0.016147784592210685,-0.9601795574374885
boundary_1250_15,boundary,1250,1637.030632291602,487.3298195393507,1600.0,0.0,85.0,-0.6546277520347358,-0.2833098309559936
boundary_1250_16,boundary,1250,1617.6142165986953,235.6414927927469,1600.0,0.0,85.0,-0.7250871298792416,0.9751777073990673
boundary_1250_17,boundary,1250,1624.2003962955462,246.20695955448525,1600.0,0.0,85.0,0.6137357013287423,0.6448972030739502
boundary_1250_18,boundary,1250,1650.3744318689676,568.9087918483126,1600.0,0.0,85.0,0.060098607096162916,0.16581991784645703
boundary_1250_19,boundary,1250,1653.1238587245289,709.7349475622113,1600.0,0.0,85.0,-0.7193771736446074,-0.7913910851106325
boundary_1250_20,boundary,1250,1652.1018254612186,586.3485470410513,1600.0,0.0,85.0,0.07785835102700485,0.5641318529383094
boundary_1250_21,boundary,1250,1640.4787517524073,414.97236465096574,1600.0,0.0,85.0,0.5713283596443242,0.6720459337667679
boundary_1250_22,boundary,1250,1653.1579468884556,693.6967050384688,1600.0,0.0,85.0,-0.6179909088361757,-0.9865698604543836
boundary_1250_23,boundary,1250,1636.7384959195415,500.74669360265483,1600.0,0.0,85.0,-0.8038743068566093,0.13117425539574407
boundary_1250_24,boundary,1250,1659.5811954068092,569.6009634400823,1600.0,0.0,85.0,0.9715166121866822,0.21471794498750682
boundary_1250_25,boundary,1250,1648.9823630137516,544.0491775449477,1600.0,0.0,85.0,0.1446383880647791,0.4130086366541638
boundary_1250_26,boundary,1250,1640.313690103734,487.4203811060742,1600.0,0.0,85.0,-0.27192739086991125,0.7557561417070788
boundary_1250_27,boundary,1250,1625.5995696208681,290.09007133624743,1600.0,0.0,85.0,0.04311483967864441,0.683687060431059
boundary_1250_28,boundary,1250,1652.655314633816,629.5434474575487,1600.0,0.0,85.0,-0.21888204818809362,0.45500834211532604
boundary_1250_29,boundary,1250,1656.462468500351,619.4501528296948,1600.0,0.0,85.0,0.20808066523767044,-0.647528877021118
boundary_1250_30,boundary,1250,1659.106069245886,685.8460023824379,1600.0,0.0,85.0,-0.07443129302326609,-0.2775363978535524
boundary_1250_31,boundary,1250,1637.3359457791046,390.6481164457286,1600.0,0.0,85.0,0.45942509358506134,0.02527777217332957
boundary_1250_32,boundary,1250,1631.3695249003117,433.7729476994326,1600.0,0.0,85.0,-0.8636934383141943,0.960388346247485
boundary_1250_33,boundary,1250,1638.6052081650025,398.19945780031014,1600.0,0.0,85.0,0.5374868088712371,0.4849301548385058
boundary_1250_34,boundary,1250,1625.6067855005738,344.78177310167405,1600.0,0.0,85.0,-0.7524668046876974,0.6370208797180615
boundary_1250_35,boundary,1250,1654.0000616311606,582.0370677901932,1600.0,0.0,85.0,0.3005968583067225,0.9976487082873752
boundary_1250_36,boundary,1250,1649.7800526187366,502.62192234809885,1600.0,0.0,85.0,0.6561712289711943,-0.8025203713277209
boundary_1250_37,boundary,1250,1637.425054607537,446.7743439887354,1600.0,0.0,85.0,-0.21166951623890518,-0.9849439931575785
boundary_1250_38,boundary,1250,1632.9210373566018,316.52141847624245,1600.0,0.0,85.0,0.9379192846756821,-0.2126659410031029
boundary_1250_39,boundary,1250,1645.2198638408988,453.149068017624,1600.0,0.0,85.0,0.6986947218160289,0.6845070162371619
boundary_1250_40,boundary,1250,1642.014081896165,438.65186588414537,1600.0,0.0,85.0,0.4711010194040283,0.8057612256033365
boundary_1250_41,boundary,1250,1646.7226490037392,449.4037605698098,1600.0,0.0,85.0,0.9354810145542299,0.11668442426010266
boundary_1250_42,boundary,1250,1651.2401355575425,548.5363322509204,1600.0,0.0,85.0,0.3366540833323954,0.7210128582125443
boundary_1250_43,boundary,1250,1660.6118298912731,651.362797119365,1600.0,0.0,85.0,0.3162847541367344,0.8682834751707355
boundary_1250_44,boundary,1250,1646.2272409302348,538.607758365214,1600.0,0.0,85.0,-0.0944805145031395,-0.7648194019906351
boundary_1250_45,boundary,1250,1623.7349871324952,320.11794372755475,1600.0,0.0,85.0,-0.7595917319505036,-0.20924892206880763
boundary_1250_46,boundary,1250,1617.8622415331802,204.21720543664574,1600.0,0.0,85.0,-0.0012387004979168773,-0.12172089100697289
boundary_1250_47,boundary,1250,1642.5565696494173,484.26503138752565,1600.0,0.0,85.0,0.022175556523253436,0.21769178515003704
boundary_1250_48,boundary,1250,1635.7911771492647,421.0576783419982,1600.0,0.0,85.0,-0.14136489770345784,0.9383503221870569
boundary_1250_49,boundary,1250,1646.3410605845793,467.37439496428436,1600.0,0.0,85.0,0.6624778316331768,-0.11694652034959649
boundary_1250_50,boundary,1250,1616.391769127325,168.4450208917335,1600.0,0.0,85.0,0.5580826336888441,0.9332460357122777
boundary_1250_51,boundary,1250,1648.8918994270282,632.7155351268838,1600.0,0.0,85.0,-0.5813575290523832,0.10836553627608476
boundary_1250_52,boundary,1250,1641.0882144409145,491.25481937420767,1600.0,0.0,85.0,-0.21894844726685023,-0.684433998637108
boundary_1250_53,boundary,1250,1641.878201212415,452.0969052107228,1600.0,0.0,85.0,0.2922646805586819,-0.03563333657215417
boundary_1250_54,boundary,1250,1611.0817374949409,156.53988576984574,1600.0,0.0,85.0,-0.9506849899491197,-0.8741788969976894
boundary_1250_55,boundary,1250,1650.6418120095555,700.9905766310065,1600.0,0.0,85.0,-0.8679472879565266,0.19580676488331597
boundary_1250_56,boundary,1250,1637.6412752646966,396.1399794506717,1600.0,0.0,85.0,0.42795596286555637,0.13021175868410068
boundary_1250_57,boundary,1250,1662.7006884553357,685.5835504839425,1600.0,0.0,85.0,0.22550272956823952,-0.37442743383954175
boundary_1250_58,boundary,1250,1606.947811449959,79.4946509119933,1600.0,0.0,85.0,-0.005056545416826442,0.014694952938916808
boundary_1250_59,boundary,1250,1651.6202496423193,581.2103837298603,1600.0,0.0,85.0,0.07541233184016619,0.3598290591504909
boundary_1250_60,boundary,1250,1626.3126209819225,300.394269719849,1600.0,0.0,85.0,0.005967728487023895,-0.5709994757325361
boundary_1250_61,boundary,1250,1646.9564116483366,526.2687223120191,1600.0,0.0,85.0,0.09872324411834275,0.4156796547326325
boundary_1250_62,boundary,1250,1639.7185937704855,461.7810767529781,1600.0,0.0,85.0,-0.0839894167295738,0.45084317913457844
boundary_1250_63,boundary,1250,1636.3444790823035,422.0474625898907,1600.0,0.0,85.0,-0.07813515490769413,0.21740198338141167
boundary_1250_64,boundary,1250,1647.5801623096515,523.8603259922467,1600.0,0.0,85.0,0.18970977703040656,-0.5111321164594824
boundary_1250_65,boundary,1250,1642.7942532435652,439.72298578494645,1600.0,0.0,85.0,0.5585739914490924,-0.048107631290648614
boundary_1250_66,boundary,1250,1647.3383463849689,633.6336096743826,1600.0,0.0,85.0,-0.7274076839422363,-0.36526366503407554
boundary_1250_67,boundary,1250,1649.8166411389034,617.9701219541109,1600.0,0.0,85.0,-0.3911616158537663,-0.4161818856567639
boundary_1250_68,boundary,1250,1612.7024919643359,167.87531817317685,1600.0,0.0,85.0,-0.672890073075342,0.21596722177556615
boundary_1250_69,boundary,1250,1613.965969547847,180.45246818111582,1600.0,0.0,85.0,-0.5744625697722496,0.2677957001181555
boundary_1250_70,boundary,1250,1660.3018188815442,689.7594173690635,1600.0,0.0,85.0,-0.003652787968364583,0.07031495549727233
boundary_1250_71,boundary,1250,1661.5799949945056,604.1743345153033,1600.0,0.0,85.0,0.8197300544957775,-0.07022470251433025
boundary_1250_72,boundary,1250,1622.3995665705472,223.7827501782827,1600.0,0.0,85.0,0.7159904540947406,0.3396434885206141
boundary_1250_73,boundary,1250,1644.3953085045096,525.3737581073182,1600.0,0.0,85.0,-0.16984792212841782,-0.43043051277662997
boundary_1250_74,boundary,1250,1649.8970373822804,669.7426599591025,1600.0,0.0,85.0,-0.7392325018312979,-0.8941400649298903
boundary_1250_75,boundary,1250,1644.6221992716266,547.5790040407052,1600.0,0.0,85.0,-0.3412624656430086,-0.6959345138566828
boundary_1250_76,boundary,1250,1649.2296130363684,618.0867738426623,1600.0,0.0,85.0,-0.4460972662197137,-0.42818609672903896
boundary_1250_77,boundary,1250,1625.9340893305148,294.53170080013336,1600.0,0.0,85.0,0.03202696755732237,0.14216758543160204
boundary_1250_78,boundary,1250,1640.7320276324517,417.7453470167107,1600.0,0.0,85.0,0.5689892805913965,0.7410671457191552
boundary_1250_79,boundary,1250,1643.7240604649758,569.3364712548648,1600.0,0.0,85.0,-0.6084031159128049,0.7445390702508453
boundary_1250_80,boundary,1250,1642.6453645157346,591.7157269113615,1600.0,0.0,85.0,-0.8777806005045723,-0.15166523688656428
boundary_1250_81,boundary,1250,1609.538711404963,108.51981352990778,1600.0,0.0,85.0,0.023293569137937214,0.3753691096476766
boundary_1250_82,boundary,1250,1653.888551003023,653.4788331400695,1600.0,0.0,85.0,-0.2858211614420775,0.4753061159865186
boundary_1250_83,boundary,1250,1664.7172213945482,646.3354728488238,1600.0,0.0,85.0,0.7179370720471118,-0.41575374764118167
boundary_1250_84,boundary,1250,1647.1898136738791,542.6771762290266,1600.0,0.0,85.0,-0.030207506674093033,-0.4982518483150524
boundary_1250_85,boundary,1250,1650.5837179021325,682.6184134101517,1600.0,0.0,85.0,-0.7619864982058705,0.4904172372624369
boundary_1250_86,boundary,1250,1654.058796037923,537.4619476558364,1600.0,0.0,85.0,0.7435859410817626,-0.16719752272519023
boundary_1250_87,boundary,1250,1651.9520150605745,573.5241884517849,1600.0,0.0,85.0,0.17594479330527824,-0.1702669781333421
boundary_1250_88,boundary,1250,1608.4572519864266,107.71290594583785,1600.0,0.0,85.0,-0.510540262888128,-0.3029921544893608
boundary_1250_89,boundary,1250,1642.6517615374983,416.0727892662611,1600.0,0.0,85.0,0.8529650551722087,-0.7225358837661893
boundary_1250_90,boundary,1250,1650.203177246152,483.84244905278626,1600.0,0.0,85.0,0.9237749801631445,0.15410671900545228
boundary_1250_91,boundary,1250,1635.0170669666513,442.62315171346376,1600.0,0.0,85.0,-0.47660340999240214,-0.42563431363581566
boundary_1250_92,boundary,1250,1640.373653411528,493.73614434341107,1600.0,0.0,85.0,-0.3252265541672101,-0.7813943981973739
boundary_1250_93,boundary,1250,1654.0694005796245,621.3322263873349,1600.0,0.0,85.0,-0.026551600315369902,0.6145634038423917
boundary_1250_94,boundary,1250,1640.969056570539,450.8080473039557,1600.0,0.0,85.0,0.19272803375055678,0.12913186177914993
boundary_1250_95,boundary,1250,1657.3941709611258,595.7025535059606,1600.0,0.0,85.0,0.5032914967319869,-0.9518138930708246
boundary_1250_96,boundary,1250,1645.5057938406298,467.3769847751955,1600.0,0.0,85.0,0.5610304047847336,0.1905571126250198
boundary_1250_97,boundary,1250,1655.1420247281756,548.5032698584363,1600.0,0.0,85.0,0.7407601427285947,0.8063738838151336
boundary_1250_98,boundary,1250,1661.732940918894,639.1314855957847,1600.0,0.0,85.0,0.5170160481745392,-0.677939829611452
boundary_1250_99,boundary,1250,1643.1863632751542,458.14793774967416,1600.0,0.0,85.0,0.38495586703243895,-0.09522943285246814
boundary_1450_0,boundary,1450,1636.382192728676,498.2203376665266,1600.0,0.0,85.0,-0.8234290509909543,-0.4133565252837597
boundary_1450_1,boundary,1450,1608.073256271966,103.39827847823338,1600.0,0.0,85.0,-0.5354484002931701,0.5803204738166248
boundary_1450_2,boundary,1450,1632.4072383563846,323.2981293730644,1600.0,0.0,85.0,0.7241785029576377,0.7881321116980833
boundary_1450_3,boundary,1450,1637.7688668988728,493.00529174466686,1600.0,0.0,85.0,-0.6191585626454573,-0.7956229816129139
boundary_1450_4,boundary,1450,1651.8201441025178,597.0165409188214,1600.0,0.0,85.0,-0.03924505662587234,0.2695745918167032
boundary_1450_5,boundary,1450,1618.914614217298,249.85189726358615,1600.0,0.0,85.0,-0.6707778085218874,-0.02146090296419688
boundary_1450_6,boundary,1450,1644.3465731764513,546.6988253991593,1600.0,0.0,85.0,-0.3624915433712088,-0.1380366416985934
boundary_1450_7,boundary,1450,1642.6348989784865,466.4623863305663,1600.0,0.0,85.0,0.22235299406300138,-0.30066093155651186
boundary_1450_8,boundary,1450,1655.573923673421,533.8710053257834,1600.0,0.0,85.0,0.942866875141963,-0.059891432225315996
boundary_1450_9,boundary,1450,1653.5502664900996,590.6542266121075,1600.0,0.0,85.0,0.18042325930060554,-0.6463299286047053
boundary_1450_10,boundary,1450,1646.2885240954365,576.2405173196804,1600.0,0.0,85.0,-0.4073784733164979,0.18130403990039112
boundary_1450_11,boundary,1450,1639.4507876029531,442.04962928671006,1600.0,0.0,85.0,0.09985973712003113,-0.1166005696561918
boundary_1450_12,boundary,1450,1648.7736132926566,622.4022628703182,1600.0,0.0,85.0,-0.5192596344690724,-0.03798730184492839
boundary_1450_13,boundary,1450,1656.501578364072,697.034377424049,1600.0,0.0,85.0,-0.36573885194757,-0.9744360494788449
boundary_1450_14,boundary,1450,1621.7543226208672,212.0189611486383,1600.0,0.0,85.0,0.8583637518569319,-0.711532253148276
boundary_1450_15,boundary,1450,1625.4102150208464,352.63319359705264,1600.0,0.0,85.0,-0.8784764331130012,-0.44422763576918345
boundary_1450_16,boundary,1450,1643.87709611123,597.4195533803796,1600.0,0.0,85.0,-0.7994899913359348,-0.09350381931681025
boundary_1450_17,boundary,1450,1638.5458056074065,451.8742943033962,1600.0,0.0,85.0,-0.1243552226966238,0.14859604402595855
boundary_1450_18,boundary,1450,1625.155204433951,299.3512308872198,1600.0,0.0,85.0,-0.1965828872839796,-0.9555809675558796
boundary_1450_19,boundary,1450,1629.052119700364,348.67803980350965,1600.0,0.0,85.0,-0.23707367073675892,-0.5543481448546472
boundary_1450_20,boundary,1450,1660.5482293127147,682.1496308759935,1600.0,0.0,85.0,0.07233322056631139,0.25844133579798007
boundary_1450_21,boundary,1450,1645.2848301004171,447.7713973420135,1600.0,0.0,85.0,0.7749055645657923,-0.4176481114195456
boundary_1450_22,boundary,1450,1607.6442332805004,107.60284749152633,1600.0,0.0,85.0,-0.9364670389050965,-0.36732693277816436
boundary_1450_23,boundary,1450,1616.764412192786,184.92555129721111,1600.0,0.0,85.0,0.17998537334277612,-0.614828815618651
boundary_1450_24,boundary,1450,1637.3164076487728,368.6616958080163,1600.0,0.0,85.0,0.7798659358225455,-0.732274011236905
boundary_1450_25,boundary,1450,1624.734361638754,340.88094893054244,1600.0,0.0,85.0,-0.8498847318084298,-0.005386259491441355
boundary_1450_26,boundary,1450,1615.2031411711798,195.78625131989,1600.0,0.0,85.0,-0.5597937861600017,0.5595290123064016
boundary_1450_27,boundary,1450,1615.9422181087675,217.6818153237945,1600.0,0.0,85.0,-0.8113451814563704,-0.26960105990438077
boundary_1450_28,boundary,1450,1644.5024110357188,526.5630528771543,1600.0,0.0,85.0,-0.16913439314757567,-0.26640609590285697
boundary_1450_29,boundary,1450,1651.7702508745099,706.1647534991747,1600.0,0.0,85.0,-0.8070410179885862,0.5300442528998388
boundary_1450_30,boundary,1450,1632.7451959985121,448.65644447322495,1600.0,0.0,85.0,-0.8256683035469682,0.8630832915991419
boundary_1450_31,boundary,1450,1633.7927273799328,373.42315711558973,1600.0,0.0,85.0,0.1708662179873087,-0.5717443798614037
boundary_1450_32,boundary,1450,1658.315795365748,562.6747326789728,1600.0,0.0,85.0,0.9170283184889373,-0.13467289064092489
boundary_1450_33,boundary,1450,1655.7241422587024,581.2023642877539,1600.0,0.0,85.0,0.4766271846065352,-0.3516371036536227
boundary_1450_34,boundary,1450,1648.6623791654795,672.098237364938,1600.0,0.0,85.0,-0.8588016402180394,-0.7363878168403131
boundary_1450_35,boundary,1450,1619.5187052986316,211.69152791870084,1600.0,0.0,85.0,0.2679780356212233,-0.6553222823877527
boundary_1450_36,boundary,1450,1664.734846022569,677.1119106905679,1600.0,0.0,85.0,0.46112769674429305,0.3083655603629435
boundary_1450_37,boundary,1450,1647.5354369797458,583.7167763338033,1600.0,0.0,85.0,-0.3443465467177455,-0.18240058412569055
boundary_1450_38,boundary,1450,1602.7144609480329,32.480596009836766,1600.0,0.0,85.0,-0.22279129366222122,-0.7805596424173629
boundary_1450_39,boundary,1450,1635.2853566816373,439.3508167694064,1600.0,0.0,85.0,-0.4082888646026705,-0.013687969028875775
boundary_1450_40,boundary,1450,1613.4285304330174,181.66774973864574,1600.0,0.0,85.0,-0.7724945902442254,0.6465527922274391
boundary_1450_41,boundary,1450,1654.006804975268,643.7763973480382,1600.0,0.0,85.0,-0.20464946786297658,-0.044971908548093305
boundary_1450_42,boundary,1450,1615.157116369567,194.79738383387914,1600.0,0.0,85.0,-0.5507999582812488,-0.23844566896346467
boundary_1450_43,boundary,1450,1646.754955210805,467.05882369206336,1600.0,0.0,85.0,0.7165534134169599,-0.40248547185427386
boundary_1450_44,boundary,1450,1626.9344218926074,288.38083951777594,1600.0,0.0,85.0,0.33587694515119365,-0.044645454843167974
boundary_1450_45,boundary,1450,1656.0363959521978,634.1921460015812,1600.0,0.0,85.0,0.04946722008598859,0.5539907782281535
boundary_1450_46,boundary,1450,1657.2957431679324,647.6046269532119,1600.0,0.0,85.0,0.055984341976592335,0.5399927540531743
boundary_1450_47,boundary,1450,1655.9762023068363,572.6734980439768,1600.0,0.0,85.0,0.5826649441844641,0.8832726486002495
boundary_1450_48,boundary,1450,1628.1026901146563,272.1703124855107,1600.0,0.0,85.0,0.8951310396798412,0.30771334994227567
boundary_1450_49,boundary,1450,1649.1925041748516,632.6144708070002,1600.0,0.0,85.0,-0.5535913446350758,-0.06942788768241091
boundary_1450_50,boundary,1450,1647.697192404018,588.9813277847195,1600.0,0.0,85.0,-0.37014684512573803,-0.5355998462674296
boundary_1450_51,boundary,1450,1642.6111650025287,415.66430490267896,1600.0,0.0,85.0,0.8531392938205248,0.8641914027917524
boundary_1450_52,boundary,1450,1639.465316940249,518.9510762697522,1600.0,0.0,85.0,-0.6511274762913851,0.019434392570042227
boundary_1450_53,boundary,1450,1630.3971478117555,410.3751501380394,1600.0,0.0,85.0,-0.7637456480966176,-0.867583335257275
boundary_1450_54,boundary,1450,1643.320616506408,468.98049359909544,1600.0,0.0,85.0,0.2775433511238352,0.8572571607871694
boundary_1450_55,boundary,1450,1645.5813947499432,596.422847078131,1600.0,0.0,85.0,-0.6296866995127409,-0.24278386281477074
boundary_1450_56,boundary,1450,1623.2172980544656,321.9450755413194,1600.0,0.0,85.0,-0.8752147850394708,0.3764011716449344
boundary_1450_57,boundary,1450,1642.6421393063067,549.2926229679531,1600.0,0.0,85.0,-0.5609740411543926,-0.7426910223139706
boundary_1450_58,boundary,1450,1622.7516480702022,283.0993574887586,1600.0,0.0,85.0,-0.4052253341654604,-0.39077562926368964
boundary_1450_59,boundary,1450,1663.1556545487847,625.6642808751257,1600.0,0.0,85.0,0.7640128467230841,-0.6050748268515966
boundary_1450_60,boundary,1450,1660.4879132828328,655.8092967336045,1600.0,0.0,85.0,0.26970922299253386,-0.9342255101721366
boundary_1450_61,boundary,1450,1627.4352649346174,330.80722208372407,1600.0,0.0,85.0,-0.2590643882380944,-0.1047594777035354
boundary_1450_62,boundary,1450,1654.0949425037732,655.3895201732471,1600.0,0.0,85.0,-0.28158132041228456,-0.6699360828823689
boundary_1450_63,boundary,1450,1610.5957054869145,148.73008046837958,1600.0,0.0,85.0,-0.9250659619567237,0.0971015984533279
boundary_1450_64,boundary,1450,1626.4986458953695,306.00866816665786,1600.0,0.0,85.0,-0.05085060383044274,-0.5990566852438046
boundary_1450_65,boundary,1450,1654.8757970421575,592.4954466805093,1600.0,0.0,85.0,0.29152971936177424,-0.31776066352897936
boundary_1450_66,boundary,1450,1653.626530980032,696.8166273430818,1600.0,0.0,85.0,-0.599230521448451,0.4529324822709269
boundary_1450_67,boundary,1450,1627.1010273765667,358.41871345186,1600.0,0.0,85.0,-0.675936214560341,-0.3955372459832534
boundary_1450_68,boundary,1450,1618.3243656395036,181.35592863372221,1600.0,0.0,85.0,0.7696355309353464,-0.9391352164337222
boundary_1450_69,boundary,1450,1667.888484400797,657.7031706206975,1600.0,0.0,85.0,0.8932313547772852,-0.4606793804042684
boundary_1450_70,boundary,1450,1617.460266292107,231.1217922507892,1600.0,0.0,85.0,-0.6797543746072598,-0.9598833853206813
boundary_1450_71,boundary,1450,1634.3008076704605,429.006636412684,1600.0,0.0,85.0,-0.42869612682994374,-0.8200701311070226
boundary_1450_72,boundary,1450,1652.5496234453897,648.2646892295758,1600.0,0.0,85.0,-0.3656234719166054,-0.6756247734826433
boundary_1450_73,boundary,1450,1610.9689424941082,129.48448117513115,1600.0,0.0,85.0,-0.157896957557045,0.0013228111705738466
boundary_1450_74,boundary,1450,1637.4920811634368,501.06479430489105,1600.0,0.0,85.0,-0.720827947032643,0.42149315631370887
boundary_1450_75,boundary,1450,1636.369417723646,495.52286711181995,1600.0,0.0,85.0,-0.802243440634697,0.30940830840133565
boundary_1450_76,boundary,1450,1637.2233905967244,519.4595823014047,1600.0,0.0,85.0,-0.9013097170173066,-0.8918919001206622
boundary_1450_77,boundary,1450,1655.7972796131498,601.8066879560732,1600.0,0.0,85.0,0.29710786103667697,0.2323302063700253
boundary_1450_78,boundary,1450,1633.4641068361063,368.9132317588571,1600.0,0.0,85.0,0.18311322382322334,-0.6924459023481973
boundary_1450_79,boundary,1450,1610.4109679798544,121.12701662772183,1600.0,0.0,85.0,-0.08745350325451047,0.46399868337498607
boundary_1450_80,boundary,1450,1634.35188948147,328.6390903284944,1600.0,0.0,85.0,0.9673261470798938,-0.9571426021064076
boundary_1450_81,boundary,1450,1648.488285156843,658.4049920248457,1600.0,0.0,85.0,-0.7880516636132995,-0.06820384117258622
boundary_1450_82,boundary,1450,1640.6731688108177,454.2476939170129,1600.0,0.0,85.0,0.11659796125303366,0.5354491637701316
boundary_1450_83,boundary,1450,1641.5226934142295,589.7869110007996,1600.0,0.0,85.0,-0.9728572965650606,0.31475363775727855
boundary_1450_84,boundary,1450,1616.1550008424206,198.19450492534864,1600.0,0.0,85.0,-0.340074794008191,-0.30355426174296896
boundary_1450_85,boundary,1450,1658.518453140502,692.1452093299641,1600.0,0.0,85.0,-0.1673354653738871,0.3152787268686279
boundary_1450_86,boundary,1450,1641.8014527077355,542.6195202148685,1600.0,0.0,85.0,-0.5948401390448607,0.98535818694263
boundary_1450_87,boundary,1450,1646.3500984804784,614.695045419074,1600.0,0.0,85.0,-0.6878633365260491,-0.22027468402782532
boundary_1450_88,boundary,1450,1635.6868944261967,382.1055557120159,1600.0,0.0,85.0,0.3356832992932315,0.16361005628121833
boundary_1450_89,boundary,1450,1653.8678496663529,561.9828440137051,1600.0,0.0,85.0,0.47525568368082516,-0.3011737335145121
boundary_1450_90,boundary,1450,1628.121136605725,287.3910973315144,1600.0,0.0,85.0,0.5885848440199922,0.9620095952360135
boundary_1450_91,boundary,1450,1623.9494031102822,330.52366152477276,1600.0,0.0,85.0,-0.8556499010722796,-0.663976713529604
boundary_1450_92,boundary,1450,1638.3166057973272,414.2031677186571,1600.0,0.0,85.0,0.28520687730141314,-0.4371916498498613
boundary_1450_93,boundary,1450,1643.053839419096,528.6928049036206,1600.0,0.0,85.0,-0.3444194275863129,-0.6735090578882678
boundary_1450_94,boundary,1450,1631.6593294663794,449.8698828461593,1600.0,0.0,85.0,-0.9744798682129995,0.018243360112566574
boundary_1450_95,boundary,1450,1644.505486288445,460.65161420379417,1600.0,0.0,85.0,0.5184580010847754,-0.5696626934356381
boundary_1450_96,boundary,1450,1634.1925882081296,347.27122299284144,1600.0,0.0,85.0,0.6232610731887421,-0.3621495419843421
boundary_1450_97,boundary,1450,1611.9941562577278,131.0611369196553,1600.0,0.0,85.0,0.22890025377239967,0.15113573656060023
boundary_1450_98,boundary,1450,1659.4023116820529,579.0624099399099,1600.0,0.0,85.0,0.8571195689811618,0.7672957514448423
boundary_1450_99,boundary,1450,1653.2722840513875,693.9911813202497,1600.0,0.0,85.0,-0.6104585820248071,0.434302828041247
