x,y,area_m2,posterior_mass,R_conditional_min_m,R_conditional_max_m
48.03083724265517,-1.6231269637646846,9.58726579250498,0.0003469369951044399,1000,1500
47.94243634483288,-1.515317027475847,9.587265792501142,0.000346936995104301,1000,1500
47.84074535199914,-1.407499878815408,9.587265792505008,0.0003469369951044409,1000,1500
47.722769194688844,-1.2996760309548308,9.587265792501114,0.00034693699510429996,1000,1500
47.58452139060256,-1.1918459970973063,9.587265792505008,0.0003469369951044409,1000,1500
47.420577186003754,-1.084010290475586,9.587265792505022,0.0003469369951044414,1000,1500
47.22336135693337,-0.9761694243494268,9.587265792501086,0.00034693699510429893,1000,1500
46.98196699249458,-0.8683239120030194,9.587265792505036,0.00034693699510444194,1000,1500
46.680101373426155,-0.7604742667427861,9.587265792505008,0.0003469369951044409,1000,1500
46.29230338497346,-0.652621001894828,9.587265792501114,0.00034693699510429996,1000,1500
45.77646853016135,-0.5447646308023484,9.587265792505015,0.0003469369951044411,1000,1500
45.05770157782128,-0.43690566682345394,9.587265792505022,0.0003469369951044414,1000,1500
43.98918826100376,-0.3290446233285992,9.58726579250111,0.00034693699510429985,1000,1500
42.24225084252714,-0.22118201369801127,9.587265792505011,0.000346936995104441,1000,1500
82.14679224971869,-0.30722974688729626,9.587265792501112,0.0003469369951042999,1000,1500
71.66192125647139,-0.10786422769350865,9.587265792505017,0.00034693699510444123,1000,1500
108.15126334323959,-3.654802659607422,9.587265792505027,0.0003469369951044416,1000,1500
112.68837832979489,-3.561742612610934,9.587265792501103,0.0003469369951042996,1000,1500
112.66689922931303,-3.3147194059161804,9.587265792505026,0.00034693699510444156,1000,1500
112.64207484883786,-3.0676804223328156,9.587265792501094,0.00034693699510429925,1000,1500
112.61369205359983,-2.820626837678741,9.587265792505011,0.000346936995104441,1000,1500
112.58167337637327,-2.573559827841364,9.587265792505008,0.0003469369951044409,1000,1500
112.54627511226246,-2.3264805687721157,9.587265792501107,0.00034693699510429974,1000,1500
112.50852602859706,-2.0793902364805548,9.587265792505026,0.00034693699510444156,1000,1500
112.47123934906048,-1.832290007028994,9.587265792505011,0.000346936995104441,1000,1500
112.44149694202665,-1.5851810565269786,9.587265792501107,0.00034693699510429974,1000,1500
112.43731110712255,-1.3380645611253863,9.587265792505008,0.0003469369951044409,1000,1500
112.50786875828963,-1.090941697011058,9.587265792505013,0.00034693699510444107,1000,1500
124.37973530845221,-1.013079257450345,9.587265792501112,0.0003469369951042999,1000,1500
122.97541648971256,-0.7414064868959388,9.587265792505013,0.00034693699510444107,1000,1500
113.27877097312302,-0.34954665468181667,9.58726579250111,0.00034693699510429985,1000,1500
113.27926398163504,-0.10241007810768159,9.587265792505011,0.000346936995104441,1000,1500
150.33942422685402,-5.080485521138396,9.587265792505029,0.00034693699510444166,1000,1500
147.15402759331096,-4.6510987065810125,9.58726579250111,0.00034693699510429985,1000,1500
147.1526771286958,-4.329309121379467,9.587265792505029,0.00034693699510444166,1000,1500
147.15124534034425,-4.007498930202139,9.587265792501123,0.0003469369951043003,1000,1500
147.1505776989555,-3.685669664751365,9.587265792505018,0.0003469369951044413,1000,1500
147.15212837315846,-3.3638228568202484,9.587265792505022,0.0003469369951044414,1000,1500
147.15844866483855,-3.041960038285566,9.587265792501121,0.00034693699510430023,1000,1500
147.1741544747116,-2.720082741100082,9.58726579250504,0.00034693699510444204,1000,1500
147.20796453214086,-2.398192497285515,9.587265792505018,0.0003469369951044413,1000,1500
147.27734037352394,-2.076290838925381,9.587265792501112,0.0003469369951042999,1000,1500
155.674851094659,-1.949282005027741,9.587265792505017,0.00034693699510444123,1000,1500
155.00245063160912,-1.609662644877151,9.587265792505029,0.00034693699510444166,1000,1500
147.56166236093077,-1.1105326981760888,9.587265792501116,0.00034693699510430007,1000,1500
147.56373399492702,-0.7886007034444289,9.587265792505015,0.0003469369951044411,1000,1500
147.56510327789084,-0.46666495525315355,9.587265792501112,0.0003469369951042999,1000,1500
147.56577020330496,-0.14472698590220565,9.58726579250502,0.00034693699510444134,1000,1500
174.68779668566373,-5.903300656798413,9.587265792504994,0.00034693699510444036,1000,1500
174.69828334954468,-5.521690252166264,9.587265792501116,0.00034693699510430007,1000,1500
174.70977970202088,-5.140053566247068,9.587265792505008,0.0003469369951044409,1000,1500
174.72328301357325,-4.758392415496104,9.587265792501116,0.00034693699510430007,1000,1500
174.74034840808724,-4.37670861648505,9.587265792505013,0.00034693699510444107,1000,1500
174.76346538032675,-3.9950039858933444,9.587265792504997,0.0003469369951044405,1000,1500
174.79675038689416,-3.6132803404997924,9.587265792501098,0.0003469369951042994,1000,1500
174.84728900408044,-3.2315394971734515,9.58726579250501,0.00034693699510444096,1000,1500
181.67867565104456,-3.068896404906794,9.58726579250501,0.00034693699510444096,1000,1500
181.2683856293545,-2.6725952170731517,9.587265792501096,0.00034693699510429936,1000,1500
174.9981798205294,-2.0862319494651924,9.587265792505006,0.0003469369951044408,1000,1500
175.00231480434695,-1.7044404846066032,9.58726579250501,0.00034693699510444096,1000,1500
175.00561683922,-1.322640907215962,9.587265792501103,0.0003469369951042996,1000,1500
175.008085909432,-0.940835034523737,9.587265792505015,0.0003469369951044411,1000,1500
175.0097220032311,-0.5590246837904763,9.587265792501103,0.0003469369951042996,1000,1500
175.01052511283004,-0.17721167229799786,9.587265792505006,0.0003469369951044408,1000,1500
198.3640385094069,-6.703402189706988,9.587265792505013,0.00034693699510444107,1000,1500
198.38306050317163,-6.2702952219829475,9.587265792501116,0.00034693699510430007,1000,1500
198.40428640126714,-5.837158409877736,9.587265792505027,0.0003469369951044416,1000,1500
198.42910342189188,-5.403993814968967,9.587265792501109,0.0003469369951042998,1000,1500
198.4596214621002,-4.970803498966444,9.587265792505013,0.00034693699510444107,1000,1500
198.4991435392423,-4.537589523702345,9.587265792505017,0.00034693699510444123,1000,1500
204.4020110622771,-4.345672555362425,9.5872657925011,0.00034693699510429947,1000,1500
204.12143531380295,-3.899795589454662,9.58726579250502,0.00034693699510444134,1000,1500
198.60121161463204,-3.2378262622940293,9.58726579250503,0.0003469369951044417,1000,1500
198.60780281447768,-2.8045382704115314,9.5872657925011,0.00034693699510429947,1000,1500
198.61344871162885,-2.3712369299216363,9.587265792505008,0.0003469369951044409,1000,1500
198.6181492792131,-1.9379243031849587,9.587265792505017,0.00034693699510444123,1000,1500
198.62190449485735,-1.5046024526160795,9.587265792501109,0.0003469369951042998,1000,1500
198.62471434068812,-1.0712734406732043,9.587265792505008,0.0003469369951044409,1000,1500
198.62657880333157,-0.6379393298487457,9.587265792501112,0.0003469369951042999,1000,1500
198.62749787391346,-0.20460218265934677,9.587265792505018,0.0003469369951044413,1000,1500
219.47173793034068,-7.416703852554784,9.587265792505013,0.00034693699510444107,1000,1500
219.49776748942327,-6.937667960328955,9.58726579250111,0.00034693699510429985,1000,1500
219.52697616634424,-6.458599047264443,9.58726579250504,0.00034693699510444204,1000,1500
219.56107727013458,-5.979499393559363,9.58726579250111,0.00034693699510429985,1000,1500
224.83458029344183,-5.762179844340145,9.587265792505008,0.0003469369951044409,1000,1500
224.6301184767803,-5.271707191816762,9.587265792505022,0.0003469369951044414,1000,1500
219.6442335942053,-4.542038792711141,9.587265792501102,0.0003469369951042995,1000,1500
219.65362006348371,-4.062838981188218,9.587265792505033,0.0003469369951044418,1000,1500
219.6619610594426,-3.5836198319927557,9.587265792505017,0.00034693699510444123,1000,1500
219.6692565423817,-3.1043836260381177,9.587265792501098,0.0003469369951042994,1000,1500
219.67550647757716,-2.6251326443185476,9.587265792505026,0.00034693699510444156,1000,1500
219.68071083528156,-2.1458691678986415,9.587265792505029,0.00034693699510444166,1000,1500
219.68486959072388,-1.6665954779027459,9.58726579250111,0.00034693699510429985,1000,1500
219.68798272411,-1.1873138555035143,9.587265792505018,0.0003469369951044413,1000,1500
219.69005022062248,-0.7080265819114838,9.587265792501112,0.0003469369951042999,1000,1500
219.69107207042077,-0.22873593836405423,9.587265792505015,0.0003469369951044411,1000,1500
238.7058616825011,-8.066690958313439,9.587265792505017,0.00034693699510444123,1000,1500
238.73791452642502,-7.545791465079668,9.587265792501118,0.0003469369951043001,1000,1500
243.54962480058998,-7.305739884097957,9.587265792505027,0.0003469369951044416,1000,1500
243.39498690398466,-6.774408777582085,9.587265792501123,0.0003469369951043003,1000,1500
238.81543334792104,-5.982887411663425,9.58726579250501,0.00034693699510444096,1000,1500
238.82791763470343,-5.461859134697499,9.587265792505013,0.00034693699510444107,1000,1500
238.83926518531098,-4.940804861219543,9.587265792501112,0.0003469369951042999,1000,1500
238.84947594573345,-4.419727071262961,9.587265792505029,0.00034693699510444166,1000,1500
238.8585498673712,-3.8986282449731107,9.587265792505024,0.00034693699510444145,1000,1500
238.86648690703558,-3.3775108625957833,9.587265792501103,0.0003469369951042996,1000,1500
238.87328702694913,-2.856377404464757,9.587265792505024,0.00034693699510444145,1000,1500
238.87895019474564,-2.335230350990351,9.587265792505018,0.0003469369951044413,1000,1500
238.88347638347048,-1.8140721826478994,9.587265792501105,0.0003469369951042997,1000,1500
238.88686557158059,-1.2929053799653083,9.587265792505018,0.0003469369951044413,1000,1500
238.88911774294462,-0.771732423511715,9.587265792501118,0.0003469369951043001,1000,1500
238.89023288684302,-0.2505557938855139,9.587265792505018,0.0003469369951044413,1000,1500
260.9141725034124,-8.96658561820118,9.587265792505015,0.0003469369951044411,1000,1500
260.7948060641535,-8.397334678827827,9.587265792501109,0.0003469369951042998,1000,1500
256.5382677804974,-7.548518204685746,9.587265792505,0.00034693699510444063,1000,1500
256.55412556389354,-6.9888210057641595,9.587265792501105,0.0003469369951042997,1000,1500
256.5687622406527,-6.4290905425335385,9.587265792505008,0.0003469369951044409,1000,1500
256.5821777411095,-5.869329479112247,9.587265792505002,0.0003469369951044407,1000,1500
256.5943720014108,-5.309540479764625,9.587265792501091,0.00034693699510429915,1000,1500
256.6053449635164,-4.749726208887625,9.587265792505013,0.00034693699510444107,1000,1500
256.6150965751989,-4.189889330998507,9.587265792505004,0.00034693699510444074,1000,1500
256.62362679004394,-3.63003251072246,9.587265792501087,0.00034693699510429904,1000,1500
256.6309355674508,-3.07015841277924,9.587265792505008,0.0003469369951044409,1000,1500
256.6370228726324,-2.5102697019708615,9.587265792505004,0.00034693699510444074,1000,1500
256.64188867661517,-1.9503690431692216,9.587265792501103,0.0003469369951042996,1000,1500
256.6455329562396,-1.3904591013027314,9.587265792505011,0.000346936995104441,1000,1500
256.6479556941603,-0.8305425413441279,9.587265792501107,0.00034693699510429974,1000,1500
256.64915687884593,-0.27062202829761633,9.587265792505011,0.000346936995104441,1000,1500
273.09570903769236,-9.229682582733709,9.587265792504999,0.0003469369951044406,1000,1500
273.11519514611325,-8.633858678388847,9.58726579250112,0.0003469369951043002,1000,1500
273.1333813230803,-8.037993679939134,9.587265792505033,0.0003469369951044418,1000,1500
273.15026748203366,-7.442090423490615,9.58726579250114,0.00034693699510430094,1000,1500
273.16585354260116,-6.846151745331412,9.58726579250501,0.00034693699510444096,1000,1500
273.18013943059873,-6.250180481918138,9.587265792505008,0.0003469369951044409,1000,1500
273.1931250780307,-5.654179469862857,9.587265792501126,0.00034693699510430045,1000,1500
273.20481042308984,-5.05815154591885,9.587265792505047,0.0003469369951044423,1000,1500
273.2151954101581,-4.462099546967512,9.587265792505033,0.0003469369951044418,1000,1500
273.2242799898067,-3.866026310005179,9.58726579250113,0.00034693699510430056,1000,1500
273.2320641187962,-3.269934672128897,9.58726579250504,0.00034693699510444204,1000,1500
273.23854776007687,-2.6738274705233156,9.587265792505038,0.000346936995104442,1000,1500
273.24373088278895,-2.0777075424475155,9.587265792501116,0.00034693699510430007,1000,1500
273.24761346226256,-1.4815777252207774,9.587265792505008,0.0003469369951044409,1000,1500
273.2501954800181,-0.885440856209595,9.587265792501118,0.0003469369951043001,1000,1500
273.25147692376595,-0.28929977281399927,9.587265792505026,0.00034693699510444156,1000,1500
288.73340761536394,-9.759160141286493,9.587265792505015,0.0003469369951044411,1000,1500
288.75401164875836,-9.12921883799058,9.587265792501087,0.00034693699510429904,1000,1500
288.77324131547937,-8.499234082851157,9.587265792504992,0.0003469369951044403,1000,1500
288.79109652400075,-7.869208874372216,9.587265792501078,0.0003469369951042987,1000,1500
288.80757718933785,-7.239146211250263,9.587265792504995,0.0003469369951044404,1000,1500
288.8226832330487,-6.6090490923599745,9.587265792505008,0.0003469369951044409,1000,1500
288.8364145832338,-5.97892051674039,9.58726579250109,0.0003469369951042991,1000,1500
288.8487711745368,-5.348763483579884,9.58726579250498,0.0003469369951044399,1000,1500
288.8597529481448,-4.7185809922022965,9.587265792504995,0.0003469369951044404,1000,1500
288.8693598517883,-4.088376042053017,9.58726579250109,0.0003469369951042991,1000,1500
288.87759183974197,-3.4581516326839328,9.587265792504983,0.00034693699510444,1000,1500
288.88444887282446,-2.8279107637395713,9.58726579250499,0.00034693699510444026,1000,1500
288.8899309183987,-2.197656434943176,9.587265792501087,0.00034693699510429904,1000,1500
288.894037950372,-1.5673916460816604,9.587265792505008,0.0003469369951044409,1000,1500
288.8967699491965,-0.9371193969918761,9.587265792501087,0.00034693699510429904,1000,1500
288.89812690186886,-0.30684268754615496,9.587265792504983,0.00034693699510444,1000,1500
303.5644848970887,-10.261281023828325,9.587265792505008,0.0003469369951044409,1000,1500
303.5861490921109,-9.598982159968278,9.58726579250111,0.00034693699510429985,1000,1500
303.6063683247465,-8.936637608357941,9.587265792505036,0.00034693699510444194,1000,1500
303.6251424987592,-8.27425052152245,9.587265792501139,0.0003469369951043009,1000,1500
303.6424715247906,-7.61182405218938,9.587265792505026,0.00034693699510444156,1000,1500
303.65835532036067,-6.949361353273632,9.587265792505018,0.0003469369951044413,1000,1500
303.67279380986804,-6.286865577862944,9.587265792501118,0.0003469369951043001,1000,1500
303.6857869245908,-5.624339879202073,9.587265792505018,0.0003469369951044413,1000,1500
303.6973346026863,-4.96178741067822,9.587265792505036,0.00034693699510444194,1000,1500
303.7074367891916,-4.299211325806393,9.587265792501105,0.0003469369951042997,1000,1500
303.7160934360239,-3.6366147782135965,9.587265792505011,0.000346936995104441,1000,1500
303.7233045019808,-2.974000921624244,9.58726579250504,0.00034693699510444204,1000,1500
303.7290699527399,-2.311372909845532,9.587265792501135,0.00034693699510430077,1000,1500
303.73338976085995,-1.6487338967516152,9.587265792505018,0.0003469369951044413,1000,1500
303.73626390578,-0.986087036269168,9.58726579250111,0.00034693699510429985,1000,1500
303.7376923738203,-0.3234354823621907,9.587265792505018,0.0003469369951044413,1000,1500
317.7024601193253,-10.739900993803932,9.587265792505018,0.0003469369951044413,1000,1500
317.72513485443824,-10.046756738232041,9.587265792501128,0.0003469369951043005,1000,1500
317.7462973306076,-9.353564663661693,9.587265792505038,0.000346936995104442,1000,1500
317.7659474471074,-8.660328069441297,9.587265792501121,0.00034693699510430023,1000,1500
317.78408511041016,-7.967050255131134,9.58726579250503,0.0003469369951044417,1000,1500
317.8007102341869,-7.273734520487561,9.587265792505026,0.00034693699510444156,1000,1500
317.8158227393081,-6.580384165447834,9.587265792501121,0.00034693699510430023,1000,1500
317.8294225538434,-5.88700249011356,9.587265792505038,0.000346936995104442,1000,1500
317.8415096130627,-5.193592794735437,9.58726579250502,0.00034693699510444134,1000,1500
317.8520838594358,-4.500158379697941,9.58726579250112,0.0003469369951043002,1000,1500
317.86114524263303,-3.806702545502776,9.587265792505038,0.000346936995104442,1000,1500
317.86869371952537,-3.1132285927536065,9.587265792505018,0.0003469369951044413,1000,1500
317.8747292541849,-2.4197398221407536,9.5872657925011,0.00034693699510429947,1000,1500
317.87925181788444,-1.7262395344246322,9.587265792505029,0.00034693699510444166,1000,1500
317.88226138909823,-1.0327310304206363,9.587265792501137,0.0003469369951043008,1000,1500
317.88375795350186,-0.3392176109832429,9.587265792505026,0.00034693699510444156,1000,1500
331.23644313928384,-11.198045613536209,9.587265792505008,0.0003469369951044409,1000,1500
331.2600851816327,-10.47537372050814,9.58726579250111,0.00034693699510429985,1000,1500
331.2821505434752,-9.75265196841681,9.587265792504997,0.0003469369951044405,1000,1500
331.3026391197882,-9.029883797161414,9.587265792501121,0.00034693699510430023,1000,1500
331.32155081305325,-8.307072646862075,9.587265792505008,0.0003469369951044409,1000,1500
331.3388855332574,-7.584221957843341,9.587265792505008,0.0003469369951044409,1000,1500
331.35464319789344,-6.861335170618389,9.587265792501116,0.00034693699510430007,1000,1500
331.3688237319607,-6.138415725871759,9.587265792505008,0.0003469369951044409,1000,1500
331.38142706796464,-5.415467064443449,9.587265792505034,0.00034693699510444183,1000,1500
331.392453145918,-4.692492627312949,9.587265792501118,0.0003469369951043001,1000,1500
331.40190191334057,-3.9694958555819806,9.587265792505008,0.0003469369951044409,1000,1500
331.4097733252594,-3.2464801904585907,9.587265792505,0.00034693699510444063,1000,1500
331.4160673442095,-2.5234490732411827,9.587265792501093,0.0003469369951042992,1000,1500
331.42078394023355,-1.8004059453012569,9.58726579250499,0.00034693699510444026,1000,1500
331.4239230908822,-1.0773542480676483,9.587265792501107,0.00034693699510429974,1000,1500
331.42548478121427,-0.3542974230099542,9.587265792505022,0.0003469369951044414,1000,1500
344.2379161396476,-11.638141183488093,9.587265792505033,0.0003469369951044418,1000,1500
344.26248737962476,-10.887103451678513,9.587265792501148,0.0003469369951043012,1000,1500
344.28542005227314,-10.136013901118194,9.587265792505054,0.0003469369951044426,1000,1500
344.30671404844145,-9.384876106726992,9.587265792501148,0.0003469369951043012,1000,1500
344.3263692667777,-8.633693643654366,9.58726579250501,0.00034693699510444096,1000,1500
344.3443856137301,-7.88247008726225,9.587265792505004,0.00034693699510444074,1000,1500
344.36076300354716,-7.1312090131086165,9.587265792501105,0.0003469369951042997,1000,1500
344.37550135827837,-6.379913996929539,9.587265792505027,0.0003469369951044416,1000,1500
344.38860060777444,-5.628588614622666,9.58726579250504,0.00034693699510444204,1000,1500
344.4000606896875,-4.877236442230624,9.58726579250111,0.00034693699510429985,1000,1500
344.4098815494716,-4.125861055923086,9.587265792505022,0.0003469369951044414,1000,1500
344.41806314038297,-3.3744660319802287,9.587265792505033,0.0003469369951044418,1000,1500
344.4246054234802,-2.623054946776151,9.587265792501135,0.00034693699510430077,1000,1500
344.42950836762424,-1.871631376760928,9.587265792505033,0.0003469369951044418,1000,1500
344.43277194947893,-1.1201988984442321,9.58726579250111,0.00034693699510429985,1000,1500
344.43439615351065,-0.36876108837811256,9.587265792505018,0.0003469369951044413,1000,1500
356.7652665697684,-12.062169018043807,9.587265792504986,0.0003469369951044401,1000,1500
356.7907330813686,-11.28379985985913,9.58726579250104,0.0003469369951042973,1000,1500
356.8145013956343,-10.505376994789518,9.58726579250497,0.00034693699510443955,1000,1500
356.8365713994368,-9.726904127851713,9.587265792501062,0.0003469369951042981,1000,1500
356.8569429877307,-8.948384964300423,9.587265792504967,0.0003469369951044394,1000,1500
356.8756160635544,-8.169823209610572,9.587265792504986,0.0003469369951044401,1000,1500
356.89259053803073,-7.391222569460271,9.58726579250109,0.0003469369951042991,1000,1500
356.90786633036726,-6.612586749712228,9.587265792504992,0.0003469369951044403,1000,1500
356.92144336785657,-5.833919456396608,9.58726579250499,0.00034693699510444026,1000,1500
356.9333215858768,-5.055224395693851,9.58726579250104,0.0003469369951042973,1000,1500
356.9435009278918,-4.276505273916071,9.587265792504953,0.0003469369951044389,1000,1500
356.95198134545166,-3.497765797489924,9.587265792504986,0.0003469369951044401,1000,1500
356.9587627981924,-2.7190096729394124,9.587265792501075,0.00034693699510429855,1000,1500
356.9638452538369,-1.9402406068672957,9.587265792504983,0.00034693699510444,1000,1500
356.9672286881944,-1.1614623059381057,9.587265792501098,0.0003469369951042994,1000,1500
356.9689130851608,-0.38267847686030876,9.587265792504992,0.0003469369951044403,1000,1500
368.8669215891158,-12.471772074279745,9.587265792505042,0.0003469369951044421,1000,1500
368.89325291545913,-11.667000246627726,9.587265792501109,0.0003469369951042998,1000,1500
368.9178284407663,-10.862172888192859,9.58726579250503,0.0003469369951044417,1000,1500
368.9406480480667,-10.0572938296679,9.58726579250113,0.00034693699510430056,1000,1500
368.9617116287469,-9.252366901991667,9.58726579250502,0.00034693699510444134,1000,1500
368.98101908255194,-8.447395936330668,9.587265792505017,0.00034693699510444123,1000,1500
368.998570317585,-7.6423847640615,9.587265792501102,0.0003469369951042995,1000,1500
369.0143652503085,-6.837337216751633,9.587265792505015,0.0003469369951044411,1000,1500
369.02840380554426,-6.0322571261416815,9.587265792505026,0.00034693699510444156,1000,1500
369.04068591647354,-5.22714832412764,9.587265792501125,0.0003469369951043004,1000,1500
369.0512115246379,-4.422014642741658,9.587265792505036,0.00034693699510444194,1000,1500
369.05998057993935,-3.616859914134322,9.587265792505027,0.0003469369951044416,1000,1500
369.0669930406401,-2.811687970556873,9.587265792501128,0.0003469369951043005,1000,1500
369.0722488733635,-2.006502644341996,9.587265792505018,0.0003469369951044413,1000,1500
369.07574805309343,-1.2013077678862514,9.587265792501107,0.00034693699510429974,1000,1500
369.07749056317516,-0.3961071736316341,9.587265792505008,0.0003469369951044409,1000,1500
380.58357825592105,-12.868330788978797,9.587265792505018,0.0003469369951044413,1000,1500
380.6107468549193,-12.037996258344688,9.587265792501107,0.00034693699510429974,1000,1500
380.6361038817665,-11.207604431118305,9.587265792505018,0.0003469369951044413,1000,1500
380.6596492157723,-10.377159259670215,9.5872657925011,0.00034693699510429947,1000,1500
380.6813827448692,-9.546664696624859,9.587265792505015,0.0003469369951044411,1000,1500
380.7013043656133,-8.71612469484162,9.587265792505022,0.0003469369951044414,1000,1500
380.7194139831848,-7.885543207396644,9.587265792501123,0.0003469369951043003,1000,1500
380.73571151138833,-7.054924187563028,9.587265792505006,0.0003469369951044408,1000,1500
380.7501968726534,-6.22427158879252,9.587265792505015,0.0003469369951044411,1000,1500
380.76286999803483,-5.393589364697194,9.587265792501087,0.00034693699510429904,1000,1500
380.77373082721306,-4.5628814690296124,9.587265792504994,0.00034693699510444036,1000,1500
380.78277930849447,-3.7321518556645428,9.587265792505018,0.0003469369951044413,1000,1500
380.7900153988114,-2.90140447858062,9.587265792501093,0.0003469369951042992,1000,1500
380.7954390637226,-2.0706432918405127,9.587265792504997,0.0003469369951044405,1000,1500
380.79905027741347,-1.2398722495728063,9.587265792501121,0.00034693699510430023,1000,1500
380.80084902269584,-0.40909530595297383,9.587265792505022,0.0003469369951044414,1000,1500
391.9498294862,-13.253018349755916,9.587265792505033,0.0003469369951044418,1000,1500
391.9778102929362,-12.397885609857559,9.587265792501137,0.0003469369951043008,1000,1500
392.00392542433144,-11.542693860421268,9.587265792505045,0.00034693699510444226,1000,1500
392.02817475608686,-10.687447171856444,9.587265792501135,0.00034693699510430077,1000,1500
392.0505581727843,-9.832149614833954,9.58726579250505,0.0003469369951044424,1000,1500
392.0710755678866,-8.976805260266625,9.587265792505024,0.00034693699510444145,1000,1500
392.0897268437383,-8.12141817929054,9.58726579250114,0.00034693699510430094,1000,1500
392.1065119115658,-7.265992443244612,9.587265792505047,0.0003469369951044423,1000,1500
392.12143069147834,-6.410532123651759,9.587265792505079,0.00034693699510444345,1000,1500
392.1344831124676,-5.555041292200011,9.587265792501137,0.0003469369951043008,1000,1500
392.1456691124089,-4.699524020722103,9.587265792505061,0.0003469369951044428,1000,1500
392.1549886380607,-3.843984381176622,9.587265792505079,0.00034693699510444345,1000,1500
392.1624416450653,-2.988426445629139,9.58726579250116,0.00034693699510430164,1000,1500
392.1680280979492,-2.132854286231776,9.587265792505075,0.00034693699510444335,1000,1500
392.17174797012285,-1.2772719752045465,9.587265792501142,0.000346936995104301,1000,1500
392.1736012438809,-0.42168358481576323,9.587265792505036,0.00034693699510444194,1000,1500
402.9953747269465,-13.626841836898128,9.587265792505036,0.00034693699510444194,1000,1500
403.024144802931,-12.747610584966084,9.587265792501093,0.0003469369951042992,1000,1500
403.05099662694045,-11.868318658929276,9.58726579250498,0.0003469369951044399,1000,1500
403.07593007116964,-10.988970243905392,9.587265792501105,0.0003469369951042997,1000,1500
403.0989450169442,-10.109569525280971,9.587265792505024,0.00034693699510444145,1000,1500
403.12004135472114,-9.230120688691333,9.587265792505008,0.0003469369951044409,1000,1500
403.1392189840893,-8.350627920001358,9.587265792501103,0.0003469369951042996,1000,1500
403.1564778137702,-7.471095405284477,9.587265792505,0.00034693699510444063,1000,1500
403.1718177616178,-6.591527330803315,9.587265792504986,0.0003469369951044401,1000,1500
403.18523875461926,-5.711927882990279,9.587265792501071,0.00034693699510429844,1000,1500
403.19674072889563,-4.832301248426557,9.58726579250499,0.00034693699510444026,1000,1500
403.2063236297015,-3.9526516138227508,9.58726579250499,0.00034693699510444026,1000,1500
403.2139874114257,-3.0729831659994646,9.587265792501093,0.0003469369951042992,1000,1500
403.21973203759126,-2.193300091866302,9.587265792504988,0.0003469369951044402,1000,1500
403.2235574808558,-1.3136065784026782,9.58726579250107,0.0003469369951042984,1000,1500
403.22546372301167,-0.43390681263767766,9.587265792504997,0.0003469369951044405,1000,1500
413.7459381490034,-13.990673417602503,9.587265792505011,0.000346936995104441,1000,1500
413.7754763972997,-13.087987227401431,9.587265792501121,0.00034693699510430023,1000,1500
413.803045221096,-12.185238743023511,9.587265792505061,0.0003469369951044428,1000,1500
413.8286444891746,-11.28243226123133,9.58726579250115,0.00034693699510430126,1000,1500
413.85227407969194,-10.3795720790635,9.587265792505026,0.00034693699510444156,1000,1500
413.8739338801796,-9.476662493814064,9.587265792505011,0.000346936995104441,1000,1500
413.8936237875446,-8.57370780301275,9.587265792501118,0.0003469369951043001,1000,1500
413.9113437080699,-7.670712304403416,9.587265792505034,0.00034693699510444183,1000,1500
413.9270935574151,-6.767680295924161,9.587265792505058,0.0003469369951044427,1000,1500
413.9408732606164,-5.864616075687405,9.587265792501126,0.00034693699510430045,1000,1500
413.95268275208736,-4.961523941958325,9.587265792505047,0.0003469369951044423,1000,1500
413.962521975619,-4.058408193134971,9.58726579250507,0.00034693699510444313,1000,1500
413.97039088438,-3.1552731277283352,9.58726579250112,0.0003469369951043002,1000,1500
413.97628944091724,-2.2521230443407947,9.587265792505018,0.0003469369951044413,1000,1500
413.98021761715563,-1.3489622416464035,9.587265792501134,0.00034693699510430066,1000,1500
413.9821753943985,-0.44579501837021956,9.587265792505033,0.0003469369951044418,1000,1500
424.22397639841245,-14.34527438505581,9.587265792504969,0.0003469369951044395,1000,1500
424.2542633295239,-13.419727835775948,9.58726579250108,0.00034693699510429877,1000,1500
424.28253096082653,-12.49411741335161,9.587265792504962,0.0003469369951044392,1000,1500
424.30877915777626,-11.568447523360097,9.587265792501071,0.00034693699510429844,1000,1500
424.3330077954412,-10.642722571661743,9.587265792504992,0.0003469369951044403,1000,1500
424.35521675850146,-9.71694696437877,9.587265792505011,0.000346936995104441,1000,1500
424.37540594125034,-8.791125107875079,9.587265792501118,0.0003469369951043001,1000,1500
424.3935752475944,-7.865261408734111,9.587265792505004,0.00034693699510444074,1000,1500
424.4097245910543,-6.939360273738489,9.587265792504986,0.0003469369951044401,1000,1500
424.4238538947648,-6.013426109849572,9.587265792501064,0.00034693699510429817,1000,1500
424.4359630914755,-5.087463324185353,9.587265792504972,0.0003469369951044396,1000,1500
424.44605212355094,-4.161476324000065,9.58726579250498,0.0003469369951044399,1000,1500
424.4541209429708,-3.2354695166637573,9.587265792501096,0.00034693699510429936,1000,1500
424.4601695113304,-2.309447309640179,9.587265792505015,0.0003469369951044411,1000,1500
424.4641977998407,-1.3834141104665805,9.587265792501086,0.00034693699510429893,1000,1500
424.46620578932846,-0.4573743267325136,9.587265792504976,0.0003469369951044397,1000,1500
434.4492320472299,-14.691313952630445,9.587265792505056,0.00034693699510444264,1000,1500
434.48024958467204,-13.743458550292935,9.587265792501132,0.0003469369951043006,1000,1500
434.5091991502379,-12.795537733967574,9.587265792505047,0.0003469369951044423,1000,1500
434.53608060613794,-11.847556015421231,9.587265792501139,0.0003469369951043009,1000,1500
434.56089382442576,-10.89951790671062,9.587265792505004,0.00034693699510444074,1000,1500
434.5836386869994,-9.951427920160684,9.587265792505011,0.000346936995104441,1000,1500
434.60431508560123,-9.00329056834385,9.587265792501114,0.00034693699510429996,1000,1500
434.622922921819,-8.055110364057406,9.587265792505018,0.0003469369951044413,1000,1500
434.63946210708605,-7.106891820302615,9.587265792505034,0.00034693699510444183,1000,1500
434.65393256268163,-6.158639450263797,9.587265792501125,0.0003469369951043004,1000,1500
434.6663342197316,-5.210357767285682,9.587265792505018,0.0003469369951044413,1000,1500
434.6766670192085,-4.2620512848525385,9.587265792505015,0.0003469369951044411,1000,1500
434.6849309119317,-3.3137245165672384,9.58726579250109,0.0003469369951042991,1000,1500
434.69112585856817,-2.3653819761286257,9.587265792505015,0.0003469369951044411,1000,1500
434.69525182963207,-1.4170281773108209,9.587265792501153,0.0003469369951043014,1000,1500
434.69730880548525,-0.46866763394151273,9.587265792505054,0.0003469369951044426,1000,1500
444.4391719901653,-15.029384138197521,9.587265792504997,0.0003469369951044405,1000,1500
444.47090330746715,-14.059733280591987,9.587265792501109,0.0003469369951042998,1000,1500
444.50051910092475,-13.090015503643073,9.587265792505027,0.0003469369951044416,1000,1500
444.52801922957747,-12.120235422863445,9.587265792501135,0.00034693699510430077,1000,1500
444.5534035625343,-11.150397654062289,9.587265792505033,0.0003469369951044418,1000,1500
444.57667197897496,-10.180506813323195,9.587265792505034,0.00034693699510444183,1000,1500
444.59782436815,-9.21056751698293,9.587265792501137,0.0003469369951043008,1000,1500
444.61686062938145,-8.240584381608302,9.587265792505043,0.00034693699510444215,1000,1500
444.6337806720636,-7.270562023974788,9.587265792505043,0.00034693699510444215,1000,1500
444.648584415663,-6.300505061045135,9.587265792501107,0.00034693699510429974,1000,1500
444.66127178971897,-5.3304181099462005,9.587265792505022,0.0003469369951044414,1000,1500
444.6718427338443,-4.360305787947585,9.587265792505047,0.0003469369951044423,1000,1500
444.680297197725,-3.3901727124402354,9.587265792501132,0.0003469369951043006,1000,1500
444.68663514112075,-2.4200235009132776,9.58726579250503,0.0003469369951044417,1000,1500
444.6908565338652,-1.4498627709328504,9.58726579250112,0.0003469369951043002,1000,1500
444.69296135586603,-0.47969514011990105,9.587265792505022,0.0003469369951044414,1000,1500
454.20933874949685,-15.360011689462533,9.587265792505011,0.000346936995104441,1000,1500
454.2417681323833,-14.36904486462846,9.587265792501087,0.00034693699510429904,1000,1500
454.2720354855747,-13.378009648237581,9.587265792504947,0.0003469369951044387,1000,1500
454.30014066500917,-12.386910757266012,9.587265792501057,0.0003469369951042979,1000,1500
454.32608353691603,-11.395752908992915,9.587265792504983,0.00034693699510444,1000,1500
454.3498639778163,-10.40454082097789,9.587265792504972,0.0003469369951044396,1000,1500
454.37148187452374,-9.413279211039285,9.587265792501066,0.0003469369951042982,1000,1500
454.39093712414456,-8.42197279723056,9.587265792504965,0.00034693699510443933,1000,1500
454.4082296340789,-7.430626297818423,9.58726579250497,0.00034693699510443955,1000,1500
454.42335932202036,-6.439244431260984,9.587265792501064,0.00034693699510429817,1000,1500
454.4363261159572,-5.447831916184072,9.587265792504983,0.00034693699510444,1000,1500
454.44712995417194,-4.456393471359405,9.587265792504983,0.00034693699510444,1000,1500
454.4557707852422,-3.464933815682717,9.587265792501082,0.0003469369951042988,1000,1500
454.46224856804054,-2.4734576681500875,9.587265792504965,0.00034693699510443933,1000,1500
454.4665632717352,-1.4819697478363063,9.587265792501057,0.0003469369951042979,1000,1500
454.46871487578966,-0.49047477387218114,9.587265792504978,0.0003469369951044398,1000,1500
463.77363495399874,-15.683667739318203,9.587265792505018,0.0003469369951044413,1000,1500
463.8067476829606,-14.671834103367074,9.58726579250114,0.00034693699510430094,1000,1500
463.8376528563174,-13.659930634689761,9.587265792505066,0.000346936995104443,1000,1500
463.86635032697166,-12.647962149587858,9.58726579250114,0.00034693699510430094,1000,1500
463.8928399583334,-11.635933464672402,9.587265792505018,0.0003469369951044413,1000,1500
463.91712162432145,-10.623849396840756,9.587265792505011,0.000346936995104441,1000,1500
463.9391952093636,-9.611714763254508,9.587265792501123,0.0003469369951043003,1000,1500
463.95906060839764,-8.59953438131529,9.587265792505015,0.0003469369951044411,1000,1500
463.97671772687113,-7.587313068642504,9.587265792505042,0.0003469369951044421,1000,1500
463.9921664807424,-6.575055643050966,9.58726579250115,0.00034693699510430126,1000,1500
464.005406796481,-5.562766922526759,9.587265792505033,0.0003469369951044418,1000,1500
464.0164386110677,-4.5504517252049315,9.58726579250505,0.0003469369951044424,1000,1500
464.025261871995,-3.5381148693471616,9.587265792501123,0.0003469369951043003,1000,1500
464.0318765372672,-2.525761173317592,9.587265792505027,0.0003469369951044416,1000,1500
464.0362825754009,-1.5133954555607385,9.587265792501142,0.000346936995104301,1000,1500
464.03847996542487,-0.501022534578319,9.587265792505033,0.0003469369951044418,1000,1500
473.14455590746593,-16.000775698199302,9.587265792504999,0.0003469369951044406,1000,1500
473.17833815699487,-14.968497145732545,9.587265792501096,0.00034693699510429936,1000,1500
473.20986824547236,-13.936147348528753,9.587265792504999,0.0003469369951044406,1000,1500
473.2391460228263,-12.90373122020679,9.587265792501091,0.00034693699510429915,1000,1500
473.2661713497048,-11.871253674701215,9.58726579250499,0.00034693699510444026,1000,1500
473.2909440974769,-10.838719626238717,9.58726579250501,0.00034693699510444096,1000,1500
473.31346414823315,-9.806133989315548,9.587265792501094,0.00034693699510429925,1000,1500
473.3337313947861,-8.773501678672853,9.587265792505,0.00034693699510444063,1000,1500
473.35174574067094,-7.740827609273953,9.587265792505011,0.000346936995104441,1000,1500
473.36750710014553,-6.708116696281547,9.587265792501086,0.00034693699510429893,1000,1500
473.3810153981915,-5.675373855033056,9.587265792504985,0.00034693699510444004,1000,1500
473.39227057051426,-4.642604001017883,9.587265792505008,0.0003469369951044409,1000,1500
473.401272563543,-3.6098120498546256,9.587265792501116,0.00034693699510430007,1000,1500
473.40802133443157,-2.577002917266421,9.587265792505008,0.0003469369951044409,1000,1500
473.4125168510582,-1.5441815190584065,9.587265792501068,0.00034693699510429833,1000,1500
473.4147590920257,-0.511352771094084,9.587265792504983,0.00034693699510444,1000,1500
482.3333813792773,-16.3117177617557,9.587265792505054,0.0003469369951044426,1000,1500
482.3678201308421,-15.259391577845397,9.587265792501135,0.00034693699510430077,1000,1500
482.3999629826809,-14.206992764643743,9.58726579250505,0.0003469369951044424,1000,1500
482.4298097818048,-13.154526331195807,9.58726579250117,0.000346936995104302,1000,1500
482.4573603861538,-12.101997286868492,9.587265792505063,0.00034693699510444286,1000,1500
482.4826146645969,-11.049410641326501,9.587265792505054,0.0003469369951044426,1000,1500
482.5055724969324,-9.996771404509339,9.58726579250115,0.00034693699510430126,1000,1500
482.5262337738894,-8.94408458660618,9.58726579250507,0.00034693699510444313,1000,1500
482.54459839712746,-7.8913551980326755,9.587265792505068,0.0003469369951044431,1000,1500
482.56066627923747,-6.838588249407739,9.587265792501153,0.0003469369951043014,1000,1500
482.57443734374203,-5.785788751528402,9.587265792505068,0.0003469369951044431,1000,1500
482.58591152509575,-4.732961715346637,9.587265792505082,0.00034693699510444356,1000,1500
482.59508876868574,-3.6801121519461217,9.587265792501135,0.00034693699510430077,1000,1500
482.60196903083136,-2.627245072517109,9.58726579250506,0.00034693699510444275,1000,1500
482.606552278785,-1.5743654883334484,9.587265792501176,0.00034693699510430224,1000,1500
482.6088384907322,-0.5214784107284924,9.587265792505061,0.0003469369951044428,1000,1500
491.35033503242926,-16.61684031977278,9.587265792504965,0.00034693699510443933,1000,1500
491.385417998873,-15.544841484111748,9.58726579250109,0.0003469369951042991,1000,1500
491.4181621450232,-14.47276866051906,9.58726579250497,0.00034693699510443955,1000,1500
491.44856731502955,-13.400626951681097,9.587265792501068,0.00034693699510429833,1000,1500
491.47663336417406,-12.328421460612093,9.587265792504994,0.00034693699510444036,1000,1500
491.50236015887236,-11.256157290629657,9.587265792504994,0.00034693699510444036,1000,1500
491.525747576674,-10.183839545331338,9.587265792501057,0.0003469369951042979,1000,1500
491.5467955062631,-9.111473328569023,9.587265792504963,0.0003469369951044393,1000,1500
491.5655038474591,-8.039063744425324,9.587265792504976,0.0003469369951044397,1000,1500
491.5818725112169,-6.966615897189904,9.58726579250105,0.0003469369951042977,1000,1500
491.5959014196274,-5.894134891333895,9.587265792504962,0.0003469369951044392,1000,1500
491.6075905059181,-4.821625831486259,9.587265792504994,0.00034693699510444036,1000,1500
491.61693971445294,-3.7490938224101322,9.587265792501075,0.00034693699510429855,1000,1500
491.6239490007331,-2.6765439689772257,9.587265792504969,0.0003469369951044395,1000,1500
491.6286183313968,-1.6039813761444104,9.587265792501071,0.00034693699510429844,1000,1500
491.6309476842198,-0.531411148929179,9.587265792504985,0.00034693699510444004,1000,1500
500.2047179252687,-16.916458484983174,9.587265792504995,0.0003469369951044404,1000,1500
500.2404334847681,-15.825141684768905,9.587265792501125,0.0003469369951043004,1000,1500
500.27376807724136,-14.733749562493443,9.58726579250503,0.0003469369951044417,1000,1500
500.3047215440275,-13.642287312796187,9.587265792501114,0.00034693699510429996,1000,1500
500.333293737799,-12.550760130650286,9.58726579250501,0.00034693699510444096,1000,1500
500.3594845225624,-11.459173211337745,9.587265792505008,0.0003469369951044409,1000,1500
500.3832937736588,-10.367531750425552,9.58726579250113,0.00034693699510430056,1000,1500
500.4047213777646,-9.275840943739627,9.587265792505079,0.00034693699510444345,1000,1500
500.4237672328921,-8.184105987340761,9.587265792505065,0.00034693699510444297,1000,1500
500.4404312483897,-7.092332077500554,9.587265792501121,0.00034693699510430023,1000,1500
500.45471334494255,-6.000524410675331,9.587265792505024,0.00034693699510444145,1000,1500
500.4666134545731,-4.9086881834820995,9.587265792505006,0.0003469369951044408,1000,1500
500.476131520641,-3.8168285926744696,9.587265792501096,0.00034693699510429936,1000,1500
500.4832674978435,-2.724950835116578,9.587265792505029,0.00034693699510444166,1000,1500
500.488021352216,-1.6330601077592646,9.587265792501105,0.0003469369951042997,1000,1500
500.49039306113184,-0.5411616076150874,9.587265792505004,0.00034693699510444074,1000,1500
508.90502106252416,-17.210859910767702,9.587265792505017,0.00034693699510444123,1000,1500
508.9413582006109,-16.100561308029146,9.587265792501102,0.0003469369951042995,1000,1500
508.97527295835613,-14.990186072329687,9.587265792505011,0.000346936995104441,1000,1500
509.0067651743374,-13.879739488661604,9.58726579250109,0.0003469369951042991,1000,1500
509.03583469866305,-12.769226842356744,9.587265792504976,0.0003469369951044397,1000,1500
509.0624813929725,-11.658653419061185,9.587265792505,0.00034693699510444063,1000,1500
509.0867051304367,-10.548024504710945,9.587265792501105,0.0003469369951042997,1000,1500
509.10850579575947,-9.437345385505482,9.587265792504969,0.0003469369951044395,1000,1500
509.1278832851774,-8.326621347883222,9.587265792504969,0.0003469369951044395,1000,1500
509.1448375064603,-7.215857678497056,9.587265792501043,0.0003469369951042974,1000,1500
509.1593683789123,-6.105059664187828,9.587265792504969,0.0003469369951044395,1000,1500
509.1714758333715,-4.994232591959862,9.58726579250503,0.0003469369951044417,1000,1500
509.1811598122107,-3.8833817489564577,9.587265792501162,0.0003469369951043017,1000,1500
509.1884202693377,-2.772512422433376,9.587265792505043,0.00034693699510444215,1000,1500
509.1932571701952,-1.6616298997345873,9.587265792501146,0.00034693699510430115,1000,1500
509.19567049176123,-0.5507394682668579,9.587265792505036,0.00034693699510444194,1000,1500
517.4590208803252,-17.5003080296706,9.587265792504951,0.00034693699510443885,1000,1500
517.4959691387446,-16.371346820271434,9.587265792501107,0.00034693699510429974,1000,1500
517.5304542999088,-15.242307689068376,9.587265792505004,0.00034693699510444074,1000,1500
517.5624761996803,-14.113196009887229,9.5872657925011,0.00034693699510429947,1000,1500
517.5920346856466,-12.984017156899071,9.587265792505093,0.000346936995104444,1000,1500
517.6191296171194,-11.854776504594499,9.587265792505027,0.0003469369951044416,1000,1500
517.6437608651368,-10.72547942775893,9.587265792501059,0.000346936995104298,1000,1500
517.6659283124625,-9.596131301445645,9.587265792505026,0.00034693699510444156,1000,1500
517.6856318535876,-8.466737500950924,9.58726579250506,0.00034693699510444275,1000,1500
517.70287139473,-7.337303401789111,9.587265792501157,0.00034693699510430153,1000,1500
517.7176468538355,-6.207834379665671,9.587265792505075,0.00034693699510444335,1000,1500
517.7299581605787,-5.078335810452298,9.587265792505026,0.00034693699510444156,1000,1500
517.7398052563615,-3.948813070162003,9.587265792501036,0.00034693699510429714,1000,1500
517.7471880943156,-2.819271534922148,9.587265792504923,0.0003469369951044378,1000,1500
517.7521066393011,-1.6897165809497978,9.587265792501052,0.00034693699510429774,1000,1500
517.7545608679077,-0.5601535845258666,9.587265792504986,0.0003469369951044401,1000,1500
525.8738607260743,-17.785044816662385,9.587265792505066,0.000346936995104443,1000,1500
525.9114101574787,-16.63772461153632,9.587265792501146,0.00034693699510430115,1000,1500
525.9464564371137,-15.490325216742564,9.587265792505,0.00034693699510444063,1000,1500
525.9789993981711,-14.342852093495255,9.587265792501139,0.0003469369951043009,1000,1500
526.0090388857582,-13.19531070335944,9.58726579250504,0.00034693699510444204,1000,1500
526.0365747568974,-12.04770650822487,9.587265792504983,0.00034693699510444,1000,1500
526.0616068805278,-10.90004497028092,9.58726579250106,0.00034693699510429806,1000,1500
526.0841351375057,-9.752331551989197,9.58726579250498,0.0003469369951044399,1000,1500
526.1041594206042,-8.604571716058242,9.587265792505008,0.0003469369951044409,1000,1500
526.1216796345147,-7.456770925418226,9.587265792501071,0.00034693699510429844,1000,1500
526.1366956958477,-6.308934643193547,9.587265792504962,0.0003469369951044392,1000,1500
526.1492075331319,-5.161068332677537,9.587265792505015,0.0003469369951044411,1000,1500
526.1592150868152,-4.013177457307148,9.587265792501153,0.0003469369951043014,1000,1500
526.1667183092652,-2.8652674806355476,9.587265792505038,0.000346936995104442,1000,1500
526.1717171647693,-1.7173438663070644,9.58726579250107,0.0003469369951042984,1000,1500
526.1742116295349,-0.5694120780309221,9.587265792504994,0.00034693699510444036,1000,1500
534.1561207654958,-18.065293159730615,9.58726579250506,0.00034693699510444275,1000,1500
534.1942618931439,-16.89990321359766,9.587265792501142,0.000346936995104301,1000,1500
534.2298604455863,-15.73443282991986,9.587265792505093,0.000346936995104444,1000,1500
534.2629162533862,-14.568887555922856,9.587265792501205,0.00034693699510430327,1000,1500
534.2934291592098,-13.40327293918872,9.587265792505082,0.00034693699510444356,1000,1500
534.3213990178264,-12.23759452762935,9.587265792505082,0.00034693699510444356,1000,1500
534.3468256961094,-11.071857869460988,9.587265792501226,0.000346936995104304,1000,1500
534.3697090730369,-9.90606851317639,9.58726579250511,0.0003469369951044446,1000,1500
534.3900490396921,-8.740232007519154,9.587265792505029,0.00034693699510444166,1000,1500
534.4078454992641,-7.574353901457993,9.587265792501128,0.0003469369951043005,1000,1500
534.4230983670478,-6.40843974415891,9.587265792505068,0.0003469369951044431,1000,1500
534.4358075704453,-5.242495084959505,9.587265792505017,0.00034693699510444123,1000,1500
534.445973048965,-4.076525473343268,9.587265792501087,0.00034693699510429904,1000,1500
534.453594754223,-2.910536458911733,9.587265792505047,0.0003469369951044423,1000,1500
534.4586726499425,-1.7445335913590347,9.587265792501174,0.0003469369951043022,1000,1500
534.4612067119547,-0.578522420445231,9.587265792505065,0.00034693699510444297,1000,1500
542.3118782650658,-18.341258903934268,9.587265792504944,0.0003469369951044386,1000,1500
542.3506020468376,-17.15807521249638,9.587265792501087,0.00034693699510429904,1000,1500
542.3867444321172,-15.974809854706514,9.58726579250499,0.00034693699510444026,1000,1500
542.4203052488799,-14.791468462488064,9.587265792501073,0.0003469369951042985,1000,1500
542.4512843373882,-13.608056668126316,9.587265792504894,0.0003469369951044368,1000,1500
542.4796815501925,-12.42458010424142,9.587265792504903,0.0003469369951044371,1000,1500
542.505496752132,-11.241044403762512,9.587265792501068,0.00034693699510429833,1000,1500
542.5287298203357,-10.057455199899481,9.58726579250498,0.0003469369951044399,1000,1500
542.5493806442225,-8.873818126116873,9.587265792504969,0.0003469369951044395,1000,1500
542.5674491255016,-7.690138816107805,9.587265792501029,0.0003469369951042969,1000,1500
542.5829351781736,-6.5064229037656895,9.587265792504928,0.000346936995104438,1000,1500
542.5958387285302,-5.322676023158165,9.587265792504962,0.0003469369951044392,1000,1500
542.6061597151554,-4.138903808500985,9.587265792501064,0.00034693699510429817,1000,1500
542.6138980889248,-2.9551118941297583,9.587265792504999,0.0003469369951044406,1000,1500
542.6190538130063,-1.771305914474108,9.58726579250111,0.00034693699510429985,1000,1500
542.6216268628606,-0.5874915040305897,9.587265792504972,0.0003469369951044396,1000,1500
550.3467598218178,-18.61313262228046,9.587265792505164,0.00034693699510444654,1000,1500
550.3860576179677,-17.412418905465323,9.587265792501185,0.00034693699510430256,1000,1500
550.4227357717073,-16.21162231171244,9.587265792505034,0.00034693699510444183,1000,1500
550.4567941084615,-15.010748556387682,9.587265792501167,0.0003469369951043019,1000,1500
550.4882324661248,-13.80980335522416,9.587265792505118,0.00034693699510444486,1000,1500
550.5170506950619,-12.608792424294812,9.587265792505073,0.0003469369951044433,1000,1500
550.543248658108,-11.407721479986154,9.58726579250116,0.00034693699510430164,1000,1500
550.5668262305702,-10.206596238969611,9.587265792505061,0.0003469369951044428,1000,1500
550.5877833002277,-9.005422418175044,9.58726579250509,0.00034693699510444383,1000,1500
550.6061197673321,-7.804205734764269,9.58726579250121,0.00034693699510430343,1000,1500
550.6218355446085,-6.6029519061023745,9.587265792505143,0.0003469369951044458,1000,1500
550.6349305572553,-5.401666649731256,9.58726579250513,0.0003469369951044453,1000,1500
550.645404742945,-4.200355683343121,9.587265792501213,0.0003469369951043036,1000,1500
550.653258051824,-2.999024724751812,9.587265792505104,0.0003469369951044444,1000,1500
550.6584904465133,-1.7976794918665808,9.587265792501205,0.00034693699510430327,1000,1500
550.6611019021087,-0.5963257026646093,9.587265792505129,0.00034693699510444524,1000,1500
558.265986817737,-18.881091156771657,9.587265792504935,0.00034693699510443825,1000,1500
558.3058503619031,-17.66309974280674,9.587265792501018,0.0003469369951042965,1000,1500
558.3430565682546,-16.44502425875221,9.587265792505036,0.00034693699510444194,1000,1500
558.3776052597032,-15.226870502215322,9.58726579250111,0.00034693699510429985,1000,1500
558.4094962718093,-14.008644271175868,9.587265792504972,0.0003469369951044396,1000,1500
558.438729452783,-12.790351363958354,9.587265792504994,0.00034693699510444036,1000,1500
558.4653046634849,-11.571997579205384,9.587265792501078,0.0003469369951042987,1000,1500
558.4892217774261,-10.353588715848563,9.587265792504972,0.0003469369951044396,1000,1500
558.5104806807701,-9.135130573081664,9.587265792505045,0.00034693699510444226,1000,1500
558.5290812723317,-7.91662895033375,9.587265792501144,0.0003469369951043011,1000,1500
558.5450234635787,-6.698089647240088,9.587265792504986,0.0003469369951044401,1000,1500
558.558307178632,-5.479518463615296,9.587265792504983,0.00034693699510444,1000,1500
558.5689323542658,-4.2609211994264715,9.587265792501071,0.00034693699510429844,1000,1500
558.5768989399081,-3.0423036547640994,9.587265792504919,0.00034693699510443765,1000,1500
558.5822068976407,-1.8236716298154503,9.587265792500988,0.0003469369951042954,1000,1500
558.5848562021997,-0.6050309248367026,9.587265792504933,0.0003469369951044382,1000,1500
566.0744151431994,-19.145298965068218,9.587265792504969,0.0003469369951044395,1000,1500
566.1148365162542,-17.910271587888616,9.587265792501054,0.0003469369951042978,1000,1500
566.1525633834901,-16.675158964169093,9.58726579250493,0.0003469369951044381,1000,1500
566.1875955653408,-15.439966972607646,9.587265792501041,0.00034693699510429736,1000,1500
566.2199328950654,-14.204701492280016,9.587265792504954,0.00034693699510443895,1000,1500
566.2495752187497,-12.969368402611495,9.587265792505008,0.0003469369951044409,1000,1500
566.2765223953068,-11.733973583349913,9.587265792501128,0.0003469369951043005,1000,1500
566.3007742964776,-10.498522914536155,9.587265792504976,0.0003469369951044397,1000,1500
566.3223308068318,-9.263022276476939,9.587265792504915,0.00034693699510443754,1000,1500
566.341191823768,-8.027477549717567,9.587265792500972,0.00034693699510429486,1000,1500
566.3573572575142,-6.791894615012431,9.58726579250493,0.0003469369951044381,1000,1500
566.3708270311292,-5.556279353297789,9.587265792505026,0.00034693699510444156,1000,1500
566.3816010805012,-4.32063764566451,9.58726579250111,0.00034693699510429985,1000,1500
566.3896793543497,-3.0849753733285814,9.587265792505008,0.0003469369951044409,1000,1500
566.395061814225,-1.849298417604131,9.58726579250111,0.00034693699510429985,1000,1500
566.3977484345085,-0.6136126598751622,9.58726579250498,0.0003469369951044399,1000,1500
573.7765700487562,-19.4059093019252,9.587265792504963,0.0003469369951044393,1000,1500
573.8175416551526,-18.154077822543922,9.587265792501158,0.0003469369951043016,1000,1500
573.8557820935858,-16.902159936191527,9.58726579250504,0.00034693699510444204,1000,1500
573.8912911820452,-15.650161601553098,9.587265792501093,0.0003469369951042992,1000,1500
573.9240687515198,-14.398088777696612,9.58726579250497,0.00034693699510443955,1000,1500
573.9541146460002,-13.145947424044348,9.587265792504986,0.0003469369951044401,1000,1500
573.9814287224785,-11.893743500345515,9.587265792501075,0.00034693699510429855,1000,1500
574.0060108509495,-10.641482966646372,9.587265792505042,0.0003469369951044421,1000,1500
574.0278609144107,-9.38917178326263,9.587265792505072,0.0003469369951044432,1000,1500
574.0469788088639,-8.136815910751828,9.587265792501114,0.00034693699510429996,1000,1500
574.0633644433144,-6.884421309883447,9.587265792505002,0.0003469369951044407,1000,1500
574.0770177397727,-5.631993941611307,9.587265792504947,0.0003469369951044387,1000,1500
574.0879386332538,-4.37953976704595,9.58726579250106,0.00034693699510429806,1000,1500
574.096127071778,-3.1270647474247384,9.587265792505011,0.000346936995104441,1000,1500
574.1015830163715,-1.8745748440845136,9.587265792501093,0.0003469369951042992,1000,1500
574.1043064410655,-0.622076018432946,9.587265792505006,0.0003469369951044408,1000,1500
581.376676836305,-19.663065259528985,9.587265792504969,0.0003469369951044395,1000,1500
581.418191382619,-18.394652320447072,9.587265792501087,0.00034693699510429904,1000,1500
581.4569385845732,-17.126151829344764,9.587265792505013,0.00034693699510444107,1000,1500
581.4929182577448,-15.857569823834458,9.587265792501082,0.0003469369951042988,1000,1500
581.5261302308829,-14.58891234191653,9.587265792504986,0.0003469369951044401,1000,1500
581.5565743459108,-13.320185421950335,9.587265792504983,0.00034693699510444,1000,1500
581.584250457925,-12.051395102626511,9.587265792501043,0.0003469369951042974,1000,1500
581.6091584351971,-10.78254742293667,9.587265792504926,0.0003469369951044379,1000,1500
581.6312981591739,-9.513648422145451,9.587265792505008,0.0003469369951044409,1000,1500
581.6506695244782,-8.244704139762526,9.587265792501125,0.0003469369951043004,1000,1500
581.6672724389093,-6.975720615512319,9.587265792505011,0.000346936995104441,1000,1500
581.6811068234431,-5.70670388930604,9.587265792505022,0.0003469369951044414,1000,1500
581.6921726122328,-4.437660001213697,9.587265792501064,0.00034693699510429817,1000,1500
581.7004697526093,-3.168594991433799,9.587265792504962,0.0003469369951044392,1000,1500
581.705998205081,-1.899514900265658,9.587265792501114,0.00034693699510429996,1000,1500
581.7087579433345,-0.6304257680803529,9.587265792505022,0.0003469369951044414,1000,1500
588.8786879811777,-19.916900686802844,9.587265792505082,0.00034693699510444356,1000,1500
588.9207384565918,-18.63212030724612,9.587265792501183,0.0003469369951043025,1000,1500
588.9599858781834,-17.34725124540561,9.587265792505042,0.0003469369951044421,1000,1500
588.9964300591485,-16.06229961680231,9.58726579250115,0.00034693699510430126,1000,1500
589.0300708260255,-14.777271537350188,9.587265792505068,0.0003469369951044431,1000,1500
589.0609080186966,-13.492173123326843,9.587265792505107,0.0003469369951044445,1000,1500
589.0889414903877,-12.207010491345414,9.587265792501174,0.0003469369951043022,1000,1500
589.1141711076692,-10.921789758323918,9.58726579250503,0.0003469369951044417,1000,1500
589.1365967504573,-9.636517041456909,9.587265792504994,0.00034693699510444036,1000,1500
589.1562183120137,-8.351198458187156,9.58726579250109,0.0003469369951042991,1000,1500
589.1730356989469,-7.065840126174939,9.587265792505056,0.00034693699510444264,1000,1500
589.187048831212,-5.78044816326974,9.587265792505054,0.0003469369951044426,1000,1500
589.1982576421115,-4.495028687481893,9.587265792501206,0.0003469369951043033,1000,1500
589.2066620782953,-3.2095878169518954,9.587265792505097,0.0003469369951044441,1000,1500
589.2122620997615,-1.9241316699223443,9.587265792501118,0.0003469369951043001,1000,1500
589.2150576798558,-0.6386663647085374,9.58726579250501,0.00034693699510444096,1000,1500
596.2863071797634,-20.167541004461185,9.58726579250514,0.0003469369951044456,1000,1500
596.3288868382715,-18.86659912315134,9.587265792501181,0.0003469369951043024,1000,1500
596.3686281827984,-17.56556744352172,9.58726579250508,0.0003469369951044435,1000,1500
596.4055310241893,-16.26445215802164,9.587265792501245,0.00034693699510430473,1000,1500
596.4395951867997,-14.96325945949835,9.587265792505065,0.00034693699510444297,1000,1500
596.4708205084964,-13.66199554116729,9.587265792505047,0.0003469369951044423,1000,1500
596.4992068406578,-12.36066659658368,9.587265792501185,0.00034693699510430256,1000,1500
596.524754048175,-11.059278819611443,9.587265792505118,0.00034693699510444486,1000,1500
596.5474620094528,-9.757838404394528,9.587265792505114,0.00034693699510444475,1000,1500
596.5673306164088,-8.456351545328216,9.587265792501178,0.0003469369951043023,1000,1500
596.5843597744756,-7.154824437028044,9.587265792505004,0.00034693699510444074,1000,1500
596.5985494026008,-5.85326327430113,9.587265792505042,0.0003469369951044421,1000,1500
596.6098994332465,-4.551674252117472,9.587265792501178,0.0003469369951043023,1000,1500
596.6184098123905,-3.2500635655788654,9.587265792505036,0.00034693699510444194,1000,1500
596.6240804995265,-1.9484374098905004,9.587265792501176,0.00034693699510430224,1000,1500
596.6269114676642,-0.6468019803311785,9.587265792505123,0.0003469369951044451,1000,1500
603.6030107382546,-20.41510392991004,9.58726579250494,0.00034693699510443847,1000,1500
603.6461130823968,-19.098198901171028,9.587265792501077,0.00034693699510429866,1000,1500
603.6863422851562,-17.781202971779443,9.58726579250498,0.0003469369951044399,1000,1500
603.7236981550562,-16.46412241016878,9.58726579250099,0.00034693699510429546,1000,1500
603.758180514296,-15.146963485175325,9.587265792504985,0.00034693699510444004,1000,1500
603.7897891987518,-13.829732466008098,9.587265792505033,0.0003469369951044418,1000,1500
603.8185240579775,-12.512435622220059,9.587265792501094,0.00034693699510429925,1000,1500
603.8443849552052,-11.195079223676661,9.58726579250505,0.0003469369951044424,1000,1500
603.8673717673464,-9.87766954052683,9.587265792505042,0.0003469369951044421,1000,1500
603.887484384992,-8.5602128431739,9.587265792501105,0.0003469369951042997,1000,1500
603.9047227124131,-7.242715402244173,9.587265792505072,0.0003469369951044432,1000,1500
603.9190866675613,-5.925183488557882,9.587265792505047,0.0003469369951044423,1000,1500
603.9305761820692,-4.6076233731001395,9.587265792501078,0.0003469369951042987,1000,1500
603.939191201251,-3.2900413269894795,9.587265792504994,0.00034693699510444036,1000,1500
603.944931684102,-1.972443621449096,9.587265792501077,0.00034693699510429866,1000,1500
603.9477976032997,-0.654836527776704,9.587265792504974,0.00034693699510443966,1000,1500
610.832066653287,-20.659700123891866,9.58726579250502,0.00034693699510444134,1000,1500
610.8756854192502,-19.327023172127294,9.587265792501114,0.00034693699510429996,1000,1500
610.9163966336307,-17.994254230587785,9.587265792504994,0.00034693699510444036,1000,1500
610.9542001026576,-16.661399642780772,9.587265792501102,0.0003469369951042995,1000,1500
610.9890956463997,-15.328465752621316,9.58726579250499,0.00034693699510444026,1000,1500
611.0210830987667,-13.995458904401671,9.587265792504981,0.00034693699510443993,1000,1500
611.0501623075095,-12.662385442762154,9.587265792501103,0.0003469369951042996,1000,1500
611.0763331342214,-11.329251712659321,9.587265792505008,0.0003469369951044409,1000,1500
611.0995954543387,-9.996064059336593,9.587265792505038,0.000346936995104442,1000,1500
611.1199491571408,-8.66282882829486,9.587265792501086,0.00034693699510429893,1000,1500
611.1373941457515,-7.329552365260634,9.587265792504944,0.0003469369951044386,1000,1500
611.1519303371388,-5.9962410161567,9.587265792505008,0.0003469369951044409,1000,1500
611.1635576621154,-4.662901127072692,9.587265792501082,0.0003469369951042988,1000,1500
611.1722760653396,-3.3295390442332637,9.587265792504963,0.0003469369951044393,1000,1500
611.1780855053147,-1.9961611139689877,9.587265792501087,0.00034693699510429904,1000,1500
611.1809859543899,-0.6627736826858515,9.587265792504983,0.00034693699510444,1000,1500
617.9765516818277,-20.901433768960224,9.587265792505043,0.00034693699510444215,1000,1500
618.0206808257678,-19.553169405888664,9.587265792501187,0.0003469369951043026,1000,1500
618.0618684104813,-18.204811976666306,9.587265792505164,0.00034693699510444654,1000,1500
618.10011423993,-16.85636789899626,9.58726579250117,0.000346936995104302,1000,1500
618.1354181320775,-15.507843590994026,9.587265792505136,0.0003469369951044455,1000,1500
618.1677799188894,-14.159245471156716,9.587265792505065,0.00034693699510444297,1000,1500
618.1971994463353,-12.810579958333577,9.587265792501075,0.00034693699510429855,1000,1500
618.2236765743887,-11.46185347169379,9.58726579250502,0.00034693699510444134,1000,1500
618.2472111770278,-10.113072430696768,9.587265792504983,0.00034693699510444,1000,1500
618.2678031422363,-8.764243255062397,9.587265792501167,0.0003469369951043019,1000,1500
618.2854523720036,-7.415372364738836,9.587265792505157,0.00034693699510444627,1000,1500
618.3001587823259,-6.066466179872807,9.58726579250504,0.00034693699510444204,1000,1500
618.3119223032056,-4.717531120779835,9.587265792501135,0.00034693699510430077,1000,1500
618.3207428786527,-3.368573607912052,9.587265792505097,0.0003469369951044441,1000,1500
618.3266204666844,-2.0196000618287435,9.587265792501189,0.00034693699510430267,1000,1500
618.3295550393254,-0.6706169031654969,9.587265792505072,0.0003469369951044432,1000,1500
625.0393666534202,-21.14040308836843,9.587265792505026,0.00034693699510444156,1000,1500
625.084000338879,-19.77672949685139,9.587265792501046,0.0003469369951042975,1000,1500
625.1256588462159,-18.412961775116827,9.587265792504965,0.00034693699510443933,1000,1500
625.1643419771509,-17.049106414215363,9.587265792501112,0.0003469369951042999,1000,1500
625.2000495475663,-15.685169905614746,9.587265792504986,0.0003469369951044401,1000,1500
625.2327813875066,-14.321158741168688,9.587265792505011,0.000346936995104441,1000,1500
625.2625373411798,-12.957079413087069,9.587265792501126,0.00034693699510430045,1000,1500
625.2893172669583,-11.592938413903363,9.587265792504965,0.00034693699510443933,1000,1500
625.313121037379,-10.228742236444589,9.58726579250499,0.00034693699510444026,1000,1500
625.3339485391443,-8.864497373801223,9.587265792501093,0.0003469369951042992,1000,1500
625.351799673123,-7.5002103192946254,9.587265792504986,0.0003469369951044401,1000,1500
625.3666743543497,-6.135887566446981,9.587265792505029,0.00034693699510444166,1000,1500
625.3785725120264,-4.771535608951224,9.587265792501128,0.0003469369951043005,1000,1500
625.3874940895221,-3.407160940638445,9.587265792505017,0.00034693699510444123,1000,1500
625.393439044373,-2.042770055448125,9.58726579250111,0.00034693699510429985,1000,1500
625.3964073482834,-0.6783694473969161,9.587265792504994,0.00034693699510444036,1000,1500
632.023250241075,-21.37670081270737,9.587265792504944,0.0003469369951044386,1000,1500
632.0683828273835,-19.99779020053279,9.58726579250113,0.00034693699510430056,1000,1500
632.1105069923868,-18.61878440597014,9.587265792505027,0.0003469369951044416,1000,1500
632.1496225355888,-17.239689992597874,9.587265792501082,0.0003469369951042988,1000,1500
632.1857292708135,-15.860513524416223,9.587265792505008,0.0003469369951044409,1000,1500
632.2188270262052,-14.481261565815698,9.58726579250499,0.00034693699510444026,1000,1500
632.2489156442307,-13.10194068154696,9.587265792501086,0.00034693699510429893,1000,1500
632.2759949816788,-11.72255743668788,9.587265792505029,0.00034693699510444166,1000,1500
632.3000649096614,-10.343118396613157,9.587265792505008,0.0003469369951044409,1000,1500
632.3211253136142,-8.963630126963892,9.587265792501071,0.00034693699510429844,1000,1500
632.339176093297,-7.584099193614651,9.58726579250491,0.00034693699510443733,1000,1500
632.3542171627948,-6.204532162643077,9.587265792504926,0.0003469369951044379,1000,1500
632.3662484505173,-4.824935600299462,9.587265792501078,0.0003469369951042987,1000,1500
632.3752698991998,-3.4453160729738084,9.58726579250501,0.00034693699510444096,1000,1500
632.3812814659033,-2.0656801471657174,9.587265792501112,0.0003469369951042999,1000,1500
632.384283122015,-0.6860343894528268,9.587265792505004,0.00034693699510444074,1000,1500
638.9307913763257,-21.610414600583617,9.587265792505008,0.0003469369951044409,1000,1500
638.9764174078952,-20.216433527162863,9.58726579250111,0.00034693699510429985,1000,1500
639.0190021383651,-18.822356230689365,9.587265792504969,0.0003469369951044395,1000,1500
639.0585453650473,-17.42818934647657,9.58726579250101,0.00034693699510429616,1000,1500
639.09504689973,-16.033939510264325,9.58726579250496,0.00034693699510443917,1000,1500
639.1285065686789,-14.63961335818703,9.587265792504919,0.00034693699510443765,1000,1500
639.1589242126375,-13.245217526743156,9.587265792501006,0.00034693699510429606,1000,1500
639.186299686829,-11.850758652761982,9.587265792504994,0.00034693699510444036,1000,1500
639.2106328609559,-10.456243373372843,9.587265792505027,0.0003469369951044416,1000,1500
639.2319236192005,-9.061678325974402,9.58726579250107,0.0003469369951042984,1000,1500
639.2501718602267,-7.667070148201338,9.587265792504951,0.00034693699510443885,1000,1500
639.2653774971793,-6.2724254778936235,9.587265792505011,0.000346936995104441,1000,1500
639.2775404576847,-4.877750953065772,9.587265792501075,0.00034693699510429855,1000,1500
639.2866606838518,-3.483053211873537,9.587265792504965,0.00034693699510443933,1000,1500
639.2927381322711,-2.0883388925834683,9.587265792501082,0.0003469369951042988,1000,1500
639.2957727740165,-0.6936146335410093,9.58726579250498,0.0003469369951044399,1000,1500
645.7644404681394,-21.841627418752758,9.587265792505033,0.0003469369951044418,1000,1500
645.8105546645546,-20.432737097340947,9.587265792501107,0.00034693699510429974,1000,1500
645.853595031801,-19.023749523348116,9.587265792505015,0.0003469369951044411,1000,1500
645.8935613650217,-17.614671403055347,9.587265792501173,0.00034693699510430213,1000,1500
645.9304534739912,-16.20550944317469,9.587265792505061,0.0003469369951044428,1000,1500
645.9642711831161,-14.79627035081695,9.587265792505063,0.00034693699510444286,1000,1500
645.9950143314359,-13.386960833460922,9.58726579250122,0.00034693699510430386,1000,1500
646.0226827726244,-11.977587598919726,9.587265792505058,0.0003469369951044427,1000,1500
646.0472763749896,-10.568157355309769,9.58726579250499,0.00034693699510444026,1000,1500
646.0687950214744,-9.158676811019653,9.587265792501059,0.000346936995104298,1000,1500
646.087238609658,-7.749152674676532,9.587265792505027,0.0003469369951044416,1000,1500
646.1026070517555,-6.339591655115045,9.587265792505063,0.00034693699510444286,1000,1500
646.1149002746182,-4.930000461346246,9.587265792501167,0.0003469369951043019,1000,1500
646.124118219735,-3.520385802523937,9.587265792505082,0.00034693699510444356,1000,1500
646.1302608432318,-2.1107543879139046,9.587265792501142,0.000346936995104301,1000,1500
646.1333281158716,-0.7011129268616748,9.587265792505047,0.0003469369951044423,1000,1500
652.5265195636047,-22.070417886384668,9.587265792504935,0.00034693699510443825,1000,1500
652.5731168104446,-20.646774464132935,9.587265792501022,0.00034693699510429665,1000,1500
652.6166080407186,-19.223032770558238,9.587265792504926,0.0003469369951044379,1000,1500
652.656993047424,-17.799199582166036,9.587265792501048,0.00034693699510429763,1000,1500
652.6942716383421,-16.37528167589726,9.587265792504963,0.0003469369951044393,1000,1500
652.7284436360405,-14.951285829095792,9.58726579250496,0.00034693699510443917,1000,1500
652.7595088778722,-13.527218819477346,9.587265792501025,0.00034693699510429676,1000,1500
652.7874672159779,-12.10308742509547,9.587265792504995,0.0003469369951044404,1000,1500
652.8123185172858,-10.678898424310171,9.587265792505084,0.00034693699510444367,1000,1500
652.8340626635124,-9.25465859575651,9.587265792501153,0.0003469369951043014,1000,1500
652.8526995511636,-7.8303747183105905,9.58726579250498,0.0003469369951044399,1000,1500
652.868229091534,-6.406053571058187,9.58726579250494,0.00034693699510443847,1000,1500
652.8806512107087,-4.981701933263327,9.587265792500993,0.0003469369951042956,1000,1500
652.8899658495629,-3.5573265843342896,9.587265792504853,0.0003469369951044353,1000,1500
652.896172963762,-2.132934303792511,9.587265792500997,0.00034693699510429573,1000,1500
652.8992725237626,-0.7085318712400028,9.587265792504947,0.0003469369951044387,1000,1500
659.2192315699108,-22.296860587512864,9.587265792505193,0.0003469369951044476,1000,1500
659.2663069102291,-20.85861540540072,9.587265792501242,0.0003469369951043046,1000,1500
659.3102443767705,-19.42027094367787,9.587265792505132,0.0003469369951044454,1000,1500
659.3510437604085,-17.981834048353775,9.587265792501226,0.000346936995104304,1000,1500
659.3887048669526,-16.543311565877833,9.587265792505171,0.0003469369951044468,1000,1500
659.4232275171489,-15.104710343106516,9.587265792505125,0.00034693699510444513,1000,1500
659.4546115466821,-13.666037227271957,9.587265792501178,0.0003469369951043023,1000,1500
659.4828568061755,-12.227299065947589,9.587265792505086,0.0003469369951044437,1000,1500
659.5079631611914,-10.788502707016441,9.58726579250509,0.00034693699510444383,1000,1500
659.5299304922326,-9.349654998639425,9.587265792501203,0.0003469369951043032,1000,1500
659.5487586947422,-7.9107627892209695,9.58726579250516,0.00034693699510444644,1000,1500
659.5644476791049,-6.4718329273773225,9.58726579250515,0.00034693699510444606,1000,1500
659.5769973706467,-5.032872261904819,9.587265792501281,0.00034693699510430603,1000,1500
659.5864077096353,-3.593887641745524,9.587265792505264,0.0003469369951044501,1000,1500
659.592678651281,-2.154885915955822,9.587265792501274,0.00034693699510430576,1000,1500
659.5958101657361,-0.7158739336735034,9.587265792505125,0.00034693699510444513,1000,1500
665.8446686414972,-22.521026355189868,9.587265792504894,0.0003469369951044368,1000,1500
665.8922172679017,-21.06832618965895,9.587265792501018,0.0003469369951042965,1000,1500
665.9365964835465,-19.615525746368377,9.587265792504986,0.0003469369951044401,1000,1500
665.9778060772021,-18.162631940132954,9.587265792501045,0.00034693699510429747,1000,1500
666.0158458527258,-16.70965168621185,9.587265792504832,0.0003469369951044345,1000,1500
666.0507156290613,-15.2565919002754,9.587265792504885,0.00034693699510443646,1000,1500
666.0824152402412,-13.803459498373368,9.587265792501078,0.0003469369951042987,1000,1500
666.1109445353864,-12.350261396900258,9.587265792504944,0.0003469369951044386,1000,1500
666.1363033787075,-10.897004512563292,9.58726579250491,0.00034693699510443733,1000,1500
666.1584916495055,-9.443695762350348,9.587265792500963,0.00034693699510429454,1000,1500
666.1775092421723,-7.990342063495286,9.587265792504837,0.0003469369951044347,1000,1500
666.1933560661906,-6.536950333445912,9.587265792504835,0.00034693699510443467,1000,1500
666.2060320461354,-5.083527489831928,9.587265792500904,0.0003469369951042924,1000,1500
666.2155371216734,-3.6300804504302366,9.58726579250477,0.0003469369951044323,1000,1500
666.2218712475636,-2.176616133133206,9.58726579250093,0.0003469369951042933,1000,1500
666.2250343936581,-0.7231414559154326,9.587265792504873,0.000346936995104436,1000,1500
672.4048198229316,-22.742982530418864,9.587265792504937,0.0003469369951044383,1000,1500
672.4528370702121,-21.2759698183319,9.587265792501022,0.00034693699510429665,1000,1500
672.49765368051,-19.808855840175266,9.587265792504974,0.00034693699510443966,1000,1500
672.5392694405135,-18.341647578891106,9.587265792501118,0.0003469369951043001,1000,1500
672.5776841521467,-16.874352017870322,9.587265792505047,0.0003469369951044423,1000,1500
672.6128976325692,-15.40697614091903,9.587265792505006,0.0003469369951044408,1000,1500
672.6449097141772,-13.939526932226517,9.58726579250101,0.00034693699510429616,1000,1500
672.6737202446046,-12.472011376330205,9.587265792504915,0.00034693699510443754,1000,1500
672.6993290867235,-11.004436458083312,9.587265792504965,0.00034693699510443933,1000,1500
672.7217361186449,-9.536809162622495,9.587265792501068,0.00034693699510429833,1000,1500
672.7409412337191,-8.069136475332801,9.587265792505,0.00034693699510444063,1000,1500
672.7569443405368,-6.601425381815341,9.587265792505065,0.00034693699510444297,1000,1500
672.7697453629289,-5.133682867854913,9.58726579250119,0.0003469369951043027,1000,1500
672.7793442399669,-3.6659159193849673,9.58726579250506,0.00034693699510444275,1000,1500
672.7857409259636,-2.198131522455562,9.587265792501093,0.0003469369951042992,1000,1500
672.7889353904732,-0.7303366631997924,9.587265792504999,0.0003469369951044406,1000,1500
678.9015780266926,-22.962793198545594,9.58726579250515,0.00034693699510444606,1000,1500
678.9500593649468,-21.481606246921682,9.58726579250128,0.000346936995104306,1000,1500
678.9953091417444,-20.000317050471637,9.587265792505217,0.0003469369951044485,1000,1500
679.0373271417129,-18.51893265960662,9.58726579250116,0.00034693699510430164,1000,1500
679.076113164861,-17.037460125190876,9.587265792505109,0.00034693699510444454,1000,1500
679.1116670265814,-15.555906498507886,9.587265792505214,0.00034693699510444833,1000,1500
679.14398855765,-14.074278831228003,9.58726579250132,0.00034693699510430744,1000,1500
679.173077604228,-12.59258417537308,9.587265792505178,0.0003469369951044471,1000,1500
679.1989340278619,-11.110829583283817,9.587265792505173,0.00034693699510444687,1000,1500
679.2215577054841,-9.62902210758709,9.587265792501263,0.0003469369951043054,1000,1500
679.2409485294139,-8.147168801160582,9.587265792505125,0.00034693699510444513,1000,1500
679.2571064073582,-6.6652767171001095,9.587265792505107,0.0003469369951044445,1000,1500
679.2700312624108,-5.183352908686965,9.58726579250117,0.000346936995104302,1000,1500
679.2797230330543,-3.7014044293525274,9.587265792505116,0.0003469369951044448,1000,1500
679.2861816731591,-2.21943833264591,9.587265792501295,0.0003469369951043065,1000,1500
679.2894071519845,-0.7374616722000695,9.587265792505189,0.00034693699510444747,1000,1500
685.3367464152607,-23.180519405463446,9.58726579250505,0.0003469369951044424,1000,1500
685.385687443476,-21.685292587289247,9.587265792501075,0.00034693699510429855,1000,1500
685.4313662789277,-20.18996255481418,9.587265792504908,0.0003469369951044373,1000,1500
685.4737827042011,-18.694536425278805,9.587265792501096,0.00034693699510429936,1000,1500
685.5129365174089,-17.19902131638107,9.587265792505058,0.0003469369951044427,1000,1500
685.5488275321928,-15.703424346242123,9.587265792504901,0.00034693699510443706,1000,1500
685.5814555777245,-14.207752633373653,9.587265792500965,0.0003469369951042946,1000,1500
685.6108204987056,-12.71201329664219,9.587265792504981,0.00034693699510443993,1000,1500
685.63692215537,-11.216213455236126,9.587265792504935,0.00034693699510443825,1000,1500
685.6597604234829,-9.720360228632757,9.587265792500993,0.0003469369951042956,1000,1500
685.6793351943422,-8.224460736562543,9.587265792505029,0.00034693699510444166,1000,1500
685.695646374779,-6.728522098976168,9.58726579250511,0.0003469369951044446,1000,1500
685.7086938871578,-5.232551436011537,9.587265792501125,0.0003469369951043004,1000,1500
685.7184776693771,-3.7365558679580744,9.587265792504976,0.0003469369951044397,1000,1500
685.7249976748695,-2.2405425152240532,9.587265792501032,0.00034693699510429703,1000,1500
685.7282538726022,-0.744518498302385,9.587265792504917,0.0003469369951044376,1000,1500
691.7120442485245,-23.3962193556997,9.587265792505018,0.0003469369951044413,1000,1500
691.7614406885792,-21.887083292983107,9.58726579250114,0.00034693699510430094,1000,1500
691.8075445895466,-20.377843055513466,9.587265792505129,0.00034693699510444524,1000,1500
691.8503557319885,-18.86850582673898,9.58726579250113,0.00034693699510430056,1000,1500
691.8898739121389,-17.359078790569484,9.587265792504969,0.0003469369951044395,1000,1500
691.9260989419055,-15.849569131341967,9.587265792505011,0.000346936995104441,1000,1500
691.9590306488697,-14.339984033787594,9.587265792501164,0.0003469369951043018,1000,1500
691.9886688762886,-12.830330682995665,9.587265792505102,0.0003469369951044443,1000,1500
692.0150134830944,-11.320616264380345,9.5872657925051,0.0003469369951044442,1000,1500
692.0380643438964,-9.810847963647376,9.587265792501139,0.0003469369951043009,1000,1500
692.0578213489805,-8.301032966758044,9.58726579250501,0.00034693699510444096,1000,1500
692.0742844043106,-6.791178459895889,9.587265792504923,0.0003469369951044378,1000,1500
692.0874534315282,-5.281291629433431,9.587265792501071,0.00034693699510429844,1000,1500
692.0973283679533,-3.771379661896109,9.58726579250499,0.00034693699510444026,1000,1500
692.1039091665848,-2.26144974392932,9.587265792501086,0.00034693699510429893,1000,1500
692.1071957961007,-0.751509062263892,9.587265792505054,0.0003469369951044426,1000,1500
698.0291122502591,-23.60994859420507,9.587265792504947,0.0003469369951044387,1000,1500
698.0789599413074,-22.087030329320633,9.58726579250105,0.0003469369951042977,1000,1500
698.1254850241176,-20.56400693800618,9.587265792504901,0.00034693699510443706,1000,1500
698.1686872772468,-19.040885669312836,9.587265792501052,0.00034693699510429774,1000,1500
698.2085664950674,-17.517673772757576,9.587265792504962,0.0003469369951044392,1000,1500
698.2451224877689,-15.99437849828843,9.587265792504931,0.00034693699510443814,1000,1500
698.2783550813572,-14.47100709625121,9.587265792501054,0.0003469369951042978,1000,1500
698.3082641176575,-12.947566817353128,9.587265792504962,0.0003469369951044392,1000,1500
698.3348494543129,-11.424064912629238,9.587265792504983,0.00034693699510444,1000,1500
698.3581109647869,-9.90050863340883,9.587265792501103,0.0003469369951042996,1000,1500
698.3780485383629,-8.376905231279073,9.587265792504986,0.0003469369951044401,1000,1500
698.394662080145,-6.853261958051426,9.587265792505,0.00034693699510444063,1000,1500
698.4079515110591,-5.329586065728046,9.587265792501109,0.0003469369951042998,1000,1500
698.4179167678516,-3.805884806465416,9.587265792505043,0.00034693699510444215,1000,1500
698.4245578030918,-2.2821654325410705,9.58726579250117,0.000346936995104302,1000,1500
698.4278745851706,-0.758435196318756,9.587265792505018,0.0003469369951044413,1000,1500
704.289517541157,-23.821760173455992,9.587265792505022,0.0003469369951044414,1000,1500
704.339812434366,-22.285183329727744,9.587265792501052,0.00034693699510429774,1000,1500
704.3867549198995,-20.748500416431483,9.587265792504967,0.0003469369951044394,1000,1500
704.4303447743284,-19.21171874763281,9.587265792501073,0.0003469369951042985,1000,1500
704.4705817901802,-17.674845637867364,9.587265792504986,0.0003469369951044401,1000,1500
704.507465775941,-16.137888402105702,9.587265792505072,0.0003469369951044432,1000,1500
704.5409965560559,-14.60085435571973,9.587265792501151,0.0003469369951043013,1000,1500
704.5711739709307,-13.063750814445998,9.587265792504954,0.00034693699510443895,1000,1500
704.5979978769313,-11.526585094351837,9.587265792504947,0.0003469369951044387,1000,1500
704.6214681463855,-9.989364511801465,9.58726579250104,0.0003469369951042973,1000,1500
704.6415846675832,-8.45209638341928,9.587265792504956,0.000346936995104439,1000,1500
704.6583473447768,-6.9147880260559855,9.587265792505042,0.0003469369951044421,1000,1500
704.671756098182,-5.377446756754702,9.58726579250106,0.00034693699510429806,1000,1500
704.6818108639777,-3.8400798927142565,9.587265792504912,0.00034693699510443744,1000,1500
704.6885115943071,-2.302694751255613,9.587265792501054,0.0003469369951042978,1000,1500
704.6918582572769,-0.7652986497867259,9.587265792504965,0.00034693699510443933,1000,1500
710.4947581804533,-24.031704807294613,9.587265792505107,0.0003469369951044445,1000,1500
710.5454963340651,-22.481589739670223,9.587265792501167,0.0003469369951043019,1000,1500
710.5928525431474,-20.931367667652975,9.587265792505118,0.00034693699510444486,1000,1500
710.6368265823015,-19.381045969750062,9.587265792501153,0.0003469369951043014,1000,1500
710.6774182422266,-17.830632024942865,9.587265792504976,0.0003469369951044397,1000,1500
710.7146273297209,-16.280133212651503,9.587265792505068,0.0003469369951044431,1000,1500
710.748453667682,-14.729556912700989,9.58726579250116,0.00034693699510430164,1000,1500
710.778897095109,-13.178910505284193,9.587265792505123,0.0003469369951044451,1000,1500
710.8059574671015,-11.628201370927687,9.58726579250518,0.00034693699510444714,1000,1500
710.829634654862,-10.077436890457541,9.587265792501185,0.00034693699510430256,1000,1500
710.8499285456954,-8.526624444962296,9.587265792505066,0.000346936995104443,1000,1500
710.86683904301,-6.975771415758803,9.587265792505043,0.00034693699510444215,1000,1500
710.880366066318,-5.424885184358022,9.587265792501185,0.00034693699510430256,1000,1500
710.8905095512353,-3.873973132427986,9.587265792505063,0.00034693699510444286,1000,1500
710.8972694494826,-2.3230426417599555,9.587265792501121,0.00034693699510430023,1000,1500
710.9006457288853,-0.7721010942329387,9.587265792505065,0.00034693699510444297,1000,1500
716.6462673534461,-24.239831012770725,9.58726579250486,0.00034693699510443554,1000,1500
716.6974449281399,-22.676294949359608,9.587265792501013,0.00034693699510429633,1000,1500
716.7452112772112,-21.112650954827892,9.587265792504885,0.00034693699510443646,1000,1500
716.7895661733089,-19.548906471566376,9.587265792501057,0.0003469369951042979,1000,1500
716.8305094053196,-17.985068942444116,9.587265792505065,0.00034693699510444297,1000,1500
716.8680407783679,-16.421145810772746,9.587265792505054,0.0003469369951044426,1000,1500
716.9021601138179,-14.857144520272277,9.587265792501059,0.000346936995104298,1000,1500
716.9328672492736,-13.293072515033773,9.587265792504923,0.0003469369951044378,1000,1500
716.9601620385799,-11.72893723948488,9.587265792504821,0.00034693699510443413,1000,1500
716.9840443518233,-10.164746138355344,9.587265792500975,0.00034693699510429497,1000,1500
717.0045140753324,-8.600506656639663,9.587265792505,0.00034693699510444063,1000,1500
717.0215711116787,-7.036226239562609,9.587265792505,0.00034693699510444063,1000,1500
717.0352153796767,-5.4719123325447505,9.587265792501036,0.00034693699510429714,1000,1500
717.0454468143846,-3.9075723811650924,9.587265792504997,0.0003469369951044405,1000,1500
717.0522653671042,-2.3432138311269344,9.587265792501093,0.0003469369951042992,1000,1500
717.0556710053818,-0.7788441282220834,9.587265792504933,0.0003469369951044382,1000,1500
722.7454172380881,-24.44618524111005,9.587265792505146,0.0003469369951044459,1000,1500
722.7970304926184,-22.869342416285548,9.587265792501253,0.000346936995104305,1000,1500
722.8452034896625,-21.292390741502977,9.587265792505153,0.00034693699510444616,1000,1500
722.8899359999339,-19.71533772249297,9.587265792501192,0.00034693699510430283,1000,1500
722.9312278105217,-18.138190865468502,9.587265792505084,0.00034693699510444367,1000,1500
722.9690787248915,-16.560957677088883,9.587265792505004,0.00034693699510444074,1000,1500
723.0034885628862,-14.983645664425275,9.587265792501077,0.00034693699510429866,1000,1500
723.0344571607275,-13.406262334923055,9.5872657925051,0.0003469369951044442,1000,1500
723.0619843710156,-11.82881519636705,9.587265792505178,0.0003469369951044471,1000,1500
723.0860700627309,-10.251311756846759,9.587265792501183,0.0003469369951043025,1000,1500
723.1067141212338,-8.67375952471868,9.587265792505036,0.00034693699510444194,1000,1500
723.1239164482664,-7.096166008571559,9.587265792505068,0.0003469369951044431,1000,1500
723.1376769619512,-5.5185387171915945,9.587265792501245,0.00034693699510430473,1000,1500
723.1479955967934,-3.9408851595247807,9.587265792505143,0.0003469369951044458,1000,1500
723.1548723036799,-2.3632128446424563,9.587265792501167,0.0003469369951043019,1000,1500
723.1583070498797,-0.7855292817052288,9.587265792505093,0.000346936995104444,1000,1500
728.7935225802091,-24.650811998810674,9.587265792505114,0.00034693699510444475,1000,1500
728.8455678672997,-23.06077377851203,9.587265792501125,0.0003469369951043004,1000,1500
728.8941441080116,-21.470625797109946,9.587265792505043,0.00034693699510444215,1000,1500
728.9392510711389,-19.880375623144776,9.58726579250111,0.00034693699510429985,1000,1500
728.9808885419886,-18.29003082564328,9.58726579250503,0.0003469369951044417,1000,1500
729.0190563223812,-16.699598974082278,9.587265792505008,0.0003469369951044409,1000,1500
729.0537542306513,-15.10908763835389,9.587265792501123,0.0003469369951043003,1000,1500
729.0849821016493,-13.518504388727589,9.587265792504969,0.0003469369951044395,1000,1500
729.1127397867417,-11.927856795815138,9.587265792505034,0.00034693699510444183,1000,1500
729.1370271538117,-10.337152430535522,9.587265792501185,0.00034693699510430256,1000,1500
729.1578440872598,-8.746398864076959,9.587265792505052,0.0003469369951044425,1000,1500
729.1751904880052,-7.155603667861859,9.587265792505065,0.00034693699510444297,1000,1500
729.1890662734852,-5.564774413511746,9.587265792501062,0.0003469369951042981,1000,1500
729.1994713776555,-3.9739186728092672,9.587265792504947,0.0003469369951044387,1000,1500
729.2064057509918,-2.3830440176634724,9.5872657925011,0.00034693699510429947,1000,1500
729.2098693604889,-0.7921580200734248,9.587265792505002,0.0003469369951044407,1000,1500
734.7918440037652,-24.853753959762173,9.587265792504834,0.00034693699510443456,1000,1500
734.8443177662396,-23.250628959574442,9.58726579250094,0.00034693699510429367,1000,1500
734.8932939304134,-21.647393294639947,9.587265792504894,0.0003469369951044368,1000,1500
734.9387722631775,-20.044054595791785,9.587265792500979,0.0003469369951042951,1000,1500
734.9807525480712,-18.440620494353443,9.587265792504855,0.0003469369951044354,1000,1500
735.0192345852831,-16.837098622102175,9.587265792504848,0.0003469369951044351,1000,1500
735.0542181916525,-15.233496611233981,9.587265792501023,0.0003469369951042967,1000,1500
735.0857032006695,-13.629822094325288,9.587265792504997,0.0003469369951044405,1000,1500
735.1136894624772,-12.02608270429765,9.587265792504942,0.0003469369951044385,1000,1500
735.1381768438705,-10.422286074382363,9.587265792501007,0.0003469369951042961,1000,1500
735.159165228298,-8.818439838082183,9.58726579250498,0.0003469369951044399,1000,1500
735.1766545158629,-7.214551629135982,9.58726579250487,0.00034693699510443586,1000,1500
735.1906446233221,-5.610629081483381,9.587265792500979,0.0003469369951042951,1000,1500
735.2011354840878,-4.006679829226462,9.587265792504889,0.00034693699510443657,1000,1500
735.2081270482271,-2.4027115065947413,9.587265792501,0.0003469369951042959,1000,1500
735.2116192824626,-0.7987317479084979,9.587265792504953,0.0003469369951044389,1000,1500
740.7415910797318,-25.05505206918785,9.587265792504935,0.00034693699510443825,1000,1500
740.7944898468635,-23.43894626572623,9.587265792501054,0.0003469369951042978,1000,1500
740.843862694986,-21.822728901194253,9.587265792505034,0.00034693699510444183,1000,1500
740.8897093891022,-20.206407668213316,9.587265792501217,0.0003469369951043037,1000,1500
740.932029710998,-18.589990259899164,9.587265792505129,0.00034693699510444524,1000,1500
740.9708234592437,-16.97348436982498,9.587265792505011,0.000346936995104441,1000,1500
741.0060904491947,-15.35689769198609,9.587265792500988,0.0003469369951042954,1000,1500
741.037830512993,-13.740237920761327,9.587265792504873,0.000346936995104436,1000,1500
741.0660434995667,-12.123512750877449,9.587265792504892,0.00034693699510443673,1000,1500
741.0907292746323,-10.506729877373461,9.587265792501034,0.0003469369951042971,1000,1500
741.1118877206941,-8.88989699556203,9.587265792504972,0.0003469369951044396,1000,1500
741.1295187370454,-7.273021800993852,9.587265792505022,0.0003469369951044414,1000,1500
741.143622239769,-5.656111989421999,9.587265792501157,0.00034693699510430153,1000,1500
741.1541981617372,-4.039175256763317,9.587265792505075,0.00034693699510444335,1000,1500
741.1612464526121,-2.4222192990631264,9.587265792501155,0.0003469369951043015,1000,1500
741.1647670788466,-0.8052518124582396,9.587265792505004,0.00034693699510444074,1000,1500
746.6439251748066,-25.25474564012727,9.58726579250512,0.0003469369951044449,1000,1500
746.6972455588727,-23.625762476206297,9.587265792501217,0.0003469369951043037,1000,1500
746.7470119289064,-21.996666862036083,9.587265792505011,0.000346936995104441,1000,1500
746.7932240480372,-20.36746655153391,9.587265792501015,0.0003469369951042964,1000,1500
746.8358816963118,-18.73816929911536,9.587265792504923,0.0003469369951044378,1000,1500
746.8749846706949,-17.10878285965712,9.587265792504997,0.0003469369951044405,1000,1500
746.9105327850704,-15.47931498846134,9.587265792501206,0.0003469369951043033,1000,1500
746.9425258702416,-13.849773441216787,9.587265792505104,0.0003469369951044444,1000,1500
746.9709637739331,-12.220165973962889,9.587265792505107,0.0003469369951044445,1000,1500
746.9958463607903,-10.590500343053826,9.587265792501148,0.0003469369951043012,1000,1500
747.0171735123811,-8.960784305119619,9.587265792505029,0.00034693699510444166,1000,1500
747.0349451271957,-7.33102561703021,9.587265792505049,0.00034693699510444237,1000,1500
747.0491611206475,-5.70123203585954,9.587265792501153,0.0003469369951043014,1000,1500
747.0598214250734,-4.071411318846625,9.587265792505054,0.0003469369951044426,1000,1500
747.0669259897343,-2.4415712233599787,9.587265792501139,0.0003469369951043009,1000,1500
747.0704747808147,-0.8117195068603411,9.587265792505068,0.0003469369951044431,1000,1500
752.4999620989302,-25.452872443103207,9.587265792504867,0.0003469369951044358,1000,1500
752.5537007919552,-23.811112927129834,9.587265792501029,0.0003469369951042969,1000,1500
752.603857596298,-22.16924007870481,9.587265792504962,0.0003469369951044392,1000,1500
752.6504322732301,-20.527261712560527,9.587265792501153,0.0003469369951043014,1000,1500
752.6934246010725,-18.885185643931585,9.587265792505066,0.000346936995104443,1000,1500
752.7328343751968,-17.243019688517293,9.587265792505082,0.00034693699510444356,1000,1500
752.7686614080267,-15.60077166244578,9.5872657925011,0.00034693699510429947,1000,1500
752.8009055290381,-13.958449382234804,9.587265792505026,0.00034693699510444156,1000,1500
752.8295665847604,-12.316060664755545,9.587265792505054,0.0003469369951044426,1000,1500
752.8546444387772,-10.673613327196412,9.587265792501034,0.0003469369951042971,1000,1500
752.8761389717267,-9.03111518702381,9.58726579250489,0.0003469369951044366,1000,1500
752.8940500813028,-7.388574061945953,9.587265792504894,0.0003469369951044368,1000,1500
752.9083776822547,-5.745997769876651,9.587265792501032,0.00034693699510429703,1000,1500
752.9191217063883,-4.103394128896089,9.58726579250495,0.0003469369951044388,1000,1500
752.9262821025657,-2.460770957214965,9.587265792501052,0.00034693699510429774,1000,1500
752.929858836706,-0.818136073136927,9.587265792504954,0.00034693699510443895,1000,1500
758.3107745687244,-25.6494687895526,9.587265792505155,0.0003469369951044462,1000,1500
758.3649283393988,-23.995031589544574,9.587265792501162,0.0003469369951043017,1000,1500
758.4154725620094,-22.340480181697306,9.587265792505082,0.00034693699510444356,1000,1500
758.4624069959834,-20.685822441088625,9.587265792501173,0.00034693699510430213,1000,1500
758.5057314179294,-19.03106624330246,9.587265792505066,0.000346936995104443,1000,1500
758.5454456216387,-17.376219464391035,9.587265792505054,0.0003469369951044426,1000,1500
758.5815494180855,-15.721289980838701,9.587265792501105,0.0003469369951042997,1000,1500
758.6140426354289,-14.066285669522458,9.587265792505065,0.00034693699510444297,1000,1500
758.6429251190125,-12.411214407675455,9.587265792505013,0.00034693699510444107,1000,1500
758.668196731366,-10.756084072850513,9.587265792501192,0.00034693699510430283,1000,1500
758.6898573522055,-9.100902542880604,9.587265792505114,0.00034693699510444475,1000,1500
758.707906878434,-7.445677695842381,9.587265792505104,0.0003469369951044444,1000,1500
758.7223452241424,-5.790417410019672,9.587265792501189,0.00034693699510430267,1000,1500
758.733172320609,-4.135129563863972,9.587265792505024,0.00034693699510444145,1000,1500
758.7403881163009,-2.479822035958295,9.58726579250113,0.00034693699510430056,1000,1500
758.7439925768733,-0.8245027049793269,9.587265792505073,0.0003469369951044433,1000,1500
764.077394502254,-25.844569609543292,9.587265792504997,0.0003469369951044405,1000,1500
764.1319601930184,-24.17755114214105,9.587265792501125,0.0003469369951043004,1000,1500
764.1828888866928,-22.510417598171237,9.587265792505002,0.0003469369951044407,1000,1500
764.2301803408745,-20.843176912598185,9.587265792501018,0.0003469369951042965,1000,1500
764.2738343304732,-19.175837020896182,9.58726579250487,0.00034693699510443586,1000,1500
764.3138506477111,-17.508405859011358,9.587265792504908,0.0003469369951044373,1000,1500
764.3502291021248,-15.84089136332528,9.58726579250109,0.0003469369951042991,1000,1500
764.3829695205661,-14.173301470615137,9.587265792504986,0.0003469369951044401,1000,1500
764.4120717472017,-12.505644118016974,9.587265792505042,0.0003469369951044421,1000,1500
764.4375356435157,-10.83792724298895,9.587265792501153,0.0003469369951043014,1000,1500
764.4593610883087,-9.1701587832715,9.587265792505042,0.0003469369951044421,1000,1500
764.4775479776995,-7.502346676850593,9.58726579250505,0.0003469369951044424,1000,1500
764.492096225125,-5.834498861920954,9.587265792501046,0.0003469369951042975,1000,1500
764.5030057613405,-4.1666232768462494,9.587265792504972,0.0003469369951044396,1000,1500
764.5102765344209,-2.498727860122665,9.587265792501048,0.00034693699510429763,1000,1500
764.5139085097594,-0.8308205503407716,9.587265792504951,0.00034693699510443885,1000,1500
769.8008151590172,-26.038208524247977,9.587265792505168,0.00034693699510444665,1000,1500
769.8557896832982,-24.358703039057588,9.587265792501196,0.00034693699510430294,1000,1500
769.907099967091,-22.67908161508085,9.58726579250517,0.00034693699510444676,1000,1500
769.9547457661768,-20.999352246719983,9.587265792501352,0.0003469369951043086,1000,1500
769.9987268537784,-19.319522928890965,9.587265792505246,0.0003469369951044495,1000,1500
770.0390430205618,-17.639601656985175,9.587265792505224,0.0003469369951044487,1000,1500
770.075694074636,-15.959596426832668,9.587265792501348,0.00034693699510430847,1000,1500
770.108679841555,-14.279515234662096,9.5872657925052,0.00034693699510444784,1000,1500
770.1380001643186,-12.599366077063662,9.587265792505164,0.00034693699510444654,1000,1500
770.1636549033719,-10.919156950952086,9.58726579250125,0.00034693699510430495,1000,1500
770.1856439366079,-9.23889585352649,9.5872657925051,0.0003469369951044442,1000,1500
770.2039671593664,-7.558590782233356,9.587265792505125,0.00034693699510444513,1000,1500
770.2186244844355,-5.878249734729504,9.58726579250126,0.00034693699510430527,1000,1500
770.2296158420513,-4.197880708841949,9.587265792505155,0.0003469369951044462,1000,1500
770.2369411798991,-2.517491702531226,9.587265792501315,0.0003469369951043072,1000,1500
770.2406004631127,-0.8370907138529602,9.58726579250521,0.0003469369951044482,1000,1500
775.4819931377377,-26.230417913601144,9.587265792504944,0.0003469369951044386,1000,1500
775.5373734773272,-24.538517573178602,9.587265792501142,0.000346936995104301,1000,1500
775.5890625341048,-22.846500438116312,9.587265792504976,0.0003469369951044397,1000,1500
775.6370600620492,-21.15437456181568,9.587265792501018,0.0003469369951042965,1000,1500
775.6813658327089,-19.462147998195668,9.58726579250496,0.00034693699510443917,1000,1500
775.7219796352043,-17.76982880165413,9.587265792504958,0.00034693699510443906,1000,1500
775.7589012762281,-16.07742502703087,9.587265792501086,0.00034693699510429893,1000,1500
775.7921305800464,-14.384944729567202,9.587265792505018,0.0003469369951044413,1000,1500
775.8216673884995,-12.692395964868668,9.587265792504937,0.0003469369951044383,1000,1500
775.8475115610025,-10.999786788867727,9.587265792501027,0.0003469369951042968,1000,1500
775.8696629745464,-9.307125257783335,9.587265792505042,0.0003469369951044421,1000,1500
775.8881215236986,-7.614419428083645,9.587265792505036,0.00034693699510444194,1000,1500
775.9028871206026,-5.921677356448683,9.587265792501105,0.0003469369951042997,1000,1500
775.9139596949794,-4.228907099729944,9.587265792505022,0.0003469369951044414,1000,1500
775.9213391941278,-2.5361167149134216,9.587265792501018,0.0003469369951042965,1000,1500
775.9250255829237,-0.8433142590809041,9.587265792504912,0.00034693699510443744,1000,1500
781.1218502433366,-26.421228979524734,9.587265792504905,0.00034693699510443717,1000,1500
781.1776334459048,-24.717023935287017,9.58726579250099,0.00034693699510429546,1000,1500
781.2296985200244,-23.01270124678258,9.587265792504962,0.0003469369951044392,1000,1500
781.2780452178843,-21.308269025982902,9.587265792501114,0.00034693699510429996,1000,1500
781.3226733093709,-19.60373538538078,9.587265792505011,0.000346936995104441,1000,1500
781.3635825820706,-17.899108437951398,9.587265792504986,0.0003469369951044401,1000,1500
781.4007728412699,-16.194396297115077,9.587265792500961,0.00034693699510429443,1000,1500
781.4342439099562,-14.489607076696593,9.587265792504848,0.0003469369951044351,1000,1500
781.463995628819,-12.784748890887595,9.58726579250493,0.0003469369951044381,1000,1500
781.4900278562509,-11.07982985420902,9.587265792500968,0.0003469369951042947,1000,1500
781.5123404683475,-9.374858081470396,9.58726579250483,0.00034693699510443445,1000,1500
781.5309333589088,-7.669841687732252,9.58726579250494,0.00034693699510443847,1000,1500
781.5458064394392,-5.964788788268546,9.587265792500993,0.0003469369951042956,1000,1500
781.5569596391481,-4.259707498525937,9.587265792504933,0.0003469369951044382,1000,1500
781.5643929049503,-2.554605934086571,9.587265792501176,0.00034693699510430224,1000,1500
781.568106201466,-0.8494922106290851,9.587265792505015,0.0003469369951044411,1000,1500
786.721275233409,-26.610671805072194,9.587265792504992,0.0003469369951044403,1000,1500
786.7774584101421,-24.894250269397922,9.587265792501038,0.0003469369951042972,1000,1500
786.8298968052462,-23.177710245922455,9.587265792504962,0.0003469369951044392,1000,1500
786.8785901691331,-21.461059904767435,9.587265792501075,0.00034693699510429855,1000,1500
786.9235382700393,-19.744307416579584,9.587265792504956,0.000346936995104439,1000,1500
786.9647408940282,-18.02746095249146,9.587265792504944,0.0003469369951044386,1000,1500
787.0021978449895,-16.31052868408396,9.58726579250109,0.0003469369951042991,1000,1500
787.0359089446417,-14.593518783345328,9.587265792505008,0.0003469369951044409,1000,1500
787.0658740325321,-12.876439422633311,9.587265792504956,0.000346936995104439,1000,1500
787.0920929660372,-11.159298774637314,9.587265792501109,0.0003469369951042998,1000,1500
787.114565620364,-9.442105012337393,9.5872657925051,0.0003469369951044442,1000,1500
787.1332918885511,-7.724866308966414,9.587265792504976,0.0003469369951044397,1000,1500
787.1482716814678,-6.0075908379721925,9.587265792501043,0.0003469369951042974,1000,1500
787.1595049278158,-4.290286772976495,9.587265792504976,0.0003469369951044397,1000,1500
787.1669915741286,-2.5729622877375418,9.587265792501011,0.0003469369951042963,1000,1500
787.1707315847726,-0.8556255561107355,9.58726579250494,0.00034693699510443847,1000,1500
792.2811254535727,-26.798775409808336,9.587265792505082,0.00034693699510444356,1000,1500
792.3377057769276,-25.07022372457059,9.58726579250116,0.00034693699510430164,1000,1500
792.3905148538481,-23.34155271396041,9.587265792504962,0.0003469369951044392,1000,1500
792.4395524329818,-21.612770605838655,9.58726579250104,0.0003469369951042973,1000,1500
792.4848182809271,-19.883885628594943,9.587265792504965,0.00034693699510443933,1000,1500
792.5263121822347,-18.154906011108174,9.587265792504976,0.0003469369951044397,1000,1500
792.5640339394083,-16.42583998270876,9.587265792501135,0.00034693699510430077,1000,1500
792.5979833729057,-14.696695773137325,9.587265792505022,0.0003469369951044414,1000,1500
792.6281603211396,-12.967481612506635,9.587265792505075,0.00034693699510444335,1000,1500
792.6545646404787,-11.238205731263438,9.587265792501068,0.00034693699510429833,1000,1500
792.6771962052476,-9.508876360147191,9.5872657925049,0.00034693699510443695,1000,1500
792.696054907728,-7.779501730151949,9.587265792505054,0.0003469369951044426,1000,1500
792.7111406581591,-6.050090072488244,9.587265792501132,0.0003469369951043006,1000,1500
792.7224533847384,-4.320649618541782,9.587265792504967,0.0003469369951044394,1000,1500
792.7299930336212,-2.5911885998356876,9.587265792501102,0.0003469369951042995,1000,1500
792.7337595689214,-0.8617152479909597,9.587265792505013,0.00034693699510444107,1000,1500
797.8022283702139,-26.98556780171389,9.587265792504958,0.00034693699510443906,1000,1500
797.8592030717818,-25.244970503468906,9.58726579250112,0.0003469369951043002,1000,1500
797.9123802465467,-23.504253048118805,9.587265792505093,0.000346936995104444,1000,1500
797.9617596414042,-21.76342372086124,9.587265792501224,0.00034693699510430397,1000,1500
798.0073410213258,-20.022490807426337,9.587265792505129,0.00034693699510444524,1000,1500
798.0491241693601,-18.28146259403688,9.587265792505153,0.00034693699510444616,1000,1500
798.0871088866345,-16.540347367370337,9.58726579250122,0.00034693699510430386,1000,1500
798.1212949923549,-14.799153414517246,9.587265792505125,0.00034693699510444513,1000,1500
798.1516823238078,-13.05788902294286,9.587265792505152,0.0003469369951044461,1000,1500
798.17827073636,-11.316562480448763,9.587265792501231,0.00034693699510430424,1000,1500
798.2010601034603,-9.575182075131284,9.587265792505075,0.00034693699510444335,1000,1500
798.2200503166396,-7.8337560953431264,9.587265792504994,0.00034693699510444036,1000,1500
798.2352412855109,-6.092292829654971,9.587265792501231,0.00034693699510430424,1000,1500
798.2466329377705,-4.350800566813905,9.587265792505203,0.00034693699510444795,1000,1500
798.2542252191985,-2.6092875957053874,9.587265792501189,0.00034693699510430267,1000,1500
798.258018093658,-0.8677622053134355,9.587265792505086,0.0003469369951044437,1000,1500
803.2853830083898,-27.171076025877547,9.587265792505091,0.0003469369951044439,1000,1500
803.3427493768636,-25.418515907916323,9.587265792501189,0.00034693699510430267,1000,1500
803.3962921187991,-23.665834806835413,9.587265792505093,0.000346936995104444,1000,1500
803.4460109793519,-21.91304106477519,9.587265792501178,0.0003469369951043023,1000,1500
803.4919057218776,-20.16014302441213,9.587265792505002,0.0003469369951044407,1000,1500
803.5339761279336,-18.407149028918795,9.587265792505047,0.0003469369951044423,1000,1500
803.5722219972797,-16.654067421925525,9.587265792501137,0.0003469369951043008,1000,1500
803.6066431478791,-14.900906547478584,9.587265792505033,0.0003469369951044418,1000,1500
803.6372394158993,-13.147674750001528,9.587265792504994,0.00034693699510444036,1000,1500
803.6640106557131,-11.394380374256546,9.587265792501025,0.00034693699510429676,1000,1500
803.6869567398986,-9.64103176530261,9.587265792505004,0.00034693699510444074,1000,1500
803.7060775592408,-7.887637268456826,9.587265792505086,0.0003469369951044437,1000,1500
803.7213730227315,-6.134205229255777,9.587265792501121,0.00034693699510430023,1000,1500
803.7328430575694,-4.380743993413658,9.587265792504933,0.0003469369951044382,1000,1500
803.7404876091614,-2.627261906783999,9.587265792501107,0.00034693699510429974,1000,1500
803.744306641122,-0.8737673153195609,9.587265792505047,0.0003469369951044423,1000,1500
808.7313613019618,-27.355326210215253,9.587265792504944,0.0003469369951044386,1000,1500
808.7891166811999,-25.59088438166951,9.587265792501046,0.0003469369951042975,1000,1500
808.843022511123,-23.826320749591297,9.587265792504926,0.0003469369951044379,1000,1500
808.8930785351586,-22.061643712677593,9.587265792500997,0.00034693699510429573,1000,1500
808.9392845150578,-20.296861670165168,9.587265792504889,0.00034693699510443657,1000,1500
808.9816402308963,-18.531983021790204,9.587265792504827,0.00034693699510443435,1000,1500
809.0201454810763,-16.76701616774978,9.587265792500935,0.0003469369951042935,1000,1500
809.0548000823261,-15.001969508659714,9.587265792504873,0.000346936995104436,1000,1500
809.0856038697023,-13.236851445515684,9.587265792504905,0.00034693699510443717,1000,1500
809.1125566965896,-11.471670379654295,9.587265792501109,0.0003469369951042998,1000,1500
809.1356584347022,-9.70643471271094,9.58726579250498,0.0003469369951044399,1000,1500
809.1549089740843,-7.941152846580903,9.587265792504871,0.0003469369951044359,1000,1500
809.1703082231097,-6.1758331833804325,9.587265792500894,0.000346936995104292,1000,1500
809.1818561084838,-4.410484125404597,9.587265792504915,0.00034693699510443754,1000,1500
809.1895525752425,-2.645114075088743,9.587265792501002,0.00034693699510429595,1000,1500
809.1933975867535,-0.8797314349681206,9.587265792504834,0.00034693699510443456,1000,1500
814.1409093624254,-27.538343608435714,9.587265792505075,0.00034693699510444335,1000,1500
814.1990511496051,-25.762099550615595,9.587265792501224,0.00034693699510430397,1000,1500
814.253317638101,-23.985732874339526,9.587265792505123,0.0003469369951044451,1000,1500
814.3037085696233,-22.20925203448281,9.587265792501123,0.0003469369951043003,1000,1500
814.3502237043294,-20.432665486464106,9.587265792505011,0.000346936995104441,1000,1500
814.3928628208239,-18.655981686204868,9.587265792505091,0.0003469369951044439,1000,1500
814.4316257161593,-16.879209090090516,9.587265792501107,0.00034693699510429974,1000,1500
814.4665122058383,-15.102356154928007,9.58726579250505,0.0003469369951044424,1000,1500
814.4975221238135,-13.3254313379067,9.587265792505121,0.000346936995104445,1000,1500
814.5246553224886,-11.54844309655917,9.58726579250109,0.0003469369951042991,1000,1500
814.5479116727192,-9.771399888718772,9.587265792505015,0.0003469369951044411,1000,1500
814.5672910638134,-7.994310172480496,9.587265792505086,0.0003469369951044437,1000,1500
814.5827934035323,-6.217182406161772,9.587265792501253,0.000346936995104305,1000,1500
814.59441861809,-4.4400250482600505,9.587265792505105,0.00034693699510444443,1000,1500
814.6021666521547,-2.6628465574139946,9.58726579250111,0.00034693699510429985,1000,1500
814.6060374688486,-0.8856553923628445,9.587265792505075,0.00034693699510444335,1000,1500
819.514748672336,-27.72015264045199,9.587265792504981,0.00034693699510443993,1000,1500
819.573274316194,-25.93218426058001,9.58726579250104,0.0003469369951042973,1000,1500
819.6278990819719,-24.144092452709188,9.587265792504983,0.00034693699510444,1000,1500
819.6786227096751,-22.355885727522292,9.587265792501142,0.000346936995104301,1000,1500
819.7254449578774,-20.567572596249047,9.587265792505107,0.0003469369951044445,1000,1500
819.7683656037212,-18.779161570625273,9.587265792505026,0.00034693699510444156,1000,1500
819.8073844429196,-16.990661162853826,9.58726579250115,0.00034693699510430126,1000,1500
819.8425012897569,-15.202079885561895,9.587265792505097,0.0003469369951044441,1000,1500
819.8737159770892,-13.413426251761576,9.587265792505045,0.00034693699510444226,1000,1500
819.9010283563455,-11.624708774810458,9.587265792501094,0.00034693699510429925,1000,1500
819.9244382975287,-9.835935968368897,9.587265792504962,0.0003469369951044392,1000,1500
819.9439456892161,-8.047116346360603,9.587265792505047,0.0003469369951044423,1000,1500
819.9595504385591,-6.25825842293321,9.587265792501167,0.0003469369951043019,1000,1500
819.9712524712845,-4.469370712415548,9.587265792504965,0.00034693699510443933,1000,1500
819.9790517316951,-2.6804617292786013,9.587265792501091,0.00034693699510429915,1000,1500
819.9829481826689,-0.8915399880945889,9.587265792505015,0.0003469369951044411,1000,1500
824.8535772087405,-27.900776930422495,9.587265792505184,0.00034693699510444725,1000,1500
824.9124842078918,-26.101160612916456,9.587265792501242,0.0003469369951043046,1000,1500
824.967464916218,-24.30142006314407,9.587265792505073,0.0003469369951044433,1000,1500
825.01851907203,-22.501563847231996,9.58726579250115,0.00034693699510430126,1000,1500
825.0656464323285,-20.701600531857395,9.587265792505084,0.00034693699510444367,1000,1500
825.1088467728038,-18.901538684206827,9.58726579250515,0.00034693699510444606,1000,1500
825.1481198878374,-17.101386871936935,9.587265792501203,0.0003469369951043032,1000,1500
825.1834655905036,-15.301153663131458,9.587265792504994,0.00034693699510444036,1000,1500
825.2148837125692,-13.500847626261553,9.587265792505029,0.00034693699510444166,1000,1500
825.2423741044951,-11.700477330146114,9.587265792501192,0.00034693699510430283,1000,1500
825.2659366354367,-9.900051343908785,9.58726579250514,0.0003469369951044456,1000,1500
825.2855711932448,-8.099578236938278,9.587265792505086,0.0003469369951044437,1000,1500
825.301277684466,-6.299066578848683,9.587265792501118,0.0003469369951043001,1000,1500
825.3130560343425,-4.498524939436471,9.587265792505079,0.00034693699510444345,1000,1500
825.3209061868141,-2.697961888641193,9.587265792501245,0.00034693699510430473,1000,1500
825.3248281045167,-0.8973859965043,9.587265792505129,0.00034693699510444524,1000,1500
830.1580705015658,-28.080239342589103,9.587265792504777,0.00034693699510443256,1000,1500
830.2173564029004,-26.269049998035882,9.587265792500858,0.00034693699510429074,1000,1500
830.2726907640996,-24.4577356221224,9.587265792504777,0.00034693699510443256,1000,1500
830.3240733217915,-22.64630483606261,9.587265792500887,0.0003469369951042918,1000,1500
830.3715038314135,-20.834766261624523,9.587265792504787,0.00034693699510443294,1000,1500
830.4149820672133,-19.02312852108883,9.587265792504791,0.00034693699510443305,1000,1500
830.4545078222494,-17.211400237209325,9.587265792501025,0.00034693699510429676,1000,1500
830.4900809083936,-15.39959003316963,9.587265792504997,0.0003469369951044405,1000,1500
830.5217011563307,-13.587706532543306,9.587265792504892,0.00034693699510443673,1000,1500
830.5493684155592,-11.775758359253864,9.587265792500878,0.00034693699510429145,1000,1500
830.5730825543931,-9.963754137531538,9.587265792504883,0.0003469369951044364,1000,1500
830.5928434599614,-8.151702491873326,9.587265792504924,0.00034693699510443787,1000,1500
830.608651038209,-6.339612047003062,9.587265792500975,0.00034693699510429497,1000,1500
830.6205052138978,-4.527491427828137,9.587265792504876,0.00034693699510443614,1000,1500
830.6284059306058,-2.7153492593999355,9.587265792500922,0.000346936995104293,1000,1500
830.6323531507287,-0.9031941668724014,9.58726579250483,0.00034693699510443445,1000,1500
835.4288826315117,-28.258562015066286,9.587265792505029,0.00034693699510444166,1000,1500
835.4885450286602,-26.435873127018496,9.587265792501203,0.0003469369951043032,1000,1500
835.5442307966853,-24.613058413591517,9.587265792505104,0.0003469369951044444,1000,1500
835.5959396705424,-22.79012655073684,9.587265792501151,0.0003469369951043013,1000,1500
835.6436714041157,-20.96708621496352,9.587265792505107,0.0003469369951044445,1000,1500
835.687425770219,-19.143946083296548,9.587265792505029,0.00034693699510444166,1000,1500
835.727202560597,-17.32071483323702,9.587265792501011,0.0003469369951042963,1000,1500
835.7630015859263,-15.497401142718607,9.587265792504988,0.0003469369951044402,1000,1500
835.7948226758164,-13.674013690067369,9.587265792505136,0.0003469369951044455,1000,1500
835.8226656788099,-11.85056115396156,9.58726579250131,0.00034693699510430706,1000,1500
835.8465304623842,-10.027052213388096,9.587265792505097,0.0003469369951044441,1000,1500
835.8664169129514,-8.203495547602358,9.587265792505054,0.0003469369951044426,1000,1500
835.8823249358591,-6.379899836087995,9.587265792501206,0.0003469369951043033,1000,1500
835.8942544553904,-4.556273758513385,9.587265792505054,0.0003469369951044426,1000,1500
835.9022054147654,-2.732625994691813,9.587265792501121,0.00034693699510430023,1000,1500
835.9061777761401,-0.9089652245397768,9.587265792505054,0.0003469369951044426,1000,1500
840.666647171616,-28.435766391722744,9.58726579250516,0.00034693699510444644,1000,1500
840.7266837034849,-26.601650061441106,9.587265792501238,0.00034693699510430446,1000,1500
840.7827186745483,-24.767407116740877,9.587265792505073,0.0003469369951044433,1000,1500
840.8347518180994,-22.933046287967862,9.587265792501256,0.0003469369951043051,1000,1500
840.8827828864792,-21.098576306028956,9.58726579250511,0.0003469369951044446,1000,1500
840.9268116510766,-19.2640059023502,9.587265792505095,0.00034693699510444405,1000,1500
840.9668379023303,-17.42934380883674,9.58726579250122,0.00034693699510430386,1000,1500
841.0028614497297,-15.594598757829,9.587265792505065,0.00034693699510444297,1000,1500
841.0348821218156,-13.75977948206226,9.587265792505063,0.00034693699510444286,1000,1500
841.0628997661804,-11.924894714626205,9.587265792501107,0.00034693699510429974,1000,1500
841.0869142494707,-10.089953188921113,9.58726579250509,0.00034693699510444383,1000,1500
841.1069254573856,-8.25496363861741,9.587265792505201,0.0003469369951044479,1000,1500
841.1229332946792,-6.419934797615229,9.587265792501249,0.0003469369951043049,1000,1500
841.1349376851597,-4.584875400000583,9.587265792505214,0.00034693699510444833,1000,1500
841.1429385716904,-2.749794180005308,9.587265792501302,0.0003469369951043068,1000,1500
841.1469359161902,-0.9146998719650958,9.587265792505143,0.0003469369951044458,1000,1500
845.8719780763367,-28.611873252285438,9.587265792504814,0.00034693699510443386,1000,1500
845.9323864257055,-26.766400241541447,9.587265792501006,0.00034693699510429606,1000,1500
845.9887684369702,-24.92079983222644,9.587265792504962,0.0003469369951044392,1000,1500
846.0411238417726,-23.075080808743735,9.587265792501077,0.00034693699510429866,1000,1500
846.0894523909192,-21.229251956061198,9.587265792504953,0.0003469369951044389,1000,1500
846.1337538543836,-19.38332205966907,9.587265792504876,0.00034693699510443614,1000,1500
846.1740280213064,-17.537299905539648,9.587265792500972,0.00034693699510429486,1000,1500
846.210274699997,-15.691194280083216,9.58726579250499,0.00034693699510444026,1000,1500
846.2424937179337,-13.845013970107363,9.587265792504935,0.00034693699510443825,1000,1500
846.2706849217657,-11.998767762776268,9.587265792500954,0.0003469369951042942,1000,1500
846.2948481773128,-10.152464445566626,9.58726579250488,0.00034693699510443624,1000,1500
846.3149833695666,-8.306112806226963,9.587265792504784,0.0003469369951044328,1000,1500
846.3310904026905,-6.4597216327369305,9.587265792500808,0.0003469369951042889,1000,1500
846.3431692000208,-4.613299713263211,9.587265792504795,0.00034693699510443315,1000,1500
846.3512197040668,-2.766855836119212,9.587265792500997,0.00034693699510429573,1000,1500
846.355241876511,-0.9203987897228453,9.587265792504887,0.0003469369951044365,1000,1500
851.0454705216777,-28.786902740785763,9.587265792505143,0.0003469369951044458,1000,1500
851.1062484138569,-26.930142512831384,9.587265792501235,0.00034693699510430435,1000,1500
851.1629753421842,-25.073254106950863,9.587265792505104,0.0003469369951044444,1000,1500
851.2156510366594,-23.216246361274372,9.587265792501189,0.00034693699510430267,1000,1500
851.264275246565,-21.359128114500088,9.587265792505086,0.0003469369951044437,1000,1500
851.3088477404672,-19.501908205851763,9.58726579250515,0.00034693699510444606,1000,1500
851.3493683062163,-17.644595475038155,9.587265792501274,0.00034693699510430576,1000,1500
851.3858367509492,-15.787198762208687,9.587265792505136,0.0003469369951044455,1000,1500
851.4182529010887,-13.92972690791251,9.587265792505118,0.00034693699510444486,1000,1500
851.4466166023457,-12.072188753057558,9.58726579250122,0.00034693699510430386,1000,1500
851.4709277197188,-10.214593138866189,9.58726579250515,0.00034693699510444606,1000,1500
851.491186137496,-8.356948906834255,9.58726579250514,0.0003469369951044456,1000,1500
851.5073917592541,-6.499264898690145,9.587265792501242,0.0003469369951043046,1000,1500
851.5195445078604,-4.6415499563504286,9.587265792505056,0.00034693699510444264,1000,1500
851.5276443254718,-2.783812921879296,9.587265792501174,0.0003469369951043022,1000,1500
851.5316911735363,-0.9260626374460822,9.587265792505157,0.00034693699510444627,1000,1500
856.1877016996168,-28.960874392458052,9.587265792505043,0.00034693699510444215,1000,1500
856.2488469011623,-27.092895151262212,9.58726579250112,0.0003469369951043002,1000,1500
856.3059166619115,-25.2247869574954,9.587265792505072,0.0003469369951044432,1000,1500
856.3589107102322,-23.356558702690002,9.587265792501082,0.0003469369951042988,1000,1500
856.4078287938914,-21.48821927894983,9.587265792504994,0.00034693699510444036,1000,1500
856.4526706800568,-19.619777578907463,9.58726579250504,0.00034693699510444204,1000,1500
856.4934361552965,-17.75124249568341,9.587265792501082,0.0003469369951042988,1000,1500
856.5301250255816,-15.882622922841506,9.587265792505008,0.0003469369951044409,1000,1500
856.5627371162859,-14.013927754347735,9.58726579250495,0.0003469369951044388,1000,1500
856.5912722721876,-12.145165884529026,9.587265792501043,0.0003469369951042974,1000,1500
856.6157303574691,-10.276346208028642,9.587265792505027,0.0003469369951044416,1000,1500
856.636111255719,-8.407477619764983,9.587265792505036,0.00034693699510444194,1000,1500
856.6524148699314,-6.538569014890401,9.587265792501153,0.0003469369951043014,1000,1500
856.6646411225067,-4.66962928874656,9.587265792505125,0.00034693699510444513,1000,1500
856.6727899552525,-2.8006673368236408,9.587265792501134,0.00034693699510430066,1000,1500
856.6768613293829,-0.9316920547176035,9.587265792504974,0.00034693699510443966,1000,1500
861.2992315698352,-29.133807159192102,9.58726579250499,0.00034693699510444026,1000,1500
861.3607418873177,-27.25467588703708,9.587265792501059,0.000346936995104298,1000,1500
861.4181524331964,-25.37541489229217,9.587265792504954,0.00034693699510443895,1000,1500
861.4714629342179,-23.496033119573127,9.587265792501125,0.0003469369951043004,1000,1500
861.5206731366429,-21.616539514070563,9.587265792505093,0.000346936995104444,1000,1500
861.5657828062483,-19.736943021506995,9.587265792505095,0.00034693699510444405,1000,1500
861.6067917283281,-17.857252588095797,9.587265792501086,0.00034693699510429893,1000,1500
861.6436997076944,-15.97747716049631,9.587265792504986,0.0003469369951044401,1000,1500
861.6765065686784,-14.097625685772428,9.587265792505043,0.00034693699510444215,1000,1500
861.7052121551308,-12.217707111351144,9.587265792501164,0.0003469369951043018,1000,1500
861.7298163304233,-10.337730384977675,9.587265792504986,0.0003469369951044401,1000,1500
861.7503189774491,-8.45770445467402,9.587265792505,0.00034693699510444063,1000,1500
861.7667199986223,-6.577638268697527,9.587265792501196,0.00034693699510430294,1000,1500
861.7790193158803,-4.697540775495983,9.587265792505065,0.00034693699510444297,1000,1500
861.7872168706824,-2.817420923666586,9.58726579250117,0.000346936995104302,1000,1500
861.7913126240114,-0.9372876619129399,9.587265792505066,0.000346936995104443,1000,1500
866.3806035715239,-29.30571943363369,9.58726579250489,0.0003469369951044366,1000,1500
866.4424768503463,-27.415501927158537,9.587265792501041,0.00034693699510429736,1000,1500
866.5002261703091,-25.52515393261859,9.587265792504919,0.00034693699510443765,1000,1500
866.5538512565463,-23.634684447399792,9.587265792500979,0.0003469369951042951,1000,1500
866.6033518538216,-21.74410246946633,9.587265792504937,0.0003469369951044383,1000,1500
866.6487277265292,-19.853416997317446,9.58726579250485,0.00034693699510443516,1000,1500
866.6899786586962,-17.96263702994612,9.587265792500974,0.0003469369951042949,1000,1500
866.727104453983,-16.07177156679394,9.587265792504882,0.0003469369951044363,1000,1500
866.760104935684,-14.180829607709438,9.587265792504901,0.00034693699510443706,1000,1500
866.7889799467284,-12.289820152906382,9.58726579250101,0.00034693699510429616,1000,1500
866.8137293496816,-10.39875220291864,9.587265792504908,0.0003469369951044373,1000,1500
866.8343530267451,-8.507634758558503,9.587265792504937,0.0003469369951044383,1000,1500
866.8508508797577,-6.616476820874991,9.58726579250099,0.00034693699510429546,1000,1500
866.8632228301951,-4.725287391108699,9.587265792504834,0.00034693699510443456,1000,1500
866.8714688191714,-2.8340754706505034,9.587265792500947,0.00034693699510429394,1000,1500
866.8755888074386,-0.9428500609983229,9.587265792504894,0.0003469369951044368,1000,1500
871.4323452978234,-29.476629072019705,9.58726579250518,0.00034693699510444714,1000,1500
871.4945794210897,-27.575389976792216,9.58726579250121,0.00034693699510430343,1000,1500
871.5526655392804,-25.674019632489525,9.587265792505153,0.00034693699510444616,1000,1500
871.6066033759262,-23.772527088960057,9.58726579250123,0.0003469369951043042,1000,1500
871.6563926743017,-21.870921396633847,9.587265792505068,0.0003469369951044431,1000,1500
871.7020331974281,-19.9692116064791,9.58726579250512,0.0003469369951044449,1000,1500
871.7435247280722,-18.067406769960645,9.58726579250124,0.00034693699510430457,1000,1500
871.7808670687493,-16.165515938994538,9.58726579250519,0.0003469369951044475,1000,1500
871.8140600417231,-14.263548165906148,9.587265792505153,0.00034693699510444616,1000,1500
871.8431034890068,-12.361512503388205,9.587265792501256,0.0003469369951043051,1000,1500
871.8679972723637,-10.459418004455422,9.587265792505182,0.0003469369951044472,1000,1500
871.8887412733084,-8.557273722402542,9.587265792505146,0.0003469369951044459,1000,1500
871.905335393107,-6.6550887107624295,9.587265792501201,0.00034693699510430316,1000,1500
871.9177795527769,-4.752872023260636,9.587265792505129,0.00034693699510444524,1000,1500
871.9260736930887,-2.8506327137738756,9.587265792501281,0.00034693699510430603,1000,1500
871.9302177745651,-0.9483798362865254,9.587265792505177,0.000346936995104447,1000,1500
876.4549691352719,-29.646553415828294,9.587265792505162,0.0003469369951044465,1000,1500
876.5175620227,-27.734356259521856,9.587265792501219,0.00034693699510430375,1000,1500
876.575982997437,-25.8220270975171,9.58726579250499,0.00034693699510444026,1000,1500
876.6302317814195,-23.909575031822534,9.587265792501192,0.00034693699510430283,1000,1500
876.680308116443,-21.997009165031628,9.587265792505182,0.0003469369951044472,1000,1500
876.7262117641615,-20.08433860027913,9.587265792505065,0.00034693699510444297,1000,1500
876.7679425060899,-18.17157244119927,9.58726579250121,0.00034693699510430343,1000,1500
876.8055001436048,-16.25871979188011,9.587265792505093,0.000346936995104444,1000,1500
876.8388844979452,-14.345789756821386,9.5872657925051,0.0003469369951044442,1000,1500
876.8680954102134,-12.432791440892313,9.587265792501206,0.0003469369951043033,1000,1500
876.8931327413758,-10.519733949285936,9.587265792505054,0.0003469369951044426,1000,1500
876.9139963722635,-8.606626387476958,9.587265792505065,0.00034693699510444297,1000,1500
876.9306862035733,-6.693477861179569,9.587265792501118,0.0003469369951043001,1000,1500
876.9432021558671,-4.780297476301762,9.587265792505107,0.0003469369951044445,1000,1500
876.9515441695737,-2.867094338903557,9.587265792501206,0.0003469369951043033,1000,1500
876.9557122049879,-0.9538775551532663,9.587265792505052,0.0003469369951044425,1000,1500
881.4489728704516,-29.815509312318213,9.587265792504748,0.00034693699510443153,1000,1500
881.5119224773298,-27.89241653656514,9.587265792500963,0.00034693699510429454,1000,1500
881.5706764001325,-25.969191002802894,9.587265792504983,0.00034693699510444,1000,1500
881.6252343592118,-24.045841864902847,9.587265792500979,0.0003469369951042951,1000,1500
881.6755960948915,-22.122378277324664,9.587265792504812,0.0003469369951044338,1000,1500
881.7217613674671,-20.198809395072388,9.587265792504951,0.00034693699510443885,1000,1500
881.7637299572087,-18.275144373652367,9.587265792501062,0.0003469369951042981,1000,1500
881.8015016643606,-16.351392369027394,9.587265792504926,0.0003469369951044379,1000,1500
881.8350763091428,-14.427562537574246,9.587265792504967,0.0003469369951044394,1000,1500
881.8644537317518,-12.503664036041327,9.587265792500961,0.00034693699510429443,1000,1500
881.8896337923616,-10.579706021502687,9.5872657925049,0.00034693699510443695,1000,1500
881.9106163711242,-8.655697651315657,9.587265792504958,0.00034693699510443906,1000,1500
881.9274013681697,-6.731648083078406,9.58726579250098,0.0003469369951042952,1000,1500
881.9399887036077,-4.807566474584019,9.58726579250482,0.0003469369951044341,1000,1500
881.9483783175267,-2.8834619837784756,9.587265792500876,0.0003469369951042914,1000,1500
881.9525701699953,-0.9593437687166622,9.587265792504827,0.00034693699510443435,1000,1500
886.41484026587,-29.98351313402639,9.587265792505017,0.00034693699510444123,1000,1500
886.4781445820543,-28.04958612501479,9.587265792501135,0.00034693699510430077,1000,1500
886.5372295767074,-26.11552560992253,9.587265792505054,0.0003469369951044426,1000,1500
886.5920949686058,-24.181340794191634,9.587265792501222,0.0003469369951043039,1000,1500
886.6427404966096,-22.24704088385577,9.587265792505125,0.00034693699510444513,1000,1500
886.6891659196641,-20.312635085496016,9.587265792505024,0.00034693699510444145,1000,1500
886.7313710168007,-18.378132606198612,9.587265792501116,0.00034693699510430007,1000,1500
886.7693555871382,-16.443542653508796,9.587265792505042,0.0003469369951044421,1000,1500
886.8031194498835,-14.508874435388138,9.587265792505,0.00034693699510444063,1000,1500
886.8326624443325,-12.574137160171915,9.587265792501094,0.00034693699510429925,1000,1500
886.8579844298711,-10.639340036522903,9.58726579250499,0.00034693699510444026,1000,1500
886.8790852859754,-8.704492273388734,9.587265792505026,0.00034693699510444156,1000,1500
886.8959649122133,-6.769603079959256,9.587265792501274,0.00034693699510430576,1000,1500
886.9086232282434,-4.834681665620318,9.58726579250511,0.0003469369951044446,1000,1500
886.9170601738167,-2.8997372399115333,9.587265792501118,0.0003469369951043001,1000,1500
886.9212757087762,-0.9647790124820316,9.58726579250505,0.0003469369951044424,1000,1500
891.3530416069578,-30.150580797287407,9.58726579250504,0.00034693699510444204,1000,1500
891.4166986559092,-28.20587991516468,9.587265792501082,0.0003469369951042988,1000,1500
891.4761128775639,-26.26104478305828,9.587265792504883,0.0003469369951044364,1000,1500
891.531283989131,-24.316084657693615,9.587265792500993,0.0003469369951042956,1000,1500
891.582211728016,-22.371008796390974,9.58726579250494,0.00034693699510443847,1000,1500
891.6288958518205,-20.425826457021152,9.587265792504924,0.00034693699510443787,1000,1500
891.6713361383447,-18.480546897962903,9.587265792501023,0.0003469369951042967,1000,1500
891.7095323855882,-16.53517937805654,9.587265792504926,0.0003469369951044379,1000,1500
891.7434844117502,-14.589733156561028,9.587265792505002,0.0003469369951044407,1000,1500
891.773192055231,-12.644217493111121,9.587265792501091,0.00034693699510429915,1000,1500
891.7986551746328,-10.698641647670895,9.587265792504995,0.0003469369951044404,1000,1500
891.8198736487602,-8.75301488049088,9.587265792504887,0.0003469369951044365,1000,1500
891.836847376621,-6.807346452065156,9.58726579250088,0.0003469369951042915,1000,1500
891.8495762774261,-4.861645623084909,9.587265792504907,0.0003469369951044372,1000,1500
891.8580602905903,-2.9159216543959428,9.587265792501032,0.00034693699510429703,1000,1500
891.8622993757328,-0.9701838069541873,9.587265792504912,0.00034693699510443744,1000,1500
896.2640342219395,-30.316727779834345,9.587265792505002,0.0003469369951044407,1000,1500
896.3280420597979,-28.361312386976437,9.587265792501176,0.00034693699510430224,1000,1500
896.3877836941069,-26.40576200433143,9.587265792505034,0.00034693699510444183,1000,1500
896.4432588405177,-24.450085939625502,9.587265792501046,0.0003469369951042975,1000,1500
896.4944672349881,-22.494293501183037,9.587265792504963,0.0003469369951044393,1000,1500
896.5414086337844,-20.538393997881915,9.587265792505008,0.0003469369951044409,1000,1500
896.5840828134819,-18.582396739110813,9.587265792501157,0.00034693699510430153,1000,1500
896.6224895709672,-16.626311034722466,9.58726579250501,0.00034693699510444096,1000,1500
896.6566287234373,-14.670146194990618,9.587265792504983,0.00034693699510444,1000,1500
896.6865001084021,-12.713911530566833,9.587265792501078,0.0003469369951042987,1000,1500
896.7121035836844,-10.757616352433832,9.587265792505033,0.0003469369951044418,1000,1500
896.7334390274207,-8.801269971862363,9.587265792505058,0.0003469369951044427,1000,1500
896.7505063380619,-6.844881700368069,9.587265792501103,0.0003469369951042996,1000,1500
896.7633054343737,-4.888460849664785,9.587265792504962,0.0003469369951044392,1000,1500
896.7718362554367,-2.9320167316218138,9.587265792501114,0.00034693699510429996,1000,1500
896.7760987606475,-0.9755586582191946,9.587265792505049,0.00034693699510444237,1000,1500
901.1482629761983,-30.48196913753602,9.587265792505091,0.0003469369951044439,1000,1500
901.2126196908916,-28.515897625738106,9.58726579250111,0.00034693699510429985,1000,1500
901.2726869531785,-26.54969038838219,9.58726579250511,0.0003469369951044446,1000,1500
901.3284644771604,-24.583356783917296,9.58726579250126,0.00034693699510430527,1000,1500
901.3799519973559,-22.61690617139392,9.58726579250507,0.00034693699510444313,1000,1500
901.4271492687026,-20.650347910419068,9.587265792504962,0.0003469369951044392,1000,1500
901.4700560665583,-18.68369136111332,9.587265792501103,0.0003469369951042996,1000,1500
901.5086721867019,-16.71694588406386,9.587265792505056,0.00034693699510444264,1000,1500
901.5429974453344,-14.750120840281157,9.587265792504976,0.0003469369951044397,1000,1500
901.5730316790797,-12.78322559115558,9.587265792501121,0.00034693699510430023,1000,1500
901.5987747449853,-10.816269498410442,9.587265792505104,0.0003469369951044444,1000,1500
901.6202265205238,-8.849261924058663,9.587265792505196,0.0003469369951044477,1000,1500
901.637386903592,-6.882212230359395,9.587265792501345,0.00034693699510430836,1000,1500
901.6502558125126,-4.9151297797710525,9.587265792505207,0.00034693699510444806,1000,1500
901.658833186034,-2.948023934908375,9.587265792501283,0.0003469369951043061,1000,1500
901.6631189833313,-0.980904058497441,9.587265792505157,0.00034693699510444627,1000,1500
906.0061607426524,-30.64631952032184,9.587265792505075,0.00034693699510444335,1000,1500
906.0708644530393,-28.669649336962777,9.58726579250109,0.0003469369951042991,1000,1500
906.1312555874982,-26.6928426962421,9.58726579250493,0.0003469369951044381,1000,1500
906.1873338585887,-24.71590900705824,9.587265792501093,0.0003469369951042992,1000,1500
906.2390989993979,-22.73885767891433,9.587265792505079,0.00034693699510444345,1000,1500
906.2865507635422,-20.761698121873025,9.587265792505175,0.0003469369951044469,1000,1500
906.329688925168,-18.78443974651331,9.58726579250121,0.00034693699510430343,1000,1500
906.3685132789533,-16.807091963883313,9.5872657925051,0.0003469369951044442,1000,1500
906.4030236401073,-14.8296641854567,9.587265792505088,0.0003469369951044438,1000,1500
906.4332198443734,-12.85216582308911,9.58726579250103,0.000346936995104297,1000,1500
906.4591017480283,-10.874606288970906,9.587265792504908,0.0003469369951044373,1000,1500
906.4806692278833,-8.896994995583631,9.587265792504928,0.000346936995104438,1000,1500
906.4979221812846,-6.919341355656376,9.587265792501022,0.00034693699510429665,1000,1500
906.5108605261146,-4.941654782118582,9.587265792505011,0.000346936995104441,1000,1500
906.5194842007912,-2.9639446880568503,9.587265792501135,0.00034693699510430077,1000,1500
906.5237931642689,-0.9862204866697238,9.587265792504999,0.0003469369951044406,1000,1500
910.8381488495468,-30.80979318734198,9.587265792504965,0.00034693699510443933,1000,1500
910.9031977045923,-28.822580860571783,9.58726579250104,0.0003469369951042973,1000,1500
910.9639109835175,-26.835231348540162,9.587265792505022,0.0003469369951044414,1000,1500
911.0202883973488,-24.847754110325877,9.587265792501139,0.0003469369951043009,1000,1500
911.0723296777496,-22.860158605615617,9.587265792504976,0.0003469369951044397,1000,1500
911.1200345770217,-20.872454294658567,9.587265792504919,0.00034693699510443765,1000,1500
911.1634028681069,-18.884650638223025,9.587265792501064,0.00034693699510429817,1000,1500
911.2024343445876,-16.896757097548893,9.587265792504958,0.00034693699510443906,1000,1500
911.2371288206875,-14.908783134303917,9.587265792505017,0.00034693699510444123,1000,1500
911.2674861312735,-12.920738210539827,9.587265792501203,0.0003469369951043032,1000,1500
911.2935061318553,-10.932631788644887,9.58726579250499,0.00034693699510444026,1000,1500
911.3151886985872,-8.944473331300074,9.587265792504958,0.00034693699510443906,1000,1500
911.3325337282677,-6.956272301435248,9.587265792501137,0.0003469369951043008,1000,1500
911.3455411383406,-4.96803816218168,9.587265792505008,0.0003469369951044409,1000,1500
911.3542108668955,-2.9797803768286433,9.58726579250106,0.00034693699510429806,1000,1500
911.3585428726672,-0.9915084087779501,9.587265792504958,0.00034693699510443906,1000,1500
915.6446375069753,-30.97240402140733,9.587265792505164,0.00034693699510444654,1000,1500
915.7100296849557,-28.974705184404073,9.587265792501288,0.0003469369951043063,1000,1500
915.7710634080004,-26.976868438081574,9.587265792505143,0.0003469369951044458,1000,1500
915.8277383856107,-24.97890329143411,9.587265792501135,0.00034693699510430077,1000,1500
915.8800543480338,-22.980819254067086,9.58726579250509,0.00034693699510444383,1000,1500
915.9280110462644,-20.982625836151385,9.587265792505152,0.0003469369951044461,1000,1500
915.9716082520451,-18.98433254837973,9.587265792501189,0.00034693699510430267,1000,1500
916.0108457578692,-16.985948901918952,9.587265792505109,0.00034693699510444454,1000,1500
916.0457233769799,-14.987484408365976,9.58726579250513,0.0003469369951044453,1000,1500
916.0762409433722,-12.988948579703738,9.587265792501242,0.0003469369951043046,1000,1500
916.1023983117932,-10.990350928253488,9.58726579250518,0.00034693699510444714,1000,1500
916.124195357743,-8.99170096663073,9.587265792505153,0.00034693699510444616,1000,1500
916.1416319774758,-6.99300820770117,9.587265792501118,0.0003469369951043001,1000,1500
916.1547080879989,-4.994282164532985,9.587265792504976,0.0003469369951044397,1000,1500
916.1634236270751,-2.995532350353188,9.587265792501189,0.00034693699510430267,1000,1500
916.1677785532213,-0.9967682785019285,9.587265792505175,0.0003469369951044469,1000,1500
920.4260262133516,-31.13416554275043,9.58726579250484,0.00034693699510443483,1000,1500
920.4917599210886,-29.126034957090393,9.587265792501007,0.0003469369951042961,1000,1500
920.5531124145502,-27.117765741835072,9.587265792504937,0.0003469369951044383,1000,1500
920.6100834017204,-25.109367455633592,9.587265792500979,0.0003469369951042951,1000,1500
920.6626726114374,-23.100849657749407,9.587265792504944,0.0003469369951044386,1000,1500
920.7108797933952,-21.092221908014402,9.587265792504905,0.00034693699510443717,1000,1500
920.7547047181447,-19.08349376678501,9.587265792501011,0.0003469369951042963,1000,1500
920.7941471770948,-17.07467479489427,9.587265792504962,0.0003469369951044392,1000,1500
920.8292069825136,-15.065774553607554,9.587265792504963,0.0003469369951044393,1000,1500
920.8598839675284,-13.056802604578255,9.587265792500949,0.000346936995104294,1000,1500
920.8861779861279,-11.047768509799852,9.587265792504933,0.0003469369951044382,1000,1500
920.9080889131621,-9.038681831561622,9.587265792505058,0.0003469369951044427,1000,1500
920.9256166443425,-7.0295521324043335,9.587265792501102,0.0003469369951042995,1000,1500
920.9387610962434,-5.0203889750723025,9.587265792504988,0.0003469369951044402,1000,1500
920.9475222063019,-3.0112019224695037,9.58726579250098,0.0003469369951042952,1000,1500
920.9518999328182,-1.0020005376136352,9.58726579250485,0.00034693699510443516,1000,1500
925.1827041429716,-31.295090922146283,9.587265792504988,0.0003469369951044402,1000,1500
925.2487776150954,-29.27658250032846,9.587265792501071,0.00034693699510429844,1000,1500
925.3104472312268,-27.257934732362436,9.58726579250494,0.00034693699510443847,1000,1500
925.3677126978405,-25.239157226295585,9.587265792501187,0.0003469369951043026,1000,1500
925.4205737423731,-23.220259590792757,9.587265792505026,0.00034693699510444156,1000,1500
925.4690301132248,-21.201251435090178,9.587265792504997,0.0003469369951044405,1000,1500
925.5130815797603,-19.18214236895134,9.587265792501121,0.00034693699510430023,1000,1500
925.5527279323105,-17.162942002618802,9.587265792504953,0.0003469369951044389,1000,1500
925.5879689821727,-15.14365994676968,9.587265792505015,0.0003469369951044411,1000,1500
925.6188045616119,-13.124305812471135,9.587265792501096,0.00034693699510429936,1000,1500
925.6452345238619,-11.10488921113216,9.587265792504972,0.0003469369951044396,1000,1500
925.6672587431253,-9.085419754459076,9.587265792504878,0.0003469369951044362,1000,1500
925.6848771145746,-7.065907054411005,9.587265792501002,0.00034693699510429595,1000,1500
925.6980895543528,-5.046360723151656,9.587265792504994,0.00034693699510444036,1000,1500
925.7068959995731,-3.0267903730052295,9.58726579250109,0.0003469369951042991,1000,1500
925.7112964083203,-1.0072056164102392,9.587265792505002,0.0003469369951044407,1000,1500
929.9150505157311,-31.45519299342881,9.587265792505049,0.00034693699510444237,1000,1500
929.9814620139682,-29.42635982059283,9.587265792501245,0.00034693699510430473,1000,1500
930.0434471303138,-27.397386588721737,9.587265792505171,0.0003469369951044468,1000,1500
930.1010055697409,-25.36828295500844,9.587265792501176,0.00034693699510430224,1000,1500
930.1541370582919,-23.3390585772665,9.587265792505153,0.00034693699510444616,1000,1500
930.2028413430795,-21.30972311388377,9.587265792505157,0.00034693699510444627,1000,1500
930.2471181922887,-19.28028622377807,9.587265792501155,0.0003469369951043015,1000,1500
930.2869673951773,-17.25075756634873,9.587265792505088,0.0003469369951044438,1000,1500
930.3223887620775,-15.221146801431873,9.587265792505121,0.000346936995104445,1000,1500
930.3533821243958,-13.191463589255648,9.58726579250118,0.00034693699510430234,1000,1500
930.379947334615,-11.161717590391799,9.587265792505104,0.0003469369951044444,1000,1500
930.4020842662941,-9.13191846571091,9.587265792505157,0.00034693699510444627,1000,1500
930.4197928140692,-7.102075876337663,9.587265792501277,0.0003469369951043059,1000,1500
930.4330728936538,-5.072199483602375,9.587265792505177,0.000346936995104447,1000,1500
930.4419244418393,-3.0422989489966747,9.587265792501213,0.0003469369951043036,1000,1500
930.4463474164959,-1.0123839341270906,9.587265792505075,0.00034693699510444335,1000,1500
934.6234349499914,-31.614484265436765,9.58726579250482,0.0003469369951044341,1000,1500
934.6901827624786,-29.575378620310968,9.587265792500869,0.0003469369951042911,1000,1500
934.7524817812338,-27.536132206873432,9.587265792504816,0.00034693699510443397,1000,1500
934.8103317097359,-25.49675473121376,9.587265792500997,0.00034693699510429573,1000,1500
934.8637322726399,-23.45725590004536,9.58726579250477,0.0003469369951044323,1000,1500
934.9126832157779,-21.417645420658836,9.587265792504695,0.0003469369951044296,1000,1500
934.9571843061606,-19.37793300087744,9.58726579250082,0.00034693699510428933,1000,1500
934.9972353319788,-17.338128349008386,9.587265792504875,0.0003469369951044361,1000,1500
935.0328361026038,-15.298241173797873,9.587265792504844,0.000346936995104435,1000,1500
935.0639864485886,-13.258281184386131,9.587265792500958,0.0003469369951042943,1000,1500
935.0906862216684,-11.218258090258713,9.58726579250483,0.00034693699510443445,1000,1500
935.112935294762,-9.178181601201526,9.587265792504798,0.0003469369951044333,1000,1500
935.1307335619715,-7.13806142725587,9.58726579250094,0.00034693699510429367,1000,1500
935.1440809385838,-5.097907278669716,9.587265792504768,0.00034693699510443223,1000,1500
935.1529773610696,-3.0577288658531625,9.587265792500926,0.0003469369951042932,1000,1500
935.1574227870856,-1.0175358993317931,9.587265792504876,0.00034693699510443614,1000,1500
939.3082177995238,-31.77297693342061,9.587265792505196,0.0003469369951044477,1000,1500
939.3753002401463,-29.723650308534957,9.587265792501352,0.0003469369951043086,1000,1500
939.4379115875397,-27.674182209616916,9.58726579250511,0.0003469369951044446,1000,1500
939.496051543696,-25.6245823914077,9.587265792501167,0.0003469369951043019,1000,1500
939.5497198318898,-23.574860609275433,9.587265792505171,0.0003469369951044468,1000,1500
939.5989161966788,-21.525026619168344,9.58726579250521,0.0003469369951044482,1000,1500
939.6436404039059,-19.475090177569964,9.587265792501299,0.0003469369951043067,1000,1500
939.6838922406997,-17.425061041450228,9.587265792505152,0.0003469369951044461,1000,1500
939.719671515476,-15.374948968220249,9.587265792505043,0.00034693699510444215,1000,1500
939.7509780579376,-13.324763715687151,9.587265792501096,0.00034693699510429936,1000,1500
939.7778117190769,-11.27451504200511,9.587265792505114,0.00034693699510444475,1000,1500
939.8001723711751,-9.224212705630162,9.587265792505079,0.00034693699510444345,1000,1500
939.8180599078034,-7.173866465275017,9.587265792501114,0.00034693699510429996,1000,1500
939.8314742438235,-5.123486079860092,9.587265792505141,0.00034693699510444573,1000,1500
939.8404153153879,-3.0730813084687476,9.587265792501226,0.000346936995104304,1000,1500
939.8448830799402,-1.0226619103004067,9.587265792505102,0.0003469369951044443,1000,1500
943.9697504754022,-31.93068288993961,9.587265792505132,0.0003469369951044454,1000,1500
944.0371658831546,-29.871186011136338,9.587265792501054,0.0003469369951042978,1000,1500
944.1000880088509,-27.81154695608307,9.587265792504969,0.0003469369951044395,1000,1500
944.1585165530043,-25.751775527931155,9.587265792501103,0.0003469369951042996,1000,1500
944.2124512375153,-23.69188153046197,9.587265792504923,0.0003469369951044378,1000,1500
944.2618918056742,-21.631874768039886,9.58726579250491,0.00034693699510443733,1000,1500
944.306838022161,-19.571765045567226,9.587265792501094,0.00034693699510429925,1000,1500
944.3472896730481,-17.511562168435127,9.587265792505029,0.00034693699510444166,1000,1500
944.3832465657997,-15.451275942478103,9.587265792505054,0.0003469369951044426,1000,1500
944.414708529274,-13.390916173928638,9.587265792501189,0.00034693699510430267,1000,1500
944.441675413723,-11.330492669367992,9.587265792505091,0.0003469369951044439,1000,1500
944.464147090794,-9.270015235680786,9.587265792505047,0.0003469369951044423,1000,1500
944.4821234535298,-7.209493680009588,9.587265792501203,0.0003469369951043032,1000,1500
944.4956044163691,-5.148937809705706,9.587265792505137,0.00034693699510444557,1000,1500
944.5045899151476,-3.088357432284199,9.5872657925012,0.00034693699510430305,1000,1500
944.5090799070973,-1.0277623553767634,9.587265792505077,0.0003469369951044434,1000,1500
948.6083757536558,-32.08761373527696,9.58726579250483,0.00034693699510443445,1000,1500
948.6761224920248,-30.017996580550005,9.587265792501011,0.0003469369951042963,1000,1500
948.7393538685496,-27.948236550806815,9.587265792505008,0.0003469369951044409,1000,1500
948.7980695822716,-25.87834349737099,9.587265792501018,0.0003469369951042965,1000,1500
948.8522693537245,-23.808327272199264,9.587265792504965,0.00034693699510443933,1000,1500
948.9019529249367,-21.738197727834198,9.587265792505049,0.00034693699510444237,1000,1500
948.9471200594319,-19.66796471735899,9.587265792501093,0.0003469369951042992,1000,1500
948.9877705422307,-17.597638094348028,9.587265792504976,0.0003469369951044397,1000,1500
949.0239041798511,-15.527227712821258,9.587265792504923,0.0003469369951044378,1000,1500
949.05552080031,-13.456743427198566,9.587265792500915,0.0003469369951042928,1000,1500
949.0826202531233,-11.386195092250315,9.587265792504773,0.0003469369951044324,1000,1500
949.1052024093074,-9.315592563051727,9.587265792504876,0.00034693699510443614,1000,1500
949.1232671613791,-7.24494569493724,9.587265792500943,0.00034693699510429383,1000,1500
949.1368144233566,-5.174264343451051,9.587265792504787,0.00034693699510443294,1000,1500
949.1458441307598,-3.103558364301919,9.587265792500965,0.0003469369951042946,1000,1500
949.1503562406103,-1.0328376133158148,9.5872657925049,0.00034693699510443695,1000,1500
953.2244280694474,-32.243780787398535,9.58726579250527,0.0003469369951044504,1000,1500
953.2925045258157,-30.16409260509113,9.587265792501299,0.0003469369951043067,1000,1500
953.3560436479988,-28.084260852402238,9.5872657925052,0.00034693699510444784,1000,1500
953.4150451335731,-26.004295428593284,9.587265792501352,0.0003469369951043086,1000,1500
953.4695087017126,-23.92420623356191,9.58726579250525,0.00034693699510444963,1000,1500
953.5194340931896,-21.84400316779444,9.587265792505157,0.00034693699510444627,1000,1500
953.5648210703771,-19.76369613232047,9.587265792501208,0.0003469369951043034,1000,1500
953.6056694172494,-17.68329502866316,9.587265792505043,0.00034693699510444215,1000,1500
953.6419789393826,-15.602809758793422,9.587265792505164,0.00034693699510444654,1000,1500
953.6737494639565,-13.52225022508403,9.587265792501366,0.0003469369951043091,1000,1500
953.7009808397544,-11.441626330259957,9.587265792505193,0.0003469369951044476,1000,1500
953.7236729371648,-9.360947977352517,9.587265792505196,0.0003469369951044477,1000,1500
953.7418256481815,-7.280225069653492,9.587265792501327,0.0003469369951043077,1000,1500
953.7554388864037,-5.199467510665457,9.587265792505233,0.00034693699510444904,1000,1500
953.7645125870374,-3.1186852040563426,9.587265792501242,0.0003469369951043046,1000,1500
953.7690467068949,-1.0378880536118642,9.587265792505146,0.0003469369951044459,1000,1500
957.818233798489,-32.399195091479584,9.58726579250461,0.0003469369951044265,1000,1500
957.8866383835593,-30.309484417867907,9.587265792500865,0.00034693699510429096,1000,1500
957.950483767997,-28.21962948186128,9.58726579250484,0.00034693699510443483,1000,1500
958.0097696479202,-26.12964023042793,9.587265792500821,0.0003469369951042894,1000,1500
958.0644957411497,-24.03952661117536,9.58726579250478,0.00034693699510443267,1000,1500
958.1146617872084,-21.94929857230261,9.587265792504827,0.00034693699510443435,1000,1500
958.1602675473238,-19.858966062554575,9.58726579250086,0.0003469369951042908,1000,1500
958.2013128044287,-17.768539031172132,9.587265792504866,0.00034693699510443576,1000,1500
958.2377973631621,-15.67802742784604,9.587265792504846,0.00034693699510443505,1000,1500
958.2697210498706,-13.58744120267087,9.58726579250089,0.0003469369951042919,1000,1500
958.2970837126086,-11.496790306095093,9.587265792504942,0.0003469369951044385,1000,1500
958.3198852211399,-9.406084688874987,9.587265792504976,0.0003469369951044397,1000,1500
958.3381254669368,-7.3153343020285595,9.587265792500961,0.00034693699510429443,1000,1500
958.3518043631827,-5.22454909678563,9.58726579250473,0.0003469369951044309,1000,1500
958.3609218447707,-3.1337390245421695,9.587265792500926,0.0003469369951042932,1000,1500
958.365477868305,-1.0429140368124976,9.587265792504912,0.00034693699510443744,1000,1500
962.3901115263657,-32.55386742902205,9.587265792505267,0.0003469369951044503,1000,1500
962.4588426736041,-30.454182105311233,9.587265792501228,0.0003469369951043041,1000,1500
962.5229928581391,-28.3543518304958,9.587265792505063,0.00034693699510444286,1000,1500
962.5825617746385,-26.25438659902305,9.587265792501224,0.00034693699510430397,1000,1500
962.6375491395756,-24.15429640598262,9.587265792505107,0.0003469369951044445,1000,1500
962.6879546912298,-22.054091247058484,9.587265792505038,0.000346936995104442,1000,1500
962.7337781896886,-19.953781118483107,9.587265792501228,0.0003469369951043041,1000,1500
962.7750194168484,-17.85337601698729,9.587265792505177,0.000346936995104447,1000,1500
962.8116781764157,-15.75288593975386,9.587265792505256,0.0003469369951044499,1000,1500
962.8437542939078,-13.65232088437139,9.587265792501263,0.0003469369951043054,1000,1500
962.8712476166536,-11.55169084878404,9.58726579250505,0.0003469369951044424,1000,1500
962.8941580137947,-9.451005831245249,9.587265792505157,0.00034693699510444627,1000,1500
962.9124853762858,-7.350275830271437,9.587265792501295,0.0003469369951043065,1000,1500
962.9262296168952,-5.249510844591841,9.587265792505189,0.00034693699510444747,1000,1500
962.9353906702049,-3.148720873102647,9.587265792501245,0.00034693699510430473,1000,1500
962.9399684926118,-1.0479159148189587,9.587265792505143,0.0003469369951044458,1000,1500
966.9403723063974,-32.70780832658376,9.587265792504855,0.0003469369951044354,1000,1500
967.0094284714952,-30.598195515341356,9.587265792501064,0.00034693699510429817,1000,1500
967.0738820147153,-28.48843706754159,9.587265792505061,0.0003469369951044428,1000,1500
967.1337326292817,-26.378543024886337,9.587265792501086,0.00034693699510429893,1000,1500
967.1889800303268,-24.26852342972285,9.58726579250498,0.0003469369951044399,1000,1500
967.2396239548923,-22.15838832499555,9.587265792504983,0.00034693699510444,1000,1500
967.2856641619313,-20.048147754199906,9.587265792501064,0.00034693699510429817,1000,1500
967.3271004323087,-17.937811761332107,9.587265792504862,0.0003469369951044356,1000,1500
967.3639325688025,-15.827390390842499,9.587265792504784,0.0003469369951044328,1000,1500
967.396160396105,-13.7168936875891,9.587265792501015,0.0003469369951042964,1000,1500
967.4237837608226,-11.606331696787176,9.587265792504967,0.0003469369951044394,1000,1500
967.4468025314786,-9.495714463962758,9.587265792504766,0.0003469369951044321,1000,1500
967.4652165985115,-7.385052034906085,9.587265792500872,0.00034693699510429123,1000,1500
967.4790258742767,-5.2743544556212285,9.587265792504967,0.0003469369951044394,1000,1500
967.4882302930472,-3.1636317722799996,9.587265792501032,0.00034693699510429703,1000,1500
967.492829811013,-1.0528940311736843,9.58726579250485,0.00034693699510443516,1000,1500
971.4693199066296,-32.861028064139575,9.587265792505153,0.00034693699510444616,1000,1500
971.5386995669826,-30.741534265190122,9.5872657925012,0.00034693699510430305,1000,1500
971.6034550477341,-28.621894147441704,9.58726579250494,0.00034693699510443847,1000,1500
971.6635860406708,-26.50211779962944,9.587265792501139,0.0003469369951043009,1000,1500
971.7190922595908,-24.382215311136846,9.587265792505125,0.00034693699510444513,1000,1500
971.7699734403038,-22.2621967719474,9.587265792505026,0.00034693699510444156,1000,1500
971.8162293406335,-20.14207227259824,9.587265792501078,0.0003469369951042987,1000,1500
971.8578597404186,-18.021851904129523,9.587265792505114,0.00034693699510444475,1000,1500
971.8948644415129,-15.90154575803773,9.587265792505143,0.0003469369951044458,1000,1500
971.9272432677869,-13.7811639262289,9.587265792501114,0.00034693699510429996,1000,1500
971.9549960651293,-11.660716500968007,9.587265792504976,0.0003469369951044397,1000,1500
971.9781227014464,-9.54021357483224,9.587265792505058,0.0003469369951044427,1000,1500
971.9966230666638,-7.419665240664237,9.587265792501167,0.0003469369951043019,1000,1500
972.010497072726,-5.299081591521469,9.587265792505033,0.0003469369951044418,1000,1500
972.019744653598,-3.178472720629932,9.587265792501192,0.00034693699510430283,1000,1500
972.0243657652643,-1.057848721335658,9.587265792505086,0.0003469369951044437,1000,1500
975.9772510465064,-33.013536683093164,9.58726579250505,0.0003469369951044424,1000,1500
976.0469527007111,-30.884207748896426,9.58726579250109,0.0003469369951042991,1000,1500
976.1120087176284,-28.75473181682554,9.587265792505082,0.00034693699510444356,1000,1500
976.1724187876148,-26.625119022430624,9.587265792501222,0.0003469369951043039,1000,1500
976.2281826231399,-24.495379501913185,9.587265792505058,0.0003469369951044427,1000,1500
976.2792999587873,-22.365523392077485,9.587265792505008,0.0003469369951044409,1000,1500
976.3257705512566,-20.235560830284008,9.587265792501091,0.00034693699510429915,1000,1500
976.3675941793646,-18.105501954398605,9.587265792505018,0.0003469369951044413,1000,1500
976.4047706440456,-15.97535690274555,9.587265792505026,0.00034693699510444156,1000,1500
976.4372997683524,-13.845135814060596,9.587265792501139,0.0003469369951043009,1000,1500
976.4651813974583,-11.714848827440083,9.587265792505026,0.00034693699510444156,1000,1500
976.4884153986568,-9.58450608229402,9.587265792505018,0.0003469369951044413,1000,1500
976.5070016613618,-7.4541177182990985,9.587265792501093,0.0003469369951042992,1000,1500
976.5209400971096,-5.323693875347841,9.587265792504951,0.00034693699510443885,1000,1500
976.5302306395581,-3.1932446935020713,9.587265792501015,0.0003469369951042964,1000,1500
976.5348732444877,-1.0627803129442146,9.587265792504994,0.00034693699510444036,1000,1500
980.4644556237486,-33.16534399395728,9.587265792504928,0.000346936995104438,1000,1500
980.5344777911148,-31.02622514449144,9.587265792501128,0.0003469369951043005,1000,1500
980.5998329621661,-28.886958621199028,9.5872657925051,0.0003469369951044442,1000,1500
980.660520825835,-26.747554606229897,9.587265792501178,0.0003469369951043023,1000,1500
980.7165410932685,-24.608023282388295,9.587265792505116,0.0003469369951044448,1000,1500
980.7678934978302,-22.46837483308399,9.587265792505233,0.00034693699510444904,1000,1500
980.8145777951008,-20.32861944228553,9.587265792501384,0.00034693699510430977,1000,1500
980.8565937628796,-18.18876729446916,9.587265792505173,0.00034693699510444687,1000,1500
980.8939412011857,-16.04882857457165,9.58726579250511,0.0003469369951044446,1000,1500
980.9266199322583,-13.90881346794315,9.587265792501213,0.0003469369951043036,1000,1500
980.9546298005582,-11.768732160296045,9.587265792505136,0.0003469369951044455,1000,1500
980.9779706727686,-9.628594837657833,9.587265792505168,0.00034693699510444665,1000,1500
980.9966424377951,-7.488411686323929,9.587265792501277,0.0003469369951043059,1000,1500
981.0106450067667,-5.348192892806566,9.587265792505189,0.00034693699510444747,1000,1500
981.0199783130361,-3.2079486437880567,9.58726579250125,0.00034693699510430495,1000,1500
981.02464231218,-1.0676891260718722,9.587265792505118,0.00034693699510444486,1000,1500
984.9312169319287,-33.31645958371888,9.587265792505008,0.0003469369951044409,1000,1500
985.0015581520078,-31.167595420889118,9.587265792501135,0.00034693699510430077,1000,1500
985.0672111140539,-29.018582911360408,9.587265792504958,0.00034693699510443906,1000,1500
985.128175505582,-26.869432283670044,9.587265792501018,0.0003469369951042965,1000,1500
985.1844510364233,-24.72015376701269,9.587265792504873,0.000346936995104436,1000,1500
985.2360374387263,-22.570757591191303,9.587265792504855,0.0003469369951044354,1000,1500
985.2829344669578,-20.42125398657015,9.587265792500919,0.0003469369951042929,1000,1500
985.3251418979048,-18.271653184023513,9.587265792504926,0.0003469369951044379,1000,1500
985.3626595306748,-16.1219654148883,9.587265792505054,0.0003469369951044426,1000,1500
985.3954871866973,-13.97220091091668,9.587265792501068,0.00034693699510429833,1000,1500
985.423624709724,-11.82236990422471,9.587265792504935,0.00034693699510443825,1000,1500
985.4470719658307,-9.672482627244996,9.587265792504986,0.0003469369951044401,1000,1500
985.4658288434164,-7.522549312679283,9.58726579250101,0.00034693699510429616,1000,1500
985.4798952532053,-5.372580193447114,9.587265792504812,0.0003469369951044338,1000,1500
985.489271128246,-3.2225855026389008,9.587265792500938,0.0003469369951042936,1000,1500
985.4939564239129,-1.0725754734667552,9.587265792504907,0.0003469369951044372,1000,1500
989.3778118692037,-33.466892822905066,9.58726579250516,0.00034693699510444644,1000,1500
989.4484707013312,-31.30832734449665,9.587265792501187,0.0003469369951043026,1000,1500
989.5144201096991,-29.149612849555254,9.587265792505036,0.00034693699510444194,1000,1500
989.5756597804118,-26.990759612796175,9.587265792501109,0.0003469369951042998,1000,1500
989.63218942199,-24.83177790959506,9.587265792504983,0.00034693699510444,1000,1500
989.6840087653729,-22.67267801593858,9.587265792505047,0.0003469369951044423,1000,1500
989.7311175639186,-20.513470208377264,9.587265792501237,0.0003469369951043044,1000,1500
989.7735155934058,-18.35416476397396,9.587265792505082,0.00034693699510444356,1000,1500
989.8112026520353,-16.194771960256226,9.587265792505015,0.0003469369951044411,1000,1500
989.8441785604298,-14.035302075168751,9.58726579250106,0.00034693699510429806,1000,1500
989.8724431616356,-11.87576538702177,9.587265792505075,0.00034693699510444335,1000,1500
989.8959963211234,-9.716172174443486,9.587265792505152,0.0003469369951044461,1000,1500
989.9148379267886,-7.556532716332452,9.587265792501206,0.0003469369951043033,1000,1500
989.9289678889515,-5.396857291806018,9.587265792505185,0.0003469369951044473,1000,1500
989.938386140359,-3.2371561801531623,9.587265792501258,0.00034693699510430516,1000,1500
989.943092636183,-1.0774396607851178,9.587265792505079,0.00034693699510444345,1000,1500
993.8045111386409,-33.61665287236424,9.58726579250479,0.000346936995104433,1000,1500
993.8754861614939,-31.448429485558652,9.587265792500947,0.00034693699510429394,1000,1500
993.9417306895641,-29.280056415383587,9.587265792504843,0.0003469369951044349,1000,1500
994.0032444075509,-27.111543982525728,9.587265792500938,0.0003469369951042936,1000,1500
994.0600270226712,-24.942902508335077,9.587265792504946,0.00034693699510443863,1000,1500
994.1120782646594,-22.774142314775386,9.587265792504839,0.0003469369951044348,1000,1500
994.1593978857704,-20.60527372437679,9.587265792500844,0.0003469369951042902,1000,1500
994.2019856607794,-18.436307060184028,9.58726579250488,0.00034693699510443624,1000,1500
994.2398413869839,-16.267252645708652,9.58726579250487,0.00034693699510443586,1000,1500
994.2729648842037,-14.098120804881173,9.587265792501013,0.00034693699510429633,1000,1500
994.3013559947831,-11.928921861999317,9.587265792504853,0.0003469369951044353,1000,1500
994.3250145835902,-9.759666141680192,9.587265792504711,0.00034693699510443017,1000,1500
994.3439405380188,-7.590363968812463,9.587265792500826,0.00034693699510428955,1000,1500
994.3581337679877,-5.421025668504573,9.587265792504828,0.0003469369951044344,1000,1500
994.3675942059425,-3.2516615660373587,9.58726579250093,0.0003469369951042933,1000,1500
994.3723218068546,-1.0822819868144649,9.587265792504823,0.0003469369951044342,1000,1500
998.2115794405483,-33.7657486897767,9.58726579250509,0.00034693699510444383,1000,1500
998.2828692517166,-31.587910224248056,9.587265792501174,0.0003469369951043022,1000,1500
998.349407590522,-29.409921411471093,9.587265792505216,0.0003469369951044484,1000,1500
998.4111941402655,-27.231792617900027,9.587265792501356,0.00034693699510430874,1000,1500
998.4682286068651,-25.053534210655307,9.587265792505079,0.00034693699510444345,1000,1500
998.5205107188567,-22.87515655747389,9.587265792505127,0.0003469369951044452,1000,1500
998.5680402273961,-20.696670026661604,9.587265792501228,0.0003469369951043041,1000,1500
998.61081690626,-18.51808498704117,9.58726579250505,0.0003469369951044424,1000,1500
998.6488405518463,-16.33941180790419,9.587265792504997,0.0003469369951044405,1000,1500
998.682110983176,-14.160660858963105,9.58726579250117,0.000346936995104302,1000,1500
998.7106280418936,-11.981842510299163,9.587265792505132,0.0003469369951044454,1000,1500
998.7343915922681,-9.802967132314434,9.587265792505153,0.00034693699510444616,1000,1500
998.7534015211934,-7.624045095683747,9.58726579250124,0.00034693699510430457,1000,1500
998.767657738189,-5.44508677130268,9.587265792505114,0.00034693699510444475,1000,1500
998.7771601754002,-3.266102530239977,9.58726579250134,0.00034693699510430815,1000,1500
998.781908787599,-1.0871027436877256,9.587265792505276,0.0003469369951044506,1000,1500
1002.5992756571941,-33.91418903590745,9.587265792505068,0.0003447355363435221,1003.1727068487727,1500
1002.6708788727647,-31.726777756515983,9.587265792501187,0.00034473553634338256,1003.1727068487727,1500
1002.7377097306028,-29.539215468915998,9.58726579250498,0.0003447355363435189,1003.1727068487727,1500
1002.7997679126172,-27.351512585128056,9.587265792500991,0.0003447355363433756,1003.1727068487726,1500
1002.8570531234334,-25.163679517841885,9.587265792504933,0.0003447355363435172,1003.1727068487727,1500
1002.9095650903937,-22.97572668036642,9.58726579250499,0.0003447355363435193,1003.1727068487727,1500
1002.9573035635599,-20.787664486581974,9.587265792501098,0.00034473553634337936,1003.1727068487727,1500
1003.0002683157138,-18.599503350888035,9.587265792505082,0.00034473553634352264,1003.1727068487727,1500
1003.0384591423584,-16.411253688155007,9.587265792505116,0.00034473553634352383,1003.1727068487727,1500
1003.071875861719,-14.222925913676008,9.58726579250109,0.000344735536343379,1003.1727068487728,1500
1003.1005183147436,-12.03453044311458,9.587265792504999,0.00034473553634351966,1003.1727068487726,1500
1003.1243863651046,-9.84607769245649,9.5872657925051,0.00034473553634352334,1003.1727068487726,1500
1003.1434798991984,-7.657578077961471,9.587265792501235,0.00034473553634338435,1003.1727068487726,1500
1003.1577988261466,-5.469042016110971,9.587265792505027,0.00034473553634352063,1003.1727068487727,1500
1003.1673430777962,-3.2804799235603648,9.587265792501054,0.0003447355363433777,1003.1727068487728,1500
1003.1721126087198,-1.091902217088919,9.587265792504994,0.0003447355363435194,1003.1727068487727,1500
1006.9678530302824,-34.06198248061386,9.587265792505086,0.0003417025599400245,1007.5437835086503,1500
1007.0397682844356,-31.865040099712147,9.587265792501228,0.0003417025599398871,1007.5437835086502,1500
1007.1068903864925,-29.667946052522208,9.587265792505075,0.00034170255994002413,1007.5437835086503,1500
1007.1692190169756,-27.470710796432392,9.58726579250119,0.00034170255993988573,1007.5437835086502,1500
1007.226753879223,-25.273344789503142,9.587265792505178,0.00034170255994002787,1007.5437835086502,1500
1007.2794946993889,-23.0758584904168,9.587265792505166,0.0003417025599400274,1007.5437835086503,1500
1007.3274412264458,-20.87826235842958,9.58726579250127,0.00034170255993988855,1007.5437835086502,1500
1007.3705932321851,-18.680566853319135,9.587265792505086,0.0003417025599400246,1007.5437835086502,1500
1007.4089505112188,-16.482782435336084,9.587265792505077,0.0003417025599400243,1007.5437835086502,1500
1007.4425128809797,-14.28491956515559,9.587265792501237,0.0003417025599398874,1007.5437835086502,1500
1007.4712801817229,-12.08698870382488,9.587265792505114,0.00034170255994002554,1007.5437835086503,1500
1007.4952522765261,-9.889000312714796,9.587265792505129,0.00034170255994002614,1007.5437835086502,1500
1007.5144290512909,-7.690964853471332,9.587265792501153,0.0003417025599398843,1007.5437835086503,1500
1007.5288104147423,-5.492892787963179,9.587265792505018,0.00034170255994002223,1007.5437835086502,1500
1007.5383962984305,-3.2947945782337067,9.58726579250109,0.00034170255993988216,1007.5437835086502,1500
1007.5431866567299,-1.0966806864507155,9.587265792505022,0.00034170255994002223,1007.5437835086503,1500
1011.3175593315274,-34.209137408619625,9.58726579250489,0.00033868268517575856,1011.8959782974331,1500
1011.3897852761468,-32.002705097986706,9.58726579250102,0.0003386826851756219,1011.895978297433,1500
1011.4571973641321,-29.796120465828984,9.587265792505004,0.0003386826851757627,1011.895978297433,1500
1011.5197952746255,-27.589394014706645,9.587265792501242,0.00033868268517562976,1011.895978297433,1500
1011.5775787096833,-25.38253624785485,9.587265792505097,0.0003386826851757659,1011.8959782974331,1500
1011.6305473942766,-23.175557669133354,9.587265792504976,0.0003386826851757616,1011.8959782974331,1500
1011.6787010762935,-20.968468782978256,9.587265792500986,0.00033868268517562065,1011.8959782974331,1500
1011.7220395265393,-18.76128009434934,9.587265792504981,0.0003386826851757618,1011.895978297433,1500
1011.7605625387387,-16.55400210868142,9.587265792505026,0.0003386826851757634,1011.8959782974331,1500
1011.7942699295354,-14.346645331835681,9.587265792501,0.00033868268517562124,1011.895978297433,1500
1011.8231615384946,-12.13922027004697,9.58726579250493,0.00033868268517575997,1011.8959782974331,1500
1011.8472372281021,-9.931737429875149,9.587265792504986,0.000338682685175762,1011.8959782974331,1500
1011.8664968837664,-7.724207318156436,9.587265792501125,0.0003386826851756255,1011.8959782974331,1500
1011.8809404138183,-5.516640441950692,9.58726579250507,0.00033868268517576496,1011.895978297433,1500
1011.8905677495118,-3.3090473084932195,9.587265792501125,0.0003386826851756255,1011.8959782974331,1500
1011.895378845024,-1.1014384251442875,9.587265792504954,0.00033868268517576094,1011.895978297433,1500
1015.6486370266528,-34.355662025066174,9.587265792505008,0.00033567574371377894,1016.2295338196376,1500
1015.7211723309459,-32.1397804274838,9.587265792501139,0.0003356757437136435,1016.2295338196376,1500
1015.7888731627388,-29.923745855946684,9.587265792505079,0.00033567574371378144,1016.2295338196376,1500
1015.8517391997996,-27.707568857993365,9.587265792501052,0.00033567574371364044,1016.2295338196376,1500
1015.9097701429082,-25.49125998184025,9.587265792504976,0.00033567574371377764,1016.2295338196378,1500
1015.9629657158578,-23.27482977633102,9.587265792505034,0.0003356757437137797,1016.2295338196378,1500
1016.0113256654561,-21.058288790888177,9.587265792501174,0.0003356757437136448,1016.2295338196375,1500
1016.0548497615275,-18.841647575460136,9.587265792505058,0.0003356757437137807,1016.2295338196376,1500
1016.0935377969124,-16.62491668047239,9.587265792505043,0.0003356757437137801,1016.2295338196377,1500
1016.1273895874695,-14.408106656778612,9.58726579250115,0.0003356757437136439,1016.2295338196376,1500
1016.1564049720762,-12.191228055607757,9.587265792505056,0.0003356757437137806,1016.2295338196376,1500
1016.1805838126298,-9.974291428515182,9.587265792505029,0.0003356757437137796,1016.2295338196377,1500
1016.1999259940474,-7.757307327333775,9.58726579250116,0.00033567574371364423,1016.2295338196376,1500
1016.2144314242671,-5.540286304121034,9.587265792505114,0.0003356757437137827,1016.2295338196376,1500
1016.2241000342483,-3.323238911110649,9.587265792501164,0.0003356757437136443,1016.2295338196377,1500
1016.2289317779716,-1.106175700661809,9.587265792505018,0.00033567574371377927,1016.2295338196377,1500
1019.961323433123,-34.50156436085176,9.587265792505004,0.00033268157079139487,1020.5446875285735,1500
1020.0341667832531,-32.27627360133662,9.587265792501166,0.0003326815707912617,1020.5446875285735,1500
1020.1021551325591,-30.050829218207646,9.587265792504864,0.00033268157079139,1020.5446875285735,1500
1020.1652881574408,-27.825241803790732,9.587265792501018,0.0003326815707912565,1020.5446875285735,1500
1020.2235655574073,-25.59952195109255,9.587265792505008,0.000332681570791395,1020.5446875285735,1500
1020.2769870550787,-23.373680253749676,9.587265792504999,0.00033268157079139465,1020.5446875285735,1500
1020.3255523961877,-21.147727305979974,9.587265792501157,0.00033268157079126135,1020.5446875285735,1500
1020.3692613495806,-18.92167370252947,9.587265792505042,0.0003326815707913961,1020.5446875285735,1500
1020.4081137072183,-16.695530038623282,9.58726579250493,0.00033268157079139216,1020.5446875285736,1500
1020.442109284177,-14.469306909916526,9.587265792500954,0.00033268157079125425,1020.5446875285735,1500
1020.4712479186503,-12.243014912441195,9.58726579250489,0.00033268157079139086,1020.5446875285735,1500
1020.4955294719484,-10.016664642557071,9.587265792504926,0.00033268157079139205,1020.5446875285736,1500
1020.5149538284998,-7.790266696902649,9.587265792500975,0.000332681570791255,1020.5446875285736,1500
1020.5295208958512,-5.563831672341986,9.587265792504802,0.00033268157079138777,1020.5446875285735,1500
1020.5392306046688,-3.3373701659160755,9.587265792500954,0.00033268157079125425,1020.5446875285735,1500
1020.5440829087377,-1.1108927747919506,9.58726579250494,0.00033268157079139265,1020.5446875285734,1500
1024.2558508718953,-34.64685227776834,9.587265792505036,0.0003297000051148678,1024.8416718781823,1500
1024.3290009706243,-32.41219197447309,9.587265792500933,0.0003297000051147268,1024.841671878182,1500
1024.3972756266423,-30.177377400640772,9.587265792504919,0.0003297000051148637,1024.8416718781823,1500
1024.4606745149856,-27.942419193196052,9.587265792501043,0.00032970000511473057,1024.841671878182,1500
1024.5191973338983,-25.70732798974725,9.587265792504848,0.00032970000511486127,1024.8416718781823,1500
1024.5728438048322,-23.47211442853525,9.587265792504988,0.0003297000051148662,1024.841671878182,1500
1024.6216136724497,-21.23678914838467,9.587265792501228,0.00032970000511473675,1024.8416718781823,1500
1024.6655067046229,-19.001362788650507,9.587265792505004,0.0003297000051148668,1024.841671878182,1500
1024.704522692437,-16.76584598916887,9.587265792504997,0.00032970000511486653,1024.841671878182,1500
1024.7386614501895,-14.53024939020769,9.587265792501285,0.00032970000511473876,1024.8416718781823,1500
1024.767922815392,-12.294583632413342,9.587265792505068,0.00032970000511486886,1024.8416718781823,1500
1024.792306648771,-10.058859356761385,9.587265792504923,0.0003297000051148638,1024.8416718781823,1500
1024.8118128342678,-7.823087204507259,9.58726579250112,0.000329700005114733,1024.8416718781823,1500
1024.8264412790402,-5.587277817132916,9.587265792505207,0.00032970000511487363,1024.8416718781823,1500
1024.8361919134616,-3.351441836297994,9.587265792501409,0.00032970000511474315,1024.841671878182,1500
1024.841064691123,-1.1155899037886974,9.587265792505178,0.00032970000511487265,1024.8416718781823,1500
1028.53244681347,-34.791533473445185,9.587265792504937,0.0003267308887579812,1029.1207144691712,1500
1028.6059023798127,-32.547542748240936,9.587265792501134,0.00032673088875785156,1029.1207144691712,1500
1028.6744621469102,-30.303397108277935,9.587265792504962,0.00032673088875798215,1029.120714469171,1500
1028.7381257884426,-28.059107234893425,9.587265792500961,0.0003267308887578458,1029.120714469171,1500
1028.7968930013938,-25.814683810111145,9.587265792504857,0.00032673088875797846,1029.1207144691712,1500
1028.850763506052,-23.570137516590037,9.587265792504814,0.000326730888757977,1029.1207144691712,1500
1028.8997370460133,-21.325479037575224,9.58726579250086,0.00032673088875784223,1029.1207144691712,1500
1028.9438133881806,-19.080719056844416,9.587265792504802,0.00032673088875797657,1029.1207144691712,1500
1028.9829923227662,-16.83586825865844,9.587265792504839,0.000326730888757978,1029.120714469171,1500
1029.0172736632928,-14.590937327711757,9.587265792500904,0.00032673088875784375,1029.1207144691712,1500
1029.0466572465928,-12.345936949078853,9.58726579250477,0.0003267308887579755,1029.1207144691712,1500
1029.0711429328107,-10.100877808164762,9.587265792504798,0.00032673088875797657,1029.120714469171,1500
1029.0907306054041,-7.855770590655583,9.587265792500801,0.00032673088875784023,1029.1207144691712,1500
1029.1054201711418,-5.61062598246486,9.587265792504667,0.00032673088875797196,1029.1207144691712,1500
1029.115211560107,-3.3654546696845724,9.587265792500697,0.0003267308887578367,1029.1207144691712,1500
1029.120104725696,-1.1202673385337945,9.58726579250471,0.00032673088875797353,1029.120714469171,1500
1032.7913340184969,-34.93561548610838,9.587265792505002,0.00032377406706444805,1033.3820381897003,1500
1032.8650937873829,-32.682332974860316,9.58726579250094,0.000323774067064311,1033.3820381897,1500
1032.9339374847839,-30.428894907299835,9.587265792504947,0.00032377406706444637,1033.3820381897,1500
1032.997864783028,-28.175312008992833,9.58726579250131,0.00032377406706432337,1033.3820381897003,1500
1033.0568753778439,-25.921595006194558,9.587265792505278,0.0003237740670644574,1033.3820381897003,1500
1033.110968988362,-23.667754625798082,9.587265792505061,0.00032377406706445006,1033.3820381897003,1500
1033.1601453571159,-21.413801595285083,9.587265792501004,0.0003237740670643132,1033.3820381897,1500
1033.2044042500436,-19.159746642672044,9.58726579250491,0.0003237740670644451,1033.3820381897,1500
1033.2437454564888,-16.90560049646056,9.587265792505079,0.00032377406706445065,1033.3820381897003,1500
1033.2781687892007,-14.651373885587653,9.587265792501158,0.00032377406706431827,1033.3820381897003,1500
1033.3076740843367,-12.397077539371946,9.587265792505065,0.00032377406706445033,1033.3820381897,1500
1033.3322612014622,-10.142722187463981,9.587265792505113,0.0003237740670644519,1033.3820381897,1500
1033.3519300235512,-7.888318559796524,9.587265792501253,0.00032377406706432163,1033.3820381897,1500
1033.366680456987,-5.633877386530736,9.587265792505102,0.0003237740670644514,1033.3820381897003,1500
1033.3765124315628,-3.379409398006949,9.587265792501336,0.00032377406706432423,1033.3820381897003,1500
1033.3814259004816,-1.1249253246931135,9.58726579250526,0.00032377406706445694,1033.3820381897,1500
1037.0327306731824,-35.079105699164245,9.587265792505036,0.00032082938855386905,1037.6258613508678,1500
1037.1067933951313,-32.8165695617119,9.587265792501373,0.0003208293885537465,1037.6258613508678,1500
1037.1759198566092,-30.5538772290286,9.587265792505354,0.0003208293885538797,1037.6258613508678,1500
1037.240109728599,-28.291039470727267,9.58726579250127,0.000320829388553743,1037.6258613508678,1500
1037.2993627055794,-26.028067057112985,9.58726579250504,0.000320829388553869,1037.625861350868,1500
1037.353678505527,-23.764970759131305,9.587265792505045,0.0003208293885538693,1037.6258613508678,1500
1037.403056869918,-21.501761348318794,9.58726579250131,0.00032082938855374437,1037.6258613508678,1500
1037.447497563729,-19.238449596749017,9.587265792505477,0.0003208293885538838,1037.6258613508678,1500
1037.4870003754384,-16.97504627698265,9.58726579250524,0.0003208293885538757,1037.625861350868,1500
1037.521565117026,-14.711562162017579,9.587265792501176,0.00032082938855373987,1037.6258613508678,1500
1037.5511916239766,-12.44800802523486,9.587265792505324,0.0003208293885538788,1037.6258613508676,1500
1037.5758797552785,-10.184394640348831,9.587265792505296,0.00032082938855387756,1037.625861350868,1500
1037.5956293934246,-7.920732781357222,9.58726579250122,0.0003208293885537412,1037.625861350868,1500
1037.6104404444136,-5.657033222487083,9.58726579250501,0.0003208293885538682,1037.6258613508678,1500
1037.6203128377506,-3.3933067381453794,9.587265792500975,0.000320829388553733,1037.625861350868,1500
1037.625246526446,-1.1295641028672176,9.587265792504951,0.0003208293885538662,1037.6258613508678,1500
1041.256850519736,-35.2220113456147,9.587265792505175,0.00031789670483119603,1041.8523978172293,1500
1041.3312149605376,-32.950259275467616,9.5872657925011,0.0003178967048310611,1041.852397817229,1500
1041.4006230341204,-30.678350373773956,9.587265792505015,0.0003178967048311907,1041.8523978172293,1500
1041.4650744101261,-28.40629545401424,9.587265792501139,0.0003178967048310622,1041.8523978172293,1500
1041.5245687817892,-26.134105330363987,9.587265792504866,0.0003178967048311856,1041.8523978172295,1500
1041.5791058659372,-23.861790817641754,9.58726579250498,0.00031789670483118953,1041.8523978172293,1500
1041.6286854029936,-21.589362731259563,9.587265792501125,0.0003178967048310616,1041.8523978172295,1500
1041.6733071569768,-19.316831887168597,9.587265792505109,0.0003178967048311937,1041.8523978172295,1500
1041.7129709155033,-17.04420910180913,9.58726579250521,0.00031789670483119717,1041.8523978172293,1500
1041.7476764897876,-14.771505192060452,9.587265792501134,0.000317896704831062,1041.8523978172293,1500
1041.7774237146436,-12.498730975186566,9.587265792504923,0.00031789670483118763,1041.8523978172293,1500
1041.802212448485,-10.22589726878612,9.587265792505079,0.0003178967048311929,1041.8523978172293,1500
1041.8220425733264,-7.953014890742301,9.587265792501189,0.00031789670483106387,1041.8523978172293,1500
1041.8369139947831,-5.680094659168566,9.587265792505242,0.00031789670483119826,1041.8523978172293,1500
1041.8468266420728,-3.407147392359005,9.58726579250148,0.00031789670483107336,1041.8523978172295,1500
1041.851780468014,-1.1341839087363823,9.587265792505256,0.0003178967048311987,1041.8523978172293,1500
1045.4639029820673,-35.364339512312135,9.587265792504839,0.00031497587049942813,1046.0618571325692,1500
1045.538567922475,-33.08340874607124,9.587265792501146,0.00031497587049930675,1046.0618571325692,1500
1045.6082564701558,-30.802320514539517,9.587265792504903,0.00031497587049943035,1046.061857132569,1500
1045.672968293417,-28.521085674887843,9.587265792500865,0.00031497587049929754,1046.0618571325692,1500
1045.732703084253,-26.23971508498489,9.587265792505033,0.00031497587049943447,1046.0618571325692,1500
1045.7874605583477,-23.958219603344993,9.587265792505216,0.00031497587049944043,1046.0618571325692,1500
1045.8372404550746,-21.67661008907832,9.58726579250102,0.00031497587049930274,1046.061857132569,1500
1045.8820425374995,-19.394897401836396,9.587265792504574,0.00031497587049941945,1046.0618571325692,1500
1045.9218665923802,-17.11309240176181,9.587265792504837,0.0003149758704994279,1046.0618571325695,1500
1045.956712430168,-14.83120594943794,9.58726579250116,0.00031497587049930724,1046.0618571325692,1500
1045.9865798850092,-12.549248905834432,9.587265792504985,0.00031497587049943306,1046.061857132569,1500
1046.011468814746,-10.26723213225693,9.587265792504944,0.0003149758704994315,1046.0618571325692,1500
1046.0313791009148,-7.985166490296772,9.587265792501189,0.00031497587049930816,1046.0618571325692,1500
1046.0463106487505,-5.703062841776484,9.587265792505029,0.00031497587049943447,1046.061857132569,1500
1046.0562633871841,-3.420932048699971,9.58726579250095,0.00031497587049930035,1046.0618571325692,1500
1046.0612372688438,-1.1387849732003201,9.587265792504876,0.0003149758704994293,1046.0618571325692,1500
1049.6540932869539,-35.506097144060604,9.587265792505027,0.00031206674307556533,1050.2544446411357,1500
1049.7290575223833,-33.21602447057529,9.587265792501178,0.0003120667430754399,1050.254444641136,1500
1049.7990254198417,-30.92579370059534,9.587265792505178,0.00031206674307556994,1050.2544446411362,1500
1049.8639966463065,-28.635415734806866,9.587265792501388,0.00031206674307544656,1050.2544446411362,1500
1049.923970892538,-26.344901474596583,9.587265792505086,0.0003120667430755671,1050.254444641136,1500
1049.97894787308,-24.05426182199945,9.587265792504901,0.00031206674307556094,1050.2544446411362,1500
1050.0289273262613,-21.763507679648647,9.587265792501242,0.00031206674307544195,1050.254444641136,1500
1050.0739090141979,-19.47264995072088,9.587265792505384,0.0003120667430755766,1050.2544446411362,1500
1050.1138927227926,-17.181699538885905,9.587265792505187,0.00031206674307557026,1050.2544446411362,1500
1050.148878261737,-14.890667348256002,9.587265792501158,0.0003120667430754391,1050.2544446411362,1500
1050.1788654645127,-12.599564283331299,9.587265792505105,0.00031206674307556777,1050.254444641136,1500
1050.2038541883912,-10.30840124894925,9.587265792504915,0.00031206674307556154,1050.254444641136,1500
1050.223844314435,-8.017189150234152,9.587265792501046,0.0003120667430754356,1050.254444641136,1500
1050.238835747498,-5.725938892542425,9.587265792504986,0.0003120667430755638,1050.254444641136,1500
1050.2488284162264,-3.4346613814125817,9.587265792500947,0.0003120667430754322,1050.2544446411362,1500
1050.2538222730586,-1.1433675225128486,9.58726579250494,0.00031206674307556235,1050.254444641136,1500
1053.8276225808684,-35.64729104757036,9.587265792505047,0.00030916918290938944,1054.4303616045374,1500
1053.9028849211063,-33.34811281684064,9.58726579250082,0.0003091691829092531,1054.4303616045374,1500
1053.9731310574352,-31.048775860922596,9.587265792504493,0.0003091691829093717,1054.4303616045372,1500
1054.0383606555083,-28.749291123844582,9.587265792500652,0.00030916918290924784,1054.4303616045372,1500
1054.0985734048563,-26.449669550338292,9.587265792504848,0.00030916918290938304,1054.4303616045374,1500
1054.1537690188875,-24.149922085786272,9.587265792505026,0.00030916918290938873,1054.4303616045374,1500
1054.2039472348902,-21.850059676171657,9.58726579250099,0.0003091691829092586,1054.4303616045374,1500
1054.2491078140342,-19.55009326802328,9.587265792504795,0.0003091691829093813,1054.4303616045374,1500
1054.289250541371,-17.250033808364968,9.587265792504617,0.00030916918290937556,1054.4303616045374,1500
1054.3243752258354,-14.949892244664849,9.587265792500641,0.0003091691829092475,1054.4303616045372,1500
1054.3544817002464,-12.649679524780426,9.5872657925046,0.0003091691829093753,1054.430361604537,1500
1054.3795698213082,-10.349406596907885,9.58726579250498,0.0003091691829093874,1054.4303616045372,1500
1054.39963946961,-8.049084409531384,9.587265792501032,0.00030916918290926,1054.4303616045374,1500
1054.4146905496273,-5.748723911368133,9.587265792504738,0.0003091691829093795,1054.4303616045374,1500
1054.424722989722,-3.448336051318159,9.587265792501112,0.0003091691829092627,1054.4303616045372,1500
1054.429736742144,-1.1479317784117162,9.587265792504958,0.0003091691829093867,1054.4303616045372,1500
1057.9846880426594,-35.78792789527188,9.587265792504883,0.00030628305310531325,1058.5898053144856,1500
1058.0602473115805,-33.47968002710469,9.587265792501059,0.0003062830531051912,1058.5898053144854,1500
1058.1307705890224,-31.17127280753595,9.587265792505145,0.00030628305310532176,1058.5898053144854,1500
1058.1962575393193,-28.86271722376521,9.587265792501302,0.00030628305310519886,1058.5898053144856,1500
1058.2567078507764,-26.554024263698196,9.587265792504956,0.0003062830531053156,1058.5898053144856,1500
1058.3121212356714,-24.24520491589403,9.587265792504825,0.00030628305310531157,1058.5898053144854,1500
1058.362497430257,-21.936270169514795,9.587265792500979,0.0003062830531051885,1058.5898053144856,1500
1058.4078361947595,-19.62723101427043,9.587265792504805,0.0003062830531053107,1058.5898053144856,1500
1058.448137313383,-17.318098440367812,9.587265792504905,0.00030628305310531395,1058.5898053144856,1500
1058.4834005943085,-15.00888343845989,9.587265792501153,0.00030628305310519404,1058.5898053144856,1500
1058.5136258696948,-12.699596999590504,9.587265792505086,0.00030628305310531986,1058.5898053144854,1500
1058.538812995681,-10.390250115143523,9.587265792505022,0.00030628305310531764,1058.5898053144856,1500
1058.5589618523848,-8.080853776791924,9.587265792500924,0.0003062830531051868,1058.5898053144856,1500
1058.5740723439048,-5.771418976442657,9.58726579250476,0.0003062830531053095,1058.5898053144854,1500
1058.5841443983209,-3.4619567061862067,9.587265792500816,0.0003062830531051833,1058.5898053144856,1500
1058.589177967693,-1.1524779582438012,9.587265792504793,0.0003062830531053103,1058.5898053144856,1500
1062.1254829922632,-35.92801422899551,9.587265792505143,0.00030340821944690023,1062.732969201571,1500
1062.2013380275544,-33.610732221423916,9.587265792501423,0.00030340821944678243,1062.732969201571,1500
1062.2721373612435,-31.29329023868881,9.587265792505427,0.00030340821944690923,1062.732969201571,1500
1062.3378806563505,-28.975699310992013,9.587265792501405,0.00030340821944678173,1062.7329692015712,1500
1062.3985675999606,-26.657970469244283,9.58726579250552,0.0003034082194469121,1062.732969201571,1500
1062.4541979032258,-24.34011474501233,9.587265792505537,0.0003034082194469127,1062.732969201571,1500
1062.5047713013653,-22.022143170468187,9.587265792501437,0.0003034082194467829,1062.732969201571,1500
1062.5502875536679,-19.70406677833389,9.587265792505551,0.00030340821944691313,1062.732969201571,1500
1062.5907464434922,-17.385896601830353,9.587265792505427,0.00030340821944690923,1062.732969201571,1500
1062.6261477782682,-15.067643674626318,9.587265792501274,0.00030340821944677777,1062.732969201571,1500
1062.6564913894981,-12.749319030782932,9.587265792505255,0.00030340821944690376,1062.732969201571,1500
1062.6817771327574,-10.43093370470272,9.587265792505324,0.0003034082194469059,1062.732969201571,1500
1062.7020048876946,-8.112498731078439,9.587265792501437,0.0003034082194467829,1062.732969201571,1500
1062.7171745580326,-5.794025144837729,9.587265792505574,0.00030340821944691384,1062.732969201571,1500
1062.7272860715698,-3.475523981092493,9.587265792501832,0.00030340821944679544,1062.732969201571,1500
1062.7323393801785,-1.1570062750858858,9.587265792505551,0.00030340821944691313,1062.732969201571,1500
1066.2501969956138,-36.06755646352252,9.587265792505107,0.00030054455032396774,1066.8600429402325,1500
1066.3263466485057,-33.74127540099593,9.587265792501125,0.00030054455032384273,1066.8600429402327,1500
1066.3974209662172,-31.414833741966582,9.58726579250489,0.0003005445503239609,1066.8600429402325,1500
1066.46341961046,-29.088242559471585,9.587265792501007,0.00030054455032383926,1066.8600429402325,1500
1066.5243422671042,-26.76151292725971,9.58726579250476,0.00030054455032395673,1066.8600429402327,1500
1066.580188646179,-24.434655919738233,9.587265792504589,0.0003005445503239515,1066.8600429402325,1500
1066.630958481876,-22.10768261192212,9.587265792500785,0.0003005445503238321,1066.8600429402327,1500
1066.6766515325485,-19.780604079378445,9.587265792504853,0.00030054455032395966,1066.8600429402327,1500
1066.7172675807137,-17.453431398175134,9.587265792505011,0.0003005445503239647,1066.8600429402325,1500
1066.752806433054,-15.126175644829637,9.587265792501295,0.0003005445503238481,1066.8600429402327,1500
1066.7832679204166,-12.798847896253381,9.587265792505015,0.00030054455032396487,1066.8600429402325,1500
1066.8086518978162,-10.471459229700464,9.587265792504892,0.00030054455032396085,1066.8600429402327,1500
1066.8289582444334,-8.144020722716355,9.587265792501139,0.00030054455032384316,1066.8600429402327,1500
1066.8441868636176,-5.816543453082317,9.587265792505026,0.00030054455032396503,1066.8600429402327,1500
1066.8543376828861,-3.489038498764593,9.587265792501018,0.00030054455032383926,1066.860042940233,1500
1066.859410653924,-1.161516937861189,9.587265792504898,0.00030054455032396096,1066.8600429402327,1500
1070.359015965916,-36.206560890012945,9.58726579250473,0.00029769191666234,1070.971212550088,1500
1070.4354591009212,-33.8713154513664,9.587265792501093,0.0002976919166622271,1070.971212550088,1500
1070.5068073428286,-31.535908797272594,9.587265792504885,0.0002976919166623448,1070.971212550088,1500
1070.5730603520458,-29.200352043438812,9.587265792500926,0.00029769191666222187,1070.971212550088,1500
1070.6342178132318,-26.86465630628678,9.587265792505024,0.0002976919166623493,1070.9712125500878,1500
1070.690279435299,-24.528832702899244,9.587265792505143,0.0002976919166623528,1070.971212550088,1500
1070.741244951414,-22.19289235096899,9.58726579250116,0.00029769191666222913,1070.971212550088,1500
1070.787114118999,-19.856846368743035,9.587265792504947,0.00029769191666234677,1070.971212550088,1500
1070.8278867197328,-17.520705874971192,9.587265792504923,0.0002976919166623458,1070.9712125500882,1500
1070.863562559552,-15.184481988854522,9.587265792500766,0.0002976919166622171,1070.9712125500878,1500
1070.8941414686533,-12.848185829989575,9.587265792504873,0.00029769191666234444,1070.971212550088,1500
1070.919623301491,-10.511828518316898,9.587265792504898,0.0002976919166623454,1070.9712125500878,1500
1070.940007936781,-8.175421174069537,9.587265792500872,0.0002976919166622201,1070.9712125500882,1500
1070.9552952774995,-5.838974917717237,9.587265792504954,0.000297691916662347,1070.971212550088,1500
1070.9654852508843,-3.502500869915436,9.587265792500972,0.00029769191666222333,1070.971212550088,1500
1070.9705778084349,-1.1660101514518424,9.58726579250488,0.0002976919166623445,1070.9712125500882,1500
1074.4521222614298,-36.34503367931542,9.58726579250536,0.00029485019185597944,1075.0666604937767,1500
1074.528857756091,-34.000858145525605,9.587265792501134,0.00029485019185584933,1075.066660493777,1500
1074.600478874528,-31.656520779711244,9.587265792505047,0.0002948501918559697,1075.066660493777,1500
1074.6669852758505,-29.312032740086664,9.587265792501162,0.00029485019185585036,1075.0666604937767,1500
1074.7283766435116,-26.96740518558332,9.587265792504919,0.0002948501918559659,1075.0666604937767,1500
1074.78465268531,-24.622649275796256,9.587265792504958,0.0002948501918559671,1075.0666604937767,1500
1074.8358131333916,-22.277776170932867,9.587265792501096,0.00029485019185584836,1075.0666604937767,1500
1074.881857744251,-19.932797031756905,9.587265792504919,0.0002948501918559657,1075.066660493777,1500
1074.922786298732,-17.587723019536835,9.587265792504809,0.0002948501918559625,1075.0666604937767,1500
1074.9585986020293,-15.242565295994098,9.587265792501022,0.000294850191855846,1075.0666604937767,1500
1074.9892944836888,-12.897335023247148,9.58726579250493,0.0002948501918559664,1075.0666604937765,1500
1075.0148737976097,-10.55204336375974,9.587265792505061,0.0002948501918559702,1075.0666604937767,1500
1075.035336422043,-8.206701480289249,9.58726579250131,0.0002948501918558547,1075.066660493777,1500
1075.0506822595935,-5.861320535830657,9.587265792504898,0.00029485019185596524,1075.0666604937767,1500
1075.0609112372213,-3.515911693565349,9.587265792500908,0.0002948501918558424,1075.066660493777,1500
1075.0660233062395,-1.1704861168074843,9.587265792504962,0.00029485019185596724,1075.0666604937767,1500
1078.5296947799197,-36.48298088516393,9.587265792504954,0.0002920192517012672,1079.146565771459,1500
1078.6067215245594,-34.12990914689905,9.587265792501094,0.0002920192517011498,1079.1465657714589,1500
1078.6786144837904,-31.77667496237263,9.587265792504944,0.0002920192517012669,1079.146565771459,1500
1078.7453733154275,-29.423289532144693,9.587265792501288,0.0002920192517011558,1079.1465657714587,1500
1078.806997701723,-27.069764057495135,9.58726579250532,0.00029201925170127855,1079.1465657714589,1500
1078.863487349366,-24.71610974036993,9.58726579250521,0.00029201925170127514,1079.1465657714589,1500
1078.9148419894864,-22.362337783329735,9.587265792501263,0.0002920192517011548,1079.146565771459,1500
1078.9610613776536,-20.008459389493694,9.587265792505177,0.0002920192517012741,1079.1465657714589,1500
1079.0021452938804,-17.654485762487553,9.587265792505384,0.0002920192517012803,1079.146565771459,1500
1079.0380935426215,-15.300428106391777,9.587265792501455,0.00029201925170116064,1079.146565771459,1500
1079.0689059527758,-12.946297625685329,9.587265792505114,0.00029201925170127237,1079.1465657714587,1500
1079.094582377688,-10.592105525193805,9.587265792505079,0.0002920192517012712,1079.1465657714589,1500
1079.115122695147,-8.237863010037518,9.587265792501087,0.0002920192517011494,1079.146565771459,1500
1079.1305268073875,-5.883581285575303,9.587265792505118,0.00029201925170127253,1079.1465657714587,1500
1079.1407946410923,-3.529271557353099,9.587265792501363,0.000292019251701158,1079.1465657714589,1500
1079.14592614739,-1.174945031050125,9.587265792505148,0.0002920192517012733,1079.1465657714589,1500
1082.5919090498949,-36.620408447266215,9.5872657925051,0.00028919897433387265,1083.2111040121129,1500
1082.6692259473775,-34.25847401223683,9.587265792501302,0.00028919897433375805,1083.2111040121129,1500
1082.741389723371,-31.896376519022756,9.587265792505221,0.00028919897433387644,1083.2111040121126,1500
1082.8084000344022,-29.534127210370215,9.587265792501213,0.0002891989743337554,1083.2111040121129,1500
1082.8702565615254,-27.171737329748016,9.587265792505082,0.0002891989743338721,1083.2111040121129,1500
1082.9269590103254,-24.809218121293565,9.587265792505168,0.0002891989743338745,1083.211104012113,1500
1082.9785071109184,-22.446580829761256,9.587265792501345,0.00028919897433375935,1083.2111040121129,1500
1083.0249006179542,-20.08383670046608,9.587265792505205,0.00028919897433387563,1083.211104012113,1500
1083.066139310616,-17.720996979231543,9.587265792505072,0.0002891989743338716,1083.211104012113,1500
1083.102222992622,-15.358072912337569,9.587265792501226,0.00028919897433375593,1083.2111040121126,1500
1083.1331514922272,-12.995075746464094,9.587265792505294,0.0002891989743338785,1083.2111040121129,1500
1083.1589246622225,-10.63201672863899,9.587265792505127,0.00028919897433387346,1083.2111040121129,1500
1083.179542379937,-8.268907106185951,9.587265792501224,0.0002891989743337557,1083.2111040121129,1500
1083.1950045472374,-5.9057581266681005,9.587265792505223,0.00028919897433387633,1083.2111040121129,1500
1083.2053110905294,-3.542581037836361,9.587265792501286,0.00028919897433375756,1083.2111040121129,1500
1083.2104619607576,-1.1793870875754473,9.587265792505253,0.00028919897433387726,1083.2111040121129,1500
1086.6389373187858,-36.75732219428817,9.58726579250457,0.0002863892401673378,1087.2604475617582,1500
1086.7165432842814,-34.38655819440569,9.58726579250059,0.0002863892401672189,1087.2604475617582,1500
1086.7889768644932,-32.01563052670324,9.587265792504613,0.00028638924016733926,1087.260447561758,1500
1086.8562377146636,-29.644550475955548,9.587265792500677,0.00028638924016722135,1087.2604475617584,1500
1086.918325514654,-27.273329327662616,9.587265792504343,0.000286389240167331,1087.2604475617582,1500
1086.9752399689492,-24.90197836799556,9.587265792504382,0.00028638924016733216,1087.2604475617582,1500
1087.0269808066562,-22.530508883744776,9.587265792500666,0.00028638924016722103,1087.2604475617584,1500
1087.073547781507,-20.15893216226336,9.587265792504475,0.0002863892401673348,1087.2604475617584,1500
1087.1149406718591,-17.787259491414815,9.587265792504425,0.00028638924016733346,1087.2604475617582,1500
1087.1511592806976,-15.41550215952078,9.587265792500716,0.0002863892401672225,1087.2604475617584,1500
1087.1822034356342,-13.0436714553044,9.58726579250472,0.00028638924016734224,1087.2604475617582,1500
1087.2080729889103,-10.671778667838051,9.587265792504773,0.0002863892401673437,1087.2604475617584,1500
1087.2287678173952,-8.299835086491045,9.587265792500599,0.0002863892401672192,1087.2604475617582,1500
1087.2442878225897,-5.927852000873008,9.58726579250433,0.0002863892401673306,1087.2604475617582,1500
1087.2546329306238,-3.5558407007820794,9.587265792500402,0.0002863892401672133,1087.2604475617582,1500
1087.2598030922582,-1.183812476150683,9.587265792504372,0.0002863892401673319,1087.2604475617582,1500
1090.6709486381726,-36.89372784673867,9.58726579250532,0.0002835899318340875,1091.294765568735,1500
1090.7488425989295,-34.51416704508783,9.587265792501295,0.0002835899318339684,1091.294765568735,1500
1090.8215449820882,-32.134441968244154,9.587265792505299,0.000283589931834087,1091.2947655687349,1500
1090.8890554416114,-29.754563942854922,9.58726579250144,0.0002835899318339727,1091.294765568735,1500
1090.951373656173,-27.37454429629537,9.587265792505429,0.0002835899318340907,1091.294765568735,1500
1091.0084993291605,-24.994394356614336,9.587265792505221,0.0002835899318340845,1091.294765568735,1500
1091.0604321886758,-22.614125452482256,9.5872657925011,0.00028358993183396264,1091.294765568735,1500
1091.1071719875372,-20.23374891313433,9.58726579250516,0.0002835899318340826,1091.2947655687353,1500
1091.1487185032795,-17.85327606831808,9.587265792505297,0.0002835899318340868,1091.294765568735,1500
1091.1850715381563,-15.472718248240858,9.587265792501176,0.0002835899318339649,1091.294765568735,1500
1091.21623091914,-13.092086783513,9.587265792504816,0.0002835899318340725,1091.294765568735,1500
1091.2421964979226,-10.711393005095378,9.587265792504818,0.00028358993183407274,1091.2947655687349,1500
1091.262968150918,-8.330648244246909,9.58726579250121,0.0002835899318339659,1091.294765568735,1500
1091.2785457792597,-5.94986383246771,9.587265792505345,0.0002835899318340881,1091.2947655687353,1500
1091.288929308804,-3.569051101447106,9.587265792501409,0.0002835899318339718,1091.294765568735,1500
1091.294118690129,-1.1882213830092128,9.587265792505237,0.000283589931834085,1091.294765568735,1500
1094.6881089461885,-37.029631019758625,9.58726579250509,0.00028080093412799733,1095.3142240661543,1500
1094.7662898413103,-34.64130581739025,9.587265792500997,0.0002808009341278775,1095.3142240661543,1500
1094.83926003721,-32.25281573469358,9.587265792504837,0.0002808009341279901,1095.314224066154,1500
1094.9070191865753,-29.864172140034203,9.587265792500867,0.00028080093412787384,1095.314224066154,1500
1094.9695669668972,-27.47538640250837,9.587265792504763,0.00028080093412798774,1095.3142240661543,1500
1095.02690308047,-25.086469891888402,9.587265792504901,0.0002808009341279918,1095.3142240661543,1500
1095.079027254394,-22.697433978570498,9.587265792500954,0.0002808009341278764,1095.314224066154,1500
1095.125939240577,-20.308290033517714,9.587265792504887,0.00028080093412799137,1095.3142240661543,1500
1095.1676388157346,-17.919049428207313,9.587265792504967,0.00028080093412799376,1095.3142240661543,1500
1095.2041257813912,-15.529723534578073,9.587265792501018,0.00028080093412787807,1095.3142240661543,1500
1095.2353999638817,-13.140323724973257,9.587265792505157,0.0002808009341279995,1095.314224066154,1500
1095.261461214353,-10.750861372087947,9.587265792505255,0.0002808009341280024,1095.314224066154,1500
1095.2823094087619,-8.361347848916363,9.587265792501142,0.0002808009341278819,1095.314224066154,1500
1095.2979444478788,-5.971794528694817,9.587265792504779,0.0002808009341279884,1095.314224066154,1500
1095.3083662572863,-3.582212784849533,9.587265792500938,0.00028080093412787574,1095.3142240661543,1500
1095.3135747873803,-1.1926139909420157,9.587265792504944,0.00028080093412799305,1095.3142240661543,1500
1098.6905811472109,-37.16503722581832,9.58726579250499,0.00027802213394929296,1099.3189860516338,1500
1098.7690479274397,-34.76797966836816,9.587265792501203,0.00027802213394918313,1099.3189860516338,1500
1098.8422849567378,-32.37075662766712,9.587265792504937,0.00027802213394929144,1099.3189860516338,1500
1098.9102918865228,-29.97337951364655,9.587265792500832,0.0002780221339491725,1099.3189860516336,1500
1098.9730683931061,-27.575859736971168,9.587265792504795,0.00027802213394928743,1099.3189860516336,1500
1099.030614177694,-25.178208708984208,9.587265792504738,0.00027802213394928564,1099.3189860516338,1500
1099.0829289663882,-22.780437841655086,9.587265792501093,0.00027802213394917993,1099.3189860516338,1500
1099.1300125101893,-20.382558547522144,9.587265792505011,0.00027802213394929355,1099.3189860516338,1500
1099.1718645849965,-17.984582239639792,9.587265792504954,0.00027802213394929193,1099.3189860516338,1500
1099.2084849916087,-15.58652033152567,9.587265792501231,0.0002780221339491838,1099.318986051634,1500
1099.2398735557254,-13.188384237103364,9.587265792504997,0.000278022133949293,1099.318986051634,1500
1099.2660301279484,-10.79018537064957,9.587265792504859,0.000278022133949289,1099.318986051634,1500
1099.2869545837816,-8.391935146741218,9.587265792501,0.0002780221339491773,1099.3189860516338,1500
1099.3026468236321,-5.9936449801982175,9.587265792504956,0.00027802213394929214,1099.3189860516336,1500
1099.3131067728107,-3.5953262860310815,9.587265792501011,0.0002780221339491777,1099.3189860516336,1500
1099.3183343815313,-1.1969904793860968,9.587265792504818,0.00027802213394928813,1099.3189860516336,1500
1102.6785251889505,-37.29995187732656,9.587265792505105,0.0002752534202508973,1103.3092115644326,1500
1102.757276816456,-34.89419366146602,9.587265792501132,0.0002752534202507833,1103.3092115644324,1500
1102.830779710476,-32.48826936162075,9.587265792505228,0.00027525342025090096,1103.3092115644324,1500
1102.8990335211627,-30.08219042913702,9.587265792501551,0.00027525342025079536,1103.3092115644324,1500
1102.9620379236521,-27.67596831609712,9.587265792505498,0.0002752534202509087,1103.3092115644324,1500
1103.0197926180658,-25.269614475264312,9.587265792505441,0.00027525342025090703,1103.3092115644324,1500
1103.072297329512,-22.863140360030314,9.587265792501316,0.00027525342025078864,1103.3092115644324,1500
1103.1195518080865,-20.456557424357847,9.58726579250516,0.00027525342025089885,1103.3092115644326,1500
1103.161555828875,-18.04987712272756,9.587265792505178,0.00027525342025089955,1103.3092115644324,1500
1103.1983091919533,-15.64311091008502,9.587265792501126,0.000275253420250783,1103.3092115644326,1500
1103.2298117223881,-13.236270241783217,9.587265792505193,0.00027525342025089993,1103.3092115644324,1500
1103.256063270239,-10.829366573529526,9.58726579250538,0.0002752534202509053,1103.3092115644324,1500
1103.2770637105577,-8.422411361332655,9.58726579250147,0.00027525342025079303,1103.3092115644324,1500
1103.29281294339,-6.01541606144516,9.587265792505415,0.00027525342025090617,1103.3092115644326,1500
1103.3033108937739,-3.6083921303109063,9.587265792501587,0.0002752534202507964,1103.3092115644324,1500
1103.308557511744,-1.2013510245100196,9.587265792505438,0.000275253420250907,1103.3092115644324,1500
1106.6520981370381,-37.43438028915527,9.587265792504644,0.0002724946839866541,1107.285057760079,1500
1106.7311335852116,-35.01995276887931,9.587265792500897,0.00027249468398654765,1107.285057760079,1500
1106.8049013857508,-32.60535856604985,9.587265792504661,0.0002724946839866544,1107.2850577600793,1500
1106.8734011875472,-30.19060917327888,9.58726579250065,0.0002724946839865404,1107.2850577600793,1500
1106.9366326645659,-27.775716083916954,9.587265792504574,0.00027249468398665195,1107.2850577600793,1500
1106.9945955158475,-25.36069079199813,9.587265792504716,0.000272494683986656,1107.2850577600793,1500
1107.0472894655095,-22.945544792187157,9.587265792500911,0.00027249468398654803,1107.285057760079,1500
1107.0947142627476,-20.530289579721842,9.58726579250481,0.0002724946839866587,1107.2850577600793,1500
1107.1368696818365,-18.11493665035981,9.587265792504699,0.0002724946839866555,1107.2850577600793,1500
1107.173755522131,-15.699497500325242,9.587265792500684,0.00027249468398654137,1107.2850577600793,1500
1107.2053716080677,-13.283983626251246,9.587265792504674,0.000272494683986655,1107.285057760079,1500
1107.231717789166,-10.868406525126574,9.587265792504638,0.00027249468398665364,1107.2850577600796,1500
1107.252793940026,-8.452777694242396,9.587265792500585,0.00027249468398653855,1107.2850577600793,1500
1107.268599960334,-6.037108631134627,9.58726579250462,0.00027249468398665326,1107.2850577600793,1500
1107.2791357748583,-3.6214108335311597,9.587265792500691,0.0002724946839865416,1107.2850577600793,1500
1107.284401333452,-1.2056957992966508,9.587265792504606,0.0002724946839866531,1107.285057760079,1500
1110.6114542472114,-37.568327681082664,9.587265792505516,0.0002697458180613116,1111.2466789826005,1500
1110.6907725004644,-35.145261873840255,9.587265792501313,0.0002697458180611934,1111.2466789826005,1500
1110.764804259606,-32.722028787617475,9.587265792505356,0.0002697458180613071,1111.2466789826005,1500
1110.8335491722723,-30.2986399561443,9.587265792501551,0.0002697458180611999,1111.2466789826008,1500
1110.897006911261,-27.87510691389197,9.587265792505283,0.0002697458180613049,1111.2466789826008,1500
1110.955177174536,-25.45144119601764,9.587265792505356,0.0002697458180613071,1111.2466789826005,1500
1111.0080596852276,-23.02765433831143,9.587265792501626,0.0002697458180612021,1111.2466789826005,1500
1111.055654191634,-20.60375787713856,9.587265792505399,0.00026974581806130815,1111.2466789826008,1500
1111.0979604672216,-18.17976334938593,9.587265792505445,0.0002697458180613096,1111.2466789826005,1500
1111.134978310628,-15.755682292408686,9.587265792501682,0.00026974581806120374,1111.2466789826005,1500
1111.1667075456612,-13.331526243972323,9.587265792505281,0.00026974581806130517,1111.2466789826003,1500
1111.1931480213018,-10.907306742199289,9.587265792505065,0.00026974581806129877,1111.2466789826008,1500
1111.214299611702,-8.483035325515518,9.587265792501565,0.0002697458180612003,1111.2466789826008,1500
1111.2301622161876,-6.05872353259256,9.587265792505415,0.00026974581806130874,1111.2466789826005,1500
1111.2407357592588,-3.63438290229464,9.587265792501286,0.00026974581806119246,1111.2466789826008,1500
1111.2460201905888,-1.2100249736232327,9.587265792505352,0.00026974581806130685,1111.2466789826008,1500
1114.5567450351914,-37.70179918015837,9.587265792504942,0.00026700671728180006,1115.1942268344387,1500
1114.6363450887602,-35.270125772830546,9.587265792501269,0.0002670067172816979,1115.1942268344385,1500
1114.7106398686924,-32.83828449221449,9.587265792505441,0.0002670067172818141,1115.1942268344385,1500
1114.7796290213707,-30.406286913012117,9.587265792501675,0.00026700671728170904,1115.1942268344387,1500
1114.8433122184315,-27.974144610669256,9.587265792505539,0.00026700671728181665,1115.1942268344387,1500
1114.9016891567649,-25.541869161320086,9.587265792505171,0.00026700671728180646,1115.1942268344387,1500
1114.9547595585177,-23.109472141734003,9.587265792501073,0.0002670067172816923,1115.1942268344387,1500
1115.0025231710933,-20.676965129257532,9.58726579250511,0.0002670067172818049,1115.1942268344385,1500
1115.0449797671545,-18.24435970176075,9.587265792505221,0.0002670067172818079,1115.1942268344385,1500
1115.0821291446225,-15.811667437583626,9.587265792501196,0.0002670067172816957,1115.1942268344387,1500
1115.1139711266794,-13.378899915477955,9.58726579250521,0.00026700671728180765,1115.1942268344385,1500
1115.1405055617688,-10.946068714553736,9.587265792505319,0.0002670067172818107,1115.1942268344385,1500
1115.1617323235964,-8.513185414225541,9.587265792501224,0.00026700671728169647,1115.1942268344387,1500
1115.17765131113,-6.0802615941544325,9.587265792505184,0.00026700671728180673,1115.1942268344387,1500
1115.1882624486007,-3.6473088341948294,9.587265792501498,0.00026700671728170427,1115.1942268344385,1500
1115.193565685504,-1.2143387143388868,9.587265792505338,0.00026700671728181107,1115.1942268344387,1500
1118.4881193443412,-37.834799822993425,9.587265792505065,0.00026427727831052967,1119.1278502441476,1500
1118.568000204097,-35.39454917772365,9.587265792501167,0.0002642772783104222,1119.1278502441476,1500
1118.642557076932,-32.95413006695436,9.58726579250466,0.00026427727831051866,1119.1278502441473,1500
1118.7117896079822,-30.51355410621491,9.587265792500471,0.00026427727831040303,1119.1278502441476,1500
1118.775697467725,-28.072832911781184,9.587265792504663,0.0002642772783105186,1119.1278502441476,1500
1118.8342803519818,-25.63197810061984,9.58726579250485,0.0002642772783105236,1119.1278502441478,1500
1118.8875379819183,-23.191001290334988,9.587265792500883,0.00026427727831041436,1119.1278502441476,1500
1118.935470104048,-20.749914099109922,9.587265792505,0.00026427727831052793,1119.1278502441476,1500
1118.9780764902303,-18.308728145653326,9.58726579250487,0.0002642772783105243,1119.1278502441476,1500
1119.0153569376744,-15.867455049145425,9.587265792500892,0.00026427727831041464,1119.1278502441476,1500
1119.0473112689378,-13.426106429179736,9.587265792505104,0.0002642772783105309,1119.1278502441473,1500
1119.0739393319304,-10.984693905709236,9.58726579250512,0.0002642772783105312,1119.1278502441476,1500
1119.0952409999113,-8.543229098992551,9.587265792501007,0.00026427727831041767,1119.1278502441478,1500
1119.1112161714918,-6.101723629535671,9.587265792504724,0.0002642772783105204,1119.1278502441473,1500
1119.1218647706366,-3.6601891180386192,9.587265792500757,0.0002642772783104109,1119.1278502441476,1500
1119.1271867466617,-1.218637185339647,9.587265792504706,0.0002642772783105198,1119.1278502441476,1500
1122.405723411194,-37.967334557978106,9.587265792504338,0.0002615573996196549,1123.0476955319587,1500
1122.4858840934548,-35.518536717859675,9.587265792500446,0.0002615573996195487,1123.0476955319587,1500
1122.5607021410574,-33.06956982210503,9.587265792504594,0.00026155739961966184,1123.0476955319587,1500
1122.6301771978942,-30.62044552692793,9.587265792500816,0.0002615573996195588,1123.0476955319587,1500
1122.6943089332888,-28.1711754892913,9.587265792504482,0.00026155739961965864,1123.0476955319589,1500
1122.7530970419966,-25.72177136685127,9.587265792504628,0.00026155739961966244,1123.047695531959,1500
1122.8065412442068,-23.27224481790364,9.587265792500826,0.00026155739961955906,1123.0476955319587,1500
1122.8546412855444,-20.82260750132542,9.587265792504432,0.00026155739961965745,1123.0476955319587,1500
1122.8973969370704,-18.372871076520852,9.58726579250457,0.00026155739961966103,1123.0476955319589,1500
1122.9348079952829,-15.923047203367389,9.5872657925009,0.00026155739961956096,1123.0476955319589,1500
1122.9668742821182,-13.473147542157196,9.587265792504532,0.00026155739961966,1123.0476955319589,1500
1122.9935956449524,-11.023183753543183,9.587265792504416,0.000261557399619657,1123.0476955319587,1500
1123.0149719566014,-8.573167498484963,9.587265792500693,0.00026155739961955526,1123.0476955319589,1500
1123.0310031153213,-6.123110438190384,9.587265792504786,0.0002615573996196671,1123.0476955319587,1500
1123.0416890448096,-3.6730242340620114,9.587265792500855,0.0002615573996195598,1123.0476955319587,1500
1123.0470296942053,-1.222920547641118,9.587265792504642,0.0002615573996196632,1123.0476955319587,1500
1126.3097009289268,-38.09940824743026,9.587265792505566,0.00025884698144722787,1126.9539064732917,1500
1126.390140460277,-35.64209294205529,9.587265792501718,0.000258846981447124,1126.9539064732917,1500
1126.4652187740933,-33.184607992960295,9.587265792505347,0.0002588469814472221,1126.9539064732915,1500
1126.5349355130297,-30.726965096901953,9.587265792501423,0.0002588469814471162,1126.9539064732915,1500
1126.5992903452593,-28.269175951388718,9.5872657925055,0.0002588469814472261,1126.9539064732917,1500
1126.6582829644758,-25.811252254624634,9.58726579250514,0.0002588469814472163,1126.9539064732917,1500
1126.711913089895,-23.35320570545567,9.58726579250137,0.00025884698144711457,1126.9539064732917,1500
1126.7601804662568,-20.89504800331101,9.587265792505532,0.0002588469814472271,1126.9539064732915,1500
1126.803084863826,-18.43679084814891,9.587265792505296,0.0002588469814472204,1126.953906473292,1500
1126.8406260783918,-15.978445940402466,9.587265792501219,0.00025884698144711067,1126.9539064732915,1500
1126.8728039312723,-13.520024980920962,9.587265792505313,0.00025884698144722104,1126.9539064732917,1500
1126.899618269312,-11.06153967091565,9.587265792505324,0.0002588469814472215,1126.9539064732915,1500
1126.9210689648844,-8.603001711905574,9.587265792501265,0.00025884698144711175,1126.9539064732917,1500
1126.9371559158913,-6.1444228056588654,9.587265792505164,0.00025884698144721703,1126.9539064732917,1500
1126.947879045765,-3.685814654139053,9.58726579250143,0.0002588469814471162,1126.9539064732917,1500
1126.9532383034666,-1.2271889594488568,9.587265792505413,0.00025884698144722386,1126.9539064732915,1500
1130.2001931088605,-38.23102566967688,9.587265792504994,0.00025614592575420387,1130.8466243602893,1500
1130.280910525973,-35.76522232055102,9.58726579250098,0.00025614592575409664,1130.8466243602893,1500
1130.356248206866,-33.299248741652974,9.587265792505043,0.00025614592575420555,1130.8466243602888,1500
1130.4262057929593,-30.83311667014228,9.587265792501197,0.00025614592575410266,1130.846624360289,1500
1130.4907829512795,-28.366837843932856,9.587265792505036,0.0002561459257542052,1130.846624360289,1500
1130.549979374462,-25.900424001636615,9.58726579250526,0.00025614592575421097,1130.8466243602893,1500
1130.6037947807529,-23.433886882509608,9.587265792501345,0.0002561459257541066,1130.846624360289,1500
1130.6522289140098,-20.96723822639312,9.587265792504969,0.0002561459257542034,1130.846624360289,1500
1130.695281543704,-18.500489773659332,9.587265792504963,0.0002561459257542031,1130.8466243602893,1500
1130.7329524649194,-16.03365326515692,9.58726579250115,0.0002561459257541012,1130.8466243602893,1500
1130.7652414983563,-13.566740442152158,9.587265792505107,0.0002561459257542071,1130.846624360289,1500
1130.7921484903304,-11.09976304627456,9.587265792505367,0.00025614592575421384,1130.8466243602893,1500
1130.8136733127737,-8.632732819462493,9.587265792501576,0.0002561459257541128,1130.846624360289,1500
1130.829815863236,-6.165661503904268,9.587265792505288,0.0002561459257542118,1130.8466243602893,1500
1130.840576064884,-3.6985608419842677,9.58726579250119,0.00025614592575410244,1130.846624360289,1500
1130.8459538665036,-1.2314425762265506,9.587265792505082,0.00025614592575420625,1130.8466243602893,1500
1134.0773387400634,-38.362191521071345,9.587265792505013,0.0002534541361834056,1134.7259880614542,1500
1134.1583330895264,-35.88792924689855,9.587265792501263,0.00025345413618330646,1134.7259880614542,1500
1134.2339292476145,-33.413496158912125,9.58726579250507,0.00025345413618340696,1134.7259880614545,1500
1134.3041268545157,-30.938904034535874,9.587265792501201,0.00025345413618330483,1134.7259880614542,1500
1134.3689255761155,-28.464164651950558,9.587265792504951,0.0002534541361834038,1134.7259880614545,1500
1134.4283251039942,-25.98928979003734,9.58726579250504,0.00025345413618340615,1134.7259880614545,1500
1134.4823251554312,-23.514291228323724,9.587265792501142,0.00025345413618330326,1134.7259880614542,1500
1134.5309254734057,-21.039180746924465,9.587265792505168,0.0002534541361834095,1134.7259880614545,1500
1134.574125826597,-18.56397012648702,9.587265792505097,0.00025345413618340767,1134.7259880614545,1500
1134.611926009387,-16.088671148136992,9.587265792501007,0.00025345413618329973,1134.7259880614542,1500
1134.6443258418603,-13.613295593419007,9.58726579250488,0.0002534541361834021,1134.7259880614542,1500
1134.6713251698054,-11.137855244242179,9.587265792504738,0.00025345413618339834,1134.7259880614542,1500
1134.6929238647144,-8.662361882825529,9.587265792500977,0.0002534541361832989,1134.7259880614542,1500
1134.709121823786,-6.186827291638889,9.587265792504994,0.00025345413618340496,1134.7259880614545,1500
1134.719918969923,-3.7112632533488332,9.587265792500933,0.00025345413618329757,1134.7259880614545,1500
1134.7253152517346,-1.2356815507620884,9.587265792504798,0.0002534541361833999,1134.7259880614542,1500
1137.9412742471254,-38.492910417948885,9.587265792504752,0.000250771518019156,1138.5921340794584,1500
1138.0225445852743,-36.010218039790075,9.587265792500759,0.0002507715180190514,1138.5921340794587,1500
1138.0983983397718,-33.52735426576635,9.587265792504676,0.0002507715180191537,1138.592134079459,1500
1138.168835149581,-31.044330913428603,9.587265792500752,0.00025077151801905105,1138.592134079459,1500
1138.2338546794472,-28.561159801087243,9.58726579250484,0.00025077151801915817,1138.5921340794587,1500
1138.293456619901,-26.07785274775548,9.587265792504684,0.00025077151801915394,1138.592134079459,1500
1138.3476406872583,-23.594421573095044,9.587265792500613,0.0002507715180190474,1138.592134079459,1500
1138.396406623622,-21.110878097356952,9.58726579250472,0.00025077151801915486,1138.592134079459,1500
1138.4397541968833,-18.627234141326717,9.587265792505093,0.00025077151801916473,1138.5921340794587,1500
1138.4776832007237,-16.143501526269624,9.587265792501022,0.0002507715180190581,1138.592134079459,1500
1138.5101934546142,-13.659692073871426,9.587265792504635,0.00025077151801915275,1138.5921340794587,1500
1138.5372848038176,-11.175817606183593,9.5872657925049,0.0002507715180191597,1138.5921340794587,1500
1138.5589571193889,-8.691889945568565,9.587265792500759,0.0002507715180190512,1138.592134079459,1500
1138.575210298175,-6.2079209146404395,9.58726579250462,0.0002507715180191524,1138.5921340794587,1500
1138.5860442628173,-3.7239223362107348,9.587265792500926,0.0002507715180190556,1138.592134079459,1500
1138.5914589617491,-1.2399060332315974,9.587265792504784,0.00025077151801915687,1138.5921340794584,1500
1141.7921337461728,-38.62318689852239,9.587265792505061,0.0002480979781485241,1142.4451966071879,1500
1141.8736791389238,-36.13209294483191,9.587265792500922,0.0002480979781484172,1142.4451966071877,1500
1141.9497896179892,-33.640827015195214,9.587265792504839,0.0002480979781485186,1142.4451966071877,1500
1142.0204648211097,-31.149400967154442,9.587265792501075,0.00024809797814842117,1142.4451966071877,1500
1142.0857044118966,-28.657826659013875,9.587265792504931,0.00024809797814852075,1142.4451966071879,1500
1142.1455080798323,-26.16611594978294,9.587265792505008,0.0002480979781485229,1142.4451966071877,1500
1142.199875540273,-23.674280699121812,9.587265792501194,0.00024809797814842404,1142.4451966071879,1500
1142.2488065344487,-21.182332767281906,9.58726579250473,0.00024809797814851555,1142.4451966071879,1500
1142.2923008294651,-18.690284015050977,9.587265792504505,0.0002480979781485096,1142.445196607188,1500
1142.3303582183046,-16.198146303698156,9.587265792500954,0.00024809797814841786,1142.4451966071879,1500
1142.3629785198277,-13.705931494914468,9.587265792505058,0.0002480979781485242,1142.4451966071877,1500
1142.3901615787738,-11.213651450757904,9.58726579250477,0.0002480979781485168,1142.4451966071877,1500
1142.4119072657606,-8.721318033598465,9.587265792501032,0.00024809797814841987,1142.4451966071879,1500
1142.4282154772866,-6.228943106058669,9.587265792505,0.0002480979781485226,1142.4451966071879,1500
1142.4390861357303,-3.7365385309591184,9.587265792501192,0.0002480979781484242,1142.4451966071877,1500
1142.4445191893515,-1.2441161712615227,9.587265792505214,0.0002480979781485283,1142.4451966071877,1500
1145.6300490991866,-38.7530254247209,9.587265792505118,0.0002454334250235232,1146.285307582093,1500
1145.7118686218778,-36.2535581362645,9.587265792501517,0.00024543342502343087,1146.2853075820933,1500
1145.7882349624622,-33.75391829373065,9.587265792505391,0.0002454334250235301,1146.2853075820933,1500
1145.8591477574635,-31.25411779451836,9.587265792501348,0.0002454334250234266,1146.2853075820933,1500
1145.924606669362,-28.754168536791322,9.587265792505136,0.0002454334250235235,1146.2853075820933,1500
1145.9846113865965,-26.254082419420747,9.58726579250516,0.00024543342502352417,1146.2853075820933,1500
1146.0391616235656,-23.75387134193079,9.58726579250117,0.000245433425023422,1146.2853075820933,1500
1146.0882571206298,-21.25354720443882,9.58726579250515,0.00024543342502352384,1146.2853075820933,1500
1146.1318976441119,-18.753121907600367,9.587265792505317,0.0002454334250235281,1146.2853075820933,1500
1146.1700829862984,-16.252607352553945,9.587265792501428,0.00024543342502342843,1146.2853075820935,1500
1146.2028129654404,-13.75201544086138,9.587265792505306,0.00024543342502352785,1146.2853075820933,1500
1146.2300874257553,-11.2513580744527,9.587265792505358,0.0002454334250235292,1146.2853075820933,1500
1146.251906237426,-8.750647155570993,9.587265792501446,0.00024543342502342903,1146.2853075820933,1500
1146.2682692966027,-6.249894586712712,9.587265792505203,0.00024543342502352525,1146.2853075820933,1500
1146.2791765254033,-3.74911227057306,9.587265792501244,0.00024543342502342404,1146.285307582093,1500
1146.284627871913,-1.2483121099888226,9.587265792505127,0.0002454334250235233,1146.2853075820933,1500
1149.4551499666932,-38.8824303839728,9.587265792504978,0.00024277776862459616,1150.1125967389096,1500
1149.5372427039242,-36.37461771863064,9.58726579250106,0.00024277776862449712,1150.1125967389094,1500
1149.6138640516251,-33.86663192301034,9.587265792504766,0.00024277776862459096,1150.1125967389094,1500
1149.6850136451058,-31.358484934234703,9.587265792501062,0.00024277776862449699,1150.1125967389096,1500
1149.7506911457185,-28.850188690193754,9.587265792505075,0.0002427777686245988,1150.1125967389094,1500
1149.8108962408623,-26.341755129487396,9.587265792504812,0.00024277776862459212,1150.1125967389094,1500
1149.8656286439825,-23.83319619137065,9.587265792500915,0.00024277776862449344,1150.1125967389094,1500
1149.9148880945718,-21.324523815693755,9.587265792505203,0.00024277776862460188,1150.1125967389096,1500
1149.9586743581726,-18.81574994284687,9.58726579250509,0.00024277776862459915,1150.1125967389094,1500
1149.9969872263782,-16.306886513704793,9.58726579250081,0.00024277776862449075,1150.1125967389094,1500
1150.0298265168326,-13.797945469567017,9.587265792504828,0.00024277776862459253,1150.1125967389094,1500
1150.0571920732327,-11.288938752102478,9.587265792504878,0.00024277776862459378,1150.1125967389094,1500
1150.079083765328,-8.779878303294218,9.58726579250064,0.00024277776862448647,1150.1125967389094,1500
1150.0955014889223,-6.270776065379492,9.587265792504848,0.00024277776862459288,1150.1125967389096,1500
1150.1064451658722,-3.76164398079496,9.587265792501052,0.00024277776862449674,1150.1125967389096,1500
1150.11191474409,-1.2524939921193483,9.587265792504816,0.0002427777686245922,1150.1125967389094,1500
1153.2675638588753,-39.01140609093588,9.587265792505251,0.0002401309204251215,1153.9271916607984,1500
1153.3499289043568,-36.49527572839396,9.587265792501146,0.00024013092042501883,1153.9271916607981,1500
1153.4268044132743,-33.978971661284575,9.587265792505155,0.00024013092042511942,1153.927191660798,1500
1153.4981900197276,-31.462505866322566,9.587265792501267,0.00024013092042502203,1153.927191660798,1500
1153.5640853839468,-28.94589032099249,9.587265792505294,0.00024013092042512272,1153.9271916607981,1500
1153.6244901922928,-26.429137003491185,9.587265792505438,0.0002401309204251262,1153.9271916607984,1500
1153.67940415726,-23.912257892672777,9.587265792501334,0.00024013092042502357,1153.9271916607981,1500
1153.7288270174781,-21.39526496798856,9.587265792505004,0.00024013092042511549,1153.9271916607981,1500
1153.7727585377115,-18.87817020943156,9.587265792505129,0.00024013092042511858,1153.9271916607981,1500
1153.8111985088617,-16.360985597481037,9.587265792501604,0.00024013092042503016,1153.9271916607984,1500
1153.844146747968,-13.843723113042369,9.58726579250528,0.00024013092042512237,1153.9271916607981,1500
1153.8716030982082,-11.32639473739159,9.587265792505027,0.0002401309204251162,1153.927191660798,1500
1153.8935674289005,-8.80901245211989,9.587265792501494,0.00024013092042502772,1153.927191660798,1500
1153.9100396355022,-6.291588239073505,9.587265792505384,0.000240130920425125,1153.9271916607981,1500
1153.9210196396114,-3.7741340802987526,9.58726579250124,0.0002401309204250212,1153.9271916607981,1500
1153.926507388967,-1.2566619579844762,9.587265792505193,0.00024013092042512034,1153.927191660798,1500
1157.0674161851734,-39.13995678917588,9.587265792505363,0.00023749279335693249,1157.7292178289756,1500
1157.1500526415753,-36.6155361355094,9.58726579250162,0.00023749279335683992,1157.7292178289754,1500
1157.227181474172,-34.09094120487859,9.587265792505372,0.00023749279335693305,1157.7292178289752,1500
1157.2988023158582,-31.566184013459818,9.587265792501219,0.00023749279335683,1157.7292178289754,1500
1157.3649148257432,-29.04127657820179,9.587265792504931,0.0002374927933569218,1157.7292178289756,1500
1157.4255186891553,-26.51623091676778,9.587265792504965,0.00023749279335692262,1157.7292178289756,1500
1157.4806136176412,-23.991059047480526,9.587265792501405,0.00023749279335683474,1157.7292178289752,1500
1157.5301993489695,-21.46577298926192,9.587265792505477,0.00023749279335693533,1157.7292178289756,1500
1157.5742756471286,-18.940384761577363,9.587265792505132,0.00023749279335692693,1157.7292178289754,1500
1157.612842302332,-16.414906384380078,9.587265792500872,0.00023749279335682125,1157.7292178289756,1500
1157.645899131015,-13.88934987805083,9.587265792505136,0.00023749279335692704,1157.7292178289754,1500
1157.67344597584,-11.363727263342255,9.58726579250538,0.00023749279335693295,1157.7292178289756,1500
1157.6954827056927,-8.838050561323175,9.587265792501256,0.00023749279335683092,1157.7292178289754,1500
1157.7120092156867,-6.312331793318313,9.587265792505193,0.00023749279335692842,1157.7292178289754,1500
1157.7230254271617,-3.7865829808531215,9.58726579250132,0.00023749279335683236,1157.7292178289756,1500
1157.7285312876843,-1.2608161455960556,9.587265792505189,0.0002374927933569282,1157.7292178289756,1500
1160.8548303024222,-39.268086652795816,9.587265792504562,0.00023486330177692369,1161.5187986708768,1500
1160.9377372812273,-36.73540284494739,9.587265792500705,0.00023486330177682936,1161.5187986708765,1500
1161.015118608192,-34.2025441896116,9.587265792504692,0.00023486330177692683,1161.5187986708768,1500
1161.0869739150085,-31.669522742297232,9.587265792501052,0.00023486330177683784,1161.5187986708765,1500
1161.153302859671,-29.136350559287912,9.587265792504873,0.00023486330177693144,1161.5187986708765,1500
1161.2141051264773,-26.603039697584187,9.587265792504773,0.00023486330177692886,1161.5187986708768,1500
1161.26938042603,-24.069602214848214,9.58726579250078,0.00023486330177683104,1161.5187986708768,1500
1161.3191284952386,-21.53605016934327,9.587265792504489,0.0002348633017769219,1161.5187986708768,1500
1161.3633490973193,-19.002395619877923,9.587265792504667,0.0002348633017769264,1161.5187986708765,1500
1161.4020420217985,-16.46865062575016,9.587265792501025,0.0002348633017768372,1161.5187986708765,1500
1161.4352070845111,-13.934827246686913,9.587265792504787,0.00023486330177692935,1161.5187986708765,1500
1161.4628441276036,-11.400937542788188,9.587265792504873,0.00023486330177693144,1161.5187986708765,1500
1161.4849530195331,-8.86699357447123,9.587265792500855,0.00023486330177683286,1161.5187986708768,1500
1161.5015336550691,-6.333007402410012,9.587265792504338,0.00023486330177691818,1161.5187986708768,1500
1161.5125859552938,-3.7989910874799016,9.587265792500773,0.00023486330177683099,1161.5187986708765,1500
1161.518109867602,-1.264956690699729,9.587265792504859,0.00023486330177693109,1161.5187986708765,1500
1164.6299275615795,-39.39579978801744,9.58726579250492,0.0002322423614346814,1165.2960556069122,1500
1164.7131041829402,-36.85487969817338,9.587265792500983,0.00023224236143458603,1165.2960556069122,1500
1164.7907371830531,-34.31378419217451,9.587265792505097,0.0002322423614346857,1165.2960556069122,1500
1164.8628261924127,-31.77252536473413,9.587265792501132,0.00023224236143458963,1165.2960556069122,1500
1164.9293708679006,-29.231115311342833,9.587265792504853,0.00023224236143467978,1165.2960556069122,1500
1164.9903708927877,-26.689566128210522,9.587265792505056,0.00023224236143468485,1165.296055606912,1500
1165.045825976736,-24.14788991221085,9.58726579250122,0.00023224236143459194,1165.296055606912,1500
1165.0957358557987,-21.606098760820537,9.58726579250511,0.00023224236143468618,1165.296055606912,1500
1165.1401002924224,-19.06420477206337,9.587265792505228,0.00023224236143468903,1165.296055606912,1500
1165.1789190754484,-16.522220044454148,9.58726579250138,0.00023224236143459565,1165.2960556069122,1500
1165.2121920201125,-13.980156676938007,9.587265792505054,0.0002322423614346848,1165.296055606912,1500
1165.239918968048,-11.43802676883438,9.587265792505011,0.0002322423614346836,1165.2960556069122,1500
1165.262099787284,-8.895842419780962,9.587265792501292,0.0002322423614345935,1165.2960556069122,1500
1165.2787343722475,-6.353615729673012,9.587265792505317,0.00023224236143469114,1165.296055606912,1500
1165.2898226437642,-3.811358798607842,9.587265792501265,0.00023224236143459302,1165.296055606912,1500
1165.295364549058,-1.2690837268266917,9.587265792505026,0.00023224236143468396,1165.2960556069122,1500
1168.3928273530955,-39.523100234716765,9.587265792505006,0.00022962988944083014,1169.0611080958618,1500
1168.4762727456937,-36.97397047458443,9.587265792501185,0.00022962988944073864,1169.0611080958618,1500
1168.5541566056963,-34.424664731467445,9.587265792504866,0.00022962988944082678,1169.0611080958618,1500
1168.626478562404,-31.875195139156897,9.587265792501004,0.0002296298894407343,1169.0611080958618,1500
1168.6932382715897,-29.325573832223732,9.587265792505331,0.00022962988944083795,1169.0611080958618,1500
1168.7544354155011,-26.775812945960496,9.587265792505097,0.0002296298894408325,1169.0611080958615,1500
1168.8100697028615,-24.22592461632564,9.58726579250083,0.0002296298894407301,1169.0611080958618,1500
1168.8601408688714,-21.675920979882626,9.587265792504784,0.00022962988944082483,1169.0611080958618,1500
1168.9046486752097,-19.125814173743763,9.587265792504947,0.00022962988944082876,1169.0611080958618,1500
1168.943592910035,-16.57561633551395,9.587265792501018,0.00022962988944073484,1169.0611080958615,1500
1168.9769733879866,-14.025339603229812,9.587265792505093,0.00022962988944083242,1169.0611080958615,1500
1169.0047899501856,-11.47499611530348,9.587265792504901,0.0002296298894408278,1169.0611080958615,1500
1169.0270424642347,-8.924598010466385,9.587265792500759,0.00022962988944072842,1169.0611080958618,1500
1169.0437308242197,-6.374157427708346,9.587265792505034,0.00022962988944083085,1169.0611080958618,1500
1169.0548549507103,-3.8236865062218897,9.58726579250125,0.0002296298894407402,1169.0611080958618,1500
1169.0604147907593,-1.2731973853439382,9.587265792505065,0.00022962988944083155,1169.0611080958618,1500
1172.1436471509714,-39.649991967915234,9.587265792505406,0.00022702580423657876,1172.8140736789599,1500
1172.2273604518812,-37.09267889290422,9.587265792501166,0.00022702580423647833,1172.8140736789599,1500
1172.3054943663483,-34.535189269898595,9.587265792505274,0.0002270258042365758,1172.8140736789596,1500
1172.3780485224838,-31.97753527164179,9.58726579250131,0.00022702580423648175,1172.8140736789599,1500
1172.445022574955,-29.419729071659653,9.587265792504999,0.00022702580423656927,1172.8140736789596,1500
1172.5064162049894,-26.861782844201898,9.58726579250535,0.00022702580423657743,1172.8140736789599,1500
1172.5622291203747,-24.303708764186297,9.587265792501686,0.0002270258042364907,1172.8140736789599,1500
1172.6124610554616,-21.745519007137595,9.587265792505661,0.00022702580423658496,1172.8140736789596,1500
1172.6571117711642,-19.187225749131116,9.587265792505383,0.00022702580423657821,1172.8140736789599,1500
1172.69618105496,-16.62884116673637,9.587265792501091,0.00022702580423647657,1172.8140736789599,1500
1172.729668720894,-14.07037743695598,9.587265792504951,0.000227025804236568,1172.8140736789599,1500
1172.7575746095763,-11.511846737169284,9.58726579250514,0.0002270258042365726,1172.8140736789596,1500
1172.779898588185,-8.953261245075936,9.58726579250142,0.0002270258042364845,1172.8140736789596,1500
1172.7966405504658,-6.394633138634815,9.587265792505105,0.00022702580423657182,1172.8140736789596,1500
1172.807800416733,-3.835974596008156,9.587265792501125,0.00022702580423647738,1172.8140736789599,1500
1172.8133781338693,-1.277297795503052,9.587265792505185,0.00022702580423657355,1172.8140736789599,1500
1175.882502555553,-39.776478899228024,9.587265792504837,0.00022443002556391653,1176.555068022713,1500
1175.9664829101075,-37.21100861253798,9.587265792501064,0.0002244300255638282,1176.555068022713,1500
1176.044866081323,-34.64536121464582,9.587265792504812,0.00022443002556391594,1176.555068022713,1500
1176.1176516961236,-32.07954891712312,9.587265792501007,0.00022443002556382706,1176.5550680227127,1500
1176.1848394080753,-29.513583932326306,9.587265792504876,0.0002244300255639176,1176.5550680227127,1500
1176.2464288973886,-26.94747847333803,9.58726579250472,0.0002244300255639138,1176.555068022713,1500
1176.3024198709193,-24.38124475391112,9.587265792500936,0.00022443002556382522,1176.555068022713,1500
1176.35281206217,-21.81489498840729,9.587265792504706,0.0002244300255639136,1176.5550680227127,1500
1176.3976052312923,-19.24844139174062,9.58726579250461,0.00022443002556391122,1176.555068022713,1500
1176.4367991650859,-16.681896179320937,9.587265792500908,0.0002244300255638247,1176.5550680227127,1500
1176.470393677002,-14.115271566992575,9.587265792504962,0.00022443002556391957,1176.5550680227127,1500
1176.4983886071427,-11.54857977097777,9.58726579250492,0.00022443002556391865,1176.5550680227127,1500
1176.520783822262,-8.9818330078201,9.58726579250114,0.00022443002556383018,1176.5550680227127,1500
1176.5375792157665,-6.4150434943232035,9.587265792505082,0.00022443002556392242,1176.5550680227127,1500
1176.5487747077163,-3.848223447494714,9.58726579250078,0.00022443002556382156,1176.555068022713,1500
1176.5543702448244,-1.2813850844875916,9.587265792504589,0.00022443002556391087,1176.5550680227127,1500
1179.609507335104,-39.90256487827106,9.587265792504958,0.0002218424744368642,1180.2842049604965,1500
1179.693753896764,-37.32896323488882,9.5872657925011,0.00022184247443677506,1180.2842049604963,1500
1179.7723855345976,-34.75518391888231,9.587265792505214,0.00022184247443687039,1180.284204960496,1500
1179.8454018743455,-32.181239180528124,9.587265792501121,0.0002218424744367757,1180.284204960496,1500
1179.9128025684763,-29.607141270890253,9.587265792504986,0.000221842474436865,1180.2842049604963,1500
1179.9745872961862,-27.032902441761173,9.587265792505132,0.00022184247443686838,1180.2842049604963,1500
1180.0307557634019,-24.458534945605663,9.58726579250104,0.00022184247443677365,1180.2842049604963,1500
1180.0813077027813,-21.88405103549934,9.587265792504965,0.00022184247443686448,1180.2842049604963,1500
1180.1262428737152,-19.30946296507192,9.587265792505121,0.0002218424744368681,1180.2842049604963,1500
1180.1655610623284,-16.734782988450448,9.587265792501253,0.0002218424744367786,1180.2842049604963,1500
1180.1992620814797,-14.16002336019784,9.58726579250515,0.00022184247443686892,1180.284204960496,1500
1180.2273457707647,-11.585196335256125,9.587265792505255,0.0002218424744368712,1180.2842049604963,1500
1180.2498119965148,-9.010314168889693,9.587265792501375,0.00022184247443678143,1180.2842049604963,1500
1180.2666606517987,-6.435389116623806,9.587265792505171,0.00022184247443686928,1180.2842049604963,1500
1180.277891656423,-3.860433434188382,9.587265792501523,0.00022184247443678484,1180.2842049604963,1500
1180.2835049569317,-1.2854593774591199,9.587265792505422,0.0002218424744368752,1180.284204960496,1500
1183.3247734661995,-40.028253694028166,9.587265792504573,0.0002192630731132931,1184.0015965329717,1500
1183.4092853964262,-37.446546304636755,9.58726579250068,0.0002192630731132043,1184.0015965329715,1500
1183.4881647182142,-34.864660682967354,9.587265792504411,0.0002192630731132896,1184.0015965329715,1500
1183.561411056126,-32.28260911787974,9.58726579250066,0.00021926307311320362,1184.0015965329717,1500
1183.6290240615344,-29.700403899023474,9.587265792504825,0.00021926307311329908,1184.0015965329715,1500
1183.6910034126263,-27.118057316778973,9.587265792504692,0.00021926307311329567,1184.001596532972,1500
1183.747348814401,-24.53558166220104,9.587265792500755,0.00021926307311320582,1184.0015965329717,1500
1183.7980599986752,-21.952989226957257,9.587265792504883,0.0002192630731133002,1184.0015965329717,1500
1183.8431367240814,-19.370292303271036,9.58726579250498,0.00021926307311330226,1184.001596532972,1500
1183.88257877607,-16.787503183864693,9.587265792500915,0.00021926307311320947,1184.0015965329717,1500
1183.9163859669113,-14.204634161897783,9.587265792504699,0.000219263073113296,1184.0015965329717,1500
1183.944558135695,-11.621697530910172,9.587265792504756,0.00021926307311329727,1184.0015965329717,1500
1183.9670951483313,-9.038705584765097,9.587265792500716,0.0002192630731132049,1184.0015965329717,1500
1183.9839968975525,-6.4556706175875025,9.587265792504434,0.0002192630731132898,1184.001596532972,1500
1183.9952633029116,-3.872604923707619,9.58726579250051,0.0002192630731132002,1184.0015965329717,1500
1184.0008943107848,-1.2895207976019245,9.587265792504606,0.00021926307311329388,1184.0015965329717,1500
1187.0284111729848,-40.15354907617962,9.587265792505395,0.0002166917450678035,1187.7073530273667,1500
1187.1131876411132,-37.56376131098159,9.587265792501757,0.00021669174506772144,1187.7073530273665,1500
1187.192313871542,-34.973794755603734,9.587265792505615,0.0002166917450678088,1187.7073530273663,1500
1187.2657894876584,-32.38366173736817,9.587265792501523,0.00021669174506771627,1187.7073530273663,1500
1187.3336141397444,-29.793374584389333,9.587265792505438,0.00021669174506780463,1187.7073530273665,1500
1187.395787504979,-27.202945625514776,9.587265792505512,0.00021669174506780612,1187.7073530273667,1500
1187.4523092874383,-24.61238719026855,9.587265792501576,0.00021669174506771716,1187.7073530273667,1500
1187.5031792180991,-22.021711608789403,9.58726579250515,0.0002166917450677981,1187.7073530273665,1500
1187.548397054839,-19.430931211773654,9.587265792505121,0.0002166917450677973,1187.7073530273667,1500
1187.587962582436,-16.84005833041809,9.587265792501483,0.00021669174506771524,1187.7073530273665,1500
1187.6218756125734,-14.249105296358099,9.587265792505352,0.00021669174506780268,1187.7073530273665,1500
1187.6501359838367,-11.65808444161058,9.587265792505171,0.00021669174506779858,1187.7073530273665,1500
1187.6727435617167,-9.067008098516816,9.587265792501318,0.00021669174506771133,1187.7073530273667,1500
1187.689698238609,-6.475888599680601,9.587265792505558,0.00021669174506780718,1187.7073530273667,1500
1187.7009999338156,-3.8847382779116746,9.587265792501645,0.0002166917450677189,1187.7073530273665,1500
1187.7066485935447,-1.293569466166475,9.587265792505352,0.00021669174506780254,1187.7073530273667,1500
1190.7205289653293,-40.27845469639362,9.587265792505345,0.00021412841496508094,1191.4015830156527,1500
1190.805569148447,-37.680611688851165,9.587265792501155,0.0002141284149649875,1191.4015830156525,1500
1190.8849415194388,-35.08258933496253,9.58726579250513,0.00021412841496507617,1191.4015830156527,1500
1190.9586457005203,-32.48440000039258,9.587265792501235,0.00021412841496498916,1191.4015830156527,1500
1191.0266813408857,-29.88605605160097,9.58726579250498,0.00021412841496507278,1191.4015830156527,1500
1191.0890481167094,-27.28756985578272,9.587265792504926,0.0002141284149650716,1191.4015830156527,1500
1191.1457457311476,-24.688953780811485,9.587265792501174,0.00021412841496498797,1191.4015830156525,1500
1191.1967739143402,-22.090220195177515,9.587265792505264,0.00021412841496507915,1191.4015830156527,1500
1191.2421324234106,-19.491381467930367,9.587265792505084,0.00021412841496507514,1191.4015830156527,1500
1191.281821042469,-16.892449968621634,9.587265792501071,0.0002141284149649855,1191.4015830156527,1500
1191.3158395826108,-14.293438067242858,9.587265792504958,0.0002141284149650723,1191.4015830156527,1500
1191.3441878819203,-11.69435813416829,9.587265792504981,0.00021412841496507297,1191.4015830156525,1500
1191.36686580547,-9.095222540097565,9.587265792501093,0.00021412841496498613,1191.4015830156525,1500
1191.3838732453207,-6.496043655993657,9.587265792505008,0.00021412841496507343,1191.4015830156527,1500
1191.3952101205227,-3.8968338530261186,9.587265792501116,0.00021412841496498664,1191.4015830156525,1500
1191.4008763771171,-1.297605502511659,9.587265792505026,0.0002141284149650738,1191.4015830156527,1500
1194.401233675925,-40.402974169581654,9.58726579250487,0.00021157300863428537,1195.084393391663,1500
1194.4865367587513,-37.797100820075784,9.58726579250079,0.00021157300863419555,1195.0843933916628,1500
1194.566154509352,-35.19104756977678,9.587265792504809,0.00021157300863428404,1195.084393391663,1500
1194.640086548774,-32.58482682257374,9.58726579250117,0.00021157300863420376,1195.084393391663,1500
1194.7083325251272,-29.978450983152975,9.58726579250505,0.00021157300863428938,1195.084393391663,1500
1194.770892113585,-27.371932456938474,9.587265792504898,0.00021157300863428616,1195.0843933916628,1500
1194.8277650163861,-24.765283650034934,9.5872657925009,0.00021157300863419782,1195.084393391663,1500
1194.8789509628355,-22.158516969165554,9.587265792504942,0.00021157300863428697,1195.084393391663,1500
1194.9244497093064,-19.55164482161458,9.587265792505116,0.00021157300863429082,1195.084393391663,1500
1194.9642610392407,-16.944679615169825,9.587265792500936,0.00021157300863419858,1195.084393391663,1500
1194.9983847631504,-14.337633758060445,9.587265792504779,0.00021157300863428353,1195.0843933916628,1500
1195.0268207186193,-11.730519658899457,9.587265792504978,0.00021157300863428795,1195.0843933916628,1500
1195.049568770302,-9.12334972662628,9.58726579250111,0.00021157300863420257,1195.0843933916628,1500
1195.066628809926,-6.516136370444491,9.587265792504878,0.00021157300863428556,1195.084393391663,1500
1195.078000756291,-3.908891999764876,9.587265792501015,0.00021157300863420032,1195.084393391663,1500
1195.083684555271,-1.3016290241458397,9.58726579250498,0.0002115730086342878,1195.084393391663,1500
1198.0706304963553,-40.52711105511937,9.587265792505125,0.00020902545304396565,1198.7558894071838,1500
1198.1561956711253,-37.91323203453035,9.587265792501203,0.00020902545304388027,1198.7558894071835,1500
1198.2360580473944,-35.29917256040481,9.587265792505105,0.00020902545304396522,1198.7558894071838,1500
1198.310217245046,-32.684945074738636,9.58726579250118,0.00020902545304387965,1198.7558894071838,1500
1198.3786729111087,-30.070562020327365,9.587265792505168,0.00020902545304396657,1198.7558894071838,1500
1198.4414247197574,-27.45603584070649,9.587265792504969,0.00020902545304396223,1198.7558894071838,1500
1198.498472372316,-24.841378980094305,9.587265792501146,0.00020902545304387905,1198.7558894071835,1500
1198.5498155972582,-22.2266038833295,9.587265792505146,0.00020902545304396608,1198.7558894071838,1500
1198.595454150208,-19.611722995813537,9.587265792505008,0.00020902545304396307,1198.7558894071838,1500
1198.6353878139423,-16.996748763452995,9.587265792501169,0.00020902545304387954,1198.7558894071835,1500
1198.669616398391,-14.38169363259715,9.587265792505178,0.00020902545304396695,1198.7558894071835,1500
1198.6981397406382,-11.76657004998032,9.587265792505242,0.00020902545304396833,1198.7558894071835,1500
1198.720957704923,-9.151390462664233,9.587265792501462,0.00020902545304388593,1198.7558894071835,1500
1198.7380701826398,-6.536167317975574,9.58726579250525,0.00020902545304396833,1198.7558894071838,1500
1198.7494770923392,-3.9209130634488853,9.587265792501128,0.00020902545304387864,1198.7558894071835,1500
1198.7551783797287,-1.3056401467667753,9.587265792504999,0.00020902545304396288,1198.7558894071838,1500
1201.7288230121744,-40.6508688580337,9.587265792504704,0.00020648567627763433,1202.4161747070516,1500
1201.8146494785228,-38.02900861124502,9.587265792501075,0.00020648567627755616,1202.4161747070516,1500
1201.8947557334277,-35.40696735986438,9.587265792504837,0.00020648567627763734,1202.4161747070514,1500
1201.969141395612,-32.7847575838781,9.587265792500702,0.0002064856762775483,1202.4161747070514,1500
1202.0378061110264,-30.16239176407459,9.587265792504652,0.00020648567627763322,1202.4161747070516,1500
1202.1007495528506,-27.539882381984462,9.587265792505052,0.0002064856762776418,1202.4161747070516,1500
1202.1579714214965,-24.917241919823226,9.587265792501052,0.00020648567627755567,1202.4161747070516,1500
1202.2094714446084,-22.294482860428687,9.587265792504718,0.00020648567627763465,1202.4161747070516,1500
1202.2552493770645,-19.67161768720314,9.587265792504908,0.00020648567627763872,1202.4161747070516,1500
1202.2953050009776,-17.048658884055527,9.587265792500979,0.00020648567627755426,1202.4161747070514,1500
1202.3296381256976,-14.425618935338846,9.587265792504859,0.0002064856762776378,1202.4161747070514,1500
1202.358248587811,-11.802510325792323,9.587265792504699,0.00020648567627763436,1202.4161747070514,1500
1202.381136251142,-9.179345540483576,9.587265792500535,0.0002064856762775447,1202.4161747070514,1500
1202.3983010067532,-6.556137064746002,9.587265792504422,0.00020648567627762842,1202.4161747070514,1500
1202.409742772947,-3.932897384121488,9.587265792500672,0.00020648567627754748,1202.4161747070516,1500
1202.4154614952643,-1.3096389843004377,9.587265792504763,0.00020648567627763574,1202.4161747070514,1500
1205.375913237027,-40.774251030157615,9.587265792505349,0.00020395360751020378,1206.0653513632944,1500
1205.462000201877,-38.144433779485496,9.587265792501464,0.00020395360751012098,1206.0653513632947,1500
1205.5423495951875,-35.51443497483855,9.58726579250537,0.0002039536075102041,1206.0653513632947,1500
1205.6169610345244,-32.88426713407823,9.587265792501594,0.00020395360751012374,1206.0653513632947,1500
1205.6858341647635,-30.253942775870517,9.587265792505264,0.00020395360751020197,1206.0653513632944,1500
1205.7489686580934,-27.623474419625843,9.58726579250494,0.00020395360751019478,1206.065351363295,1500
1205.806364214016,-24.992874585441616,9.587265792501167,0.00020395360751011452,1206.065351363295,1500
1205.8580205593485,-22.362155794039424,9.587265792505148,0.0002039536075101995,1206.0653513632944,1500
1205.9039374482259,-19.731330566707058,9.587265792505157,0.00020395360751019953,1206.0653513632947,1500
1205.9441146620993,-17.10041142524051,9.58726579250127,0.00020395360751011702,1206.0653513632944,1500
1205.9785520097398,-14.46941089188115,9.58726579250531,0.00020395360751020294,1206.0653513632944,1500
1206.0072493272382,-11.838341489257765,9.587265792505624,0.0002039536075102095,1206.0653513632947,1500
1206.0302064780046,-9.207215740328532,9.587265792501675,0.00020395360751012547,1206.0653513632947,1500
1206.0474233527716,-6.576046168318205,9.587265792505562,0.00020395360751020817,1206.0653513632947,1500
1206.058899869593,-3.9448452966606675,9.58726579250172,0.00020395360751012642,1206.0653513632947,1500
1206.0646359738444,-1.3136256489387674,9.587265792505491,0.00020395360751020665,1206.0653513632947,1500
1209.012001645844,-40.89726097125363,9.587265792504835,0.00020142917698478575,1209.7035199083457,1500
1209.0983483232958,-38.25951071980404,9.587265792500892,0.00020142917698470306,1209.7035199083455,1500
1209.1789401214814,-35.62157836665422,9.587265792504853,0.00020142917698478632,1209.7035199083455,1500
1209.2537766568123,-32.983476467426485,9.587265792500768,0.00020142917698470045,1209.7035199083455,1500
1209.322857573093,-30.345217578550127,9.587265792504851,0.00020142917698478624,1209.7035199083455,1500
1209.3861825415229,-27.70681425720111,9.587265792504997,0.00020142917698478933,1209.7035199083455,1500
1209.4437512606978,-25.068279061244482,9.587265792501173,0.00020142917698470883,1209.7035199083457,1500
1209.4955634566109,-22.42962454917133,9.587265792505178,0.00020142917698479296,1209.7035199083457,1500
1209.5416188826543,-19.790863280040654,9.587265792505145,0.00020142917698479226,1209.7035199083457,1500
1209.5819173196205,-17.1520078134212,9.587265792501267,0.00020142917698471094,1209.7035199083455,1500
1209.6164585757037,-14.513070709328433,9.587265792505017,0.0002014291769847896,1209.7035199083457,1500
1209.6452424864995,-11.874064528166393,9.587265792504688,0.00020142917698478285,1209.7035199083455,1500
1209.6682689150066,-9.23500183066951,9.587265792500677,0.00020142917698469856,1209.7035199083455,1500
1209.6855377516274,-6.5958951778396,9.587265792504557,0.0002014291769847801,1209.7035199083455,1500
1209.6970489141686,-3.956757130888235,9.587265792500602,0.00020142917698469682,1209.7035199083457,1500
1209.7028023478408,-1.3176002511764004,9.587265792504645,0.00020142917698478177,1209.7035199083457,1500
1212.6371872071386,-41.01990203010675,9.58726579250521,0.0001989123159904458,1213.330779367358,1500
1212.723792818364,-38.374242565062104,9.587265792501242,0.00019891231599036347,1213.330779367358,1500
1212.8046262944931,-35.72840045223434,9.587265792505145,0.00019891231599044443,1213.330779367358,1500
1212.8796872507874,-33.08238828489341,9.58726579250147,0.0001989123159903682,1213.330779367358,1500
1212.948975329983,-30.436218657118694,9.587265792505198,0.00019891231599044568,1213.3307793673578,1500
1213.012490202294,-27.78990416373847,9.587265792505159,0.00019891231599044473,1213.330779367358,1500
1213.0702315654116,-25.143457400272148,9.587265792501041,0.0001989123159903593,1213.330779367358,1500
1213.1221991445072,-22.49689096286707,9.587265792504802,0.00019891231599043733,1213.330779367358,1500
1213.1683926922337,-19.85021744824021,9.587265792504972,0.00019891231599044088,1213.330779367358,1500
1213.2088119887267,-17.203449453619776,9.5872657925011,0.00019891231599036035,1213.3307793673582,1500
1213.2434568416038,-14.556599576682068,9.58726579250519,0.0001989123159904454,1213.330779367358,1500
1213.2723270859683,-11.909680415493117,9.587265792505242,0.00019891231599044663,1213.3307793673578,1500
1213.2954225844082,-9.262704568450339,9.587265792501412,0.00019891231599036702,1213.330779367358,1500
1213.312743226997,-6.615684634219326,9.58726579250538,0.00019891231599044936,1213.330779367358,1500
1213.3242889312944,-3.968633211676064,9.587265792501565,0.00019891231599037033,1213.3307793673578,1500
1213.3300596423474,-1.3215628998464013,9.587265792505402,0.00019891231599044977,1213.330779367358,1500
1216.2515674144397,-41.142177505588364,9.587265792505018,0.000196402956840214,1216.9472272896564,1500
1216.3384311875748,-38.48863240142548,9.587265792501288,0.00019640295684013757,1216.9472272896564,1500
1216.4195056212172,-35.83490410502443,9.587265792505255,0.00019640295684021883,1216.9472272896564,1500
1216.4947903294815,-33.18100524719061,9.587265792501098,0.00019640295684013353,1216.9472272896567,1500
1216.5642849540386,-30.526948459541238,9.587265792505118,0.000196402956840216,1216.9472272896564,1500
1216.6279891641195,-27.87274637444468,9.587265792505242,0.00019640295684021842,1216.9472272896567,1500
1216.6859026565141,-25.218411624962492,9.587265792501334,0.00019640295684013854,1216.9472272896564,1500
1216.7380251555753,-22.563956844786027,9.587265792505493,0.0001964029568402237,1216.9472272896564,1500
1216.7843564132181,-19.909394668177956,9.587265792505272,0.0001964029568402192,1216.9472272896564,1500
1216.8248962089224,-17.254737729913746,9.587265792501062,0.00019640295684013293,1216.9472272896564,1500
1216.859644349733,-14.599998665218259,9.587265792504876,0.00019640295684021108,1216.9472272896564,1500
1216.888600670261,-11.945190109707259,9.587265792505045,0.00019640295684021454,1216.9472272896564,1500
1216.9117650326848,-9.29032469932888,9.587265792501208,0.00019640295684013578,1216.9472272896567,1500
1216.92913732675,-6.635415070300243,9.58726579250517,0.00019640295684021693,1216.9472272896567,1500
1216.9407174697708,-3.98047385904948,9.587265792501226,0.00019640295684013616,1216.9472272896567,1500
1216.9465054066297,-1.3255137021550343,9.587265792505018,0.000196402956840214,1216.9472272896564,1500
1219.8552383168853,-41.264090647691546,9.587265792504388,0.00019390103284995335,1220.5529597793477,1500
1219.9423594869281,-38.60268326933298,9.587265792500258,0.00019390103284986984,1220.5529597793477,1500
1220.0236741640579,-35.94109215589456,9.58726579250413,0.00019390103284994814,1220.5529597793477,1500
1220.0991819612454,-33.27932997560592,9.587265792500515,0.00019390103284987518,1220.5529597793475,1500
1220.1688825191009,-30.61740939751089,9.587265792504652,0.00019390103284995855,1220.552959779348,1500
1220.2327755058736,-27.955343091406704,9.587265792504564,0.0001939010328499569,1220.5529597793477,1500
1220.290860617456,-25.2931437277858,9.587265792500675,0.00019390103284987827,1220.5529597793477,1500
1220.3431375773835,-22.630823977772323,9.58726579250432,0.00019390103284995215,1220.5529597793475,1500
1220.3896061368364,-19.96839651306341,9.587265792504308,0.00019390103284995188,1220.5529597793475,1500
1220.4302660746407,-17.3058740058705,9.587265792500652,0.00019390103284987797,1220.5529597793475,1500
1220.4651171972698,-14.643269128855781,9.587265792504542,0.0001939010328499565,1220.5529597793477,1500
1220.4941593388444,-11.980594555073486,9.587265792504368,0.0001939010328499531,1220.5529597793475,1500
1220.5173923611346,-9.317862957911213,9.587265792500482,0.0001939010328498742,1220.552959779348,1500
1220.534816153559,-6.65508701102634,9.587265792504539,0.00019390103284995627,1220.552959779348,1500
1220.5464306331864,-3.992279388287879,9.58726579250072,0.00019390103284987916,1220.5529597793477,1500
1220.5522357447367,-1.3294527637156053,9.587265792504596,0.00019390103284995755,1220.5529597793477,1500
1223.4482945490045,-41.38564465853906,9.587265792505757,0.00019140647831769503,1224.14807152512,1500
1223.5356723577138,-38.71639816443937,9.587265792501976,0.00019140647831761948,1224.14807152512,1500
1223.6172265706155,-36.04696739401727,9.587265792505846,0.0001914064783176968,1224.14807152512,1500
1223.6929567995403,-33.37736505281637,9.587265792501764,0.00019140647831761528,1224.14807152512,1500
1223.762862684039,-30.707603847196886,9.587265792505411,0.0001914064783176881,1224.14807152512,1500
1223.8269438913846,-28.037696484274655,9.58726579250537,0.00019140647831768727,1224.14807152512,1500
1223.885200116573,-25.36765567186277,9.58726579250138,0.00019140647831760764,1224.14807152512,1500
1223.9376310823257,-22.69749411840789,9.587265792505391,0.00019140647831768768,1224.14807152512,1500
1223.9842365390896,-20.02722453293135,9.587265792505576,0.0001914064783176914,1224.14807152512,1500
1224.025016265039,-17.356859624970305,9.587265792501421,0.00019140647831760842,1224.14807152512,1500
1224.0599700660775,-14.686412104513987,9.587265792505388,0.00019140647831768763,1224.14807152512,1500
1224.0890977758372,-12.015894681944832,9.587265792505683,0.00019140647831769332,1224.1480715251203,1500
1224.11239925568,-9.345320067979618,9.587265792501876,0.00019140647831761753,1224.14807152512,1500
1224.1298743946998,-6.674700973605698,9.587265792505496,0.00019140647831768977,1224.14807152512,1500
1224.1415231097208,-4.004050110022687,9.587265792501242,0.00019140647831760487,1224.14807152512,1500
1224.147345345299,-1.3333801885814023,9.58726579250522,0.00019140647831768424,1224.14807152512,1500
1227.0308293597154,-41.50684269336465,9.587265792505004,0.00018891922850332782,1227.7326558292577,1500
1227.118463055512,-38.8297800385335,9.587265792500645,0.0001889192285032419,1227.7326558292577,1500
1227.2002561026877,-36.152532567722425,9.587265792504681,0.00018891922850332145,1227.7326558292577,1500
1227.2762081119372,-33.47511302367977,9.587265792501096,0.00018891922850325065,1227.732655829258,1500
1227.3463187217553,-30.79753414997286,9.587265792504969,0.00018891922850332695,1227.732655829258,1500
1227.4105875984403,-28.11980869092686,9.587265792504866,0.00018891922850332492,1227.732655829258,1500
1227.4690144360957,-25.441949391566233,9.5872657925011,0.0001889192285032507,1227.732655829258,1500
1227.52159895663,-22.76396899755085,9.5872657925051,0.00018891922850332955,1227.732655829258,1500
1227.5683409097596,-20.08588025511696,9.587265792505054,0.00018891922850332876,1227.7326558292577,1500
1227.6092400730097,-17.407695911018138,9.587265792501189,0.00018891922850325246,1227.732655829258,1500
1227.6442962517144,-14.729428712461356,9.587265792505127,0.00018891922850333023,1227.7326558292577,1500
1227.673509279019,-12.051091407047938,9.58726579250494,0.00018891922850332654,1227.7326558292577,1500
1227.6968790158799,-9.372696742714533,9.587265792500666,0.00018891922850324216,1227.732655829258,1500
1227.7144053510651,-6.694257467669162,9.587265792504645,0.00018891922850332058,1227.732655829258,1500
1227.7260882011556,-4.015786330332726,9.587265792501174,0.00018891922850325233,1227.7326558292577,1500
1227.7319275105453,-1.3372960792777688,9.587265792505105,0.0001889192285033298,1227.7326558292577,1500
1230.6029346405628,-41.627687861468786,9.587265792504166,0.00018643921960925002,1231.3068046358947,1500
1230.6908234784319,-38.942831800432316,9.58726579250073,0.00018643921960918305,1231.3068046358949,1500
1230.7728546645114,-36.25779038532964,9.587265792504661,0.00018643921960925965,1231.3068046358947,1500
1230.8490278083627,-33.5725763960055,9.587265792500308,0.000186439219609175,1231.3068046358947,1500
1230.9193425474282,-30.887202613126043,9.587265792504288,0.0001864392196092524,1231.3068046358947,1500
1230.983798547035,-28.201681818117393,9.587265792504606,0.0001864392196092586,1231.3068046358947,1500
1231.0423955003948,-25.516026793107088,9.587265792500702,0.00018643921960918267,1231.3068046358947,1500
1231.0951331286076,-22.830250320859868,9.587265792504446,0.00018643921960925547,1231.3068046358947,1500
1231.1420111806606,-20.14436518471855,9.587265792504422,0.00018643921960925498,1231.3068046358947,1500
1231.183029433431,-17.458384168544782,9.587265792500679,0.0001864392196091822,1231.3068046358947,1500
1231.2181876916866,-14.77232005665492,9.587265792504695,0.00018643921960926016,1231.3068046358949,1500
1231.2474857880861,-12.086185633760842,9.587265792504404,0.0001864392196092548,1231.3068046358944,1500
1231.2709235831815,-9.399993684910708,9.58726579250068,0.00018643921960918242,1231.3068046358944,1500
1231.288500965417,-6.713756995424845,9.58726579250484,0.00018643921960926314,1231.3068046358947,1500
1231.3002178511304,-4.02748835083708,9.58726579250081,0.00018643921960918475,1231.3068046358947,1500
1231.3060741845534,-1.3412005368333284,9.587265792504622,0.00018643921960925908,1231.3068046358944,1500
1234.1647009532207,-41.74818322714934,9.58726579250571,0.0001839663887611571,1234.8706085585325,1500
1234.252844194617,-39.05555631685165,9.587265792501604,0.00018396638876107832,1234.8706085585325,1500
1234.3351128302688,-36.36274351595904,9.587265792505445,0.00018396638876115216,1234.8706085585322,1500
1234.411506468607,-33.669757641305296,9.587265792501702,0.0001839663887610802,1234.8706085585325,1500
1234.4820247460245,-30.976611510547976,9.58726579250554,0.000183966388761154,1234.8706085585322,1500
1234.54666732688,-28.283317942106827,9.587265792505379,0.00018396638876115072,1234.8706085585325,1500
1234.6054339034968,-25.589889755105016,9.587265792501414,0.00018396638876107483,1234.8706085585322,1500
1234.6583241961675,-22.896339769304802,9.587265792505644,0.00018396638876115582,1234.8706085585325,1500
1234.705337953153,-20.202680805048153,9.58726579250559,0.0001839663887611548,1234.8706085585325,1500
1234.7464749506842,-17.508925683197386,9.587265792501501,0.00018396638876107632,1234.8706085585325,1500
1234.7817349929637,-14.81508722507085,9.587265792505342,0.00018396638876115001,1234.8706085585325,1500
1234.8111179121665,-12.121178252383537,9.587265792505558,0.0001839663887611542,1234.8706085585325,1500
1234.8346235684398,-9.427211587187719,9.587265792501729,0.0001839663887610807,1234.8706085585325,1500
1234.8522518499055,-6.733200051808613,9.587265792505399,0.00018396638876115113,1234.8706085585325,1500
1234.864002672659,-4.039156468785551,9.587265792501379,0.00018396638876107415,1234.8706085585322,1500
1234.8698759807708,-1.3450936608104,9.587265792505358,0.00018396638876115034,1234.8706085585325,1500
1237.7162175562814,-41.8683318106083,9.587265792504859,0.00018150067398929658,1238.4241569068456,1500
1237.8046144690366,-39.16795641325441,9.587265792500755,0.00018150067398921906,1238.4241569068454,1500
1237.887119870881,-36.46739459032101,9.58726579250467,0.0001815006739892932,1238.4241569068454,1500
1237.963733369118,-33.76665919552449,9.587265792500865,0.00018150067398922098,1238.4241569068456,1500
1238.0344545990943,-31.06576308340735,9.587265792504706,0.00018150067398929384,1238.4241569068454,1500
1238.099283224202,-28.36471910927653,9.587265792504482,0.0001815006739892896,1238.4241569068454,1500
1238.15821893588,-25.66354012914437,9.58726579250061,0.0001815006739892163,1238.4241569068454,1500
1238.2112614536154,-22.96223899966414,9.587265792504311,0.00018150067398928622,1238.4241569068456,1500
1238.258410524944,-20.260828578070516,9.587265792504265,0.00018150067398928552,1238.4241569068454,1500
1238.2996659254536,-17.559321722120004,9.587265792500656,0.00018150067398921716,1238.4241569068454,1500
1238.3350274587829,-14.85773129002645,9.587265792504724,0.00018150067398929406,1238.4241569068456,1500
1238.3644949566233,-12.156070140401496,9.587265792504573,0.00018150067398929135,1238.4241569068454,1500
1238.3880682787203,-9.454351132195027,9.587265792500629,0.0001815006739892165,1238.4241569068456,1500
1238.405747312873,-6.7525871246306615,9.587265792504713,0.0001815006739892938,1238.4241569068456,1500
1238.4175319749356,-4.050790977146752,9.58726579250068,0.00018150067398921748,1238.4241569068456,1500
1238.423422208817,-1.3489755493346198,9.587265792504507,0.0001815006739892901,1238.4241569068454,1500
1241.257572431356,-41.98813658883499,9.587265792505242,0.00017904201421064945,1241.967537712796,1500
1241.3462222895873,-39.2800348746769,9.587265792501569,0.00017904201421058082,1241.967537712796,1500
1241.4289637801107,-36.571746201485574,9.587265792505434,0.000179042014210653,1241.967537712796,1500
1241.5057965091062,-33.86328345975447,9.587265792501299,0.00017904201421057564,1241.9675377127962,1500
1241.5767201108767,-31.154659540805522,9.587265792505434,0.00017904201421065283,1241.9675377127962,1500
1241.6417342478512,-28.44588733672728,9.587265792505699,0.00017904201421065796,1241.967537712796,1500
1241.7008386105858,-25.736979740315732,9.587265792501587,0.00017904201421058117,1241.967537712796,1500
1241.7540329177646,-23.02794964500962,9.587265792505448,0.00017904201421065313,1241.9675377127962,1500
1241.8013169162014,-20.318809944830747,9.587265792505661,0.00017904201421065695,1241.9675377127965,1500
1241.8426903808408,-17.60957353432424,9.587265792501688,0.00017904201421058304,1241.967537712796,1500
1241.8781531147606,-14.900253308493898,9.587265792505395,0.00017904201421065213,1241.9675377127962,1500
1241.90770494917,-12.190862162742425,9.58726579250545,0.00017904201421065316,1241.9675377127962,1500
1241.9313457434132,-9.481412992811755,9.587265792501338,0.0001790420142105765,1241.967537712796,1500
1241.9490753849684,-6.771918694718329,9.58726579250516,0.00017904201421064774,1241.9675377127962,1500
1241.9608937894486,-4.062392164693943,9.587265792501675,0.00017904201421058266,1241.9675377127962,1500
1241.9668009006023,-1.3528462991237973,9.587265792505626,0.0001790420142106566,1241.967537712796,1500
1244.7888523085064,-42.10760049646685,9.587265792505143,0.00017659034921100835,1245.5008377560807,1500
1244.8777543925269,-39.391794446534064,9.587265792500908,0.0001765903492109305,1245.5008377560805,1500
1244.9607312999992,-36.67580090563212,9.587265792505075,0.00017659034921100724,1245.5008377560805,1500
1245.0377826359827,-33.95963280092692,9.587265792501467,0.0001765903492109408,1245.5008377560805,1500
1245.1089080337406,-31.243303060415187,9.587265792505155,0.00017659034921100857,1245.5008377560807,1500
1245.1741071547408,-28.52682461286245,9.587265792504905,0.00017659034921100396,1245.5008377560807,1500
1245.2333796886587,-25.81021038774368,9.587265792501444,0.00017659034921094024,1245.5008377560807,1500
1245.2867253533782,-23.09347331517844,9.587265792505582,0.0001765903492110164,1245.5008377560807,1500
1245.3341438949928,-20.376626325871005,9.587265792505399,0.00017659034921101307,1245.5008377560807,1500
1245.375635087807,-17.659682351050478,9.587265792501265,0.00017659034921093693,1245.5008377560807,1500
1245.4111987343376,-14.942654322405915,9.58726579250505,0.00017659034921100664,1245.5008377560807,1500
1245.440834665314,-12.22555517202644,9.58726579250514,0.00017659034921100843,1245.5008377560805,1500
1245.4645427396802,-9.508397832341347,9.587265792501281,0.00017659034921093723,1245.5008377560807,1500
1245.4823228445935,-6.791195236055234,9.587265792504997,0.0001765903492110058,1245.5008377560805,1500
1245.4941748954275,-4.073960316088662,9.587265792501032,0.00017659034921093262,1245.5008377560807,1500
1245.5000988357701,-1.3567060055160334,9.587265792505043,0.00017659034921100667,1245.5008377560805,1500
1248.310142691028,-42.226726426628076,9.587265792504821,0.00017414561962791325,1249.024142588927,1500
1248.399296287259,-39.50323783540412,9.587265792501201,0.00017414561962784765,1249.0241425889267,1500
1248.4825079456514,-36.77956122278002,9.587265792504803,0.0001741456196279131,1249.0241425889267,1500
1248.5597772701476,-34.05570955249033,9.587265792500888,0.0001741456196278418,1249.024142588927,1500
1248.6311038929725,-31.331695789102863,9.587265792505022,0.0001741456196279169,1249.024142588927,1500
1248.696487474637,-28.607532897956354,9.587265792504986,0.00017414561962791623,1249.024142588927,1500
1248.7559277039384,-25.883233845101003,9.587265792500833,0.0001741456196278408,1249.024142588927,1500
1248.8094242979623,-23.158811597233424,9.587265792504706,0.00017414561962791116,1249.024142588927,1500
1248.8569770020838,-20.434279121636607,9.587265792504695,0.00017414561962791097,1249.024142588927,1500
1248.8985855899687,-17.70964938611984,9.587265792500656,0.00017414561962783773,1249.0241425889267,1500
1248.9342498635756,-14.98493535895367,9.587265792504741,0.0001741456196279118,1249.024142588927,1500
1248.9639696531544,-12.260150008809852,9.587265792504782,0.00017414561962791254,1249.024142588927,1500
1248.9877448172497,-9.535306304701265,9.587265792501164,0.00017414561962784698,1249.0241425889267,1500
1249.0055752427006,-6.810417215916878,9.587265792505425,0.00017414561962792406,1249.0241425889271,1500
1249.01746084464,-4.085495711962222,9.587265792501093,0.00017414561962784535,1249.0241425889271,1500
1249.023401566497,-1.360554762497117,9.587265792504768,0.0001741456196279121,1249.0241425889271,1500
1251.821527879608,-42.34551723174725,9.587265792505269,0.00017170776693385226,1252.5375365602663,1500
1251.9109322804934,-39.61436770979344,9.587265792501263,0.00017170776693378035,1252.5375365602665,1500
1251.9943780293981,-36.883029637500684,9.587265792505406,0.0001717077669338547,1252.5375365602663,1500
1252.0718647291508,-34.151516015069404,9.587265792501274,0.00017170776693378067,1252.5375365602663,1500
1252.1433920109419,-31.419839843535563,9.587265792504828,0.00017170776693384434,1252.5375365602663,1500
1252.2089595343268,-28.688014124708246,9.587265792504951,0.0001717077669338464,1252.5375365602665,1500
1252.2685669872274,-25.956051861109998,9.587265792501164,0.00017170776693377872,1252.5375365602663,1500
1252.3222140859334,-23.22396605591159,9.587265792505104,0.0001717077669338493,1252.5375365602663,1500
1252.3699005751037,-20.49176971287183,9.587265792504937,0.0001717077669338463,1252.5375365602663,1500
1252.4116262277676,-17.759475836277296,9.58726579250127,0.0001717077669337806,1252.5375365602663,1500
1252.4473908453256,-15.027097430877138,9.587265792505338,0.0001717077669338533,1252.5375365602665,1500
1252.4771942575508,-12.294647501822817,9.587265792505374,0.00017170776693385394,1252.5375365602665,1500
1252.5010363225897,-9.5621390546079,9.587265792501203,0.00017170776693377926,1252.5375365602665,1500
1252.5189169269624,-6.829585095002811,9.587265792504692,0.00017170776693384174,1252.5375365602665,1500
1252.5308359855635,-4.0969986289951486,9.587265792500972,0.00017170776693377528,1252.5375365602663,1500
1252.5367934416627,-1.3643926627272307,9.587265792505102,0.00017170776693384925,1252.5375365602663,1500
1255.323090995873,-42.46397572435421,9.587265792504493,0.00016927673341984783,1256.0411028392946,1500
1255.4127454997943,-39.72518670088205,9.587265792500823,0.00016927673341978302,1256.0411028392946,1500
1255.4964246843465,-36.98620859961186,9.587265792504605,0.00016927673341984994,1256.0411028392944,1500
1255.5741281512467,-34.24705445710787,9.587265792500544,0.0001692767334197781,1256.0411028392946,1500
1255.6458555306535,-31.507737310772228,9.587265792504605,0.0001692767334198498,1256.0411028392946,1500
1255.7116064811703,-28.76827019878234,9.587265792504802,0.00016927673341985327,1256.0411028392946,1500
1255.7713806898455,-26.028666160031076,9.58726579250088,0.00016927673341978402,1256.0411028392946,1500
1255.8251778721756,-23.28893823406135,9.587265792504635,0.00016927673341985032,1256.0411028392946,1500
1255.8729977721048,-20.549099461005746,9.587265792504688,0.00016927673341985127,1256.0411028392946,1500
1255.9148401620273,-17.80916288152611,9.587265792500808,0.00016927673341978277,1256.0411028392946,1500
1255.9507048427884,-15.06914153674813,9.587265792504677,0.0001692767334198511,1256.0411028392946,1500
1255.9805916436846,-12.32904846820096,9.587265792504613,0.00016927673341984994,1256.0411028392946,1500
1256.0045004224658,-9.588896717756796,9.587265792500826,0.0001692767334197831,1256.0411028392946,1500
1256.022431065334,-6.8486993275654715,9.58726579250494,0.00016927673341985571,1256.0411028392946,1500
1256.0343834869464,-4.10846933999461,9.587265792501196,0.0001692767334197896,1256.0411028392946,1500
1256.0403576304134,-1.3682197975669765,9.587265792504994,0.00016927673341985666,1256.0411028392946,1500
1258.8149140053479,-42.58210467785709,9.58726579250553,0.00016685246217966012,1259.5349234384441,1500
1258.9048179165427,-39.83569740325058,9.587265792501368,0.00016685246217958784,1259.534923438444,1500
1258.9887298873427,-37.089100524854295,9.587265792505182,0.00016685246217965403,1259.5349234384441,1500
1259.0666495183561,-34.34232711549515,9.58726579250137,0.00016685246217958786,1259.534923438444,1500
1259.1385764387137,-31.5953902488403,9.587265792505509,0.00016685246217965988,1259.534923438444,1500
1259.2045103060684,-28.8483029993343,9.587265792505535,0.00016685246217966034,1259.534923438444,1500
1259.2644508065987,-26.101078442139183,9.587265792501462,0.0001668524621795893,1259.5349234384441,1500
1259.3183976550085,-23.353729653068825,9.587265792505267,0.00016685246217965568,1259.534923438444,1500
1259.3663505945306,-20.60626970852842,9.587265792505146,0.0001668524621796536,1259.534923438444,1500
1259.4083093969257,-17.858711685453876,9.587265792501327,0.00016685246217958713,1259.534923438444,1500
1259.4442738624848,-15.111068661246264,9.587265792505033,0.0001668524621796516,1259.534923438444,1500
1259.47424382003,-12.363353713711216,9.587265792505008,0.00016685246217965118,1259.534923438444,1500
1259.4982191269148,-9.615579920998377,9.587265792501249,0.00016685246217958575,1259.534923438444,1500
1259.5161996690251,-6.867760361535795,9.587265792505155,0.00016685246217965375,1259.534923438444,1500
1259.5281853607798,-4.119908113969913,9.587265792501034,0.000166852462179582,1259.534923438444,1500
1259.5341761451318,-1.3720362571027538,9.587265792504944,0.00016685246217965004,1259.534923438444,1500
1262.297077739843,-42.699906827299884,9.587265792504343,0.00016443489709403006,1263.019079235784,1500
1262.3872303683236,-39.945902375589014,9.587265792500528,0.0001644348970939648,1263.0190792357837,1500
1262.4713744813612,-37.19170779555181,9.587265792504592,0.0001644348970940345,1263.0190792357837,1500
1262.5495096784593,-34.437336196177526,9.587265792500915,0.0001644348970939714,1263.0190792357837,1500
1262.6216355877227,-31.68280068729799,9.5872657925045,0.0001644348970940329,1263.0190792357837,1500
1262.687751865857,-28.928114379524636,9.587265792504219,0.0001644348970940281,1263.0190792357837,1500
1262.7478581981725,-26.173290384188306,9.58726579250035,0.00016443489709396173,1263.0190792357837,1500
1262.8019542985844,-23.41834181327351,9.587265792504514,0.000164434897094033,1263.019079235784,1500
1262.850039909614,-20.66328177935769,9.587265792504834,0.00016443489709403863,1263.0190792357837,1500
1262.8921148023915,-17.908123395550508,9.58726579250078,0.0001644348970939691,1263.0190792357837,1500
1262.928178776655,-15.152879775428039,9.587265792504722,0.00016443489709403673,1263.0190792357837,1500
1262.9582316607525,-12.39756403297206,9.587265792504919,0.0001644348970940401,1263.0190792357837,1500
1262.9822733116437,-9.642189282509307,9.58726579250086,0.00016443489709397048,1263.0190792357837,1500
1263.0003036148983,-6.8867686386456874,9.587265792504695,0.0001644348970940361,1263.019079235784,1500
1263.0123224846982,-4.131315216206112,9.587265792500794,0.00016443489709396935,1263.0190792357837,1500
1263.0183298638385,-1.3758421301714996,9.587265792504642,0.00016443489709403535,1263.0190792357837,1500
1265.769661919288,-42.81738487010142,9.587265792505203,0.00016202398281578995,1266.4936499968655,1500
1265.8600625807612,-40.055804141387995,9.587265792501316,0.00016202398281572457,1266.493649996865,1500
1265.9444381973422,-37.2940327612548,9.587265792505054,0.00016202398281578773,1266.493649996865,1500
1266.0227883674327,-34.532083874754,9.587265792500983,0.00016202398281571877,1266.4936499968653,1500
1266.0951127181133,-31.76997062778261,9.587265792505091,0.00016202398281578822,1266.4936499968653,1500
1266.161410905146,-29.007706167019396,9.587265792505066,0.0001620239828157878,1266.4936499968653,1500
1266.221682612975,-26.245303639864527,9.58726579250122,0.00016202398281572295,1266.493649996865,1500
1266.2759275547282,-23.482776194373642,9.587265792505145,0.0001620239828157891,1266.4936499968653,1500
1266.3241454722192,-20.720136979196933,9.58726579250526,0.00016202398281579093,1266.4936499968655,1500
1266.3663361359472,-17.957399143518277,9.587265792501256,0.00016202398281572338,1266.4936499968653,1500
1266.4024993451003,-15.194575836989252,9.58726579250514,0.00016202398281578887,1266.4936499968655,1500
1266.4326349275539,-12.431680209668253,9.587265792504974,0.00016202398281578624,1266.4936499968653,1500
1266.4567427398738,-9.668725411959581,9.587265792500776,0.00016202398281571514,1266.4936499968655,1500
1266.474822667315,-6.905724594547481,9.587265792504787,0.00016202398281578293,1266.4936499968655,1500
1266.4868746238235,-4.142690908335798,9.587265792501157,0.00016202398281572173,1266.4936499968653,1500
1266.4928985520364,-1.3796375043848164,9.587265792505129,0.00016202398281578884,1266.4936499968653,1500
1269.232745173026,-42.934541466775954,9.587265792505153,0.00015961966475481007,1269.95871439603,1500
1269.3233931888167,-40.16540518961297,9.587265792501206,0.00015961966475474434,1269.95871439603,1500
1269.40799967549,-37.396077739368096,9.587265792505129,0.00015961966475480966,1269.95871439603,1500
1269.4865642303482,-34.626572297057706,9.587265792501416,0.00015961966475474786,1269.95871439603,1500
1269.5590864794526,-31.856902044545365,9.587265792505512,0.0001596196647548159,1269.9587143960302,1500
1269.6255660776224,-29.087080164478483,9.587265792505569,0.00015961966475481682,1269.9587143960302,1500
1269.6860027084385,-26.317119840227882,9.587265792501356,0.00015961966475474667,1269.9587143960302,1500
1269.740396084244,-23.547034255821615,9.587265792505136,0.00015961966475480974,1269.95871439603,1500
1269.7887459461458,-20.77683659588395,9.587265792504992,0.00015961966475480722,1269.9587143960302,1500
1269.8310520640157,-18.00654004557427,9.58726579250126,0.0001596196647547451,1269.9587143960302,1500
1269.8673142364914,-15.23615779052096,9.587265792505214,0.0001596196647548109,1269.9587143960302,1500
1269.897532290978,-12.465703016760324,9.587265792505146,0.00015961966475480996,1269.95871439603,1500
1269.9217060836481,-9.695188910675526,9.587265792501574,0.00015961966475475046,1269.95871439603,1500
1269.9398354994435,-6.924628658930429,9.587265792505296,0.00015961966475481243,1269.95871439603,1500
1269.9519204520739,-4.154035448409109,9.587265792501206,0.00015961966475474434,1269.95871439603,1500
1269.9579608840197,-1.3834224661525054,9.587265792505246,0.00015961966475481159,1269.95871439603,1500
1272.6864050605882,-43.051379241636255,9.587265792504596,0.00015722188906375808,1273.4143500371945,1500
1272.7772997575617,-40.27470797536193,9.587265792500794,0.00015722188906369574,1273.4143500371945,1500
1272.8621364860471,-37.49784501576323,9.587265792504887,0.00015722188906376285,1273.4143500371945,1500
1272.940914842252,-34.72080357972288,9.587265792500943,0.00015722188906369802,1273.4143500371947,1500
1273.0136344512189,-31.94359688497309,9.587265792504699,0.0001572218890637596,1273.4143500371947,1500
1273.0802949668282,-29.166238150032072,9.587265792504729,0.00015722188906376028,1273.4143500371945,1500
1273.1408960718,-26.3887405941434,9.587265792500967,0.00015722188906369856,1273.4143500371945,1500
1273.1954374776942,-23.61111743720968,9.587265792504823,0.00015722188906376163,1273.4143500371947,1500
1273.243918924913,-20.833381899731343,9.587265792504725,0.00015722188906376023,1273.4143500371945,1500
1273.2863401827021,-18.05554720274541,9.587265792500732,0.0001572218890636947,1273.4143500371945,1500
1273.3227010491514,-15.277626567759155,9.587265792504676,0.00015722188906375939,1273.4143500371945,1500
1273.3530013511959,-12.499633216688906,9.587265792504823,0.00015722188906376182,1273.4143500371945,1500
1273.3772409446171,-9.721580371798778,9.587265792500926,0.00015722188906369772,1273.4143500371947,1500
1273.3954197140429,-6.94348125563436,9.587265792504883,0.00015722188906376264,1273.4143500371947,1500
1273.407537572949,-4.165349090962044,9.5872657925011,0.0001572218890637006,1273.4143500371947,1500
1273.4135944636582,-1.3871971007055184,9.587265792504954,0.00015722188906376397,1273.4143500371945,1500
1276.1307180919616,-43.16790078347948,9.587265792505363,0.00015483060262399298,1276.8606334741305,1500
1276.2218588024484,-40.38371492050713,9.587265792501316,0.0001548306026239278,1276.8606334741303,1500
1276.306925149568,-37.599336845376,9.587265792505086,0.00015483060262398867,1276.8606334741303,1500
1276.385916728435,-34.814779810738116,9.587265792501338,0.00015483060262392814,1276.8606334741303,1500
1276.458833163077,-32.030057070097264,9.587265792505164,0.00015483060262398975,1276.8606334741305,1500
1276.5256741064377,-29.245181877745367,9.587265792505063,0.0001548306026239883,1276.8606334741303,1500
1276.586439240378,-26.460167488701675,9.587265792501455,0.00015483060262393004,1276.8606334741303,1500
1276.6411282756776,-23.67502715864625,9.587265792505558,0.00015483060262399615,1276.8606334741305,1500
1276.689740952036,-20.88977414385861,9.587265792505615,0.00015483060262399707,1276.8606334741305,1500
1276.7322770380738,-18.10442170115629,9.587265792501693,0.0001548306026239336,1276.8606334741307,1500
1276.7687363313344,-15.318983087828375,9.587265792505343,0.00015483060262399268,1276.8606334741305,1500
1276.799118658285,-12.533471561574096,9.587265792505093,0.00015483060262398864,1276.8606334741305,1500
1276.8234238743157,-9.74790038044142,9.587265792501231,0.0001548306026239264,1276.8606334741303,1500
1276.8416518637432,-6.962282802760549,9.587265792505217,0.00015483060262399046,1276.8606334741307,1500
1276.853802539808,-4.176632087083085,9.587265792501272,0.00015483060262392692,1276.8606334741305,1500
1276.8598758446774,-1.390961492118352,9.587265792505182,0.0001548306026239902,1276.8606334741303,1500
1279.565759747365,-43.2841086462565,9.587265792505228,0.0001524457530317457,1280.2976402302522,1500
1279.6571458090887,-40.49242841432117,9.587265792501412,0.00015244575303168518,1280.297640230252,1500
1279.7424411566974,-37.7005554527894,9.587265792505022,0.0001524457530317426,1280.297640230252,1500
1279.8216453842158,-34.90850304998621,9.587265792501084,0.0001524457530316798,1280.2976402302522,1500
1279.8947581146595,-32.116284495090675,9.587265792505296,0.00015244575303174676,1280.2976402302522,1500
1279.961779000038,-29.323913078072138,9.587265792505256,0.00015244575303174614,1280.2976402302522,1500
1280.0227077213553,-26.531402089629218,9.587265792500931,0.00015244575303167754,1280.297640230252,1500
1280.0775439886131,-23.73876482112313,9.587265792504702,0.00015244575303173733,1280.2976402302522,1500
1280.1262875408097,-20.946014564516158,9.587265792504938,0.0001524457530317411,1280.2976402302522,1500
1280.1689381459428,-18.153164612310057,9.587265792501155,0.00015244575303168092,1280.2976402302522,1500
1280.205495601011,-15.360228257479395,9.587265792504956,0.00015244575303174137,1280.2976402302522,1500
1280.235959732014,-12.567218793409989,9.58726579250517,0.00015244575303174476,1280.2976402302522,1500
1280.2603303939532,-9.774149513837331,9.587265792501366,0.00015244575303168415,1280.2976402302525,1500
1280.2786074708324,-6.981033712779916,9.587265792505224,0.00015244575303174546,1280.2976402302525,1500
1280.2907908756597,-4.187884684478227,9.587265792501107,0.00015244575303168017,1280.2976402302522,1500
1280.296880550446,-1.3947157233308973,9.587265792504905,0.00015244575303174056,1280.2976402302522,1500
1282.9916044965503,-43.400005349724985,9.587265792505233,0.00015006728858483847,1283.7254448179285,1500
1283.083235252554,-40.60085081408809,9.587265792501178,0.00015006728858477482,1283.7254448179287,1500
1283.1687589874718,-37.801503032802586,9.58726579250509,0.00015006728858483654,1283.725444817928,1500
1283.2481752942422,-35.00197532977098,9.587265792501169,0.00015006728858477499,1283.7254448179283,1500
1283.3214837948708,-32.20228102975213,9.58726579250489,0.00015006728858483323,1283.7254448179283,1500
1283.3886841404355,-29.40243345829729,9.587265792505136,0.00015006728858483692,1283.7254448179285,1500
1283.4497760110862,-26.6024459416889,9.587265792501519,0.00015006728858478046,1283.7254448179283,1500
1283.5047591160478,-23.802331806873813,9.587265792505441,0.00015006728858484172,1283.7254448179285,1500
1283.5536331936196,-21.00210438140153,9.58726579250506,0.0001500672885848359,1283.7254448179283,1500
1283.5963980111787,-18.20177699336249,9.587265792501011,0.00015006728858477236,1283.7254448179285,1500
1283.6330533651794,-15.401362971321195,9.587265792505281,0.00015006728858483936,1283.7254448179283,1500
1283.6635990811558,-12.600875644254508,9.587265792505422,0.0001500672885848414,1283.7254448179285,1500
1283.6880350137208,-9.800328341489902,9.587265792501297,0.00015006728858477683,1283.7254448179285,1500
1283.7063610465677,-6.999734392638603,9.58726579250512,0.00015006728858483668,1283.7254448179285,1500
1283.7185770924716,-4.199107127534427,9.587265792501409,0.0001500672885847786,1283.7254448179285,1500
1283.7246830932881,-1.398459876169761,9.58726579250523,0.0001500672885848384,1283.7254448179285,1500
1286.4083258176383,-43.515593380086955,9.587265792504699,0.00014769515826952654,1287.14412075733,1500
1286.5002006162147,-40.7089844456997,9.587265792501222,0.00014769515826947282,1287.1441207573303,1500
1286.585952130162,-37.90218175098612,9.58726579250525,0.00014769515826953503,1287.14412075733,1500
1286.6655799513342,-35.095198655331444,9.58726579250121,0.0001476951582694728,1287.14412075733,1500
1286.739083700731,-32.288048518979565,9.587265792505047,0.00014769515826953175,1287.1441207573303,1500
1286.8064630285003,-29.480744702968853,9.587265792504741,0.00014769515826952706,1287.1441207573303,1500
1286.8677176139406,-26.673300569070854,9.587265792500906,0.00014769515826946794,1287.1441207573303,1500
1286.9228471655017,-23.86572947972327,9.58726579250487,0.000147695158269529,1287.1441207573303,1500
1286.9718514207866,-21.058044797968044,9.587265792504752,0.00014769515826952722,1287.1441207573303,1500
1287.0147301465527,-18.250259887389525,9.587265792500993,0.0001476951582694693,1287.1441207573303,1500
1287.0514831387118,-15.442388112047379,9.58726579250505,0.0001476951582695318,1287.1441207573303,1500
1287.082110222333,-12.634442836414713,9.58726579250483,0.0001476951582695284,1287.1441207573303,1500
1287.1066112516426,-9.826437425316204,9.587265792500823,0.00014769515826946667,1287.1441207573303,1500
1287.124986110024,-7.018385243861023,9.587265792504846,0.00014769515826952866,1287.1441207573303,1500
1287.1372347100196,-4.210299657381531,9.587265792500954,0.0001476951582694687,1287.1441207573303,1500
1287.14335699333,-1.4021940313690755,9.587265792504976,0.00014769515826953082,1287.14412075733,1500
1289.8159962155105,-43.630875190611064,9.587265792504708,0.0001453293117477851,1290.5537405948303,1500
1289.9081144101308,-40.81683160423786,9.587265792500638,0.0001453293117477236,1290.55374059483,1500
1289.994093099662,-38.00259374422409,9.587265792504706,0.00014532931174778522,1290.55374059483,1500
1290.0739318748756,-35.188175005343766,9.587265792500748,0.00014532931174772524,1290.55374059483,1500
1290.1476303557674,-32.373588783231796,9.587265792504512,0.0001453293117477823,1290.55374059483,1500
1290.2151881915593,-29.558848474319667,9.587265792504818,0.00014532931174778677,1290.5537405948303,1500
1290.2766050606988,-26.743967475774006,9.587265792501036,0.00014532931174772958,1290.55374059483,1500
1290.3318806708644,-23.92895918542935,9.587265792504812,0.00014532931174778682,1290.55374059483,1500
1290.3810147589636,-21.113837001726083,9.587265792504896,0.00014532931174778812,1290.55374059483,1500
1290.4240070911353,-18.298614323648415,9.587265792500936,0.0001453293117477281,1290.55374059483,1500
1290.4608574627514,-15.48330455065716,9.58726579250451,0.00014532931174778227,1290.55374059483,1500
1290.4915656984172,-12.66792108262765,9.587265792504585,0.00014532931174778338,1290.55374059483,1500
1290.5161316519725,-9.85247731978772,9.587265792500995,0.00014532931174772898,1290.55374059483,1500
1290.5345552064919,-7.036986662650459,9.58726579250487,0.0001453293117477877,1290.55374059483,1500
1290.5468362742859,-4.221462511952728,9.58726579250077,0.00014532931174772557,1290.55374059483,1500
1290.5529747969008,-1.405918268590808,9.587265792504652,0.0001453293117477844,1290.55374059483,1500
1293.2146872397566,-43.74585320224016,9.587265792505221,0.00014296969934480256,1293.9543759209648,1500
1293.307048189005,-40.92439455454276,9.587265792501126,0.00014296969934474166,1293.9543759209646,1500
1293.3932534554451,-38.102741121243305,9.587265792504898,0.00014296969934479774,1293.9543759209648,1500
1293.4733026287697,-35.280906332411305,9.587265792501277,0.0001429696993447439,1293.9543759209646,1500
1293.547195327974,-32.45890361897942,9.587265792505368,0.00014296969934480476,1293.9543759209648,1500
1293.614931201354,-29.636746412679038,9.587265792505203,0.00014296969934480245,1293.9543759209646,1500
1293.6765099265117,-26.814448145978567,9.587265792500915,0.0001429696993447385,1293.9543759209646,1500
1293.731931210354,-23.9920222520161,9.587265792504875,0.0001429696993447974,1293.9543759209648,1500
1293.7811947890955,-21.1694821645372,9.587265792505121,0.00014296969934480093,1293.954375920965,1500
1293.8243004282583,-18.34684131783267,9.587265792500938,0.00014296969934473854,1293.954375920965,1500
1293.8612479226754,-15.524113146671151,9.587265792504706,0.0001429696993447949,1293.9543759209648,1500
1293.8920370964897,-12.701311086236943,9.587265792504839,0.00014296969934479703,1293.9543759209646,1500
1293.916667803156,-9.878448572067741,9.587265792500876,0.00014296969934473762,1293.954375920965,1500
1293.9351399254404,-7.0555390399872575,9.58726579250487,0.00014296969934479733,1293.9543759209648,1500
1293.9474533754224,-4.232595926043571,9.587265792501265,0.00014296969934474342,1293.954375920965,1500
1293.953608094494,-1.4096326664445922,9.5872657925052,0.00014296969934480224,1293.9543759209648,1500
1296.6044695022083,-43.860529804184445,9.587265792505097,0.0001406162720368098,1297.3460973879742,1500
1296.6970725697124,-41.03167553176793,9.587265792501476,0.00014061627203675687,1297.346097387974,1500
1296.7835038190947,-38.20262596312996,9.587265792505452,0.00014061627203681501,1297.3460973879742,1500
1296.8637628389724,-35.37339456354303,9.587265792501448,0.00014061627203675628,1297.3460973879742,1500
1296.9378492473415,-32.543994799145054,9.5872657925053,0.00014061627203681282,1297.3460973879742,1500
1297.0057626915768,-29.714440136874728,9.58726579250521,0.00014061627203681146,1297.3460973879742,1500
1297.0675028484343,-26.88474404440975,9.587265792501224,0.00014061627203675316,1297.346097387974,1500
1297.123069424053,-24.054919990099236,9.587265792505125,0.00014061627203681022,1297.3460973879742,1500
1297.1724621539556,-21.22498144290136,9.587265792505008,0.0001406162720368085,1297.3460973879742,1500
1297.21568080305,-18.394941872320974,9.58726579250136,0.00014061627203675514,1297.346097387974,1500
1297.252725165631,-15.564814748342028,9.587265792505512,0.00014061627203681604,1297.346097387974,1500
1297.2835950653807,-12.734613541365201,9.587265792505653,0.00014061627203681797,1297.3460973879742,1500
1297.308290355369,-9.90435172214551,9.587265792501698,0.00014061627203676013,1297.346097387974,1500
1297.3268109180553,-7.074042761724729,9.58726579250536,0.00014061627203681382,1297.346097387974,1500
1297.3391566652886,-4.243700131369593,9.587265792501306,0.0001406162720367542,1297.3460973879742,1500
1297.3453275383067,-1.413337302507086,9.58726579250514,0.00014061627203681043,1297.3460973879742,1500
1299.9854126940527,-43.97490735450077,9.587265792504631,0.00013826898143923653,1300.7289747269272,1500
1300.0782572484193,-41.138676741922154,9.587265792500752,0.0001382689814391806,1300.7289747269272,1500
1300.164913891424,-38.30225032383427,9.587265792504715,0.0001382689814392376,1300.7289747269274,1500
1300.2453822106118,-35.46564160062081,9.587265792500528,0.00013826898143917736,1300.7289747269272,1500
1300.319661822982,-32.62886407353312,9.58726579250432,0.00013826898143923206,1300.7289747269272,1500
1300.3877523749902,-29.791931244625445,9.587265792504342,0.00013826898143923236,1300.7289747269272,1500
1300.4496535425494,-26.95485661669293,9.58726579250082,0.00013826898143918156,1300.7289747269272,1500
1300.505365031032,-24.117653693203902,9.58726579250505,0.00013826898143924258,1300.7289747269272,1500
1300.5548865752712,-21.28033597823734,9.58726579250488,0.0001382689814392401,1300.7289747269272,1500
1300.598217939562,-18.442916976420314,9.587265792500766,0.00013826898143918078,1300.7289747269272,1500
1300.6353589176622,-15.605410192860248,9.587265792504924,0.00013826898143924076,1300.7289747269272,1500
1300.666309332794,-12.767829133082383,9.587265792504716,0.00013826898143923778,1300.7289747269272,1500
1300.6910690376449,-9.93018730296722,9.587265792500471,0.00013826898143917655,1300.7289747269272,1500
1300.7096379143668,-7.092498208682768,9.58726579250452,0.00013826898143923493,1300.7289747269272,1500
1300.7220158745788,-4.25477535662258,9.58726579250081,0.00013826898143918143,1300.7289747269272,1500
1300.728202859366,-1.4170322533408766,9.587265792504777,0.00013826898143923865,1300.7289747269272,1500
1303.3575856025525,-44.08898818065842,9.587265792505505,0.00013592777979510006,1304.1030767644515,1500
1303.4506710173018,-41.245400362398755,9.587265792501455,0.00013592777979504265,1304.1030767644515,1500
1303.537552469196,-38.40161623066325,9.587265792505315,0.00013592777979509738,1304.1030767644515,1500
1303.61822954471,-35.557649320855695,9.58726579250163,0.00013592777979504512,1304.1030767644515,1500
1303.6927018598494,-32.713513169249794,9.58726579250532,0.00013592777979509746,1304.1030767644515,1500
1303.7609690601528,-29.86922131292424,9.587265792505363,0.00013592777979509806,1304.1030767644515,1500
1303.823030820692,-27.024787289700534,9.587265792501562,0.00013592777979504417,1304.1030767644515,1500
1303.8788868460756,-24.18022463807512,9.587265792505107,0.00013592777979509442,1304.1030767644515,1500
1303.9285368704484,-21.335546897156668,9.587265792505242,0.00013592777979509635,1304.1030767644515,1500
1303.971980657494,-18.490767606603356,9.587265792501462,0.00013592777979504257,1304.1030767644518,1500
1304.0092180004353,-15.645900306554985,9.587265792504972,0.00013592777979509234,1304.1030767644518,1500
1304.0402487220356,-12.800958537570231,9.587265792504898,0.00013592777979509144,1304.1030767644515,1500
1304.0650726746,-9.955955840563968,9.587265792501373,0.0001359277797950415,1304.1030767644515,1500
1304.0836897399754,-7.1109057567393155,9.58726579250542,0.00013592777979509868,1304.1030767644518,1500
1304.0960998295504,-4.265821827525527,9.587265792501249,0.00013592777979503973,1304.1030767644515,1500
1304.1023028842583,-1.420717594512941,9.587265792505102,0.00013592777979509437,1304.1030767644515,1500
1306.7210561273746,-44.202774580091685,9.587265792504745,0.00013359261996358376,1307.4684714390705,1500
1306.814381780878,-41.35184854249259,9.587265792500807,0.0001335926199635289,1307.4684714390705,1500
1306.9014874614559,-38.50072568476209,9.587265792504688,0.00013359261996358313,1307.4684714390703,1500
1306.9823727545165,-35.64941957723367,9.587265792500865,0.00013359261996352968,1307.4684714390705,1500
1307.0570372750742,-32.79794379111304,9.587265792505097,0.00013359261996358866,1307.4684714390705,1500
1307.1254806677523,-29.946311898412947,9.587265792505129,0.0001335926199635891,1307.4684714390705,1500
1307.1877026067848,-27.09453747189086,9.5872657925011,0.00013359261996353296,1307.4684714390705,1500
1307.243702796017,-24.242634084980942,9.587265792505061,0.00013359261996358815,1307.4684714390705,1500
1307.2934809689082,-21.390615311731146,9.587265792505132,0.00013359261996358915,1307.4684714390705,1500
1307.3370368885317,-18.53849472674038,9.587265792501162,0.00013359261996353383,1307.4684714390705,1500
1307.374370347577,-15.686285905090388,9.587265792504986,0.00013359261996358712,1307.4684714390705,1500
1307.4054811683498,-12.83400242228289,9.5872657925053,0.0001335926199635915,1307.4684714390705,1500
1307.430369202774,-9.981657854176708,9.58726579250135,0.00013359261996353646,1307.4684714390705,1500
1307.449034332391,-7.129265776919672,9.587265792505177,0.00013359261996358977,1307.4684714390705,1500
1307.4614764683615,-4.276839766886317,9.58726579250125,0.00013359261996353508,1307.4684714390705,1500
1307.4676955514656,-1.4243934006126795,9.587265792505022,0.00013359261996358763,1307.4684714390705,1500
1310.075891296542,-44.31626882073974,9.587265792504951,0.00013126345540910716,1310.825225817165,1500
1310.169456571959,-41.45802340390509,9.587265792500972,0.00013126345540905268,1310.825225817165,1500
1310.2567859054848,-38.59958066158434,9.58726579250484,0.00013126345540910567,1310.825225817165,1500
1310.3378788814623,-35.74095419895106,9.587265792500997,0.00013126345540905303,1310.825225817165,1500
1310.4127351139182,-32.88215762205324,9.587265792504825,0.00013126345540910543,1310.825225817165,1500
1310.4813542465631,-30.02320453774799,9.587265792504809,0.0001312634554091052,1310.825225817165,1500
1310.5437359527943,-27.164108553639053,9.587265792500858,0.00013126345540905113,1310.825225817165,1500
1310.5998799356971,-24.304883278008617,9.587265792504937,0.00013126345540910697,1310.825225817165,1500
1310.6497859280462,-21.44554231975422,9.587265792504704,0.00013126345540910377,1310.825225817165,1500
1310.6934536923063,-18.58609928832578,9.58726579250045,0.00013126345540904552,1310.825225817165,1500
1310.7308830206348,-15.726567793657285,9.587265792504619,0.0001312634554091026,1310.825225817165,1500
1310.7620737348811,-12.866961446103783,9.587265792504542,0.00013126345540910158,1310.825225817165,1500
1310.7870256865885,-10.007293856378338,9.587265792500563,0.0001312634554090471,1310.825225817165,1500
1310.8057387569947,-7.147578635483759,9.587265792504459,0.0001312634554091004,1310.825225817165,1500
1310.8182128570322,-4.287829394650149,9.587265792500638,0.00013126345540904813,1310.825225817165,1500
1310.8244479273285,-1.428059745269528,9.58726579250474,0.00013126345540910412,1310.8252258171651,1500
1313.4221572820206,-44.429473141574036,9.587265792505256,0.00012894024019037678,1314.1734061085679,1500
1313.5159615672378,-41.56392704123765,9.587265792501723,0.00012894024019032926,1314.1734061085679,1500
1313.6035139823866,-38.698183111351426,9.58726579250568,0.0001289402401903828,1314.1734061085674,1500
1313.6848141107494,-35.832254991839974,9.587265792501604,0.0001289402401903278,1314.1734061085676,1500
1313.7598615653656,-32.966156323504606,9.587265792505159,0.00012894024019037561,1314.1734061085676,1500
1313.8286559890362,-30.09990074795777,9.587265792505058,0.00012894024019037426,1314.1734061085676,1500
1313.8911970543243,-27.2335019075605,9.58726579250126,0.0001289402401903232,1314.1734061085676,1500
1313.9474844635565,-24.36697344535397,9.58726579250509,0.00012894024019037453,1314.1734061085679,1500
1313.9975179488247,-21.500329004996317,9.5872657925054,0.0001289402401903787,1314.1734061085679,1500
1314.0412972719869,-18.633582230699425,9.587265792501636,0.00012894024019032823,1314.1734061085676,1500
1314.0788222246692,-15.766746767160518,9.587265792505292,0.00012894024019037757,1314.1734061085674,1500
1314.110092628267,-12.899836259498938,9.587265792505246,0.00012894024019037678,1314.1734061085676,1500
1314.1351083339432,-10.032864353192966,9.587265792501366,0.0001289402401903246,1314.1734061085676,1500
1314.1538692226325,-7.165844694011368,9.587265792505484,0.00012894024019037998,1314.1734061085676,1500
1314.1663752050392,-4.298790927950778,9.587265792501647,0.0001289402401903284,1314.1734061085676,1500
1314.1726262216398,-1.4317167011701668,9.58726579250537,0.00012894024019037846,1314.1734061085676,1500
1316.7599194149452,-44.5423897531137,9.58726579250494,0.00012662292894986612,1317.513077681801,1500
1316.8539621025166,-41.669561522473835,9.587265792500894,0.00012662292894981267,1317.513077681801,1500
1316.9417370323213,-38.79653495950147,9.587265792504553,0.000126622928949861,1317.513077681801,1500
1317.0232437865818,-35.92332373878397,9.587265792500613,0.00012662292894980882,1317.5130776818012,1500
1317.0984819773548,-33.0499415357876,9.587265792505,0.0001266229289498669,1317.513077681801,1500
1317.1674512465333,-30.176402026791887,9.587265792505029,0.0001266229289498673,1317.513077681801,1500
1317.230151265848,-27.30271888882679,9.587265792500839,0.00012662292894981194,1317.513077681801,1500
1317.2865817368693,-24.428905799604145,9.587265792504763,0.00012662292894986363,1317.5130776818012,1500
1317.3367423910079,-21.554976437454343,9.587265792504578,0.0001266229289498612,1317.5130776818012,1500
1317.3806329895165,-18.68094448126291,9.587265792500894,0.00012662292894981267,1317.513077681801,1500
1317.418253323492,-15.806823610401946,9.587265792505264,0.0001266229289498704,1317.513077681801,1500
1317.449603213875,-12.932627504666748,9.587265792505203,0.0001266229289498696,1317.513077681801,1500
1317.4746825114512,-10.058369844212464,9.587265792501096,0.00012662292894981522,1317.5130776818012,1500
1317.4934910968514,-7.184064309485464,9.58726579250485,0.00012662292894986477,1317.5130776818012,1500
1317.5060288805535,-4.309724581160566,9.587265792500821,0.00012662292894981172,1317.513077681801,1500
1317.5122958028828,-1.4353643400753346,9.58726579250472,0.00012662292894986306,1317.5130776818012,1500
1320.0892422005059,-44.65502083792916,9.587265792504923,0.00012431147690350057,1320.8443050789679,1500
1320.1835226875933,-41.77492888945049,9.58726579250111,0.00012431147690345113,1320.8443050789679,1500
1320.2715195693863,-38.89463810712802,9.587265792505132,0.00012431147690350345,1320.8443050789676,1500
1320.3532324270518,-36.01416220012424,9.587265792501228,0.00012431147690345281,1320.8443050789676,1500
1320.4286608716652,-33.13351487848274,9.587265792505068,0.00012431147690350244,1320.8443050789679,1500
1320.4978045442135,-30.252709853062413,9.587265792505205,0.00012431147690350423,1320.8443050789679,1500
1320.5606631155974,-27.371760835474518,9.587265792501338,0.00012431147690345422,1320.8443050789676,1500
1320.6172362866332,-24.490681538013913,9.587265792505226,0.0001243114769035045,1320.8443050789679,1500
1320.6675237880518,-21.609485673595533,9.587265792505578,0.00012431147690350906,1320.8443050789679,1500
1320.7115253805027,-18.728186955690898,9.587265792501583,0.00012431147690345726,1320.8443050789679,1500
1320.749240854554,-15.846799098259314,9.587265792505182,0.00012431147690350393,1320.8443050789679,1500
1320.7806700306937,-12.965335815684348,9.58726579250521,0.0001243114769035043,1320.8443050789679,1500
1320.8058127593295,-10.083810822710344,9.587265792501253,0.00012431147690345314,1320.8443050789676,1500
1320.8246689207915,-7.202237834373586,9.587265792504997,0.00012431147690350152,1320.8443050789679,1500
1320.8372384253307,-4.320630565939397,9.58726579250144,0.00012431147690345542,1320.8443050789679,1500
1320.8435212131208,-1.439002732836257,9.587265792505523,0.00012431147690350851,1320.8443050789676,1500
1323.4101893324894,-44.767368551134375,9.587265792505345,0.00012200583983052837,1324.1671520303048,1500
1323.5047070208047,-41.88003115831826,9.587265792501277,0.00012200583983047678,1324.1671520303046,1500
1323.592925296167,-38.99249443140884,9.58726579250521,0.00012200583983052666,1324.1671520303048,1500
1323.6748437386882,-36.10477211405671,9.587265792501542,0.00012200583983047999,1324.1671520303048,1500
1323.7504619584654,-33.216877950795805,9.587265792505127,0.00012200583983052559,1324.1671520303048,1500
1323.8197795955828,-30.328825686977424,9.587265792505228,0.00012200583983052688,1324.1671520303048,1500
1323.882796320113,-27.440629068707103,9.587265792501697,0.00012200583983048212,1324.1671520303046,1500
1323.939511832119,-24.55230184277571,9.587265792505471,0.00012200583983052998,1324.1671520303048,1500
1323.989925861655,-21.663857756595746,9.587265792504938,0.00012200583983052321,1324.1671520303048,1500
1324.034038168768,-18.7753105581377,9.587265792500816,0.00012200583983047058,1324.167152030305,1500
1324.0718485434986,-15.886673995861068,9.587265792504846,0.00012200583983052203,1324.1671520303048,1500
1324.1033568058838,-12.997961818650692,9.587265792504875,0.00012200583983052238,1324.1671520303048,1500
1324.1285628059545,-10.109187775753071,9.587265792501045,0.00012200583983047366,1324.1671520303048,1500
1324.1474664237398,-7.220365616707403,9.58726579250515,0.00012200583983052589,1324.1671520303048,1500
1324.1600675692653,-4.331509091282491,9.58726579250122,0.00012200583983047573,1324.167152030305,1500
1324.1663661825528,-1.4426319494107054,9.587265792505056,0.00012200583983052486,1324.1671520303046,1500
1326.7228237075,-44.87943502086796,9.587265792505008,0.00011970597406364186,1327.481681468409,1500
1326.8175780032489,-41.98487031999173,9.587265792501302,0.00011970597406359575,1327.4816814684089,1500
1326.9060171179538,-39.09010578602496,9.587265792505086,0.00011970597406364298,1327.4816814684089,1500
1326.9881406306756,-36.19515519702005,9.587265792500972,0.00011970597406359162,1327.4816814684089,1500
1327.0639481505355,-33.300032331914956,9.587265792505038,0.00011970597406364256,1327.4816814684086,1500
1327.133439316717,-30.404750970467028,9.587265792504898,0.00011970597406364064,1327.4816814684089,1500
1327.1966137984662,-27.509324893189742,9.58726579250075,0.00011970597406358884,1327.4816814684089,1500
1327.2534712950953,-24.613767881283618,9.587265792504628,0.00011970597406363726,1327.4816814684089,1500
1327.304011535983,-21.718093716572387,9.587265792504997,0.00011970597406364174,1327.481681468409,1500
1327.348234280575,-18.82231618143914,9.587265792501492,0.00011970597406359798,1327.481681468409,1500
1327.3861393183872,-15.926449058757223,9.587265792505374,0.00011970597406364659,1327.4816814684089,1500
1327.4177264690052,-13.03050613182636,9.587265792505473,0.00011970597406364767,1327.481681468409,1500
1327.4429955820851,-10.13450118430887,9.587265792501551,0.0001197059740635987,1327.481681468409,1500
1327.4619465373548,-7.238448000160487,9.587265792505182,0.00011970597406364419,1327.4816814684089,1500
1327.474579244615,-4.3423603635671295,9.587265792501066,0.00011970597406359265,1327.481681468409,1500
1327.4808936437375,-1.4462520588786894,9.587265792504923,0.00011970597406364113,1327.4816814684086,1500
1330.0272074388563,-44.991222348763586,9.587265792504823,0.00011741183647937336,1330.7879555421434,1500
1330.1221977526816,-42.0894483405894,9.58726579250107,0.00011741183647932709,1330.787955542144,1500
1330.2108571566446,-39.18747400157039,9.587265792505047,0.0001174118364793758,1330.787955542144,1500
1330.293185228758,-36.28531314407509,9.587265792501027,0.00011741183647932689,1330.7879555421434,1500
1330.36918157717,-33.38297958135975,9.58726579250472,0.00011741183647937195,1330.7879555421437,1500
1330.4388458401645,-30.480487127502073,9.587265792504752,0.0001174118364793722,1330.787955542144,1500
1330.502177686164,-27.577849597337806,9.587265792501054,0.00011741183647932722,1330.7879555421434,1500
1330.5591768137322,-24.67508080639142,9.587265792505157,0.0001174118364793773,1330.7879555421437,1500
1330.6098429515728,-21.772194570812143,9.58726579250498,0.00011741183647937514,1330.7879555421437,1500
1330.654175858533,-18.869204707309983,9.58726579250077,0.00011741183647932358,1330.7879555421437,1500
1330.6921753236043,-15.966125033086389,9.587265792504606,0.00011741183647937072,1330.7879555421434,1500
1330.7238411659225,-13.06296936577029,9.58726579250441,0.00011741183647936814,1330.7879555421437,1500
1330.7491732347694,-10.159751523354085,9.58726579250052,0.00011741183647932052,1330.7879555421437,1500
1330.7681714095734,-7.2564853241243314,9.58726579250467,0.00011741183647937119,1330.787955542144,1500
1330.7808355999096,-4.353184586598337,9.587265792500919,0.0001174118364793254,1330.7879555421437,1500
1330.7871657455012,-1.4498631294577995,9.5872657925049,0.00011741183647937431,1330.7879555421434,1500
1333.323401870182,-45.10273261040981,9.587265792504999,0.00011512338448862197,1334.0860356302364,1500
1333.4186276171076,-42.19376716186399,9.587265792500919,0.00011512338448857297,1334.0860356302364,1500
1333.5075067643347,-39.28460088595277,9.587265792504905,0.00011512338448862085,1334.0860356302364,1500
1333.5900388888294,-36.37524762927572,9.587265792501032,0.00011512338448857434,1334.0860356302364,1500
1333.6662235977683,-33.46572123932239,9.58726579250493,0.00011512338448862113,1334.0860356302364,1500
1333.7360605285394,-30.556035564405782,9.58726579250477,0.00011512338448861922,1334.0860356302364,1500
1333.7995493487433,-27.64620445359882,9.587265792500792,0.00011512338448857146,1334.0860356302364,1500
1333.856689756196,-24.736241756664867,9.587265792504805,0.00011512338448861964,1334.0860356302364,1500
1333.9074814789292,-21.826161323993603,9.587265792504818,0.0001151233844886198,1334.0860356302364,1500
1333.9519242751926,-18.915977006536842,9.587265792500784,0.0001151233844885712,1334.0860356302367,1500
1333.990017933454,-16.0057026557391,9.587265792504962,0.00011512338448862136,1334.0860356302367,1500
1334.0217622724012,-13.095352123473404,9.587265792505338,0.00011512338448862604,1334.0860356302364,1500
1334.0471571409425,-10.184939261977165,9.587265792501567,0.00011512338448858076,1334.0860356302364,1500
1334.0662024182072,-7.274477923782673,9.58726579250521,0.00011512338448862451,1334.0860356302364,1500
1334.0788980135467,-4.363981961653549,9.587265792501025,0.00011512338448857425,1334.0860356302364,1500
1334.0852438665343,-1.4534652285182055,9.58726579250489,0.00011512338448862067,1334.0860356302364,1500
1336.6114675886913,-45.21396785579972,9.587265792504652,0.00011284057602742744,1337.3759823545736,1500
1336.7069281880708,-42.29782870162302,9.587265792500608,0.00011284057602738,1337.3759823545734,1500
1336.7960265366073,-39.38148822478489,9.587265792504676,0.00011284057602742771,1337.3759823545736,1500
1336.8787622102238,-36.46496030603157,9.587265792500759,0.0001128405760273816,1337.3759823545736,1500
1336.955134815128,-33.54825882700145,9.587265792504779,0.00011284057602742892,1337.3759823545736,1500
1337.0251439878134,-30.631397670158407,9.587265792505177,0.00011284057602743362,1337.3759823545736,1500
1337.0887893950612,-27.71439071872812,9.587265792501217,0.00011284057602738701,1337.3759823545736,1500
1337.1460707339415,-24.797251856628407,9.587265792504699,0.00011284057602742813,1337.3759823545734,1500
1337.1969877318163,-21.87999496840494,9.587265792504777,0.0001128405760274289,1337.3759823545736,1500
1337.2415401463377,-18.962633939166935,9.587265792501084,0.00011284057602738559,1337.3759823545734,1500
1337.2797277654527,-16.045182654517493,9.587265792504791,0.00011284057602742923,1337.3759823545734,1500
1337.3115504074017,-13.127655000489305,9.587265792504667,0.00011284057602742777,1337.3759823545734,1500
1337.3370079207202,-10.210064863480339,9.587265792500645,0.00011284057602738012,1337.3759823545738,1500
1337.356100184239,-7.29242613018417,9.587265792504486,0.00011284057602742549,1337.3759823545736,1500
1337.3688271070862,-4.374752687526272,9.587265792500663,0.00011284057602738048,1337.3759823545736,1500
1337.375188628686,-1.4570584225973218,9.587265792504645,0.00011284057602742751,1337.3759823545734,1500
1339.8914644381848,-45.32493010977072,9.587265792505466,0.00011056336954799106,1340.6578555932006,1500
1339.9871593136463,-42.401634854140234,9.58726579250148,0.0001105633695479451,1340.6578555932006,1500
1340.0764763255277,-39.47813778176786,9.587265792505097,0.00011056336954798697,1340.6578555932003,1500
1340.159415048712,-36.554452807462695,9.587265792501347,0.00011056336954794356,1340.6578555932006,1500
1340.23597508844,-33.63059384692815,9.587265792505242,0.00011056336954798864,1340.6578555932003,1500
1340.3061560803135,-30.70657481669521,9.587265792505134,0.00011056336954798724,1340.6578555932006,1500
1340.3699576902955,-27.782409634058467,9.587265792501404,0.00011056336954794421,1340.6578555932006,1500
1340.427379614713,-24.858112217006386,9.587265792505525,0.00011056336954799174,1340.6578555932006,1500
1340.4784215802579,-21.933696484156826,9.587265792505512,0.00011056336954799175,1340.6578555932003,1500
1340.5230833439891,-19.009176354692556,9.587265792501366,0.00011056336954794363,1340.6578555932008,1500
1340.5613646933316,-16.084565748291464,9.58726579250521,0.00011056336954798827,1340.6578555932003,1500
1340.5932654460805,-13.159878585062067,9.587265792505267,0.00011056336954798879,1340.6578555932006,1500
1340.6187854503992,-10.235128785479063,9.587265792501459,0.00011056336954794486,1340.6578555932006,1500
1340.6379245848216,-7.310330270313473,9.58726579250541,0.00011056336954799043,1340.6578555932006,1500
1340.650682758252,-4.3854969605688,9.587265792501666,0.0001105633695479474,1340.6578555932003,1500
1340.6570599099664,-1.460642777414146,9.58726579250562,0.00011056336954799301,1340.6578555932003,1500
1343.163451531756,-45.43562137243448,9.587265792505029,0.0001082917240097743,1343.931714493039,1500
1343.2593801111502,-42.505187490557915,9.587265792501185,0.00010829172400973088,1343.931714493039,1500
1343.348915252354,-39.57455129906563,9.587265792505045,0.00010829172400977479,1343.9317144930385,1500
1343.4320565292123,-36.64372674674641,9.587265792501173,0.00010829172400973075,1343.931714493039,1500
1343.5088035460017,-33.712727783285544,9.587265792505377,0.0001082917240097784,1343.9317144930387,1500
1343.5791559374338,-30.78156835919786,9.587265792505287,0.00010829172400977722,1343.931714493039,1500
1343.643113368656,-27.850262425763717,9.587265792500821,0.00010829172400972678,1343.931714493039,1500
1343.7006755352536,-24.918823934959015,9.587265792504805,0.00010829172400977208,1343.9317144930385,1500
1343.7518421632517,-21.987266839390585,9.58726579250511,0.00010829172400977523,1343.931714493039,1500
1343.7966130091145,-19.055605092231566,9.587265792501203,0.00010829172400973108,1343.931714493039,1500
1343.834987859749,-16.123852647151402,9.587265792505145,0.00010829172400977575,1343.9317144930387,1500
1343.8669665325046,-13.192023458251224,9.587265792504976,0.0001082917240097737,1343.931714493039,1500
1343.892548875174,-10.260131479999245,9.587265792500979,0.00010829172400972856,1343.931714493039,1500
1343.9117347659944,-7.328190667160727,9.587265792504969,0.00010829172400977378,1343.9317144930387,1500
1343.9245241136477,-4.3962149747339705,9.587265792500917,0.00010829172400972801,1343.9317144930387,1500
1343.9309168572613,-1.464218357883286,9.587265792504816,0.00010829172400977204,1343.9317144930387,1500
1346.4274872642227,-45.5460436195977,9.58726579250511,0.00010602559887096569,1347.1976174823228,1500
1346.523648979572,-42.6084884592804,9.587265792501299,0.00010602559887092368,1347.1976174823226,1500
1346.6134017199693,-39.67073049767143,9.587265792505285,0.00010602559887096778,1347.1976174823226,1500
1346.696745058223,-36.73278371745664,9.587265792501263,0.00010602559887092346,1347.1976174823224,1500
1346.7736785976488,-33.79466210222061,9.58726579250484,0.00010602559887096301,1347.1976174823224,1500
1346.84420197207,-30.856379636379472,9.587265792504692,0.00010602559887096106,1347.1976174823228,1500
1346.9083148458203,-27.917950305116733,9.587265792501277,0.00010602559887092346,1347.1976174823226,1500
1346.9660169137453,-24.979388094313137,9.587265792505132,0.00010602559887096607,1347.1976174823226,1500
1347.0173079012038,-22.040706990481894,9.587265792504743,0.00010602559887096163,1347.1976174823228,1500
1347.0621875640682,-19.101920980703902,9.58726579250103,0.00010602559887092087,1347.1976174823224,1500
1347.1006556887282,-16.16304405255756,9.587265792505022,0.00010602559887096486,1347.1976174823226,1500
1347.1327120920885,-13.224090194054018,9.587265792504947,0.00010602559887096404,1347.1976174823226,1500
1347.1583566215722,-10.285073393572388,9.587265792501121,0.00010602559887092173,1347.1976174823226,1500
1347.1775891551206,-7.346007639789555,9.587265792505248,0.0001060255988709672,1347.1976174823228,1500
1347.190409601193,-4.406906921616016,9.587265792501384,0.00010602559887092463,1347.1976174823226,1500
1347.1968178987695,-1.4677852281286736,9.58726579250514,0.00010602559887096615,1347.1976174823226,1500
1349.6836293242861,-45.656198803173524,9.587265792504986,0.00010376495407996131,1350.4556222827657,1500
1349.7800236117346,-42.711539586359095,9.587265792501046,0.00010376495407991866,1350.4556222827657,1500
1349.8699934250426,-39.766677077766175,9.587265792504862,0.00010376495407995995,1350.4556222827657,1500
1349.9535383359857,-36.82162529389575,9.587265792501073,0.0001037649540799191,1350.4556222827655,1500
1350.0306579469197,-33.876398252149684,9.58726579250508,0.00010376495407996249,1350.4556222827655,1500
1350.101351890783,-30.93100997076344,9.587265792504967,0.00010376495407996124,1350.4556222827655,1500
1350.1656198310973,-27.98547446874167,9.587265792501135,0.00010376495407991962,1350.4556222827657,1500
1350.2234614619697,-25.03980576578798,9.587265792505194,0.0001037649540799637,1350.4556222827655,1500
1350.274876508095,-22.094017882239953,9.587265792505292,0.00010376495407996461,1350.4556222827657,1500
1350.3198647247555,-19.14812483900424,9.587265792501153,0.00010376495407991981,1350.4556222827657,1500
1350.358425897823,-16.202140657486204,9.587265792504807,0.00010376495407995952,1350.4556222827655,1500
1350.390559843761,-13.256079359524994,9.587265792505026,0.00010376495407996173,1350.4556222827657,1500
1350.416266409622,-10.309954967328615,9.587265792501162,0.00010376495407992007,1350.4556222827655,1500
1350.435545473053,-7.363781503403571,9.587265792504848,0.00010376495407995982,1350.4556222827657,1500
1350.4483969422918,-4.41757299049053,9.58726579250089,0.00010376495407991696,1350.4556222827657,1500
1350.45482075617,-1.471343451496984,9.587265792504862,0.00010376495407996011,1350.4556222827655,1500
1352.9319347064284,-45.76608885158417,9.587265792505058,0.0001015097500671462,1353.7057859214647,1500
1353.028561006191,-42.814342675869035,9.58726579250094,0.00010150975006710244,1353.705785921465,1500
1353.1187473699272,-39.86239271906916,9.587265792504898,0.00010150975006714451,1353.7057859214647,1500
1353.2024933683824,-36.9102530314193,9.587265792501276,0.00010150975006710616,1353.7057859214647,1500
1353.279798602955,-33.9579376640572,9.587265792505079,0.00010150975006714642,1353.7057859214647,1500
1353.3506627056995,-31.00546066895622,9.587265792505168,0.00010150975006714736,1353.7057859214647,1500
1353.415085339328,-28.052836098860816,9.58726579250121,0.00010150975006710547,1353.7057859214647,1500
1353.4730661972117,-25.100078007216023,9.587265792504994,0.0001015097500671457,1353.7057859214644,1500
1353.5246050033822,-22.147200448102403,9.587265792504967,0.00010150975006714524,1353.7057859214647,1500
1353.569701512533,-19.194217476170948,9.587265792501064,0.0001015097500671041,1353.7057859214644,1500
1353.6083555100206,-16.241143146572565,9.587265792505326,0.00010150975006714921,1353.7057859214644,1500
1353.6405668118662,-13.287991514892996,9.587265792505086,0.0001015097500671465,1353.7057859214647,1500
1353.666335264755,-10.334776637087717,9.587265792501103,0.00010150975006710434,1353.7057859214647,1500
1353.6856607460381,-7.381512569411429,9.587265792505264,0.00010150975006714839,1353.7057859214647,1500
1353.6985431637336,-4.428213368353561,9.587265792501157,0.0001015097500671049,1353.7057859214647,1500
1353.7049824565252,-1.474893090570762,9.58726579250498,0.00010150975006714554,1353.7057859214644,1500
1356.1724597225507,-45.875715670154804,9.5872657925044,9.925994773678728e-05,1356.9481647425455,1500
1356.269317478865,-42.916899510277446,9.587265792500837,9.925994773675053e-05,1356.9481647425453,1500
1356.3597198743023,-39.957879081181204,9.587265792504827,9.92599477367917e-05,1356.9481647425455,1500
1356.4436664785785,-36.99866846675374,9.587265792500496,9.925994773674686e-05,1356.9481647425455,1500
1356.5211568921382,-34.03928175178794,9.587265792504528,9.925994773678859e-05,1356.9481647425455,1500
1356.5921907461538,-31.079733021914254,9.587265792504592,9.925994773678927e-05,1356.9481647425455,1500
1356.6567677025298,-28.120036363536087,9.587265792500656,9.925994773674852e-05,1356.9481647425455,1500
1356.7148874539025,-25.160205863759103,9.587265792504713,9.92599477367905e-05,1356.9481647425455,1500
1356.766549723643,-22.20025561032603,9.587265792504569,9.925994773678902e-05,1356.9481647425455,1500
1356.8117542658567,-19.240199691551364,9.587265792500705,9.925994773674903e-05,1356.9481647425455,1500
1356.8505008653863,-16.280052196250736,9.587265792504557,9.92599477367889e-05,1356.9481647425455,1500
1356.8827893378116,-13.319827213675644,9.587265792504697,9.925994773679034e-05,1356.9481647425455,1500
1356.908619529451,-10.359538833448212,9.587265792500641,9.925994773674835e-05,1356.9481647425455,1500
1356.927991317362,-7.399201145490499,9.587265792504217,9.925994773678538e-05,1356.9481647425455,1500
1356.9409046093415,-4.438828239959859,9.587265792500808,9.925994773675009e-05,1356.9481647425455,1500
1356.9473593439272,-1.4784342071812628,9.587265792504905,9.92599477367925e-05,1356.9481647425455,1500
1359.4052600133655,-45.985081141498995,9.587265792505363,9.701550845917284e-05,1360.1828144185604,1500
1359.5023486744449,-43.01921185080431,9.587265792501437,9.701550845913294e-05,1360.1828144185606,1500
1359.592966586565,-40.05313780392029,9.58726579250543,9.701550845917353e-05,1360.1828144185604,1500
1359.6771133184166,-37.08687311830732,9.587265792501695,9.701550845913588e-05,1360.1828144185602,1500
1359.7547884694916,-34.120431912333146,9.587265792505566,9.70155084591749e-05,1360.1828144185604,1500
1359.8259916700836,-31.153828305205124,9.587265792505557,9.701550845917463e-05,1360.1828144185606,1500
1359.8907225812902,-28.18707641690534,9.587265792501388,9.701550845913262e-05,1360.1828144185604,1500
1359.9489808950157,-25.220190368119876,9.587265792504901,9.701550845916817e-05,1360.1828144185604,1500
1360.0007663339711,-22.25318428017335,9.587265792504995,9.701550845916913e-05,1360.1828144185604,1500
1360.046078651676,-19.286072274963537,9.587265792501366,9.701550845913239e-05,1360.1828144185604,1500
1360.0849176324598,-16.31886847489054,9.587265792505217,9.701550845917136e-05,1360.1828144185604,1500
1360.117283091463,-13.351587002791362,9.587265792505036,9.701550845916954e-05,1360.1828144185604,1500
1360.1431748746372,-10.38424198187451,9.587265792501471,9.70155084591333e-05,1360.1828144185606,1500
1360.1625928587468,-7.416847535649152,9.587265792505624,9.701550845917532e-05,1360.1828144185606,1500
1360.175536951369,-4.44941778786031,9.587265792501325,9.7015508459132e-05,1360.1828144185604,1500
1360.1820070908948,-1.4819668624210207,9.587265792505068,9.701550845916968e-05,1360.1828144185606,1500
1362.6303905595414,-46.09418712589594,9.587265792504857,9.477639406278402e-05,1363.4097899616409,1500
1362.727709577526,-43.12128143777528,9.587265792501032,9.477639406274622e-05,1363.4097899616409,1500
1362.8185424949775,-40.14817050765025,9.587265792504962,9.47763940627849e-05,1363.409789961641,1500
1362.9028888795633,-37.17486848647431,9.587265792500876,9.477639406274451e-05,1363.409789961641,1500
1362.9807483298248,-34.20138952611043,9.587265792504871,9.477639406278416e-05,1363.4097899616409,1500
1363.0521204751785,-31.227747779263172,9.587265792504954,9.4776394062785e-05,1363.4097899616409,1500
1363.1170049759185,-28.253957399413682,9.58726579250101,9.477639406274583e-05,1363.409789961641,1500
1363.1754015232173,-25.280032540748753,9.587265792505102,9.47763940627863e-05,1363.409789961641,1500
1363.227309839128,-22.305987358095244,9.587265792505228,9.477639406278769e-05,1363.4097899616409,1500
1363.2727296765859,-19.33183600685453,9.58726579250099,9.47763940627458e-05,1363.4097899616409,1500
1363.3116608194082,-16.3575926429315,9.587265792504745,9.477639406278307e-05,1363.4097899616406,1500
1363.344103082297,-13.383271422668981,9.587265792504917,9.477639406278463e-05,1363.4097899616409,1500
1363.3700563108382,-10.408886502782194,9.587265792500952,9.477639406274527e-05,1363.409789961641,1500
1363.3895203815036,-7.434452040287721,9.587265792504905,9.47763940627845e-05,1363.4097899616409,1500
1363.4024952016512,-4.459982192438566,9.58726579250111,9.477639406274713e-05,1363.4097899616406,1500
1363.4089807095256,-1.485491116656145,9.587265792505026,9.477639406278585e-05,1363.4097899616406,1500
1365.847905692615,-46.20303546165965,9.587265792504883,9.254256682682813e-05,1366.6291457344141,1500
1365.9454545235262,-43.22310999096706,9.58726579250078,9.254256682678868e-05,1366.629145734414,1500
1366.03650193858,-40.2429787936023,9.587265792504398,9.254256682682344e-05,1366.6291457344141,1500
1366.1210475044222,-37.26265605393282,9.58726579250088,9.25425668267898e-05,1366.6291457344137,1500
1366.1990908186472,-34.28215595723773,9.587265792504748,9.254256682682683e-05,1366.6291457344141,1500
1366.2706315097953,-31.301492689639673,9.587265792504676,9.254256682682613e-05,1366.6291457344141,1500
1366.3356692373586,-28.320680438039787,9.58726579250094,9.254256682679006e-05,1366.6291457344141,1500
1366.3942036917806,-25.339733390046455,9.587265792504605,9.25425668268256e-05,1366.629145734414,1500
1366.4462345944585,-22.35866573390968,9.587265792504791,9.254256682682724e-05,1366.6291457344141,1500
1366.4917616977427,-19.377491658455323,9.587265792501036,9.254256682679113e-05,1366.629145734414,1500
1366.530784784941,-16.39622535301394,9.587265792504876,9.254256682682821e-05,1366.629145734414,1500
1366.5633036703175,-13.414881007355065,9.587265792505017,9.254256682682956e-05,1366.629145734414,1500
1366.5893181990934,-10.433472811621513,9.587265792501043,9.254256682679122e-05,1366.629145734414,1500
1366.608828247449,-7.45201495625817,9.587265792504674,9.254256682682625e-05,1366.629145734414,1500
1366.6218337225232,-4.470521631946892,9.587265792500725,9.254256682678832e-05,1366.6291457344137,1500
1366.628334562415,-1.4890070295383553,9.587265792504649,9.2542566826826e-05,1366.629145734414,1500
1369.0578591056692,-46.31162796550035,9.587265792505292,9.031398947375039e-05,1369.8409354606881,1500
1369.1556372093644,-43.32469920994549,9.587265792501508,9.031398947371474e-05,1369.8409354606881,1500
1369.2468986178712,-40.33756424418984,9.58726579250564,9.031398947375367e-05,1369.8409354606881,1500
1369.3316428968174,-37.35023728593627,9.587265792501515,9.031398947371496e-05,1369.840935460688,1500
1369.4098696428505,-34.36273255380148,9.587265792505445,9.031398947375184e-05,1369.8409354606881,1500
1369.481578483639,-31.375064267247712,9.58726579250553,9.031398947375264e-05,1369.8409354606881,1500
1369.5467690778737,-28.387246646517497,9.587265792501734,9.031398947371687e-05,1369.8409354606881,1500
1369.605441115271,-25.3992939125623,9.587265792505885,9.031398947375598e-05,1369.8409354606881,1500
1369.657594316573,-22.411220286976697,9.58726579250552,9.031398947375238e-05,1369.8409354606883,1500
1369.7032284335482,-19.423039991932477,9.587265792501242,9.031398947371224e-05,1369.8409354606881,1500
1369.742343248995,-16.43476725010732,9.587265792505375,9.031398947375117e-05,1369.8409354606881,1500
1369.7749385767406,-13.446416284618918,9.587265792505296,9.031398947375058e-05,1369.840935460688,1500
1369.801014261643,-10.458001318959102,9.587265792501414,9.031398947371371e-05,1369.8409354606883,1500
1369.820570179591,-7.4695365769225,9.587265792505463,9.031398947375185e-05,1369.8409354606883,1500
1369.8336062375047,-4.481036282541265,9.587265792501734,9.031398947371702e-05,1369.840935460688,1500
1369.8401223733383,-1.4925146600167623,9.587265792505685,9.031398947375409e-05,1369.8409354606881,1500
1372.2603038637876,-46.41996643287824,9.587265792504807,8.809062516198668e-05,1373.0452122359134,1500
1372.358310703915,-43.426050774396586,9.587265792500984,8.809062516195154e-05,1373.0452122359134,1500
1372.4497856052642,-40.43192842331663,9.587265792504844,8.809062516198717e-05,1373.0452122359131,1500
1372.534728132447,-37.43761363059873,9.587265792500991,8.809062516195162e-05,1373.0452122359134,1500
1372.613137881167,-34.443120648119205,9.587265792504894,8.809062516198748e-05,1373.0452122359134,1500
1372.6850144782213,-31.448463728601894,9.587265792504692,8.809062516198577e-05,1373.0452122359131,1500
1372.7503575815033,-28.453657125552724,9.587265792500567,8.809062516194786e-05,1373.0452122359131,1500
1372.809166880003,-25.458715093188257,9.587265792504684,8.80906251619857e-05,1373.0452122359131,1500
1372.8614420938088,-22.463651886369632,9.587265792504787,8.80906251619865e-05,1373.0452122359134,1500
1372.907182974109,-19.468481760536584,9.587265792501196,8.809062516195365e-05,1373.0452122359131,1500
1372.9463893031934,-16.473218971635895,9.587265792505345,8.809062516199176e-05,1373.0452122359131,1500
1372.9790608944543,-13.477877776055404,9.587265792505345,8.809062516199176e-05,1373.0452122359131,1500
1373.0051975923857,-10.482472430557962,9.5872657925011,8.809062516195277e-05,1373.0452122359131,1500
1373.0247992725867,-7.487017192209921,9.5872657925047,8.809062516198585e-05,1373.0452122359131,1500
1373.0378658417603,-4.491526318315718,9.587265792500954,8.809062516195143e-05,1373.0452122359131,1500
1373.0443972377138,-1.4960140663494004,9.587265792504976,8.809062516198837e-05,1373.0452122359131,1500
1375.4552924142902,-46.52805263834992,9.587265792504722,8.587243747889359e-05,1376.2420285374217,1500
1375.5535274582448,-43.52716634445047,9.587265792500776,8.587243747885809e-05,1376.242028537422,1500
1375.6452153553225,-40.52607287667847,9.587265792504736,8.587243747889372e-05,1376.2420285374217,1500
1375.7303556691218,-37.52478651917431,9.587265792500872,8.587243747885895e-05,1376.242028537422,1500
1375.8089479944044,-34.52332155699652,9.58726579250462,8.587243747889268e-05,1376.2420285374217,1500
1375.8809919570992,-31.521692276053045,9.587265792504859,8.587243747889482e-05,1376.2420285374217,1500
1375.9464872143026,-28.519912963035807,9.587265792500988,8.587243747885998e-05,1376.242028537422,1500
1376.0054334542797,-25.517997905348988,9.587265792504557,8.587243747889211e-05,1376.2420285374217,1500
1376.057830396468,-22.515961391042854,9.58726579250457,8.587243747889223e-05,1376.2420285374217,1500
1376.1036777914765,-19.513817708747602,9.587265792500695,8.587243747885735e-05,1376.242028537422,1500
1376.1429754210876,-16.51158114760168,9.587265792504583,8.587243747889218e-05,1376.242028537422,1500
1376.1757230982585,-13.509265997185608,9.587265792504397,8.587243747889067e-05,1376.2420285374217,1500
1376.2019206671223,-10.506886547455782,9.587265792500588,8.587243747885656e-05,1376.2420285374217,1500
1376.2215680029876,-7.504457088672824,9.587265792504912,8.58724374788953e-05,1376.2420285374217,1500
1376.23466501234,-4.501991911335982,9.587265792500672,8.58724374788573e-05,1376.2420285374217,1500
1376.2412116328426,-1.4995053061145145,9.587265792504361,8.587243747889036e-05,1376.2420285374217,1500
1378.642876596756,-46.63588833590747,9.587265792505375,8.365939043375444e-05,1379.4314362344571,1500
1378.7413393156355,-43.62804756099873,9.587265792501528,8.365939043372087e-05,1379.4314362344571,1500
1378.8332397147847,-40.619999132058624,9.587265792505391,8.365939043375459e-05,1379.4314362344571,1500
1378.91857735679,-37.61175736633072,9.58726579250132,8.365939043371905e-05,1379.4314362344571,1500
1378.9973518354745,-34.60333658197879,9.587265792505121,8.365939043375223e-05,1379.4314362344571,1500
1379.0695627759,-31.594751098018037,9.587265792505075,8.365939043375166e-05,1379.4314362344574,1500
1379.1352098343673,-28.586015234249448,9.587265792501197,8.3659390433718e-05,1379.4314362344571,1500
1379.1942926984204,-25.577143311187907,9.587265792505493,8.365939043375547e-05,1379.4314362344571,1500
1379.2468110868456,-22.568149649995902,9.587265792505502,8.365939043375555e-05,1379.4314362344571,1500
1379.2927647496738,-19.55904857241718,9.587265792501324,8.36593904337191e-05,1379.4314362344571,1500
1379.3321534681822,-16.549854400704916,9.587265792505203,8.365939043375279e-05,1379.4314362344574,1500
1379.364977054894,-13.54058145755539,9.587265792505328,8.365939043375403e-05,1379.4314362344571,1500
1379.3912353535811,-10.531244066041634,9.587265792501384,8.365939043371962e-05,1379.4314362344571,1500
1379.410928239263,-7.521856549541593,9.587265792505132,8.365939043375232e-05,1379.4314362344571,1500
1379.4240556182085,-4.512433231672409,9.587265792501466,8.365939043372049e-05,1379.431436234457,1500
1379.4306174279363,-1.5029884362216162,9.58726579250552,8.36593904337557e-05,1379.4314362344571,1500
1381.8231076528355,-46.74347525931057,9.587265792505505,8.145144845096354e-05,1382.6134865979925,1500
1381.9217975213987,-43.72869604600508,9.587265792501455,8.145144845092898e-05,1382.6134865979927,1500
1382.0139099323783,-40.71370869961713,9.587265792505299,8.14514484509618e-05,1382.6134865979925,1500
1382.0994444473522,-37.698527570417085,9.587265792501487,8.145144845092942e-05,1382.6134865979925,1500
1382.1784006592063,-34.683167009597604,9.587265792505585,8.145144845096422e-05,1382.6134865979925,1500
1382.2507781921372,-31.667641369204794,9.587265792505605,8.14514484509644e-05,1382.6134865979925,1500
1382.316576701653,-28.65196500207231,9.587265792501626,8.145144845093058e-05,1382.6134865979925,1500
1382.3757958745769,-25.636152261749373,9.58726579250538,8.145144845096248e-05,1382.6134865979925,1500
1382.4284354290457,-22.620217502434294,9.587265792505397,8.145144845096277e-05,1382.6134865979923,1500
1382.4744951145149,-19.60417507890799,9.587265792501546,8.14514484509299e-05,1382.6134865979925,1500
1382.5139747117557,-16.588039346461983,9.587265792505335,8.145144845096209e-05,1382.6134865979925,1500
1382.54687403286,-13.571824660831913,9.587265792505328,8.145144845096204e-05,1382.6134865979925,1500
1382.5731929212382,-10.55554537813105,9.587265792501476,8.145144845092931e-05,1382.6134865979925,1500
1382.5929312516218,-7.5392158547782735,9.587265792505594,8.14514484509643e-05,1382.6134865979925,1500
1382.6060889300638,-4.522850447432219,9.587265792501746,8.145144845093161e-05,1382.6134865979925,1500
1382.6126658939377,-1.5064635129223058,9.587265792505448,8.145144845096307e-05,1382.6134865979925,1500
1384.9960362358618,-46.850815122411746,9.587265792504601,7.924857636337415e-05,1385.7882303103468,1500
1385.0949527324856,-43.82911340280961,9.587265792500617,7.924857636334122e-05,1385.7882303103468,1500
1385.1872766684328,-40.80720307217402,9.587265792504539,7.924857636337364e-05,1385.7882303103468,1500
1385.273007604274,-37.785098513726275,9.587265792500718,7.924857636334206e-05,1385.7882303103468,1500
1385.3521451319605,-34.762814111612116,9.587265792504422,7.924857636337268e-05,1385.7882303103468,1500
1385.4246888748257,-31.740364250832673,9.587265792504521,7.924857636337333e-05,1385.788230310347,1500
1385.490638487587,-28.717763317178434,9.587265792500787,7.924857636334262e-05,1385.7882303103468,1500
1385.5499936563479,-25.6950256971571,9.587265792504446,7.92485763633727e-05,1385.788230310347,1500
1385.6027540985983,-22.672165777926953,9.587265792504343,7.924857636337202e-05,1385.7882303103468,1500
1385.648919563218,-19.64919794723022,9.587265792500471,7.924857636334001e-05,1385.7882303103468,1500
1385.6884898304752,-16.6261365933209,9.587265792504638,7.924857636337445e-05,1385.7882303103468,1500
1385.7214647120297,-13.602996104898136,9.587265792504827,7.924857636337601e-05,1385.7882303103468,1500
1385.7478440509326,-10.57979087103956,9.587265792500878,7.924857636334337e-05,1385.7882303103468,1500
1385.7676277216278,-7.5565352811291255,9.587265792504365,7.924857636337202e-05,1385.788230310347,1500
1385.7808156299518,-4.5332437247910855,9.587265792500233,7.924857636333804e-05,1385.7882303103468,1500
1385.787407713135,-1.5099305918208727,9.587265792504386,7.924857636337236e-05,1385.7882303103468,1500
1388.1617124202653,-46.957909619474904,9.587265792505043,7.705073940577878e-05,1388.9557174746046,1500
1388.260855026904,-43.92930121642683,9.587265792501324,7.705073940574872e-05,1388.9557174746049,1500
1388.353390004294,-40.90048372548685,9.58726579250498,7.705073940577827e-05,1388.9557174746046,1500
1388.4393169120015,-37.871471562751886,9.587265792500766,7.70507394057444e-05,1388.9557174746046,1500
1388.5186353410452,-34.842279145245435,9.587265792504965,7.705073940577814e-05,1388.9557174746046,1500
1388.5913449138975,-31.812920890848318,9.587265792505004,7.705073940577847e-05,1388.9557174746046,1500
1388.6574452844864,-28.783411218232544,9.587265792501041,7.705073940574662e-05,1388.9557174746046,1500
1388.7169361381975,-25.75376454678895,9.58726579250487,7.705073940577722e-05,1388.9557174746049,1500
1388.7698171918757,-22.72399529656045,9.587265792505006,7.705073940577847e-05,1388.9557174746046,1500
1388.8160881938256,-19.694117888175242,9.587265792501228,7.705073940574811e-05,1388.9557174746046,1500
1388.8557489238142,-16.664146742774463,9.587265792504652,7.705073940577564e-05,1388.9557174746046,1500
1388.88879919307,-13.634096281945403,9.587265792504416,7.705073940577374e-05,1388.9557174746046,1500
1388.9152388442858,-10.603980927654725,9.587265792500965,7.7050739405746e-05,1388.9557174746046,1500
1388.9350677516181,-7.573815102176102,9.587265792505264,7.705073940578054e-05,1388.9557174746046,1500
1388.9482858206882,-4.543613228024053,9.587265792501128,7.705073940574731e-05,1388.9557174746046,1500
1388.9548929885827,-1.5133897278846735,9.587265792504839,7.705073940577714e-05,1388.9557174746046,1500
1391.3201857107929,-47.06476042548738,9.587265792504919,7.485790320844879e-05,1392.1159976238416,1500
1391.4195539129369,-44.02926105383756,9.58726579250063,7.485790320841548e-05,1392.1159976238414,1500
1391.5122994515461,-40.99355211852247,9.587265792504573,7.485790320844626e-05,1392.1159976238414,1500
1391.5984218851845,-37.957648068439866,9.587265792501164,7.485790320841964e-05,1392.1159976238414,1500
1391.6779208039397,-34.92156335341616,9.587265792505027,7.485790320844965e-05,1392.1159976238416,1500
1391.7507958294254,-31.885312424137094,9.587265792504638,7.485790320844661e-05,1392.1159976238416,1500
1391.8170466147817,-28.848909732081342,9.587265792500592,7.485790320841517e-05,1392.1159976238414,1500
1391.876672844679,-25.81236972944808,9.587265792504875,7.485790320844862e-05,1392.1159976238414,1500
1391.9296742353174,-22.775706869090026,9.587265792505036,7.485790320844971e-05,1392.1159976238416,1500
1391.9760505344289,-19.738935604446525,9.587265792501029,7.48579032084186e-05,1392.1159976238414,1500
1392.0158015212787,-16.702070389471018,9.587265792505004,7.485790320844963e-05,1392.1159976238414,1500
1392.0489270066669,-13.665125678564126,9.587265792504878,7.485790320844848e-05,1392.1159976238416,1500
1392.075426832927,-10.628115926506693,9.587265792500679,7.485790320841586e-05,1392.1159976238414,1500
1392.09530087393,-7.591055588387281,9.587265792504503,7.485790320844557e-05,1392.1159976238416,1500
1392.108549035082,-4.553959119535844,9.587265792501109,7.485790320841905e-05,1392.1159976238416,1500
1392.1151712533265,-1.516840975454303,9.58726579250509,7.48579032084503e-05,1392.1159976238414,1500
1394.4715050515408,-47.171369196465534,9.587265792504805,7.267003379092028e-05,1395.269119730161,1500
1394.5710983381773,-44.12899446427487,9.58726579250099,7.267003379089136e-05,1395.269119730161,1500
1394.6640539610453,-41.086409693723276,9.587265792505097,7.267003379092264e-05,1395.2691197301608,1500
1394.7503714777092,-38.04362936643504,9.587265792501189,7.267003379089287e-05,1395.269119730161,1500
1394.8300504773279,-35.00066796496524,9.587265792505164,7.2670033790923e-05,1395.269119730161,1500
1394.9030905806576,-31.95753997273017,9.587265792505113,7.267003379092245e-05,1395.2691197301613,1500
1394.9694914400534,-28.914259873940914,9.587265792501428,7.267003379089451e-05,1395.2691197301613,1500
1395.0292527394706,-25.870842153530642,9.587265792505303,7.267003379092405e-05,1395.269119730161,1500
1395.0823741944669,-22.827301297087587,9.587265792505058,7.267003379092219e-05,1395.269119730161,1500
1395.1288555522028,-19.783651790787903,9.58726579250123,7.267003379089317e-05,1395.269119730161,1500
1395.1686965914437,-16.739908121323033,9.587265792505256,7.26700337909237e-05,1395.269119730161,1500
1395.2018971225602,-13.696084775832592,9.587265792505253,7.267003379092383e-05,1395.2691197301608,1500
1395.22845698753,-10.652196241837288,9.587265792501196,7.267003379089292e-05,1395.269119730161,1500
1395.248376059937,-7.608257007166246,9.587265792504947,7.267003379092135e-05,1395.269119730161,1500
1395.2616542449737,-4.564281559890529,9.587265792500823,7.26700337908901e-05,1395.269119730161,1500
1395.2682914794404,-1.5202843882535522,9.587265792504859,7.267003379092083e-05,1395.2691197301608,1500
1397.6157188348043,-47.27773756975428,9.587265792505395,7.048709755582837e-05,1398.4151322135504,1500
1397.7155366983773,-44.22850297950424,9.587265792501661,7.048709755580106e-05,1398.4151322135501,1500
1397.8087019317704,-41.179057877268036,9.587265792505764,7.048709755583139e-05,1398.41513221355,1500
1397.8952140915508,-38.1294167773227,9.587265792501501,7.048709755579973e-05,1398.4151322135504,1500
1397.9750727659502,-35.07959419487815,9.587265792505047,7.04870975558258e-05,1398.4151322135504,1500
1398.04827757487,-32.02960464600746,9.587265792505146,7.048709755582685e-05,1398.41513221355,1500
1398.114828169882,-28.979462647580313,9.58726579250133,7.048709755579849e-05,1398.4151322135504,1500
1398.174724234228,-25.929182717190074,9.587265792505438,7.048709755582868e-05,1398.4151322135504,1500
1398.2279654828244,-22.878779373086658,9.587265792505558,7.048709755582971e-05,1398.4151322135501,1500
1398.2745516622617,-19.82826713410924,9.58726579250144,7.048709755579945e-05,1398.4151322135501,1500
1398.3144825508064,-16.777660519613416,9.587265792505232,7.048709755582731e-05,1398.4151322135501,1500
1398.3477579584014,-13.726974049404,9.587265792505598,7.048709755583001e-05,1398.4151322135501,1500
1398.3743777266677,-10.676222243667738,9.58726579250178,7.048709755580178e-05,1398.4151322135504,1500
1398.3943417289042,-7.625419622900489,9.587265792505438,7.048709755582899e-05,1398.41513221355,1500
1398.40764987009,-4.574580707840603,9.587265792501489,7.048709755579996e-05,1398.41513221355,1500
1398.4143020868828,-1.5237200193991653,9.587265792505338,7.04870975558281e-05,1398.4151322135501,1500
1400.7528749097469,-47.38386716432047,9.587265792504972,6.830906128287179e-05,1401.5540829505535,1500
1400.8529168461187,-44.32778811409807,9.587265792501125,6.830906128284437e-05,1401.5540829505535,1500
1400.946291219494,-41.27149807932747,9.587265792504725,6.830906128287003e-05,1401.5540829505535,1500
1401.0329975854438,-38.215011606865176,9.587265792500762,6.830906128284178e-05,1401.5540829505535,1500
1401.1130355312766,-35.158343244502646,9.587265792504958,6.830906128287168e-05,1401.5540829505535,1500
1401.1864046760406,-32.101507540896435,9.587265792505113,6.830906128287278e-05,1401.5540829505535,1500
1401.253104670524,-29.044519045501474,9.587265792501274,6.830906128284543e-05,1401.5540829505535,1500
1401.313135197259,-25.987392308498052,9.587265792504923,6.830906128287142e-05,1401.5540829505535,1500
1401.3664959705213,-22.93014188072445,9.587265792504649,6.830906128286947e-05,1401.5540829505535,1500
1401.4131867363326,-19.87278231360952,9.5872657925008,6.830906128284205e-05,1401.5540829505535,1500
1401.4532072724614,-16.815328159099725,9.587265792504914,6.830906128287137e-05,1401.5540829505535,1500
1401.4865573884244,-13.75779396959173,9.587265792504798,6.830906128287054e-05,1401.5540829505535,1500
1401.5132369254866,-10.700194297865004,9.587265792501087,6.83090612828441e-05,1401.5540829505535,1500
1401.5332457566628,-7.642543697008816,9.587265792505224,6.830906128287358e-05,1401.5540829505535,1500
1401.5465837867182,-4.584856720355471,9.587265792501366,6.830906128284624e-05,1401.5540829505533,1500
1401.5532509521688,-1.5271479214104013,9.587265792505328,6.830906128287431e-05,1401.5540829505535,1500
1403.8830205908985,-47.48975958104035,9.587265792505345,6.613589212295528e-05,1404.6860192827755,1500
1403.983286099311,-44.42685136570459,9.587265792501272,6.613589212292718e-05,1404.6860192827755,1500
1404.0768691452795,-41.3637316943147,9.587265792505262,6.613589212295486e-05,1404.6860192827753,1500
1404.1637692833824,-38.30041514623381,9.587265792501498,6.613589212292874e-05,1404.6860192827755,1500
1404.2439861000055,-35.23691630176212,9.587265792505232,6.61358921229545e-05,1404.6860192827755,1500
1404.3175192133453,-32.17324974206688,9.587265792505118,6.613589212295372e-05,1404.6860192827755,1500
1404.3843682734102,-29.109430049115463,9.587265792501064,6.613589212292575e-05,1404.6860192827755,1500
1404.4445329620225,-26.04547180560223,9.587265792504954,6.61358921229526e-05,1404.6860192827755,1500
1404.4980129928194,-22.981389594881,9.587265792505175,6.613589212295411e-05,1404.6860192827755,1500
1404.5448081112554,-19.917198000897514,9.587265792501306,6.613589212292743e-05,1404.6860192827755,1500
1404.5849180946016,-16.85291160811624,9.587265792505363,6.613589212295556e-05,1404.6860192827753,1500
1404.6183427519495,-13.788545001452881,9.587265792505328,6.613589212295516e-05,1404.6860192827755,1500
1404.645081924209,-10.724112766206787,9.587265792501203,6.613589212292671e-05,1404.6860192827755,1500
1404.6651354841115,-7.659629487987806,9.587265792505233,6.613589212295436e-05,1404.6860192827758,1500
1404.6785033362085,-4.595109752649363,9.587265792501187,6.613589212292675e-05,1404.6860192827753,1500
1404.685185416875,-1.5305681462183987,9.587265792504951,6.613589212295242e-05,1404.6860192827758,1500
1407.006202666479,-47.5954164029814,9.587265792504496,6.396755759235835e-05,1407.8109880252102,1500
1407.1066912495169,-44.52569421531152,9.587265792500794,6.396755759233364e-05,1407.8109880252102,1500
1407.2004825038102,-41.45576010113061,9.587265792504741,6.396755759235997e-05,1407.8109880252102,1500
1407.287575982946,-38.38562867223614,9.587265792500801,6.39675575923337e-05,1407.8109880252102,1500
1407.3679712723902,-35.3153145413647,9.587265792504528,6.396755759235855e-05,1407.8109880252102,1500
1407.4416679894896,-32.244832322121894,9.587265792504393,6.396755759235765e-05,1407.8109880252102,1500
1407.5086657834743,-29.174196628915222,9.587265792500553,6.396755759233203e-05,1407.8109880252102,1500
1407.568964335458,-26.10342207688079,9.58726579250463,6.396755759235939e-05,1407.81098802521,1500
1407.6225633584422,-23.032523281815628,9.587265792504816,6.396755759236032e-05,1407.8109880252105,1500
1407.6694625973132,-19.961514860109993,9.587265792501046,6.396755759233532e-05,1407.8109880252102,1500
1407.7096618288476,-16.890411428674042,9.587265792504732,6.396755759235992e-05,1407.8109880252102,1500
1407.7431608617117,-13.81922760487016,9.58726579250445,6.39675575923582e-05,1407.81098802521,1500
1407.769959536462,-10.747978006445237,9.587265792500585,6.396755759233224e-05,1407.8109880252102,1500
1407.790057725546,-7.676677251457346,9.587265792504496,6.396755759235835e-05,1407.8109880252102,1500
1407.8034553333032,-4.6053399582086865,9.587265792500588,6.396755759233227e-05,1407.8109880252102,1500
1407.8101522959664,-1.533980745175356,9.587265792504489,6.396755759235829e-05,1407.8109880252102,1500
1410.1224674065606,-47.70083919567836,9.58726579250485,6.180402556712636e-05,1410.9290354744064,1500
1410.2231785701135,-44.624318127504345,9.58726579250106,6.180402556710177e-05,1410.9290354744066,1500
1410.3171775715477,-41.54758466340445,9.587265792505082,6.18040255671277e-05,1410.9290354744066,1500
1410.4044639634612,-38.47065344753864,9.587265792501253,6.1804025567103e-05,1410.9290354744066,1500
1410.485037330402,-35.393539125008104,9.587265792505221,6.18040255671286e-05,1410.9290354744066,1500
1410.5588972888693,-32.31625634178492,9.58726579250526,6.1804025567129e-05,1410.9290354744064,1500
1410.6260434873159,-29.238819744644875,9.587265792501139,6.180402556710244e-05,1410.9290354744064,1500
1410.68647560615,-26.16124398109396,9.587265792504917,6.180402556712663e-05,1410.9290354744066,1500
1410.7401933577357,-23.083543699300563,9.58726579250501,6.180402556712723e-05,1410.9290354744066,1500
1410.7871964863957,-20.0057335480276,9.587265792501006,6.180402556710158e-05,1410.9290354744064,1500
1410.827484768412,-16.927828176559053,9.587265792504786,6.180402556712595e-05,1410.9290354744064,1500
1410.8610580120264,-13.849842234632124,9.587265792504862,6.180402556712644e-05,1410.9290354744064,1500
1410.8879160574425,-10.771790372369376,9.58726579250094,6.180402556710099e-05,1410.9290354744066,1500
1410.9080587768249,-7.693687240205247,9.587265792504926,6.180402556712686e-05,1410.9290354744064,1500
1410.9214860743023,-4.6155474888188355,9.587265792501167,6.180402556710263e-05,1410.9290354744064,1500
1410.9281978859647,-1.5373857690635282,9.587265792505033,6.180402556712754e-05,1410.9290354744064,1500
1413.2318605710643,-47.80602950740399,9.587265792505338,5.964526427746345e-05,1414.0402074164706,1500
1413.3327938242908,-44.72272455071953,9.587265792501345,5.964526427743876e-05,1414.0402074164704,1500
1413.4270001147331,-41.63920672972952,9.587265792505129,5.964526427746215e-05,1414.0402074164706,1500
1413.5144789940027,-38.55549072088506,9.587265792501228,5.964526427743788e-05,1414.0402074164706,1500
1413.595230045731,-35.471591201580544,9.587265792505129,5.9645264277462296e-05,1414.0402074164704,1500
1413.6692528855715,-32.38752285008318,9.587265792505285,5.964526427746327e-05,1414.0402074164704,1500
1413.7365471612022,-29.303300345465658,9.58726579250142,5.964526427743923e-05,1414.0402074164704,1500
1413.7971125523259,-26.218938367532473,9.587265792505427,5.964526427746415e-05,1414.0402074164704,1500
1413.850948770673,-23.134451596751987,9.587265792505228,5.964526427746292e-05,1414.0402074164704,1500
1413.8980555600021,-20.049854714188406,9.587265792501144,5.964526427743736e-05,1414.0402074164706,1500
1413.9384326961015,-16.965162401428145,9.587265792505232,5.964526427746294e-05,1414.0402074164704,1500
1413.9720799867905,-13.880389340511826,9.587265792505573,5.964526427746506e-05,1414.0402074164704,1500
1413.99899727192,-10.795550213866303,9.587265792501917,5.964526427744217e-05,1414.0402074164706,1500
1414.0191844233727,-7.71065970423098,9.587265792505331,5.964526427746356e-05,1414.0402074164704,1500
1414.0326413450657,-4.6257324945904665,9.58726579250117,5.964526427743768e-05,1414.0402074164704,1500
1414.0393679729484,-1.5407832681040419,9.587265792505251,5.964526427746306e-05,1414.0402074164704,1500
1416.3344274175997,-47.910988869434284,9.587265792505205,5.7491242302317136e-05,1417.14454913491,1500
1416.4355822728917,-44.82091491749272,9.587265792500968,5.749124230229188e-05,1417.1445491349098,1500
1416.5299953972271,-41.7306276338943,9.587265792504615,5.74912423023136e-05,1417.14454913491,1500
1416.617666341233,-38.64014172731034,9.587265792500645,5.7491242302289793e-05,1417.14454913491,1500
1416.6985946876262,-35.54947190735757,9.587265792504693,5.749124230231422e-05,1417.1445491349098,1500
1416.772780051217,-32.45863288452742,9.587265792504748,5.749124230231455e-05,1417.1445491349098,1500
1416.8402220789096,-29.36763937011856,9.587265792500947,5.74912423022916e-05,1417.14454913491,1500
1416.9009204497033,-26.27650607616311,9.587265792504951,5.749124230231561e-05,1417.14454913491,1500
1416.9548748746959,-23.185247715358482,9.587265792504969,5.749124230231571e-05,1417.14454913491,1500
1417.002085097083,-20.09387900099925,9.587265792501034,5.7491242302292124e-05,1417.14454913491,1500
1417.0425508921608,-17.00241464690335,9.587265792505026,5.749124230231606e-05,1417.14454913491,1500
1417.0762720673265,-13.910869367343917,9.587265792504958,5.749124230231581e-05,1417.1445491349098,1500
1417.1032484620796,-10.819257876981162,9.58726579250068,5.7491242302290003e-05,1417.14454913491,1500
1417.1234799480217,-7.727594890788543,9.587265792504855,5.7491242302315035e-05,1417.14454913491,1500
1417.1369664288582,-4.635895123985252,9.587265792501412,5.749124230229439e-05,1417.14454913491,1500
1417.143707840398,-1.5441732919655382,9.58726579250521,5.749124230231717e-05,1417.14454913491,1500
1419.4302127091523,-48.015718796308576,9.587265792504505,5.5341928564043545e-05,1420.2421054183246,1500
1419.5315886820995,-44.91889064470206,9.587265792500823,5.534192856402213e-05,1420.2421054183249,1500
1419.6262081881973,-41.82184869510896,9.587265792505052,5.53419285640467e-05,1420.2421054183246,1500
1419.714070777091,-38.724607688350446,9.58726579250144,5.534192856402585e-05,1420.2421054183246,1500
1419.7951760305855,-35.627182366195086,9.587265792505395,5.5341928564048675e-05,1420.2421054183246,1500
1419.8695235626487,-32.52958747128813,9.58726579250519,5.5341928564047496e-05,1420.2421054183246,1500
1419.937113019413,-29.43183774708381,9.587265792501103,5.534192856402391e-05,1420.2421054183246,1500
1419.9979440791758,-26.33394793777139,9.587265792504885,5.5341928564045734e-05,1420.2421054183246,1500
1420.0520164524037,-23.235932788206906,9.587265792504752,5.534192856404497e-05,1420.2421054183246,1500
1420.0993298817307,-20.13780704384485,9.587265792500808,5.53419285640222e-05,1420.2421054183246,1500
1420.1398841419618,-17.039585450664227,9.587265792504768,5.5341928564045056e-05,1420.2421054183246,1500
1420.1736790400737,-13.941282755100222,9.58726579250462,5.534192856404405e-05,1420.2421054183249,1500
1420.200714415214,-10.842913703975963,9.587265792500666,5.534192856402123e-05,1420.2421054183249,1500
1420.2209901387039,-7.744493044428494,9.587265792504724,5.53419285640448e-05,1420.2421054183246,1500
1420.2345061140386,-4.6460355238411335,9.587265792500695,5.534192856402154e-05,1420.2421054183246,1500
1420.2412622768863,-1.5475558897726451,9.587265792504615,5.5341928564044175e-05,1420.2421054183246,1500
1422.5192607216177,-48.12022078608457,9.587265792505201,5.319729232318162e-05,1423.332920567946,1500
1422.6208573309718,-45.01665313380672,9.587265792501302,5.319729232315998e-05,1423.332920567946,1500
1422.715682769654,-41.912871218227515,9.587265792504905,5.319729232318013e-05,1423.3329205679458,1500
1422.8037365863288,-38.80888981224797,9.587265792500713,5.319729232315687e-05,1423.3329205679458,1500
1422.8850183618913,-35.70472368971856,9.587265792504677,5.319729232317871e-05,1423.332920567946,1500
1422.9595277094688,-32.60038762536837,9.58726579250469,5.319729232317895e-05,1423.3329205679458,1500
1423.0272642744235,-29.495896394737187,9.587265792500784,5.319729232315711e-05,1423.332920567946,1500
1423.088227734353,-26.39126477410147,9.587265792504935,5.31972923231803e-05,1423.3329205679458,1500
1423.1424177990934,-23.28650754040587,9.58726579250497,5.319729232318049e-05,1423.3329205679458,1500
1423.1898342107188,-20.18163947119482,9.587265792501128,5.319729232315918e-05,1423.3329205679458,1500
1423.2304767435442,-17.076675344538394,9.587265792504924,5.319729232318025e-05,1423.3329205679458,1500
1423.2643452041252,-13.97162993896385,9.587265792505125,5.319729232318135e-05,1423.3329205679458,1500
1423.2914394312602,-10.86651803338722,9.587265792501729,5.3197292323162515e-05,1423.3329205679458,1500
1423.3117592959902,-7.761354407039146,9.587265792505384,5.3197292323182796e-05,1423.3329205679458,1500
1423.3253047016,-4.656153839397074,9.587265792501412,5.319729232316075e-05,1423.3329205679458,1500
1423.332075583618,-1.550931110114282,9.587265792505242,5.3197292323182004e-05,1423.3329205679458,1500
1425.6016152511893,-48.224496320588315,9.587265792505132,5.105730317328996e-05,1426.4170384050292,1500
1425.7034320188318,-45.114203771080824,9.587265792501343,5.105730317326978e-05,1426.4170384050292,1500
1425.7984629438401,-42.00369649396556,9.587265792505288,5.1057303173290796e-05,1426.4170384050292,1500
1425.8867075739008,-38.89298929415385,9.587265792501414,5.105730317327032e-05,1426.417038405029,1500
1425.968165489001,-35.78209697750859,9.587265792505585,5.1057303173292375e-05,1426.4170384050292,1500
1426.0428363014294,-32.67103435077313,9.58726579250569,5.105730317329294e-05,1426.4170384050292,1500
1426.1107196557796,-29.55981622150332,9.587265792501915,5.105730317327283e-05,1426.4170384050292,1500
1426.171815228951,-26.448457397993273,9.587265792505388,5.1057303173291325e-05,1426.4170384050292,1500
1426.2261227301503,-23.336972689206746,9.587265792505416,5.105730317329148e-05,1426.4170384050292,1500
1426.273641900893,-20.22537690470856,9.58726579250159,5.105730317327125e-05,1426.417038405029,1500
1426.3143725150048,-17.113684854590325,9.587265792505374,5.10573031732914e-05,1426.417038405029,1500
1426.3483143786227,-14.001911349401835,9.587265792505509,5.105730317329182e-05,1426.4170384050294,1500
1426.375467330195,-10.890071200082485,9.587265792501416,5.105730317327002e-05,1426.4170384050294,1500
1426.3958312404834,-7.778179217886971,9.587265792505395,5.105730317329121e-05,1426.4170384050294,1500
1426.4094060125626,-4.66625021431733,9.58726579250137,5.105730317326993e-05,1426.4170384050292,1500
1426.4161915818222,-1.5542990010518036,9.587265792505224,5.105730317329045e-05,1426.4170384050292,1500
1428.677319621605,-48.32854686565935,9.587265792505063,4.892193103595663e-05,1429.4945022781023,1500
1428.7793560725117,-45.21154392784278,9.587265792500892,4.892193103593503e-05,1429.4945022781028,1500
1428.8745920404765,-42.09432579911383,9.587265792505045,4.892193103595638e-05,1429.4945022781026,1500
1428.9630270722105,-38.97690731632508,9.587265792501082,4.892193103593616e-05,1429.4945022781026,1500
1429.0446607467939,-35.85930331728276,9.587265792504814,4.89219310359552e-05,1429.4945022781026,1500
1429.1194926756798,-32.74152864067544,9.587265792504905,4.8921931035955507e-05,1429.4945022781028,1500
1429.1875225026943,-29.623598126005973,9.587265792500975,4.892193103593562e-05,1429.4945022781026,1500
1429.2487499040399,-26.50552661351702,9.587265792504787,4.8921931035954903e-05,1429.4945022781028,1500
1429.3031745882956,-23.38732894412236,9.587265792504642,4.8921931035954165e-05,1429.4945022781028,1500
1429.3507962964195,-20.26901995933813,9.587265792500965,4.89219310359354e-05,1429.4945022781028,1500
1429.3916148017488,-17.150614501208395,9.58726579250515,4.892193103595692e-05,1429.4945022781026,1500
1429.4256299100025,-14.032127412236383,9.587265792504883,4.89219310359554e-05,1429.4945022781028,1500
1429.45284145928,-10.913573535315772,9.587265792500805,4.8921931035934744e-05,1429.4945022781026,1500
1429.4732493200645,-7.794967713656216,9.587265792504752,4.892193103595489e-05,1429.4945022781026,1500
1429.4868533952217,-4.676324790715248,9.58726579250101,4.892193103593579e-05,1429.4945022781026,1500
1429.493653620001,-1.5576596101269848,9.58726579250489,4.8921931035955595e-05,1429.4945022781026,1500
1431.74641669125,-48.432373871391164,9.587265792504617,4.6791146155843714e-05,1432.5653550700758,1500
1431.8486723534581,-45.30867496068021,9.587265792500657,4.6791146155824226e-05,1432.565355070076,1500
1431.9441129238676,-42.184760396747606,9.587265792504443,4.67911461558427e-05,1432.565355070076,1500
1432.0327379482155,-39.060645048318605,9.587265792500869,4.6791146155825256e-05,1432.565355070076,1500
1432.1145470046781,-35.93634378507413,9.587265792504638,4.6791146155843504e-05,1432.5653550700763,1500
1432.1895397038734,-32.811871477579345,9.587265792504546,4.679114615584305e-05,1432.5653550700763,1500
1432.2577156888622,-29.687242997215467,9.587265792500672,4.67911461558243e-05,1432.565355070076,1500
1432.3190746351515,-26.56247321610509,9.587265792504834,4.679114615584461e-05,1432.565355070076,1500
1432.3736162506946,-23.43757700704338,9.587265792504953,4.679114615584519e-05,1432.565355070076,1500
1432.4213402758924,-20.312569243429145,9.58726579250066,4.679114615582423e-05,1432.565355070076,1500
1432.4622464835957,-17.187464799190252,9.587265792504606,4.67911461558435e-05,1432.565355070076,1500
1432.4963346791055,-14.062278548714739,9.587265792504585,4.679114615584324e-05,1432.5653550700763,1500
1432.5236047001738,-10.937025366781914,9.587265792500656,4.679114615582422e-05,1432.565355070076,1500
1432.544056417005,-7.811720128487742,9.587265792504578,4.6791146155843355e-05,1432.565355070076,1500
1432.5576897322567,-4.6863777091766075,9.587265792500641,4.6791146155823995e-05,1432.5653550700763,1500
1432.5645045810384,-1.5610129843698501,9.587265792504663,4.6791146155843775e-05,1432.565355070076,1500
1434.8089488601263,-48.53597877236697,9.587265792505383,4.466491909586539e-05,1435.6296392052138,1500
1434.911423264702,-45.40559821167053,9.587265792501771,4.4664919095848566e-05,1435.6296392052138,1500
1435.0070679998712,-42.275001536432136,9.587265792505972,4.466491909586814e-05,1435.6296392052138,1500
1435.095882610399,-39.14420364718153,9.587265792501732,4.466491909584838e-05,1435.6296392052138,1500
1435.1778666735595,-36.013219445406165,9.587265792505555,4.46649190958662e-05,1435.6296392052138,1500
1435.2530197991377,-32.88206383347961,9.587265792505637,4.4664919095866415e-05,1435.629639205214,1500
1435.3213416294307,-29.750751714593243,9.587265792501565,4.4664919095847604e-05,1435.6296392052138,1500
1435.3828318392516,-26.61929799268141,9.587265792505512,4.4664919095865995e-05,1435.6296392052138,1500
1435.4374901359286,-23.487717572352466,9.587265792505477,4.4664919095865825e-05,1435.6296392052138,1500
1435.4853162593072,-20.35602535881969,9.587265792501661,4.466491909584821e-05,1435.6296392052136,1500
1435.5263099817525,-17.22423625782656,9.587265792505606,4.466491909586659e-05,1435.6296392052136,1500
1435.560471108149,-14.092365175577712,9.587265792505496,4.466491909586593e-05,1435.6296392052138,1500
1435.5877994759014,-10.960427018669876,9.587265792501588,4.466491909584772e-05,1435.6296392052138,1500
1435.6082949549368,-7.828436694017134,9.58726579250554,4.466491909586596e-05,1435.629639205214,1500
1435.6219574477032,-4.696409108782507,9.587265792501693,4.4664919095848356e-05,1435.6296392052136,1500
1435.6287868891732,-1.5643591703063533,9.58726579250563,4.4664919095866544e-05,1435.6296392052138,1500
1437.8649580766855,-48.63936298789097,9.58726579250482,4.254322073241465e-05,1438.6873966559715,1500
1437.967650757692,-45.50231500859731,9.58726579250084,4.2543220732396996e-05,1438.6873966559715,1500
1438.0634992227328,-42.365050454424036,9.587265792504382,4.254322073241271e-05,1438.6873966559715,1500
1438.152503015604,-39.227584257637645,9.587265792500599,4.254322073239576e-05,1438.6873966559717,1500
1438.2346617126786,-36.08993135146436,9.587265792504553,4.254322073241346e-05,1438.6873966559715,1500
1438.309974922911,-32.95210667001844,9.587265792504283,4.254322073241227e-05,1438.6873966559715,1500
1438.3784422878362,-29.814125148233632,9.587265792500721,4.254322073239646e-05,1438.6873966559715,1500
1438.4400634815745,-26.676001721788303,9.587265792504585,4.254322073241361e-05,1438.6873966559715,1500
1438.4948382108305,-23.53775132703621,9.5872657925044,4.254322073241279e-05,1438.6873966559715,1500
1438.542766214896,-20.399388900937375,9.587265792500544,4.254322073239584e-05,1438.6873966559713,1500
1438.583847265651,-17.260929380983107,9.587265792504208,4.254322073241179e-05,1438.6873966559717,1500
1438.6180811675636,-14.122387705126862,9.587265792504358,4.2543220732412595e-05,1438.6873966559715,1500
1438.6454677576933,-10.983778811715043,9.58726579250072,4.2543220732396454e-05,1438.6873966559715,1500
1438.6660069056893,-7.845117639412065,9.587265792504528,4.25432207324132e-05,1438.6873966559717,1500
1438.6796985137923,-4.706419127131817,9.587265792500524,4.254322073239559e-05,1438.6873966559715,1500
1438.6865425168357,-1.567698213965908,9.587265792504438,4.25432207324128e-05,1438.6873966559717,1500
1440.9144858445343,-48.74252792221522,9.587265792504875,4.04260222507484e-05,1441.7386689497048,1500
1441.0173963389989,-45.5988266651625,9.587265792501029,4.042602225073203e-05,1441.738668949705,1500
1441.1134481017907,-42.45490837386892,9.587265792504965,4.042602225074894e-05,1441.7386689497046,1500
1441.2026406757382,-39.3107880122704,9.587265792501082,4.042602225073241e-05,1441.7386689497048,1500
1441.284973636316,-36.16648054526462,9.587265792504876,4.042602225074825e-05,1441.738668949705,1500
1441.360446591648,-33.022000938639195,9.587265792504969,4.042602225074879e-05,1441.7386689497048,1500
1441.4290591825104,-29.87736415900296,9.58726579250116,4.042602225073274e-05,1441.7386689497048,1500
1441.4908110823312,-26.732585173710937,9.58726579250526,4.042602225074986e-05,1441.738668949705,1500
1441.5457019971932,-23.587678950795,9.587265792505235,4.042602225074992e-05,1441.7386689497048,1500
1441.5937316658355,-20.44266045889453,9.587265792500995,4.042602225073204e-05,1441.7386689497048,1500
1441.6348998596536,-17.297544667181366,9.587265792505171,4.0426022250749646e-05,1441.7386689497048,1500
1441.6692063827015,-14.152346545290447,9.587265792505374,4.0426022250750507e-05,1441.7386689497048,1500
1441.6966510716925,-11.007081063250503,9.587265792501178,4.0426022250732814e-05,1441.7386689497048,1500
1441.7172337959996,-7.86176319140895,9.587265792505201,4.042602225074961e-05,1441.738668949705,1500
1441.730954457656,-4.716407900363203,9.587265792501153,4.0426022250732705e-05,1441.7386689497048,1500
1441.7378129913566,-1.5710301608887758,9.587265792504919,4.042602225074858e-05,1441.7386689497048,1500
1443.95757322901,-48.845474964762175,9.587265792505468,3.8313295140391284e-05,1444.7834971752497,1500
1444.060701076894,-45.69513448119466,9.5872657925013,3.831329514037463e-05,1444.7834971752497,1500
1444.1569557080543,-42.54457650499525,9.587265792505278,3.831329514039068e-05,1444.7834971752495,1500
1444.2463366643537,-39.3938160317024,9.587265792501373,3.8313295140374926e-05,1444.7834971752497,1500
1444.32884352037,-36.242868057818356,9.587265792505349,3.831329514039066e-05,1444.78349717525,1500
1444.4044758833995,-33.091747580737206,9.58726579250559,3.831329514039177e-05,1444.7834971752497,1500
1444.4732333934596,-29.940469598675982,9.587265792501555,3.8313295140375495e-05,1444.78349717525,1500
1444.535115723289,-26.789049110599453,9.587265792505132,3.831329514038963e-05,1444.7834971752502,1500
1444.590122578349,-23.637501116150695,9.587265792505152,3.831329514038987e-05,1444.78349717525,1500
1444.6382536968272,-20.485840615581573,9.587265792501466,3.8313295140375136e-05,1444.78349717525,1500
1444.679508849636,-17.334082609677527,9.587265792505269,3.831329514039049e-05,1444.7834971752497,1500
1444.7138878404164,-14.182242099688079,9.587265792505358,3.831329514039069e-05,1444.78349717525,1500
1444.7413905055357,-11.030334087257371,9.58726579250153,3.831329514037539e-05,1444.78349717525,1500
1444.7620167140913,-7.878373574348908,9.587265792505287,3.831329514039056e-05,1444.7834971752497,1500
1444.77576636791,-4.72637556317672,9.587265792501466,3.8313295140375136e-05,1444.78349717525,1500
1444.7826394015476,-1.5743550561333135,9.587265792505395,3.831329514039099e-05,1444.7834971752497,1500
1446.9942608636334,-48.948205490342986,9.58726579250526,3.620501119066132e-05,1447.8219219893783,1500
1447.0976056078007,-45.791239742853165,9.587265792501476,3.620501119064704e-05,1447.8219219893783,1500
1447.194062680656,-42.634056045304476,9.5872657925052,3.620501119066126e-05,1447.821921989378,1500
1447.2836316230982,-39.47666942477147,9.587265792501231,3.620501119064627e-05,1447.821921989378,1500
1447.3663120088108,-36.319094909294535,9.587265792505448,3.620501119066219e-05,1447.821921989378,1500
1447.4421034442644,-33.1613475278077,9.5872657925051,3.620501119066088e-05,1447.821921989378,1500
1447.5110055687187,-30.00344231006973,9.587265792500707,3.620501119064429e-05,1447.821921989378,1500
1447.573018054224,-26.84539428658869,9.587265792505,3.62050111906605e-05,1447.821921989378,1500
1447.6281406056228,-23.687218488552364,9.587265792505544,3.62050111906624e-05,1447.8219219893783,1500
1447.6763729605511,-20.52892994775862,9.587265792501427,3.6205011190647004e-05,1447.821921989378,1500
1447.7177148894405,-17.370543696540015,9.58726579250494,3.620501119066028e-05,1447.821921989378,1500
1447.752166195518,-14.212074767694165,9.587265792504674,3.6205011190659114e-05,1447.8219219893783,1500
1447.779726714807,-11.053538194414138,9.587265792500647,3.6205011190644063e-05,1447.821921989378,1500
1447.80039631613,-7.894949010213038,9.587265792504684,3.62050111906593e-05,1447.821921989378,1500
1447.8141749011065,-4.736322248855017,9.587265792500975,3.6205011190645304e-05,1447.821921989378,1500
1447.8210624041553,-1.5776729442830806,9.587265792505004,3.620501119066068e-05,1447.8219219893779,1500
1450.0245889564371,-49.05072085937178,9.587265792504926,3.4101142486288736e-05,1450.8539836231312,1500
1450.1281501426242,-45.88714372282861,9.58726579250127,3.410114248627573e-05,1450.8539836231312,1500
1450.2248092331822,-42.72334817975768,9.587265792505058,3.4101142486289204e-05,1450.8539836231312,1500
1450.3145657680484,-39.55934928870354,9.587265792501306,3.410114248627602e-05,1450.853983623131,1500
1450.3974193200138,-36.39516210917862,9.587265792505237,3.410114248628984e-05,1450.8539836231312,1500
1450.473369494724,-33.23080170159093,9.587265792505185,3.410114248628966e-05,1450.8539836231312,1500
1450.542415930684,-30.066283127174863,9.58726579250137,3.4101142486276085e-05,1450.8539836231312,1500
1450.6045582992567,-26.90162144791573,9.587265792505173,3.410114248628977e-05,1450.853983623131,1500
1450.659796304667,-23.73683172647997,9.587265792505118,3.4101142486289414e-05,1450.8539836231312,1500
1450.708129684001,-20.571929026145376,9.587265792501311,3.4101142486275875e-05,1450.8539836231312,1500
1450.7495582072092,-17.40692841072556,9.587265792505416,3.410114248629048e-05,1450.8539836231312,1500
1450.7840816771065,-14.241844944500162,9.587265792505427,3.410114248629052e-05,1450.8539836231312,1500
1450.8116999293736,-11.076693692145112,9.587265792501622,3.410114248627698e-05,1450.8539836231312,1500
1450.8324128325576,-7.911489718657028,9.587265792505438,3.410114248629055e-05,1450.8539836231312,1500
1450.8462202880714,-4.746248089284119,9.587265792501498,3.41011424862767e-05,1450.853983623131,1500
1450.8531222301976,-1.5809838694538159,9.58726579250546,3.4101142486290796e-05,1450.853983623131,1500
1453.048597296181,-49.15302241807577,9.587265792504663,3.200166140309106e-05,1453.8797218880354,1500
1453.152374472966,-45.98284768053953,9.587265792500721,3.2001661403078066e-05,1453.8797218880352,1500
1453.2492351598871,-42.81245408095861,9.587265792504969,3.2001661403092086e-05,1453.8797218880354,1500
1453.3391788959216,-39.64185670928201,9.587265792501121,3.20016614030794e-05,1453.8797218880352,1500
1453.4222052529694,-36.47107065642858,9.587265792504702,3.2001661403091354e-05,1453.8797218880352,1500
1453.4983138358543,-33.30011101421461,9.587265792504706,3.200166140309137e-05,1453.8797218880352,1500
1453.5675042823268,-30.128992875284524,9.587265792501048,3.2001661403079e-05,1453.8797218880354,1500
1453.6297762630643,-26.957731333035216,9.587265792504915,3.2001661403092065e-05,1453.8797218880352,1500
1453.6851294816752,-23.786341481546124,9.58726579250474,3.2001661403091164e-05,1453.8797218880356,1500
1453.7335636746966,-20.614838415509332,9.587265792500947,3.200166140307882e-05,1453.8797218880352,1500
1453.7750786115998,-17.44323723015384,9.587265792504937,3.200166140309213e-05,1453.8797218880352,1500
1453.8096740947883,-14.271553021175665,9.587265792504843,3.200166140309182e-05,1453.8797218880352,1500
1453.8373499595996,-11.09980088466793,9.587265792500862,3.200166140307853e-05,1453.8797218880352,1500
1453.8581060743068,-7.9279959170451235,9.58726579250478,3.200166140309161e-05,1453.8797218880352,1500
1453.8719423401178,-4.756153214973841,9.587265792500943,3.200166140307865e-05,1453.8797218880354,1500
1453.878858691177,-1.5842878753002803,9.587265792504823,3.2001661403091754e-05,1453.8797218880352,1500
1456.0663252584434,-49.25511149870161,9.587265792505189,2.9906540603746594e-05,1456.8991761822012,1500
1456.1703179772178,-46.07835286232524,9.587265792501114,2.990654060373389e-05,1456.8991761822012,1500
1456.2673798417877,-42.901374909333406,9.587265792504931,2.9906540603745635e-05,1456.8991761822015,1500
1456.3575103901728,-39.72419276101428,9.58726579250088,2.9906540603733153e-05,1456.8991761822012,1500
1456.440709193384,-36.54682153962793,9.587265792504784,2.9906540603745334e-05,1456.8991761822012,1500
1456.5169758554243,-33.3692763683337,9.58726579250494,2.9906540603745662e-05,1456.8991761822015,1500
1456.5863100132913,-30.191572371120806,9.58726579250096,2.9906540603733404e-05,1456.8991761822012,1500
1456.6487113369794,-27.013724672732486,9.587265792504969,2.990654060374575e-05,1456.8991761822015,1500
1456.70417952948,-23.835748398595946,9.587265792504937,2.9906540603745967e-05,1456.899176182201,1500
1456.7527143267844,-20.657658674752305,9.587265792500958,2.9906540603733397e-05,1456.8991761822012,1500
1456.7943154978843,-17.479470627780717,9.587265792504855,2.9906540603745554e-05,1456.8991761822012,1500
1456.8289828447726,-14.301199384728328,9.58726579250498,2.9906540603745944e-05,1456.8991761822012,1500
1456.8567162024453,-11.122860073040203,9.587265792501048,2.990654060373368e-05,1456.8991761822012,1500
1456.8775154389014,-7.94446782048345,9.58726579250487,2.9906540603745442e-05,1456.8991761822015,1500
1456.8913804551435,-4.766037755077804,9.58726579250088,2.9906540603733153e-05,1456.8991761822012,1500
1456.8983111851794,-1.5875850050229725,9.587265792504727,2.9906540603745313e-05,1456.899176182201,1500
1459.0778118116064,-49.35698941971775,9.587265792504631,2.7815753033630532e-05,1459.9123854963088,1500
1459.1820196265448,-46.17366050163531,9.58726579250056,2.7815753033618874e-05,1459.9123854963086,1500
1459.2792822526476,-42.990111813306854,9.58726579250451,2.7815753033630183e-05,1459.9123854963088,1500
1459.3695992269786,-39.80635850729493,9.587265792500894,2.781575303361969e-05,1459.9123854963088,1500
1459.4529701196607,-36.62241573713596,9.587265792504802,2.7815753033631027e-05,1459.9123854963088,1500
1459.5293945338788,-33.438298657267545,9.587265792504908,2.7815753033631335e-05,1459.9123854963088,1500
1459.5988721058789,-30.254022422958855,9.587265792500975,2.7815753033619927e-05,1459.9123854963088,1500
1459.6614025049732,-27.069602190234644,9.587265792504613,2.781575303363048e-05,1459.9123854963088,1500
1459.7169854335389,-23.885053115805047,9.587265792504823,2.781575303363109e-05,1459.9123854963088,1500
1459.7656206270208,-20.700390356995385,9.587265792500984,2.7815753033619954e-05,1459.9123854963088,1500
1459.8073078539328,-17.515629071670126,9.587265792504688,2.7815753033630698e-05,1459.9123854963088,1500
1459.8420469158582,-14.330784418162699,9.587265792504489,2.7815753033630122e-05,1459.9123854963088,1500
1459.8698376474522,-11.145871555205272,9.587265792500752,2.7815753033619117e-05,1459.912385496309,1500
1459.8906799164397,-7.960905641852721,9.587265792504926,2.781575303363139e-05,1459.9123854963088,1500
1459.9045736236194,-4.7759018374130795,9.587265792500833,2.7815753033619517e-05,1459.9123854963088,1500
1459.9115187028624,-1.5908753013747203,9.587265792504676,2.781575303363066e-05,1459.9123854963088,1500
1462.0830955227248,-49.45865748601314,9.58726579250514,2.572927191675993e-05,1462.9193884194822,1500
1462.187517990758,-46.2687718192154,9.587265792501345,2.5729271916749747e-05,1462.9193884194822,1500
1462.2849809648487,-43.07866592947551,9.587265792505121,2.5729271916760037e-05,1462.919388419482,1500
1462.3754839811081,-39.888355000565966,9.587265792500727,2.572927191674824e-05,1462.919388419482,1500
1462.459026608774,-36.697854217235154,9.58726579250478,2.5729271916758963e-05,1462.9193884194822,1500
1462.5356084502123,-33.50717876513449,9.587265792504855,2.5729271916759322e-05,1462.919388419482,1500
1462.6052291409214,-30.31634383074867,9.587265792500933,2.5729271916748795e-05,1462.919388419482,1500
1462.6678883495313,-27.125364601319532,9.587265792504843,2.5729271916759285e-05,1462.919388419482,1500
1462.7235857778064,-23.934256264775712,9.587265792504478,2.5729271916758157e-05,1462.9193884194822,1500
1462.7723211606465,-20.743034009662292,9.587265792500697,2.5729271916748162e-05,1462.919388419482,1500
1462.8140942660884,-17.551713025064615,9.587265792504875,2.5729271916759373e-05,1462.919388419482,1500
1462.8489048953074,-14.360308500537947,9.587265792505065,2.5729271916759885e-05,1462.919388419482,1500
1462.8767528826172,-11.168835626037119,9.5872657925012,2.572927191674951e-05,1462.919388419482,1500
1462.897638095471,-7.9773095918403385,9.587265792505125,2.5729271916760044e-05,1462.919388419482,1500
1462.9115604344624,-4.785745588479484,9.587265792501121,2.5729271916749297e-05,1462.919388419482,1500
1462.9185198333262,-1.5941588066671473,9.587265792504873,2.5729271916759366e-05,1462.919388419482,1500
1465.08221456329,-49.56011698909223,9.587265792505157,2.3647070751769554e-05,1465.9202231450547,1500
1465.1868512440747,-46.363688023289676,9.587265792501459,2.364707075176043e-05,1465.9202231450547,1500
1465.2845141551543,-43.167038382777505,9.587265792505537,2.364707075177049e-05,1465.9202231450547,1500
1465.3752028316885,-39.97018328247414,9.587265792501682,2.3647070751760986e-05,1465.9202231450547,1500
1465.4589168420312,-36.773137938275916,9.5872657925054,2.3647070751770154e-05,1465.9202231450547,1500
1465.5356557877335,-33.57591756698403,9.587265792505459,2.3647070751770296e-05,1465.9202231450547,1500
1465.6054193035452,-30.378537386234672,9.587265792501686,2.3647070751760837e-05,1465.920223145055,1500
1465.6682070574163,-27.181012614422738,9.587265792505441,2.364707075177026e-05,1465.9202231450547,1500
1465.7240187505,-23.98335847063131,9.58726579250571,2.3647070751770916e-05,1465.9202231450547,1500
1465.772854117152,-20.7855901745612,9.587265792501597,2.3647070751760776e-05,1465.9202231450547,1500
1465.8147129249337,-17.58772294645459,9.58726579250536,2.3647070751770053e-05,1465.9202231450547,1500
1465.8495949746116,-14.38977200702453,9.587265792505654,2.364707075177078e-05,1465.9202231450547,1500
1465.8775001001595,-11.191752577384472,9.587265792501633,2.3647070751761023e-05,1465.9202231450545,1500
1465.8984281687594,-7.993679878971902,9.587265792505187,2.3647070751769632e-05,1465.9202231450547,1500
1465.9123790808007,-4.795569133478497,9.587265792501796,2.3647070751761267e-05,1465.9202231450547,1500
1465.919352769882,-1.5974355627770211,9.587265792505896,2.3647070751771377e-05,1465.9202231450547,1500
1468.0752067148874,-49.661369207266375,9.587265792504999,2.156912330800036e-05,1468.9149274762306,1500
1468.1800571707788,-46.458410309739875,9.587265792500894,2.156912330799112e-05,1468.9149274762306,1500
1468.277919610367,-43.25523028665928,9.58726579250471,2.1569123307999865e-05,1468.9149274762303,1500
1468.3687935678613,-40.0518443840253,9.587265792500787,2.1569123307991042e-05,1468.9149274762303,1500
1468.4526786107344,-36.84826784881859,9.587265792504617,2.1569123307999655e-05,1468.9149274762303,1500
1468.5295743397228,-33.64451592892648,9.58726579250445,2.1569123307999282e-05,1468.9149274762303,1500
1468.5994803888302,-30.440603873073044,9.587265792500641,2.156912330799071e-05,1468.9149274762303,1500
1468.6623964253286,-27.236546930742556,9.587265792504894,2.1569123308000278e-05,1468.9149274762303,1500
1468.7183221497598,-24.032360352108938,9.58726579250472,2.156912330799989e-05,1468.9149274762303,1500
1468.7672572959375,-20.828059387965055,9.587265792500798,2.1569123307991066e-05,1468.9149274762303,1500
1468.8092016309474,-17.623659289646284,9.587265792504814,2.1569123308000102e-05,1468.9149274762303,1500
1468.84415495515,-14.419175308959812,9.587265792504594,2.1569123307999604e-05,1468.9149274762303,1500
1468.8721171021793,-11.21462269811406,9.587265792500704,2.1569123307990852e-05,1468.9149274762303,1500
1468.8930879389454,-8.01001670964213,9.58726579250473,2.1569123307999912e-05,1468.9149274762303,1500
1468.9070673656347,-4.805372596331846,9.587265792500451,2.1569123307990286e-05,1468.9149274762303,1500
1468.9140553157104,-1.6007056111524864,9.587265792504327,2.1569123307999004e-05,1468.9149274762303,1500
1471.0621093747468,-49.76241540584178,9.587265792505363,1.9495403621640097e-05,1471.9035388316393,1500
1471.1671731707725,-46.552939862281164,9.587265792501334,1.9495403621631904e-05,1471.9035388316393,1500
1471.2652347328824,-43.343242743239294,9.58726579250498,1.9495403621639318e-05,1471.9035388316393,1500
1471.3562935943382,-40.13333932573598,9.58726579250137,1.9495403621631976e-05,1471.9035388316393,1500
1471.440349321732,-36.923244887772924,9.587265792505345,1.949540362164006e-05,1471.9035388316393,1500
1471.5174015149883,-33.71297470826035,9.587265792505391,1.949540362164015e-05,1471.9035388316393,1500
1471.5874498073663,-30.50254406694694,9.587265792501693,1.9495403621632474e-05,1471.9035388316395,1500
1471.6504938654602,-27.29196824434314,9.587265792505193,1.949540362163975e-05,1471.9035388316393,1500
1471.7065333892033,-24.081262521650395,9.58726579250493,1.9495403621639216e-05,1471.9035388316393,1500
1471.7555681118674,-20.870442180690418,9.58726579250132,1.9495403621631877e-05,1471.9035388316393,1500
1471.7975978000643,-17.659522503828484,9.587265792505494,1.949540362164036e-05,1471.9035388316393,1500
1471.8326222537476,-14.448518773902677,9.587265792505562,1.949540362164066e-05,1471.903538831639,1500
1471.860641306214,-11.2374462741531,9.587265792501347,1.9495403621631772e-05,1471.9035388316395,1500
1471.8816548241014,-8.026320288145225,9.587265792505214,1.9495403621639792e-05,1471.9035388316393,1500
1471.895662707394,-4.815156099699743,9.587265792501443,1.9495403621632125e-05,1471.9035388316393,1500
1471.902664889419,-1.6039689928191787,9.587265792505246,1.949540362163986e-05,1471.9035388316393,1500
1474.0429595611981,-49.86325683730395,9.58726579250469,1.7425885991931534e-05,1474.886094250793,1500
1474.1482362650297,-46.647277852634645,9.587265792501007,1.742588599192484e-05,1474.886094250793,1500
1474.2464965461425,-43.43107684346873,9.587265792505127,1.7425885991932327e-05,1474.886094250793,1500
1474.3377399368524,-40.21466911778221,9.587265792501068,1.742588599192495e-05,1474.886094250793,1500
1474.4219660028734,-36.998069984534965,9.587265792504898,1.742588599193191e-05,1474.886094250793,1500
1474.4991743433188,-33.78129475359731,9.587265792504986,1.7425885991932232e-05,1474.8860942507927,1500
1474.569364590705,-30.56435873567962,9.587265792501007,1.742588599192484e-05,1474.886094250793,1500
1474.6325364109507,-27.347277242255636,9.587265792505015,1.7425885991932123e-05,1474.886094250793,1500
1474.6886895033808,-24.13006558549151,9.587265792505036,1.7425885991932164e-05,1474.886094250793,1500
1474.7378236007262,-20.912739078174877,9.587265792500858,1.7425885991924568e-05,1474.886094250793,1500
1474.7799384691264,-17.695313033638055,9.587265792504578,1.742588599193133e-05,1474.886094250793,1500
1474.8150339081294,-14.47780276568713,9.58726579250458,1.7425885991931334e-05,1474.886094250793,1500
1474.8431097506932,-11.260223588531026,9.58726579250105,1.7425885991924917e-05,1474.886094250793,1500
1474.8641658631868,-8.042590816704685,9.587265792504954,1.7425885991932015e-05,1474.886094250793,1500
1474.8782021453908,-4.824919764998791,9.587265792501096,1.7425885991925e-05,1474.886094250793,1500
1474.8852185304972,-1.6072257483862327,9.587265792505253,1.7425885991932557e-05,1474.886094250793,1500
1477.0177939190212,-49.96389474149882,9.587265792505493,1.5360544977470197e-05,1477.86263039944,1500
1477.123283100948,-46.741425440696894,9.587265792501338,1.536054497746354e-05,1477.86263039944,1500
1477.2217416999883,-43.518733667289226,9.587265792505285,1.5360544977469865e-05,1477.86263039944,1500
1477.313169247514,-40.29583476014555,9.587265792501466,1.5360544977463905e-05,1477.8626303994397,1500
1477.3975653083628,-37.072744059121504,9.587265792505399,1.5360544977470204e-05,1477.8626303994397,1500
1477.474929480839,-33.84947690498492,9.587265792505278,1.5360544977470014e-05,1477.8626303994397,1500
1477.5452613967168,-30.626048639345452,9.58726579250115,1.5360544977463238e-05,1477.86263039944,1500
1477.6085607212408,-27.402474604577638,9.587265792505416,1.5360544977470234e-05,1477.8626303994397,1500
1477.6648271531292,-24.17877014374981,9.587265792505807,1.536054497747086e-05,1477.8626303994397,1500
1477.7140604245733,-20.954950600553047,9.587265792501935,1.5360544977464654e-05,1477.8626303994397,1500
1477.7562603012407,-17.73103131922423,9.58726579250576,1.5360544977470783e-05,1477.8626303994397,1500
1477.7914265822744,-14.507027644474935,9.58726579250558,1.536054497747034e-05,1477.86263039944,1500
1477.819559100296,-11.282954921420405,9.587265792501615,1.5360544977463824e-05,1477.8626303994401,1500
1477.8406577214039,-8.058828495502556,9.587265792505612,1.5360544977470387e-05,1477.86263039944,1500
1477.8547223451767,-4.834663712419567,9.587265792501455,1.536054497746373e-05,1477.86263039944,1500
1477.8617529046714,-1.6104759180521768,9.587265792505132,1.536054497746978e-05,1477.8626303994397,1500
1479.9866487247032,-50.064330345810674,9.587265792504247,1.3299355392535983e-05,1480.8331835748254,1500
1480.0923499576058,-46.83538377470629,9.5872657925005,1.329935539253094e-05,1480.8331835748252,1500
1480.191006475917,-43.60621428378781,9.587265792504546,1.3299355392536554e-05,1480.8331835748252,1500
1480.2826178100668,-40.376837242756636,9.587265792500961,1.3299355392531423e-05,1480.8331835748254,1500
1480.3671835240173,-37.147268022301986,9.58726579250477,1.3299355392536864e-05,1480.8331835748252,1500
1480.4447032152661,-33.91752199402718,9.587265792504795,1.329935539253674e-05,1480.8331835748254,1500
1480.5151765148466,-30.687614530379008,9.587265792501046,1.3299355392531541e-05,1480.8331835748254,1500
1480.578603087331,-27.457561004570675,9.587265792504516,1.3299355392536512e-05,1480.8331835748252,1500
1480.6349826308315,-24.227376790510604,9.587265792504123,1.3299355392535968e-05,1480.8331835748252,1500
1480.6843148770013,-20.99707726273121,9.587265792500427,1.3299355392530838e-05,1480.8331835748252,1500
1480.7265995910366,-17.766677796311782,9.587265792504503,1.3299355392536493e-05,1480.8331835748252,1500
1480.7618365716771,-14.536193766807292,9.587265792504619,1.3299355392536654e-05,1480.8331835748252,1500
1480.790025651207,-11.305640550177174,9.587265792500643,1.3299355392530984e-05,1480.8331835748254,1500
1480.8111666954567,-8.075033522708189,9.587265792504422,1.3299355392536381e-05,1480.8331835748252,1500
1480.825259603802,-4.84438806094388,9.58726579250072,1.3299355392531245e-05,1480.8331835748252,1500
1480.8323043091655,-1.6137195416107217,9.58726579250466,1.329935539253671e-05,1480.8331835748252,1500
1482.9495598916,-50.164564865336715,9.587265792505175,1.1242292303532558e-05,1483.797789710855,1500
1483.0554727509248,-46.929153991406416,9.587265792501112,1.1242292303527954e-05,1483.7977897108549,1500
1483.1543267922448,-43.693519751349065,9.587265792504926,1.1242292303532426e-05,1483.7977897108549,1500
1483.2461215450496,-40.45767754563595,9.587265792500965,1.1242292303527623e-05,1483.797789710855,1500
1483.3308565724287,-37.22164277572821,9.58726579250489,1.1242292303532384e-05,1483.7977897108549,1500
1483.4085314710733,-33.98543084400285,9.587265792504706,1.1242292303532167e-05,1483.7977897108549,1500
1483.4791458712787,-30.749057153682088,9.5872657925008,1.1242292303527586e-05,1483.7977897108549,1500
1483.542699436945,-27.512537108756078,9.587265792504951,1.1242292303532456e-05,1483.7977897108549,1500
1483.5991918655805,-24.275886113911575,9.587265792505134,1.124229230353251e-05,1483.797789710855,1500
1483.6486228883005,-21.03911957446057,9.587265792500993,1.1242292303527813e-05,1483.7977897108549,1500
1483.690992269831,-17.802252896263045,9.587265792504606,1.124229230353205e-05,1483.7977897108549,1500
1483.7262998085093,-14.5653014856556,9.587265792504592,1.1242292303532035e-05,1483.7977897108549,1500
1483.7545453362836,-11.328280749380106,9.587265792500824,1.1242292303527616e-05,1483.7977897108549,1500
1483.7757287187155,-8.09120609450643,9.587265792504908,1.1242292303532246e-05,1483.797789710855,1500
1483.7898498549791,-4.854092928361726,9.587265792501029,1.1242292303527855e-05,1483.7977897108549,1500
1483.7969086778633,-1.6169566584564452,9.587265792504915,1.1242292303532414e-05,1483.7977897108549,1500
1485.9065629750048,-50.26459950305865,9.587265792505526,9.189331025445937e-06,1486.7564843831672,1500
1486.012687038738,-47.02273721620658,9.587265792501658,9.189331025442229e-06,1486.7564843831672,1500
1486.1117382091752,-43.7806511178045,9.587265792505459,9.189331025445873e-06,1486.7564843831672,1500
1486.2037160148677,-40.538356639032266,9.587265792501485,9.189331025442064e-06,1486.7564843831672,1500
1486.2886200180342,-37.29586921206153,9.587265792505654,9.189331025445744e-06,1486.7564843831676,1500
1486.3664498145608,-34.05320426998167,9.587265792505562,9.18933102544613e-06,1486.756484383167,1500
1486.4372050340066,-30.81037724672894,9.587265792501308,9.189331025441893e-06,1486.7564843831672,1500
1486.500885339601,-27.567403577009067,9.587265792505448,9.189331025445863e-06,1486.7564843831672,1500
1486.5574904282485,-24.324298696225767,9.587265792505775,9.18933102544602e-06,1486.7564843831674,1500
1486.607020030529,-21.08107804040926,9.587265792501753,9.189331025442164e-06,1486.7564843831674,1500
1486.6494739106988,-17.83775704613881,9.587265792505445,9.189331025445859e-06,1486.7564843831672,1500
1486.6848518666932,-14.59435115047128,9.587265792505384,9.189331025445803e-06,1486.7564843831672,1500
1486.7131537301252,-11.350875790869603,9.58726579250154,9.189331025442117e-06,1486.7564843831672,1500
1486.7343793662883,-8.107346405125359,9.5872657925056,9.189331025446008e-06,1486.7564843831672,1500
1486.7485286741555,-4.863778431287935,9.587265792501565,9.18933102544214e-06,1486.7564843831672,1500
1486.7556015863815,-1.6201873075903752,9.587265792505406,9.189331025445824e-06,1486.7564843831672,1500
1488.8576931771258,-50.36443545001109,9.587265792504837,7.140447118402585e-06,1489.709302814113,1500
1488.9640280257681,-47.116134563339315,9.58726579250103,7.140447118399751e-06,1489.709302814113,1500
1489.063275933778,-43.86760942057928,9.587265792505267,7.140447118402906e-06,1489.709302814113,1500
1489.1554364287706,-40.61887548355841,9.587265792501194,7.140447118399872e-06,1489.709302814113,1500
1489.240509072095,-37.3699482150979,9.58726579250473,7.140447118402348e-06,1489.7093028141132,1500
1489.3184934588348,-34.120843078938485,9.587265792504901,7.140447118402633e-06,1489.709302814113,1500
1489.3893892178128,-30.871575539669465,9.587265792501114,7.1404471183998126e-06,1489.709302814113,1500
1489.45319601159,-27.622161062651138,9.587265792505,7.14044711840255e-06,1489.7093028141132,1500
1489.509913536469,-24.37261511394317,9.587265792504834,7.140447118402426e-06,1489.7093028141132,1500
1489.5595415224939,-21.12295316023298,9.58726579250111,7.1404471183996525e-06,1489.7093028141132,1500
1489.6020797334531,-17.87319066875814,9.587265792505416,7.140447118403017e-06,1489.709302814113,1500
1489.6375279668805,-14.623343107234735,9.587265792505224,7.140447118402875e-06,1489.709302814113,1500
1489.665886054055,-11.373425943785762,9.58726579250127,7.140447118399772e-06,1489.7093028141132,1500
1489.6871538600014,-8.123454646863488,9.587265792505,7.14044711840255e-06,1489.7093028141132,1500
1489.7013312834931,-4.873444685178517,9.587265792500974,7.140447118399551e-06,1489.7093028141132,1500
1489.7084182570502,-1.6234115276254708,9.587265792505036,7.140447118402734e-06,1489.709302814113,1500
1491.802985351976,-50.46407388544704,9.58726579250455,5.095616384272378e-06,1492.6562798776495,1500
1491.9095305685178,-47.209347136015204,9.587265792500757,5.095616384270362e-06,1492.6562798776495,1500
1492.0089748248797,-43.95439568683633,9.587265792504272,5.095616384272389e-06,1492.6562798776492,1500
1492.101317647743,-40.699235030324765,9.587265792500549,5.095616384270094e-06,1492.6562798776497,1500
1492.1865585975877,-37.44388065989063,9.587265792504684,5.0956163842722916e-06,1492.6562798776497,1500
1492.2646972686975,-34.18834806986537,9.587265792504649,5.0956163842724305e-06,1492.6562798776495,1500
1492.3357332891603,-30.9326527554307,9.587265792500647,5.0956163842703036e-06,1492.6562798776495,1500
1492.3996663208695,-27.676810212540836,9.5872657925045,5.095616384272351e-06,1492.6562798776495,1500
1492.456496059527,-24.42083593785076,9.587265792504652,5.095616384272432e-06,1492.6562798776495,1500
1492.5062222346428,-21.16474542864445,9.587265792500407,5.095616384270019e-06,1492.6562798776497,1500
1492.5488446095383,-17.90855418275711,9.58726579250402,5.095616384271939e-06,1492.6562798776497,1500
1492.5843629813457,-14.652277698503429,9.587265792504489,5.095616384272503e-06,1492.6562798776492,1500
1492.612777181011,-11.395931474605781,9.587265792500368,5.095616384269998e-06,1492.6562798776497,1500
1492.634087073292,-8.139531010116492,9.587265792504006,5.095616384271931e-06,1492.6562798776497,1500
1492.6482925567611,-4.88309180434672,9.587265792500508,5.09561638427023e-06,1492.6562798776495,1500
1492.6553935638058,-1.6266293567920076,9.587265792504493,5.09561638427219e-06,1492.6562798776497,1500
1494.7424740101762,-50.56351597700042,9.587265792505598,3.05481486333121e-06,1495.5974501041444,1500
1494.8492291800733,-47.30237602657495,9.58726579250148,3.0548148633298983e-06,1495.5974501041444,1500
1494.9488693978678,-44.041010933617926,9.587265792505733,3.0548148633314107e-06,1495.5974501041442,1500
1495.0413941893084,-40.77943622107037,9.587265792501922,3.0548148633298814e-06,1495.5974501041446,1500
1495.126803114009,-37.51766741287101,9.58726579250545,3.0548148633310054e-06,1495.5974501041446,1500
1495.2050957654537,-34.255720033881765,9.58726579250552,3.0548148633310274e-06,1495.5974501041446,1500
1495.2762717709973,-30.993609609816453,9.587265792502052,3.054814863329923e-06,1495.5974501041446,1500
1495.3403307918675,-27.73135166716294,9.587265792505928,3.0548148633311575e-06,1495.5974501041446,1500
1495.3972725231656,-24.46896173311124,9.587265792505466,3.0548148633310105e-06,1495.5974501041446,1500
1495.4470966938693,-21.206455335481586,9.58726579250171,3.0548148633299716e-06,1495.5974501041444,1500
1495.4898030668335,-17.943848002646547,9.587265792505818,3.054814863331438e-06,1495.5974501041442,1500
1495.5253914387908,-14.681155263459097,9.58726579250566,3.054814863331388e-06,1495.5974501041442,1500
1495.5538616403535,-11.418392647180717,9.58726579250175,3.054814863329984e-06,1495.5974501041444,1500
1495.575213536013,-8.155575683403482,9.587265792505852,3.0548148633312913e-06,1495.5974501041444,1500
1495.5894470241421,-4.892719901978809,9.587265792501757,3.0548148633301444e-06,1495.5974501041442,1500
1495.5965620369946,-1.6298408329428662,9.587265792505473,3.0548148633311706e-06,1495.5974501041444,1500
1497.6639424992832,-50.66229951915772,9.507427553531688,1.0179769494748998e-06,1498.5205881985958,1500
1497.768819406732,-47.394778934543005,9.493409712348276,1.0179092800986622e-06,1498.5185022071933,1500
1497.870128816839,-44.12713555265694,9.50275492794443,1.0178957546053703e-06,1498.5199788103782,1500
1497.967871270862,-40.85936157410492,9.535463556147516,1.0179214175089945e-06,1498.5250184057659,1500
1498.058696424132,-37.69413628460782,9.573215575816501,1.0165245462235663e-06,1498.5328511054445,1500
1498.131472274411,-34.322708815109564,9.53370662077899,1.0180272227640344e-06,1498.5245932448024,1500
1498.1979741207044,-31.054160688949867,9.501932547063774,1.017944499836638e-06,1498.51977983458,1500
1498.2609068983106,-27.785540447940292,9.493521854657756,1.0179029774609705e-06,1498.5185288803514,1500
1498.3202709676832,-24.51684029022063,9.508474223289937,1.0179152911155992e-06,1498.520840646031,1500
1498.3760666041835,-21.248052413886093,9.546790222311806,1.0179580375603015e-06,1498.5267153786774,1500
1498.4267637039432,-17.54856901458258,9.569537193138704,1.0184419435911749e-06,1498.529518714507,1500
1498.4509460131862,-14.70986648503461,9.523950052736376,1.01798327468726e-06,1498.5231455602616,1500
1498.4754933333602,-11.440712997382771,9.497783267338926,1.0179212089523724e-06,1498.5191670561126,1500
1498.4964710763047,-8.171530288263547,9.494979705255732,1.0179065038796854e-06,1498.5187512124733,1500
1498.513879336671,-4.902310554763616,9.515539259718343,1.0179433480463077e-06,1498.5218981427713,1500
1498.5277181240585,-1.6330459935587276,9.559462713604436,1.0179998905246836e-06,1498.528607943577,1500
4.998860600208523,-0.08180860945989454,0.00012148210556984787,4.396105999096453e-09,1000,1500
1499.881761380976,-18.792104290976717,6.802837652989226e-05,2.5580872779198837e-15,1499.9994804355708,1500
1499.5274068874055,-37.623755559871114,0.00012635617947208394,6.124117377833148e-15,1499.9993303294825,1500
