x,y,J,ED,p_near,p_none,probability_sum
0.0,-1800.0,597.5925455417879,1195.0030586051948,0.0,1.0,1.0
-420.0,-1740.0,597.5925455417879,1195.0030586051948,0.0,1.0,1.0
-360.0,-1740.0,597.5925455417879,1195.0030586051948,0.0,1.0,1.0
-300.0,-1740.0,597.5925455417879,1195.0030586051948,0.0,1.0,1.0
-240.0,-1740.0,597.5925455417879,1195.0030586051948,0.0,1.0,1.0
-180.0,-1740.0,597.5925455417879,1195.0030586051948,0.0,1.0,1.0
-120.0,-1740.0,597.5925455417879,1195.0030586051948,0.0,1.0,1.0
-60.0,-1740.0,597.5925455417879,1195.0030586051948,0.0,1.0,1.0
0.0,-1740.0,597.5925455417879,1195.0030586051948,0.0,1.0,1.0
60.0,-1740.0,597.5925455417879,1195.0030586051948,0.0,1.0,1.0
120.0,-1740.0,597.5925455417879,1195.0030586051948,0.0,1.0,1.0
180.0,-1740.0,597.5925455417879,1195.0030586051948,0.0,1.0,1.0
240.0,-1740.0,597.5925455417879,1195.0030586051948,0.0,1.0,1.0
300.0,-1740.0,597.5925455417879,1195.0030586051948,0.0,1.0,1.0
360.0,-1740.0,597.5925455417879,1195.0030586051948,0.0,1.0,1.0
420.0,-1740.0,597.5925455417879,1195.0030586051948,0.0,1.0,1.0
-600.0,-1680.0,597.5925455417879,1195.0030586051948,0.0,1.0,1.0
-540.0,-1680.0,597.5925455417879,1195.0030586051948,0.0,1.0,1.0
-480.0,-1680.0,597.5925455417879,1195.0030586051948,0.0,1.0,1.0
-420.0,-1680.0,597.5925455417879,1195.0030586051948,0.0,1.0,1.0
-360.0,-1680.0,597.5925455417879,1195.0030586051948,0.0,1.0,1.0
-300.0,-1680.0,597.5925455417879,1195.0030586051948,0.0,1.0,1.0
-240.0,-1680.0,597.5925455417879,1195.0030586051948,0.0,1.0,1.0
-180.0,-1680.0,597.5925455417879,1195.0030586051948,0.0,1.0,1.0
-120.0,-1680.0,597.5925455417879,1195.0030586051948,0.0,1.0,1.0
-60.0,-1680.0,597.5925455417879,1195.0030586051948,0.0,1.0,1.0
0.0,-1680.0,597.5925455417879,1195.0030586051948,0.0,1.0,1.0
60.0,-1680.0,597.5925455417879,1195.0030586051948,0.0,1.0,1.0
120.0,-1680.0,597.5925455417879,1195.0030586051948,0.0,1.0,1.0
180.0,-1680.0,597.5925455417879,1195.0030586051948,0.0,1.0,1.0
240.0,-1680.0,597.5925455417879,1195.0030586051948,0.0,1.0,1.0
300.0,-1680.0,597.5925455417879,1195.0030586051948,0.0,1.0,1.0
360.0,-1680.0,597.5925455417879,1195.0030586051948,0.0,1.0,1.0
420.0,-1680.0,597.5925455417879,1195.0030586051948,0.0,1.0,1.0
480.0,-1680.0,597.5925455417879,1195.0030586051948,0.0,1.0,1.0
540.0,-1680.0,597.5925455417879,1195.0030586051948,0.0,1.0,1.0
600.0,-1680.0,597.5925455417879,1195.0030586051948,0.0,1.0,1.0
-780.0,-1620.0,597.5925455417879,1195.0030586051948,0.0,1.0,1.0
-720.0,-1620.0,597.5925455417879,1195.0030586051948,0.0,1.0,1.0
-660.0,-1620.0,597.5925455417879,1195.0030586051948,0.0,1.0,1.0
-600.0,-1620.0,597.5925455417879,1195.0030586051948,0.0,1.0,1.0
-540.0,-1620.0,597.5925455417879,1195.0030586051948,0.0,1.0,1.0
-480.0,-1620.0,597.5925455417879,1195.0030586051948,0.0,1.0,1.0
-420.0,-1620.0,597.5925455417879,1195.0030586051948,0.0,1.0,1.0
-360.0,-1620.0,597.5925455417879,1195.0030586051948,0.0,1.0,1.0
-300.0,-1620.0,597.5925455417879,1195.0030586051948,0.0,1.0,1.0
-240.0,-1620.0,597.5925455417879,1195.0030586051948,0.0,1.0,1.0
-180.0,-1620.0,597.5925455417879,1195.0030586051948,0.0,1.0,1.0
-120.0,-1620.0,597.5925455417879,1195.0030586051948,0.0,1.0,1.0
-60.0,-1620.0,597.5925455417879,1195.0030586051948,0.0,1.0,1.0
0.0,-1620.0,597.5925455417879,1195.0030586051948,0.0,1.0,1.0
60.0,-1620.0,597.5925455417879,1195.0030586051948,0.0,1.0,1.0
120.0,-1620.0,597.5925455417879,1195.0030586051948,0.0,1.0,1.0
180.0,-1620.0,597.5925455417879,1195.0030586051948,0.0,1.0,1.0
240.0,-1620.0,597.5925455417879,1195.0030586051948,0.0,1.0,1.0
300.0,-1620.0,597.5925455417879,1195.0030586051948,0.0,1.0,1.0
360.0,-1620.0,597.5925455417879,1195.0030586051948,0.0,1.0,1.0
420.0,-1620.0,597.5925455417879,1195.0030586051948,0.0,1.0,1.0
480.0,-1620.0,597.5925455417879,1195.0030586051948,0.0,1.0,1.0
540.0,-1620.0,597.5925455417879,1195.0030586051948,0.0,1.0,1.0
600.0,-1620.0,597.5925455417879,1195.0030586051948,0.0,1.0,1.0
660.0,-1620.0,597.5925455417879,1195.0030586051948,0.0,1.0,1.0
720.0,-1620.0,597.5925455417879,1195.0030586051948,0.0,1.0,1.0
780.0,-1620.0,597.5925455417879,1195.0030586051948,0.0,1.0,1.0
-840.0,-1560.0,597.5925455417879,1195.0030586051948,0.0,1.0,1.0
-780.0,-1560.0,597.5925455417879,1195.0030586051948,0.0,1.0,1.0
-720.0,-1560.0,597.5925455417879,1195.0030586051948,0.0,1.0,1.0
-660.0,-1560.0,597.5925455417879,1195.0030586051948,0.0,1.0,1.0
-600.0,-1560.0,597.5925455417879,1195.0030586051948,0.0,1.0,1.0
-540.0,-1560.0,597.5925455417879,1195.0030586051948,0.0,1.0,1.0
-480.0,-1560.0,597.5925455417879,1195.0030586051948,0.0,1.0,1.0
-420.0,-1560.0,597.5925455417879,1195.0030586051948,0.0,1.0,1.0
-360.0,-1560.0,597.5925455417879,1195.0030586051948,0.0,1.0,1.0
-300.0,-1560.0,597.5925455417879,1195.0030586051948,0.0,1.0,1.0
-240.0,-1560.0,597.5925455417879,1195.0030586051948,0.0,1.0,1.0
-180.0,-1560.0,597.5925455417879,1195.0030586051948,0.0,1.0,1.0
-120.0,-1560.0,597.5925455417879,1195.0030586051948,0.0,1.0,1.0
-60.0,-1560.0,597.5925455417879,1195.0030586051948,0.0,1.0,1.0
0.0,-1560.0,597.5925455417879,1195.0030586051948,0.0,1.0,1.0
60.0,-1560.0,597.5925455417879,1195.0030586051948,0.0,1.0,1.0
120.0,-1560.0,597.5925455417879,1195.0030586051948,0.0,1.0,1.0
180.0,-1560.0,597.5925455417879,1195.0030586051948,0.0,1.0,1.0
240.0,-1560.0,597.5925455417879,1195.0030586051948,0.0,1.0,1.0
300.0,-1560.0,597.5925455417879,1195.0030586051948,0.0,1.0,1.0
360.0,-1560.0,597.5925455417879,1195.0030586051948,0.0,1.0,1.0
420.0,-1560.0,597.5925455417879,1195.0030586051948,0.0,1.0,1.0
480.0,-1560.0,597.5925455417879,1195.0030586051948,0.0,1.0,1.0
540.0,-1560.0,597.5925455417879,1195.0030586051948,0.0,1.0,1.0
600.0,-1560.0,597.5925455417879,1195.0030586051948,0.0,1.0,1.0
660.0,-1560.0,597.5925455417879,1195.0030586051948,0.0,1.0,1.0
720.0,-1560.0,597.5925455417879,1195.0030586051948,0.0,1.0,1.0
780.0,-1560.0,597.5925455417879,1195.0030586051948,0.0,1.0,1.0
840.0,-1560.0,597.5925455417879,1195.0030586051948,0.0,1.0,1.0
-960.0,-1500.0,597.5925455417879,1195.0030586051948,0.0,1.0,1.0
-900.0,-1500.0,597.5925455417879,1195.0030586051948,0.0,1.0,1.0
-840.0,-1500.0,597.5925455417879,1195.0030586051948,0.0,1.0,1.0
-780.0,-1500.0,597.5925455417879,1195.0030586051948,0.0,1.0,1.0
-720.0,-1500.0,597.5925455417879,1195.0030586051948,0.0,1.0,1.0
-660.0,-1500.0,597.5925455417879,1195.0030586051948,0.0,1.0,1.0
-600.0,-1500.0,597.5925455417879,1195.0030586051948,0.0,1.0,1.0
-540.0,-1500.0,597.5925455417879,1195.0030586051948,0.0,1.0,1.0
-480.0,-1500.0,597.5925455417879,1195.0030586051948,0.0,1.0,1.0
-420.0,-1500.0,597.5925455417879,1195.0030586051948,0.0,1.0,1.0
-360.0,-1500.0,597.5925455417879,1195.0030586051948,0.0,1.0,1.0
-300.0,-1500.0,597.5925455417879,1195.0030586051948,0.0,1.0,1.0
-240.0,-1500.0,597.5925455417879,1195.0030586051948,0.0,1.0,1.0
-180.0,-1500.0,597.5925455417879,1195.0030586051948,0.0,1.0,1.0
-120.0,-1500.0,597.5925455417879,1195.0030586051948,0.0,1.0,1.0
-60.0,-1500.0,597.5925455417879,1195.0030586051948,0.0,1.0,1.0
0.0,-1500.0,597.5925455417879,1195.0030586051948,0.0,1.0,1.0
60.0,-1500.0,597.5925455417879,1195.0030586051948,0.0,1.0,1.0
120.0,-1500.0,597.5925455417879,1195.0030586051948,0.0,1.0,1.0
180.0,-1500.0,597.5925455417879,1195.0030586051948,0.0,1.0,1.0
240.0,-1500.0,597.5925455417879,1195.0030586051948,0.0,1.0,1.0
300.0,-1500.0,597.5925455417879,1195.0030586051948,0.0,1.0,1.0
360.0,-1500.0,597.5925455417879,1195.0030586051948,0.0,1.0,1.0
420.0,-1500.0,597.5925455417879,1195.0030586051948,0.0,1.0,1.0
480.0,-1500.0,597.5925455417879,1195.0030586051948,0.0,1.0,1.0
540.0,-1500.0,597.5925455417879,1195.0030586051948,0.0,1.0,1.0
600.0,-1500.0,597.5925455417879,1195.0030586051948,0.0,1.0,1.0
660.0,-1500.0,597.5925455417879,1195.0030586051948,0.0,1.0,1.0
720.0,-1500.0,597.5925455417879,1195.0030586051948,0.0,1.0,1.0
780.0,-1500.0,597.5925455417879,1195.0030586051948,0.0,1.0,1.0
840.0,-1500.0,597.5925455417879,1195.0030586051948,0.0,1.0,1.0
900.0,-1500.0,597.5925455417879,1195.0030586051948,0.0,1.0,1.0
960.0,-1500.0,597.5925455417879,1195.0030586051948,0.0,1.0,1.0
-1080.0,-1440.0,597.5925455417879,1195.0030586051948,0.0,1.0,1.0
-1020.0,-1440.0,597.5925455417879,1195.0030586051948,0.0,1.0,1.0
-960.0,-1440.0,597.5925455417879,1195.0030586051948,0.0,1.0,1.0
-900.0,-1440.0,597.5925455417879,1195.0030586051948,0.0,1.0,1.0
-840.0,-1440.0,597.5925455417879,1195.0030586051948,0.0,1.0,1.0
-780.0,-1440.0,597.5925455417879,1195.0030586051948,0.0,1.0,1.0
-720.0,-1440.0,597.5925455417879,1195.0030586051948,0.0,1.0,1.0
-660.0,-1440.0,597.5925455417879,1195.0030586051948,0.0,1.0,1.0
-600.0,-1440.0,597.5925455417879,1195.0030586051948,0.0,1.0,1.0
-540.0,-1440.0,597.5925455417879,1195.0030586051948,0.0,1.0,1.0
-480.0,-1440.0,597.5925455417879,1195.0030586051948,0.0,1.0,1.0
-420.0,-1440.0,597.5925455417879,1195.0030586051948,0.0,1.0,1.0
-360.0,-1440.0,597.5925455417879,1195.0030586051948,0.0,1.0,1.0
-300.0,-1440.0,597.5925455417879,1195.0030586051948,0.0,1.0,1.0
-240.0,-1440.0,597.5925455417879,1195.0030586051948,0.0,1.0,1.0
-180.0,-1440.0,597.5925455417879,1195.0030586051948,0.0,1.0,1.0
-120.0,-1440.0,597.5925455417879,1195.0030586051948,0.0,1.0,1.0
-60.0,-1440.0,597.5925455417879,1195.0030586051948,0.0,1.0,1.0
0.0,-1440.0,597.5925455417879,1195.0030586051948,0.0,1.0,1.0
60.0,-1440.0,597.5925455417879,1195.0030586051948,0.0,1.0,1.0
120.0,-1440.0,597.5925455417879,1195.0030586051948,0.0,1.0,1.0
180.0,-1440.0,597.5925455417879,1195.0030586051948,0.0,1.0,1.0
240.0,-1440.0,597.5925455417879,1195.0030586051948,0.0,1.0,1.0
300.0,-1440.0,597.5925455417879,1195.0030586051948,0.0,1.0,1.0
360.0,-1440.0,597.5925455417879,1195.0030586051948,0.0,1.0,1.0
420.0,-1440.0,597.5925455417879,1195.0030586051948,0.0,1.0,1.0
480.0,-1440.0,597.5925455417879,1195.0030586051948,0.0,1.0,1.0
540.0,-1440.0,597.5925455417879,1195.0030586051948,0.0,1.0,1.0
600.0,-1440.0,597.5925455417879,1195.0030586051948,0.0,1.0,1.0
660.0,-1440.0,597.5925455417879,1195.0030586051948,0.0,1.0,1.0
720.0,-1440.0,597.5925455417879,1195.0030586051948,0.0,1.0,1.0
780.0,-1440.0,597.5925455417879,1195.0030586051948,0.0,1.0,1.0
840.0,-1440.0,597.5925455417879,1195.0030586051948,0.0,1.0,1.0
900.0,-1440.0,597.5925455417879,1195.0030586051948,0.0,1.0,1.0
960.0,-1440.0,597.5925455417879,1195.0030586051948,0.0,1.0,1.0
1020.0,-1440.0,597.5925455417879,1195.0030586051948,0.0,1.0,1.0
1080.0,-1440.0,597.5925455417879,1195.0030586051948,0.0,1.0,1.0
-1140.0,-1380.0,597.5925455417879,1195.0030586051948,0.0,1.0,1.0
-1080.0,-1380.0,597.5925455417879,1195.0030586051948,0.0,1.0,1.0
-1020.0,-1380.0,597.5925455417879,1195.0030586051948,0.0,1.0,1.0
-960.0,-1380.0,597.5925455417879,1195.0030586051948,0.0,1.0,1.0
-900.0,-1380.0,597.5925455417879,1195.0030586051948,0.0,1.0,1.0
-840.0,-1380.0,597.5925455417879,1195.0030586051948,0.0,1.0,1.0
-780.0,-1380.0,597.5925455417879,1195.0030586051948,0.0,1.0,1.0
-720.0,-1380.0,597.5925455417879,1195.0030586051948,0.0,1.0,1.0
-660.0,-1380.0,597.5925455417879,1195.0030586051948,0.0,1.0,1.0
-600.0,-1380.0,597.5925455417879,1195.0030586051948,0.0,1.0,1.0
-540.0,-1380.0,597.5925455417879,1195.0030586051948,0.0,1.0,1.0
-480.0,-1380.0,597.5925455417879,1195.0030586051948,0.0,1.0,1.0
-420.0,-1380.0,597.5925455417879,1195.0030586051948,0.0,1.0,1.0
-360.0,-1380.0,597.5925455417879,1195.0030586051948,0.0,1.0,1.0
-300.0,-1380.0,597.5925455417879,1195.0030586051948,0.0,1.0,1.0
-240.0,-1380.0,597.5925455417879,1195.0030586051948,0.0,1.0,1.0
-180.0,-1380.0,597.5925455417879,1195.0030586051948,0.0,1.0,1.0
-120.0,-1380.0,597.5925455417879,1195.0030586051948,0.0,1.0,1.0
-60.0,-1380.0,597.5925455417879,1195.0030586051948,0.0,1.0,1.0
0.0,-1380.0,597.5925455417879,1195.0030586051948,0.0,1.0,1.0
60.0,-1380.0,597.5925455417879,1195.0030586051948,0.0,1.0,1.0
120.0,-1380.0,597.5925455417879,1195.0030586051948,0.0,1.0,1.0
180.0,-1380.0,597.5925455417879,1195.0030586051948,0.0,1.0,1.0
240.0,-1380.0,597.5925455417879,1195.0030586051948,0.0,1.0,1.0
300.0,-1380.0,597.5925455417879,1195.0030586051948,0.0,1.0,1.0
360.0,-1380.0,597.5925455417879,1195.0030586051948,0.0,1.0,1.0
420.0,-1380.0,597.5925455417879,1195.0030586051948,0.0,1.0,1.0
480.0,-1380.0,597.5925455417879,1195.0030586051948,0.0,1.0,1.0
540.0,-1380.0,597.5925455417879,1195.0030586051948,0.0,1.0,1.0
600.0,-1380.0,597.5925455417879,1195.0030586051948,0.0,1.0,1.0
660.0,-1380.0,597.5925455417879,1195.0030586051948,0.0,1.0,1.0
720.0,-1380.0,597.5925455417879,1195.0030586051948,0.0,1.0,1.0
780.0,-1380.0,597.5925455417879,1195.0030586051948,0.0,1.0,1.0
840.0,-1380.0,597.5925455417879,1195.0030586051948,0.0,1.0,1.0
900.0,-1380.0,597.5925455417879,1195.0030586051948,0.0,1.0,1.0
960.0,-1380.0,597.5925455417879,1195.0030586051948,0.0,1.0,1.0
1020.0,-1380.0,597.5925455417879,1195.0030586051948,0.0,1.0,1.0
1080.0,-1380.0,597.5925455417879,1195.0030586051948,0.0,1.0,1.0
1140.0,-1380.0,597.5925455417879,1195.0030586051948,0.0,1.0,1.0
-1200.0,-1320.0,597.5925455417879,1195.0030586051948,0.0,1.0,1.0
-1140.0,-1320.0,597.5925455417879,1195.0030586051948,0.0,1.0,1.0
-1080.0,-1320.0,597.5925455417879,1195.0030586051948,0.0,1.0,1.0
-1020.0,-1320.0,597.5925455417879,1195.0030586051948,0.0,1.0,1.0
-960.0,-1320.0,597.5925455417879,1195.0030586051948,0.0,1.0,1.0
-900.0,-1320.0,597.5925455417879,1195.0030586051948,0.0,1.0,1.0
-840.0,-1320.0,597.5925455417879,1195.0030586051948,0.0,1.0,1.0
-780.0,-1320.0,597.5925455417879,1195.0030586051948,0.0,1.0,1.0
-720.0,-1320.0,597.5925455417879,1195.0030586051948,0.0,1.0,1.0
-660.0,-1320.0,597.5925455417879,1195.0030586051948,0.0,1.0,1.0
-600.0,-1320.0,597.5925455417879,1195.0030586051948,0.0,1.0,1.0
-540.0,-1320.0,597.5925455417879,1195.0030586051948,0.0,1.0,1.0
-480.0,-1320.0,597.5925455417879,1195.0030586051948,0.0,1.0,1.0
-420.0,-1320.0,597.5925455417879,1195.0030586051948,0.0,1.0,1.0
-360.0,-1320.0,597.5925455417879,1195.0030586051948,0.0,1.0,1.0
-300.0,-1320.0,597.5925455417879,1195.0030586051948,0.0,1.0,1.0
-240.0,-1320.0,597.5925455417879,1195.0030586051948,0.0,1.0,1.0
-180.0,-1320.0,597.5925455417879,1195.0030586051948,0.0,1.0,1.0
-120.0,-1320.0,597.5925455417879,1195.0030586051948,0.0,1.0,1.0
-60.0,-1320.0,597.5925455417879,1195.0030586051948,0.0,1.0,1.0
0.0,-1320.0,597.5925455417879,1195.0030586051948,0.0,1.0,1.0
60.0,-1320.0,597.5925455417879,1195.0030586051948,0.0,1.0,1.0
120.0,-1320.0,597.5925455417879,1195.0030586051948,0.0,1.0,1.0
180.0,-1320.0,597.5925455417879,1195.0030586051948,0.0,1.0,1.0
240.0,-1320.0,597.5925455417879,1195.0030586051948,0.0,1.0,1.0
300.0,-1320.0,597.5925455417879,1195.0030586051948,0.0,1.0,1.0
360.0,-1320.0,597.5925455417879,1195.0030586051948,0.0,1.0,1.0
420.0,-1320.0,597.5925455417879,1195.0030586051948,0.0,1.0,1.0
480.0,-1320.0,597.5925455417879,1195.0030586051948,0.0,1.0,1.0
540.0,-1320.0,597.5925455417879,1195.0030586051948,0.0,1.0,1.0
600.0,-1320.0,597.5925455417879,1195.0030586051948,0.0,1.0,1.0
660.0,-1320.0,597.5925455417879,1195.0030586051948,0.0,1.0,1.0
720.0,-1320.0,597.5925455417879,1195.0030586051948,0.0,1.0,1.0
780.0,-1320.0,597.5925455417879,1195.0030586051948,0.0,1.0,1.0
840.0,-1320.0,597.5925455417879,1195.0030586051948,0.0,1.0,1.0
900.0,-1320.0,597.5925455417879,1195.0030586051948,0.0,1.0,1.0
960.0,-1320.0,597.5925455417879,1195.0030586051948,0.0,1.0,1.0
1020.0,-1320.0,597.5925455417879,1195.0030586051948,0.0,1.0,1.0
1080.0,-1320.0,597.5925455417879,1195.0030586051948,0.0,1.0,1.0
1140.0,-1320.0,597.5925455417879,1195.0030586051948,0.0,1.0,1.0
1200.0,-1320.0,597.5925455417879,1195.0030586051948,0.0,1.0,1.0
-1260.0,-1260.0,597.5925455417879,1195.0030586051948,0.0,1.0,1.0
-1200.0,-1260.0,597.5925455417879,1195.0030586051948,0.0,1.0,1.0
-1140.0,-1260.0,597.5925455417879,1195.0030586051948,0.0,1.0,1.0
-1080.0,-1260.0,597.5925455417879,1195.0030586051948,0.0,1.0,1.0
-1020.0,-1260.0,597.5925455417879,1195.0030586051948,0.0,1.0,1.0
-960.0,-1260.0,597.5925455417879,1195.0030586051948,0.0,1.0,1.0
-900.0,-1260.0,597.5925455417879,1195.0030586051948,0.0,1.0,1.0
-840.0,-1260.0,597.5925455417879,1195.0030586051948,0.0,1.0,1.0
-780.0,-1260.0,597.5925455417879,1195.0030586051948,0.0,1.0,1.0
-720.0,-1260.0,597.5925455417879,1195.0030586051948,0.0,1.0,1.0
-660.0,-1260.0,597.5925455417879,1195.0030586051948,0.0,1.0,1.0
-600.0,-1260.0,597.5925455417879,1195.0030586051948,0.0,1.0,1.0
-540.0,-1260.0,597.5925455417879,1195.0030586051948,0.0,1.0,1.0
-480.0,-1260.0,597.5925455417879,1195.0030586051948,0.0,1.0,1.0
-420.0,-1260.0,597.5925455417879,1195.0030586051948,0.0,1.0,1.0
-360.0,-1260.0,597.5925455417879,1195.0030586051948,0.0,1.0,1.0
-300.0,-1260.0,597.5925455417879,1195.0030586051948,0.0,1.0,1.0
-240.0,-1260.0,597.5925455417879,1195.0030586051948,0.0,1.0,1.0
-180.0,-1260.0,597.5925455417879,1195.0030586051948,0.0,1.0,1.0
-120.0,-1260.0,597.5925455417879,1195.0030586051948,0.0,1.0,1.0
-60.0,-1260.0,597.5925455417879,1195.0030586051948,0.0,1.0,1.0
0.0,-1260.0,597.5925455417879,1195.0030586051948,0.0,1.0,1.0
60.0,-1260.0,597.5925455417879,1195.0030586051948,0.0,1.0,1.0
120.0,-1260.0,597.5925455417879,1195.0030586051948,0.0,1.0,1.0
180.0,-1260.0,597.5925455417879,1195.0030586051948,0.0,1.0,1.0
240.0,-1260.0,597.5925455417879,1195.0030586051948,0.0,1.0,1.0
300.0,-1260.0,597.5925455417879,1195.0030586051948,0.0,1.0,1.0
360.0,-1260.0,597.5925455417879,1195.0030586051948,0.0,1.0,1.0
420.0,-1260.0,597.5925455417879,1195.0030586051948,0.0,1.0,1.0
480.0,-1260.0,597.5925455417879,1195.0030586051948,0.0,1.0,1.0
540.0,-1260.0,597.5925455417879,1195.0030586051948,0.0,1.0,1.0
600.0,-1260.0,597.5925455417879,1195.0030586051948,0.0,1.0,1.0
660.0,-1260.0,597.5925455417879,1195.0030586051948,0.0,1.0,1.0
720.0,-1260.0,597.5925455417879,1195.0030586051948,0.0,1.0,1.0
780.0,-1260.0,597.5925455417879,1195.0030586051948,0.0,1.0,1.0
840.0,-1260.0,597.5925455417879,1195.0030586051948,0.0,1.0,1.0
900.0,-1260.0,597.5925455417879,1195.0030586051948,0.0,1.0,1.0
960.0,-1260.0,597.5925455417879,1195.0030586051948,0.0,1.0,1.0
1020.0,-1260.0,597.5925455417879,1195.0030586051948,0.0,1.0,1.0
1080.0,-1260.0,597.5925455417879,1195.0030586051948,0.0,1.0,1.0
1140.0,-1260.0,597.5925455417879,1195.0030586051948,0.0,1.0,1.0
1200.0,-1260.0,597.5925455417879,1195.0030586051948,0.0,1.0,1.0
1260.0,-1260.0,597.5925455417879,1195.0030586051948,0.0,1.0,1.0
-1320.0,-1200.0,597.5925455417879,1195.0030586051948,0.0,1.0,1.0
-1260.0,-1200.0,597.5925455417879,1195.0030586051948,0.0,1.0,1.0
-1200.0,-1200.0,597.5925455417879,1195.0030586051948,0.0,1.0,1.0
-1140.0,-1200.0,597.5925455417879,1195.0030586051948,0.0,1.0,1.0
-1080.0,-1200.0,597.5925455417879,1195.0030586051948,0.0,1.0,1.0
-1020.0,-1200.0,597.5925455417879,1195.0030586051948,0.0,1.0,1.0
-960.0,-1200.0,597.5925455417879,1195.0030586051948,0.0,1.0,1.0
-900.0,-1200.0,597.5925455417879,1195.0030586051948,0.0,1.0,1.0
-840.0,-1200.0,597.5925455417879,1195.0030586051948,0.0,1.0,1.0
-780.0,-1200.0,597.5925455417879,1195.0030586051948,0.0,1.0,1.0
-720.0,-1200.0,597.5925455417879,1195.0030586051948,0.0,1.0,1.0
-660.0,-1200.0,597.5925455417879,1195.0030586051948,0.0,1.0,1.0
-600.0,-1200.0,597.5925455417879,1195.0030586051948,0.0,1.0,1.0
-540.0,-1200.0,597.5925455417879,1195.0030586051948,0.0,1.0,1.0
-480.0,-1200.0,597.5925455417879,1195.0030586051948,0.0,1.0,1.0
-420.0,-1200.0,597.5925455417879,1195.0030586051948,0.0,1.0,1.0
-360.0,-1200.0,597.5925455417879,1195.0030586051948,0.0,1.0,1.0
-300.0,-1200.0,597.5925455417879,1195.0030586051948,0.0,1.0,1.0
-240.0,-1200.0,597.5925455417879,1195.0030586051948,0.0,1.0,1.0
-180.0,-1200.0,597.5925455417879,1195.0030586051948,0.0,1.0,1.0
-120.0,-1200.0,597.5925455417879,1195.0030586051948,0.0,1.0,1.0
-60.0,-1200.0,597.5925455417879,1195.0030586051948,0.0,1.0,1.0
0.0,-1200.0,597.5925455417879,1195.0030586051948,0.0,1.0,1.0
60.0,-1200.0,594.8956366177375,1189.610088496404,0.0,0.9953125,1.0
120.0,-1200.0,592.1865058267181,1184.1926228768916,0.0,0.990625,1.0
180.0,-1200.0,588.5963422496627,1177.0133805755672,0.0,0.984375,1.0
240.0,-1200.0,584.0978986491696,1168.0178584976402,0.0,0.9765625,1.0
300.0,-1200.0,578.7058627475694,1157.2354210542235,0.0,0.9671875000000001,1.0000000000000002
360.0,-1200.0,572.4167523583428,1144.659107683253,0.0,0.95625,1.0
420.0,-1200.0,566.1253471212391,1132.078203797682,0.0,0.9453125000000001,1.0000000000000002
480.0,-1200.0,559.3858172286991,1118.6011881812865,0.0,0.93359375,1.0
540.0,-1200.0,552.1987461274318,1104.229225102589,0.0,0.92109375,1.0000000000000002
600.0,-1200.0,545.473264437227,1090.7802983433696,0.0,0.909375,1.0000000000000002
660.0,-1200.0,537.399066138826,1074.6343486256771,0.0,0.8953125,1.0
720.0,-1200.0,529.7743144472073,1059.3871554698867,0.0,0.88203125,1.0000000000000002
780.0,-1200.0,520.8086303035456,1041.4585043524287,0.0,0.86640625,1.0000000000000002
840.0,-1200.0,510.9436639529562,1021.7315617880002,0.0,0.8492187499999999,1.0
900.0,-1200.0,503.79394319981503,1007.4342831046832,0.0,0.8367187500000001,1.0000000000000002
960.0,-1200.0,493.48508932006615,986.8197018015652,0.0,0.81875,1.0000000000000002
1020.0,-1200.0,487.62310676440416,975.1442565288347,0.0,0.80859375,1.0000000000000002
1080.0,-1200.0,495.2310809886706,990.3986448958638,0.0,0.821875,1.0000000000000002
1140.0,-1200.0,512.2625974598462,1024.480211514481,0.0,0.8515625,1.0000000000000002
1200.0,-1200.0,535.5588440686257,1071.0768537135061,0.0,0.8921874999999999,1.0
1260.0,-1200.0,558.8550778682571,1117.6601230617268,0.0,0.9328125,1.0000000000000002
1320.0,-1200.0,579.9432302799495,1159.8116061998858,0.0,0.96953125,1.0
-1380.0,-1140.0,597.5925455417879,1195.0030586051948,0.0,1.0,1.0
-1320.0,-1140.0,597.5925455417879,1195.0030586051948,0.0,1.0,1.0
-1260.0,-1140.0,597.5925455417879,1195.0030586051948,0.0,1.0,1.0
-1200.0,-1140.0,597.5925455417879,1195.0030586051948,0.0,1.0,1.0
-1140.0,-1140.0,597.5925455417879,1195.0030586051948,0.0,1.0,1.0
-1080.0,-1140.0,597.5925455417879,1195.0030586051948,0.0,1.0,1.0
-1020.0,-1140.0,597.5925455417879,1195.0030586051948,0.0,1.0,1.0
-960.0,-1140.0,597.5925455417879,1195.0030586051948,0.0,1.0,1.0
-900.0,-1140.0,597.5925455417879,1195.0030586051948,0.0,1.0,1.0
-840.0,-1140.0,597.5925455417879,1195.0030586051948,0.0,1.0,1.0
-780.0,-1140.0,597.5925455417879,1195.0030586051948,0.0,1.0,1.0
-720.0,-1140.0,597.5925455417879,1195.0030586051948,0.0,1.0,1.0
-660.0,-1140.0,597.5925455417879,1195.0030586051948,0.0,1.0,1.0
-600.0,-1140.0,597.5925455417879,1195.0030586051948,0.0,1.0,1.0
-540.0,-1140.0,597.5925455417879,1195.0030586051948,0.0,1.0,1.0
-480.0,-1140.0,597.5925455417879,1195.0030586051948,0.0,1.0,1.0
-420.0,-1140.0,597.5925455417879,1195.0030586051948,0.0,1.0,1.0
-360.0,-1140.0,593.1348387602977,1186.0890029028828,0.0,1.0,1.0
-300.0,-1140.0,564.6803682605719,1129.18872941079,0.0,1.0,1.0
-240.0,-1140.0,529.8174434456745,1059.4735884378392,0.0,0.9875,1.0
-180.0,-1140.0,495.66313068236616,991.175454208602,0.0,0.9750000000000001,1.0000000000000002
-120.0,-1140.0,458.64740089567454,917.1554025455055,0.0,0.9546875,1.0
-60.0,-1140.0,421.53792187877224,842.9479141505636,0.0,0.9312499999999999,1.0
0.0,-1140.0,383.57744701361634,767.0387252801552,0.0,0.90234375,1.0000000000000002
60.0,-1140.0,345.249540876719,690.3948277060869,0.0,0.8679687500000001,1.0000000000000002
120.0,-1140.0,307.5433308181618,614.994098554162,0.0,0.8296875,1.0000000000000002
180.0,-1140.0,270.36475902241875,540.6485222048802,0.0,0.7859375000000001,1.0000000000000004
240.0,-1140.0,234.36196735266586,468.6542339896041,0.0,0.7375,1.0000000000000004
300.0,-1140.0,199.93236566486686,399.8058566331023,0.0,0.6843750000000001,1.0000000000000004
360.0,-1140.0,167.13317436304942,334.21783462778563,0.0,0.625,1.0000000000000004
420.0,-1140.0,346.0890391321348,692.0755131204443,0.0,0.5609375000000001,1.0000000000000009
480.0,-1140.0,314.0618090321145,628.0311894302606,0.0,0.5046875,1.0000000000000007
540.0,-1140.0,276.2328271680173,552.3852230514117,0.0,0.43828124999999996,1.0000000000000009
600.0,-1140.0,241.69143151506836,483.3134065585785,0.0,0.37734375,1.0000000000000009
660.0,-1140.0,204.9129432637098,409.7681025151904,0.0,0.3125,1.0000000000000009
720.0,-1140.0,169.59614040024823,339.14575296653675,0.0,0.25000000000000006,1.000000000000001
780.0,-1140.0,134.33784027453086,268.64763321671364,0.0,0.1875,1.000000000000001
840.0,-1140.0,122.74799300214954,245.48383528220756,0.0,0.16640624999999998,1.0000000000000013
900.0,-1140.0,75.87562005751558,151.7503434251088,0.0,0.1921875,1.000000000000001
960.0,-1140.0,95.05263267095056,190.1042927460658,0.0,0.23906249999999998,1.000000000000001
1020.0,-1140.0,118.75895373141874,237.51681227108259,0.0,0.29062499999999997,1.000000000000001
1080.0,-1140.0,147.17813605531828,294.3550565535827,0.0,0.34609375000000003,1.0000000000000009
1140.0,-1140.0,182.17750510861336,364.3536903034994,0.0,0.40937500000000004,1.0000000000000009
1200.0,-1140.0,222.85693108799993,445.7131793205163,0.0,0.4765625,1.0000000000000009
1260.0,-1140.0,269.4668449247045,538.933040470022,0.0,0.54765625,1.0000000000000007
1320.0,-1140.0,322.7378378108167,645.4749375517758,0.0,0.6234375,1.0000000000000004
1380.0,-1140.0,384.2549283443453,768.5090482349235,0.0,0.70625,1.0000000000000004
-1440.0,-1080.0,597.5925455417879,1195.0030586051948,0.0,1.0,1.0
-1380.0,-1080.0,597.5925455417879,1195.0030586051948,0.0,1.0,1.0
-1320.0,-1080.0,597.5925455417879,1195.0030586051948,0.0,1.0,1.0
-1260.0,-1080.0,597.5925455417879,1195.0030586051948,0.0,1.0,1.0
-1200.0,-1080.0,597.5925455417879,1195.0030586051948,0.0,1.0,1.0
-1140.0,-1080.0,597.5925455417879,1195.0030586051948,0.0,1.0,1.0
-1080.0,-1080.0,597.5925455417879,1195.0030586051948,0.0,1.0,1.0
-1020.0,-1080.0,597.5925455417879,1195.0030586051948,0.0,1.0,1.0
-960.0,-1080.0,597.5925455417879,1195.0030586051948,0.0,1.0,1.0
-900.0,-1080.0,597.5925455417879,1195.0030586051948,0.0,1.0,1.0
-840.0,-1080.0,597.5925455417879,1195.0030586051948,0.0,1.0,1.0
-780.0,-1080.0,597.5925455417879,1195.0030586051948,0.0,1.0,1.0
-720.0,-1080.0,597.5925455417879,1195.0030586051948,0.0,1.0,1.0
-660.0,-1080.0,597.5925455417879,1195.0030586051948,0.0,1.0,1.0
-600.0,-1080.0,597.5925455417879,1195.0030586051948,0.0,1.0,1.0
-540.0,-1080.0,597.5925455417879,1195.0030586051948,0.0,1.0,1.0
-480.0,-1080.0,579.337809230791,1158.499146552719,0.0,1.0,1.0
-420.0,-1080.0,543.7670065809994,1087.3684515464502,0.0,0.9875,1.0
-360.0,-1080.0,512.480488557396,1024.8049878544455,0.0,0.98203125,1.0
-300.0,-1080.0,474.9289470657775,949.7134899496594,0.0,0.9625,1.0
-240.0,-1080.0,439.19766658928387,878.2619473639226,0.0,0.94453125,1.0000000000000002
-180.0,-1080.0,401.0155893082778,801.9096218306132,0.0,0.91796875,1.0
-120.0,-1080.0,362.59553386429803,725.0814499127347,0.0,0.88671875,1.0000000000000002
-60.0,-1080.0,324.3306449590925,648.563593736031,0.0,0.85078125,1.0000000000000002
0.0,-1080.0,286.65602147429576,573.2261265402574,0.0,0.81015625,1.0000000000000002
60.0,-1080.0,249.7367842750238,499.399242218678,0.0,0.7640625,1.0000000000000002
120.0,-1080.0,214.25652399256572,428.4498676845938,0.0,0.7132812500000001,1.0000000000000004
180.0,-1080.0,180.2912765311279,360.5300858349252,0.0,0.65625,1.0000000000000004
240.0,-1080.0,149.00527104319195,297.96807206038346,0.0,0.59609375,1.0000000000000007
300.0,-1080.0,120.27189078679753,240.51053771329694,0.0,0.53046875,1.0000000000000007
360.0,-1080.0,94.45667504082908,188.88848704019716,0.0,0.45859374999999997,1.0000000000000007
420.0,-1080.0,72.2868651869493,144.5562414881536,0.0,0.38203125,1.0000000000000009
480.0,-1080.0,54.11617512032191,108.22103659463049,0.0,0.3,1.000000000000001
540.0,-1080.0,149.67427258705965,299.3088381565962,0.0,0.21484375000000006,1.000000000000001
600.0,-1080.0,98.2784594192731,196.53360735672342,0.0,0.12421875000000006,1.0000000000000013
660.0,-1080.0,54.22781004700333,108.44850000976645,0.0,0.04609375,1.0000000000000013
720.0,-1080.0,42.51244951044246,85.02427491746163,0.0,0.024999999999999998,1.000000000000001
780.0,-1080.0,32.863592807156024,65.72653999527924,0.0,0.04765625,1.0000000000000013
840.0,-1080.0,37.161362817032064,74.32202924172843,0.0,0.0703125,1.000000000000001
900.0,-1080.0,43.935385985969,87.87003552645167,0.0,0.09843749999999998,1.000000000000001
960.0,-1080.0,53.65538696207575,107.30997331122379,0.0,0.13203125,1.000000000000001
1020.0,-1080.0,67.02238999852776,134.04390687720317,0.0,0.171875,1.0000000000000009
1080.0,-1080.0,83.77887782674401,167.55679553556024,0.0,0.21484375,1.0000000000000009
1140.0,-1080.0,105.36281331026996,210.72458353545778,0.0,0.26484375,1.0000000000000009
1200.0,-1080.0,131.4005904890993,262.80075640551627,0.0,0.31875,1.0000000000000007
1260.0,-1080.0,162.69793426401753,325.3955000187314,0.0,0.378125,1.0000000000000004
1320.0,-1080.0,199.36801451530735,398.73565289503796,0.0,0.4421875,1.0000000000000004
1380.0,-1080.0,242.1700633151935,484.33971121334224,0.0,0.51171875,1.0000000000000004
1440.0,-1080.0,290.8744275272318,581.748396112136,0.0,0.58515625,1.0000000000000002
-1440.0,-1020.0,597.5925455417879,1195.0030586051948,0.0,1.0,1.0
-1380.0,-1020.0,597.5925455417879,1195.0030586051948,0.0,1.0,1.0
-1320.0,-1020.0,597.5925455417879,1195.0030586051948,0.0,1.0,1.0
-1260.0,-1020.0,597.5925455417879,1195.0030586051948,0.0,1.0,1.0
-1200.0,-1020.0,597.5925455417879,1195.0030586051948,0.0,1.0,1.0
-1140.0,-1020.0,597.5925455417879,1195.0030586051948,0.0,1.0,1.0
-1080.0,-1020.0,597.5925455417879,1195.0030586051948,0.0,1.0,1.0
-1020.0,-1020.0,597.5925455417879,1195.0030586051948,0.0,1.0,1.0
-960.0,-1020.0,597.5925455417879,1195.0030586051948,0.0,1.0,1.0
-900.0,-1020.0,597.5925455417879,1195.0030586051948,0.0,1.0,1.0
-840.0,-1020.0,597.5925455417879,1195.0030586051948,0.0,1.0,1.0
-780.0,-1020.0,597.5925455417879,1195.0030586051948,0.0,1.0,1.0
-720.0,-1020.0,597.5925455417879,1195.0030586051948,0.0,1.0,1.0
-660.0,-1020.0,597.5925455417879,1195.0030586051948,0.0,1.0,1.0
-600.0,-1020.0,584.4773815150224,1168.776725557676,0.0,1.0,1.0
-540.0,-1020.0,548.5584880800254,1096.9499396574104,0.0,0.9875,1.0
-480.0,-1020.0,519.8981353962688,1039.6380028977585,0.0,0.9875,1.0
-420.0,-1020.0,482.21786958925395,964.2890771213715,0.0,0.96875,1.0
-360.0,-1020.0,445.73118345503633,891.3269772844471,0.0,0.95,1.0
-300.0,-1020.0,407.7222038474629,815.3207915928679,0.0,0.925,1.0000000000000002
-240.0,-1020.0,368.454656738578,736.797901536537,0.0,0.8929687500000001,1.0000000000000002
-180.0,-1020.0,329.99027320000704,659.8811311854892,0.0,0.8578125000000001,1.0000000000000002
-120.0,-1020.0,292.06785854532023,584.0481710693233,0.0,0.8179687499999999,1.0000000000000002
-60.0,-1020.0,254.8602126771277,509.64457192035735,0.0,0.77265625,1.0000000000000004
0.0,-1020.0,219.08900726370373,438.11346138716766,0.0,0.72265625,1.0000000000000004
60.0,-1020.0,184.94401710550557,369.8343206682527,0.0,0.6671875,1.0000000000000004
120.0,-1020.0,153.09114779325316,306.1387369410607,0.0,0.60703125,1.0000000000000007
180.0,-1020.0,123.79589893513787,247.55763067302811,0.0,0.54140625,1.0000000000000007
240.0,-1020.0,97.66956415352561,195.3135176432339,0.0,0.47109375,1.0000000000000007
300.0,-1020.0,75.22542883028555,150.43266511300953,0.0,0.396875,1.0000000000000009
360.0,-1020.0,56.599480542833824,113.18707548764091,0.0,0.31640625,1.0000000000000009
420.0,-1020.0,42.44292092584026,84.8790210344037,0.0,0.23125000000000004,1.000000000000001
480.0,-1020.0,33.15573902380885,66.30827613025501,0.0,0.14140625,1.000000000000001
540.0,-1020.0,28.967747349210995,57.93404309583692,0.0,0.046093750000000024,1.0000000000000013
600.0,-1020.0,28.833326435195065,57.66613459243592,0.0,0.0,1.0000000000000013
660.0,-1020.0,28.152908774268276,56.305322248802106,0.0,0.0,1.000000000000001
720.0,-1020.0,27.52591306126195,55.051287765066895,0.0,0.0015624999999999975,1.0000000000000009
780.0,-1020.0,27.79247890315014,55.58438767353472,0.0,0.012499999999999999,1.0000000000000007
840.0,-1020.0,29.11571317038505,58.23079565660574,0.0,0.027343749999999997,1.0000000000000004
900.0,-1020.0,32.43687414398627,64.87307378697467,0.0,0.05,1.0000000000000004
960.0,-1020.0,37.58556541404771,75.17039054992574,0.0,0.075,1.0000000000000002
1020.0,-1020.0,45.198211337043176,90.39564053402631,0.0,0.10468749999999999,1.0
1080.0,-1020.0,56.06200936142744,112.1231674047305,0.0,0.14062499999999997,0.9999999999999997
1140.0,-1020.0,69.9683895863699,139.93588279224377,0.0,0.1796875,0.9999999999999994
1200.0,-1020.0,87.82737022758897,175.65440473619847,0.0,0.22421875000000002,0.9999999999999992
1260.0,-1020.0,110.04024739059665,220.08023937359994,0.0,0.27421874999999996,0.999999999999999
1320.0,-1020.0,136.74877273736078,273.4972900010406,0.0,0.32890625,0.9999999999999987
1380.0,-1020.0,168.94846945034703,337.89666975401656,0.0,0.38984375000000004,0.9999999999999987
1440.0,-1020.0,205.63871782179507,411.27713148830804,0.0,0.453125,0.9999999999999983
-1500.0,-960.0,597.5925455417879,1195.0030586051948,0.0,1.0,1.0
-1440.0,-960.0,597.5925455417879,1195.0030586051948,0.0,1.0,1.0
-1380.0,-960.0,597.5925455417879,1195.0030586051948,0.0,1.0,1.0
-1320.0,-960.0,597.5925455417879,1195.0030586051948,0.0,1.0,1.0
-1260.0,-960.0,597.5925455417879,1195.0030586051948,0.0,1.0,1.0
-1200.0,-960.0,597.5925455417879,1195.0030586051948,0.0,1.0,1.0
-1140.0,-960.0,597.5925455417879,1195.0030586051948,0.0,1.0,1.0
-1080.0,-960.0,597.5925455417879,1195.0030586051948,0.0,1.0,1.0
-1020.0,-960.0,597.5925455417879,1195.0030586051948,0.0,1.0,1.0
-960.0,-960.0,597.5925455417879,1195.0030586051948,0.0,1.0,1.0
-900.0,-960.0,597.5925455417879,1195.0030586051948,0.0,1.0,1.0
-840.0,-960.0,597.5925455417879,1195.0030586051948,0.0,1.0,1.0
-780.0,-960.0,597.5925455417879,1195.0030586051948,0.0,1.0,1.0
-720.0,-960.0,597.5925455417879,1195.0030586051948,0.0,1.0,1.0
-660.0,-960.0,570.8005818393776,1141.427292292058,0.0,1.0,1.0
-600.0,-960.0,535.0465765755029,1069.9302707218635,0.0,0.9875,1.0
-540.0,-960.0,500.00514571560643,999.8581740730257,0.0,0.9750000000000001,1.0
-480.0,-960.0,465.7818361312393,931.4220947791141,0.0,0.9625,1.0
-420.0,-960.0,426.9124239779358,853.6953096391721,0.0,0.9375,1.0
-360.0,-960.0,389.23216479518317,778.3464842291504,0.0,0.91171875,1.0000000000000002
-300.0,-960.0,349.888518886365,699.6714570756885,0.0,0.8773437500000001,1.0000000000000002
-240.0,-960.0,311.8002382561414,623.5068066740766,0.0,0.8406250000000001,1.0000000000000002
-180.0,-960.0,273.44657083875444,546.8115251795722,0.0,0.79609375,1.0000000000000004
-120.0,-960.0,237.2928906806865,474.51556883701153,0.0,0.75,1.0000000000000004
-60.0,-960.0,202.30512520951876,404.55114064533933,0.0,0.6976562500000001,1.0000000000000004
0.0,-960.0,169.0210423618836,337.99361052983596,0.0,0.6390625000000001,1.0000000000000004
60.0,-960.0,138.61665480817152,277.1946341415434,0.0,0.57734375,1.0000000000000007
120.0,-960.0,110.84256707447189,221.65547425487574,0.0,0.5093750000000001,1.0000000000000007
180.0,-960.0,86.5749741044684,173.12823215409085,0.0,0.4375,1.0000000000000009
240.0,-960.0,66.00119072300237,131.987650306166,0.0,0.36015624999999996,1.0000000000000009
300.0,-960.0,49.60631926284176,99.20358758875162,0.0,0.27734375,1.0000000000000009
360.0,-960.0,37.899839377854896,75.79494383738081,0.0,0.18984375000000006,1.000000000000001
420.0,-960.0,31.285799555118075,62.56977189305236,0.0,0.09765625000000001,1.000000000000001
480.0,-960.0,29.63417080776885,59.263900131341686,0.0,0.011718749999999998,1.0000000000000013
540.0,-960.0,29.193241123857753,58.38606796544776,0.0,0.0,1.0000000000000013
600.0,-960.0,28.2557088063616,56.51099016331907,0.0,0.0,1.0000000000000013
660.0,-960.0,27.50636522049839,55.01229339241373,0.0,0.0,1.000000000000001
720.0,-960.0,26.954899634621732,53.909299968752876,0.0,0.0,1.0000000000000009
780.0,-960.0,26.57855957613108,53.156588302652715,0.0,0.0,1.0000000000000004
840.0,-960.0,26.84413263146677,53.68769395161329,0.0,0.012499999999999999,1.0000000000000002
900.0,-960.0,28.025491980857268,56.050372185149385,0.0,0.024999999999999998,0.9999999999999998
960.0,-960.0,30.109239334089636,60.21781119657409,0.0,0.03749999999999999,0.9999999999999994
1020.0,-960.0,34.75193387666581,69.50315780434266,0.0,0.0625,0.9999999999999993
1080.0,-960.0,41.16203017450603,82.3232951821612,0.0,0.08828124999999999,0.9999999999999989
1140.0,-960.0,50.91771105005283,101.83460025189277,0.0,0.12265625,0.9999999999999986
1200.0,-960.0,63.40998179864689,126.8196659558242,0.0,0.159375,0.9999999999999982
1260.0,-960.0,80.1015669973017,160.20291090261196,0.0,0.20390624999999996,0.9999999999999978
1320.0,-960.0,99.84735469172445,199.6945003760768,0.0,0.25,0.9999999999999974
1380.0,-960.0,124.26074539449877,248.52127943034134,0.0,0.30234375,0.9999999999999972
1440.0,-960.0,153.86787291855143,307.7355199267963,0.0,0.3609375,0.9999999999999968
1500.0,-960.0,188.33464213687714,376.6690388818891,0.0,0.4234375,0.9999999999999964
-1500.0,-900.0,597.5925455417879,1195.0030586051948,0.0,1.0,1.0
-1440.0,-900.0,597.5925455417879,1195.0030586051948,0.0,1.0,1.0
-1380.0,-900.0,597.5925455417879,1195.0030586051948,0.0,1.0,1.0
-1320.0,-900.0,597.5925455417879,1195.0030586051948,0.0,1.0,1.0
-1260.0,-900.0,597.5925455417879,1195.0030586051948,0.0,1.0,1.0
-1200.0,-900.0,597.5925455417879,1195.0030586051948,0.0,1.0,1.0
-1140.0,-900.0,597.5925455417879,1195.0030586051948,0.0,1.0,1.0
-1080.0,-900.0,597.5925455417879,1195.0030586051948,0.0,1.0,1.0
-1020.0,-900.0,597.5925455417879,1195.0030586051948,0.0,1.0,1.0
-960.0,-900.0,597.5925455417879,1195.0030586051948,0.0,1.0,1.0
-900.0,-900.0,597.5925455417879,1195.0030586051948,0.0,1.0,1.0
-840.0,-900.0,597.5925455417879,1195.0030586051948,0.0,1.0,1.0
-780.0,-900.0,593.3716626333769,1186.5625785101954,0.0,1.0,1.0
-720.0,-900.0,563.9698198539267,1127.7678490374274,0.0,1.0,1.0
-660.0,-900.0,528.249316740645,1056.3378336909097,0.0,0.9875,1.0
-600.0,-900.0,493.2390933144063,986.3281530921299,0.0,0.9750000000000001,1.0000000000000002
-540.0,-900.0,454.37478838942314,908.611556486524,0.0,0.95234375,1.0
-480.0,-900.0,417.92669564515,835.7266589623799,0.0,0.93203125,1.0
-420.0,-900.0,378.4022017022598,756.689983084093,0.0,0.9007812500000001,1.0000000000000002
-360.0,-900.0,340.7359163343149,681.3691633237274,0.0,0.8695312500000001,1.0000000000000002
-300.0,-900.0,302.3404251018316,604.5902232505941,0.0,0.8304687500000001,1.0000000000000002
-240.0,-900.0,264.86063510262926,529.6424490027728,0.0,0.78671875,1.0000000000000002
-180.0,-900.0,228.70382479081778,457.3402779326423,0.0,0.73828125,1.0000000000000004
-120.0,-900.0,194.10423410325433,388.1521208778692,0.0,0.6843750000000001,1.0000000000000004
-60.0,-900.0,161.7031512413008,323.3603510028727,0.0,0.62578125,1.0000000000000004
0.0,-900.0,131.92857370464552,263.8208493231872,0.0,0.5625,1.0000000000000004
60.0,-900.0,105.06090781536822,210.09431715845184,0.0,0.49375,1.0000000000000007
120.0,-900.0,81.71057958827063,163.40144041564054,0.0,0.4203125,1.0000000000000009
180.0,-900.0,62.12841364893372,124.24374024157493,0.0,0.340625,1.0000000000000009
240.0,-900.0,47.07888756576045,94.15006810004233,0.0,0.2578125,1.0000000000000009
300.0,-900.0,36.73475587611787,73.46577731896585,0.0,0.16875000000000007,1.000000000000001
360.0,-900.0,31.606289893533926,63.21127564857647,0.0,0.07578125000000005,1.000000000000001
420.0,-900.0,31.015344052429874,62.02915145264929,0.0,0.0015625000000000094,1.0000000000000013
480.0,-900.0,29.878658429628523,59.75697800354827,0.0,0.0,1.0000000000000013
540.0,-900.0,28.692943000628446,57.38552339698697,0.0,0.0,1.000000000000001
600.0,-900.0,27.697303637832373,55.394227534459986,0.0,0.0,1.000000000000001
660.0,-900.0,26.904264785717316,53.80813524052143,0.0,0.0,1.0000000000000009
720.0,-900.0,26.32114310249923,52.64182863931867,0.0,0.0,1.0000000000000004
780.0,-900.0,25.96018057880062,51.91988844206944,0.0,0.0,1.0000000000000004
840.0,-900.0,25.821225070530385,51.64194519798419,0.0,0.0,1.0
900.0,-900.0,26.196170780099862,52.39179074976196,0.0,0.012499999999999999,0.9999999999999996
960.0,-900.0,27.484685816310137,54.968764933063014,0.0,0.024218749999999997,0.9999999999999991
1020.0,-900.0,29.81792045357403,59.6352085278611,0.0,0.03749999999999999,0.9999999999999986
1080.0,-900.0,34.026082520502115,68.05146828789266,0.0,0.05859374999999999,0.9999999999999982
1140.0,-900.0,40.53099151715725,81.06122496408679,0.0,0.08515624999999999,0.9999999999999978
1200.0,-900.0,49.07419038647496,98.1481087490843,0.0,0.11328125,0.9999999999999973
1260.0,-900.0,61.324506263699824,122.64881821712238,0.0,0.15078125,0.9999999999999968
1320.0,-900.0,76.90404777010814,153.80791457847678,0.0,0.19296875,0.9999999999999964
1380.0,-900.0,96.24350464421376,192.48683902680585,0.0,0.23984375000000002,0.9999999999999959
1440.0,-900.0,119.24314621770101,238.48611497391119,0.0,0.28984374999999996,0.9999999999999956
1500.0,-900.0,147.47311108877878,294.9460415379111,0.0,0.34687500000000004,0.9999999999999951
-1560.0,-840.0,597.5925455417879,1195.0030586051948,0.0,1.0,1.0
-1500.0,-840.0,597.5925455417879,1195.0030586051948,0.0,1.0,1.0
-1440.0,-840.0,597.5925455417879,1195.0030586051948,0.0,1.0,1.0
-1380.0,-840.0,597.5925455417879,1195.0030586051948,0.0,1.0,1.0
-1320.0,-840.0,597.5925455417879,1195.0030586051948,0.0,1.0,1.0
-1260.0,-840.0,597.5925455417879,1195.0030586051948,0.0,1.0,1.0
-1200.0,-840.0,597.5925455417879,1195.0030586051948,0.0,1.0,1.0
-1140.0,-840.0,597.5925455417879,1195.0030586051948,0.0,1.0,1.0
-1080.0,-840.0,597.5925455417879,1195.0030586051948,0.0,1.0,1.0
-1020.0,-840.0,597.5925455417879,1195.0030586051948,0.0,1.0,1.0
-960.0,-840.0,597.5925455417879,1195.0030586051948,0.0,1.0,1.0
-900.0,-840.0,597.5925455417879,1195.0030586051948,0.0,1.0,1.0
-840.0,-840.0,591.7615487485783,1183.342841196885,0.0,1.0,1.0
-780.0,-840.0,562.2805104316595,1124.389744772908,0.0,1.0,1.0
-720.0,-840.0,526.5267436545523,1052.8932194793992,0.0,0.9875,1.0
-660.0,-840.0,491.4846192505654,982.8197536914605,0.0,0.9750000000000001,1.0000000000000002
-600.0,-840.0,451.57662626798964,903.0161296224,0.0,0.95,1.0
-540.0,-840.0,414.53401719713185,828.9424001563387,0.0,0.928125,1.0
-480.0,-840.0,376.40727635251,752.7008036334836,0.0,0.9,1.0000000000000002
-420.0,-840.0,338.2455327358676,676.3892444807736,0.0,0.8671875,1.0000000000000002
-360.0,-840.0,300.01366340530086,599.9375204016965,0.0,0.828125,1.0000000000000002
-300.0,-840.0,262.71974565554586,525.3614609608729,0.0,0.784375,1.0000000000000002
-240.0,-840.0,226.55938493943887,453.05221949034575,0.0,0.73515625,1.0000000000000004
-180.0,-840.0,192.22115283528757,384.38673529069433,0.0,0.68125,1.0000000000000004
-120.0,-840.0,160.26636940743492,320.4874541765541,0.0,0.6234374999999999,1.0000000000000004
-60.0,-840.0,130.6421963013323,261.24875472319974,0.0,0.559375,1.0000000000000007
0.0,-840.0,103.89632803012081,207.76583800007398,0.0,0.4890625,1.0000000000000007
60.0,-840.0,81.05500023212969,162.09084469160402,0.0,0.41640625,1.0000000000000009
120.0,-840.0,61.90600845791951,123.79946143487798,0.0,0.33671875,1.000000000000001
180.0,-840.0,47.28313762903047,94.55892532831874,0.0,0.25312500000000004,1.0000000000000009
240.0,-840.0,37.45658689280395,74.90975924646506,0.0,0.1640625000000001,1.0000000000000013
300.0,-840.0,32.861274874219006,65.72142900662348,0.0,0.07031250000000001,1.0000000000000013
360.0,-840.0,32.5561336504098,65.11175082768773,0.0,0.0,1.0000000000000013
420.0,-840.0,30.98385215228982,61.967412488819754,0.0,0.0,1.0000000000000013
480.0,-840.0,29.523599247066347,59.04690159483557,0.0,0.0,1.0000000000000013
540.0,-840.0,28.25772696798914,56.515112245900156,0.0,0.0,1.000000000000001
600.0,-840.0,27.197647077278788,54.3949490257841,0.0,0.0,1.0000000000000009
660.0,-840.0,26.352204023459734,52.70405322641398,0.0,0.0,1.0000000000000007
720.0,-840.0,25.734002635755513,51.46760287325082,0.0,0.0,1.0000000000000004
780.0,-840.0,25.352408789280094,50.70438902166389,0.0,0.0,1.0
840.0,-840.0,25.21858812650568,50.43673290177198,0.0,0.0,0.9999999999999997
900.0,-840.0,25.3348211766213,50.66914954873633,0.0,0.0,0.9999999999999991
960.0,-840.0,25.94191895650317,51.88330282223233,0.0,0.012499999999999999,0.9999999999999987
1020.0,-840.0,27.049823730248406,54.09907492094872,0.0,0.017187499999999998,0.9999999999999982
1080.0,-840.0,30.088968727532873,60.177315667443814,0.0,0.03749999999999999,0.9999999999999976
1140.0,-840.0,34.079153043707365,68.15761386801215,0.0,0.05468749999999999,0.999999999999997
1200.0,-840.0,40.8240830028961,81.6479166208799,0.0,0.08203125,0.9999999999999966
1260.0,-840.0,49.83580621657643,99.67142928749512,0.0,0.11249999999999999,0.999999999999996
1320.0,-840.0,62.084251199976215,124.16834501845527,0.0,0.15000000000000002,0.9999999999999954
1380.0,-840.0,77.06499399807583,154.12983776575294,0.0,0.18984375,0.9999999999999949
1440.0,-840.0,96.03469316613767,192.06924262901106,0.0,0.23593750000000002,0.9999999999999944
1500.0,-840.0,119.28014382651334,238.5601464052719,0.0,0.2875,0.9999999999999938
1560.0,-840.0,147.02483799975911,294.0495296690566,0.0,0.34375000000000006,0.9999999999999931
-1620.0,-780.0,597.5925455417879,1195.0030586051948,0.0,1.0,1.0
-1560.0,-780.0,597.5925455417879,1195.0030586051948,0.0,1.0,1.0
-1500.0,-780.0,597.5925455417879,1195.0030586051948,0.0,1.0,1.0
-1440.0,-780.0,597.5925455417879,1195.0030586051948,0.0,1.0,1.0
-1380.0,-780.0,597.5925455417879,1195.0030586051948,0.0,1.0,1.0
-1320.0,-780.0,597.5925455417879,1195.0030586051948,0.0,1.0,1.0
-1260.0,-780.0,597.5925455417879,1195.0030586051948,0.0,1.0,1.0
-1200.0,-780.0,597.5925455417879,1195.0030586051948,0.0,1.0,1.0
-1140.0,-780.0,597.5925455417879,1195.0030586051948,0.0,1.0,1.0
-1080.0,-780.0,597.5925455417879,1195.0030586051948,0.0,1.0,1.0
-1020.0,-780.0,597.5925455417879,1195.0030586051948,0.0,1.0,1.0
-960.0,-780.0,597.5925455417879,1195.0030586051948,0.0,1.0,1.0
-900.0,-780.0,594.2331722481239,1188.2853353155149,0.0,1.0,1.0
-840.0,-780.0,564.6830909393695,1129.194173939031,0.0,1.0,1.0
-780.0,-780.0,528.8452656566417,1057.529561555919,0.0,0.9875,1.0
-720.0,-780.0,493.72429768740017,987.2984380395276,0.0,0.9750000000000001,1.0000000000000002
-660.0,-780.0,455.85085388682097,911.563268122127,0.0,0.9546875,1.0
-600.0,-780.0,419.62499998558496,839.1228038655536,0.0,0.9351562499999999,1.0
-540.0,-780.0,378.7500974782888,757.3857749983395,0.0,0.9007812500000001,1.0000000000000002
-480.0,-780.0,341.65851034062297,683.2142040898809,0.0,0.87109375,1.0000000000000002
-420.0,-780.0,303.25031211524237,606.4098971976306,0.0,0.83203125,1.0000000000000002
-360.0,-780.0,265.8038727402562,531.528871222302,0.0,0.78828125,1.0000000000000004
-300.0,-780.0,229.89610828402007,459.72476259842836,0.0,0.740625,1.0000000000000004
-240.0,-780.0,195.14595182098694,390.23558260116107,0.0,0.6859375,1.0000000000000004
-180.0,-780.0,163.19691038204203,326.34782283952006,0.0,0.62890625,1.0000000000000004
-120.0,-780.0,133.23306026921236,266.4299053840056,0.0,0.5640625,1.0000000000000007
-60.0,-780.0,106.6924090741172,213.3573982384529,0.0,0.49609374999999994,1.0000000000000007
0.0,-780.0,83.536968477935,167.0543171470121,0.0,0.42265625,1.0000000000000007
60.0,-780.0,64.2819428943741,128.5509547961249,0.0,0.34375,1.0000000000000009
120.0,-780.0,49.46378977787184,98.92002636328041,0.0,0.26015625,1.0000000000000009
180.0,-780.0,39.468943881990825,78.93425267339086,0.0,0.17187500000000006,1.000000000000001
240.0,-780.0,34.675235291805926,69.3493197811952,0.0,0.07812500000000006,1.000000000000001
300.0,-780.0,34.38796830113028,68.775026814171,0.0,0.000781250000000006,1.0000000000000013
360.0,-780.0,32.59996264829729,65.19964936964178,0.0,0.0,1.0000000000000013
420.0,-780.0,30.831501893011428,61.662755867999664,0.0,0.0,1.0000000000000013
480.0,-780.0,29.262207829016397,58.52414776738599,0.0,0.0,1.000000000000001
540.0,-780.0,27.90446831343311,55.8086252486048,0.0,0.0,1.000000000000001
600.0,-780.0,26.767098132974656,53.533897994606626,0.0,0.0,1.0000000000000009
660.0,-780.0,25.86287991217389,51.72544895507181,0.0,0.0,1.0000000000000004
720.0,-780.0,25.201930854405724,50.40352331910388,0.0,0.0,1.0000000000000002
780.0,-780.0,24.796555141369904,49.59273700012335,0.0,0.0,0.9999999999999998
840.0,-780.0,24.657807318020314,49.31522642849332,0.0,0.0,0.9999999999999994
900.0,-780.0,24.797916870353816,49.595406662915444,0.0,0.0,0.9999999999999989
960.0,-780.0,25.1998270769504,50.39918866477323,0.0,0.0,0.9999999999999982
1020.0,-780.0,26.14878156873116,52.29704783574719,0.0,0.012499999999999999,0.9999999999999977
1080.0,-780.0,28.082982643615672,56.16540405741206,0.0,0.024999999999999998,0.9999999999999971
1140.0,-780.0,30.986179232424725,61.97171846388575,0.0,0.03749999999999999,0.9999999999999966
1200.0,-780.0,36.21313844136536,72.4260492808242,0.0,0.06171874999999999,0.999999999999996
1260.0,-780.0,43.20857647214106,86.4169968681633,0.0,0.0875,0.9999999999999952
1320.0,-780.0,51.70524854164625,103.41035051169371,0.0,0.11328125,0.9999999999999946
1380.0,-780.0,64.16265418564787,128.325175478833,0.0,0.15078125,0.9999999999999939
1440.0,-780.0,80.07018582525896,160.14024765756895,0.0,0.19374999999999998,0.9999999999999934
1500.0,-780.0,99.51035572660538,199.02058790876342,0.0,0.24062500000000003,0.9999999999999927
1560.0,-780.0,122.99466631691234,245.98921327433777,0.0,0.29218749999999993,0.9999999999999921
1620.0,-780.0,150.6517605361474,301.3033933176845,0.0,0.34765625,0.9999999999999927
-1620.0,-720.0,597.5925455417879,1195.0030586051948,0.0,1.0,1.0
-1560.0,-720.0,597.5925455417879,1195.0030586051948,0.0,1.0,1.0
-1500.0,-720.0,597.5925455417879,1195.0030586051948,0.0,1.0,1.0
-1440.0,-720.0,597.5925455417879,1195.0030586051948,0.0,1.0,1.0
-1380.0,-720.0,597.5925455417879,1195.0030586051948,0.0,1.0,1.0
-1320.0,-720.0,597.5925455417879,1195.0030586051948,0.0,1.0,1.0
-1260.0,-720.0,597.5925455417879,1195.0030586051948,0.0,1.0,1.0
-1200.0,-720.0,597.5925455417879,1195.0030586051948,0.0,1.0,1.0
-1140.0,-720.0,597.5925455417879,1195.0030586051948,0.0,1.0,1.0
-1080.0,-720.0,597.5925455417879,1195.0030586051948,0.0,1.0,1.0
-1020.0,-720.0,597.5925455417879,1195.0030586051948,0.0,1.0,1.0
-960.0,-720.0,597.5925455417879,1195.0030586051948,0.0,1.0,1.0
-900.0,-720.0,570.5033530226189,1140.832925197317,0.0,1.0,1.0
-840.0,-720.0,534.5302021592172,1068.8976993776275,0.0,0.9875,1.0
-780.0,-720.0,499.30497871735474,998.4581022678825,0.0,0.9750000000000001,1.0000000000000002
-720.0,-720.0,464.9212129998134,929.7011943696987,0.0,0.9625,1.0
-660.0,-720.0,425.97254852146267,851.8159840877378,0.0,0.9375,1.0
-600.0,-720.0,388.57087685525056,777.0243075839234,0.0,0.9125,1.0
-540.0,-720.0,348.11045342548306,696.1161694676897,0.0,0.875,1.0000000000000002
-480.0,-720.0,310.20124567037334,620.3096982968692,0.0,0.8382812500000001,1.0000000000000002
-420.0,-720.0,273.5588913730612,547.0365877913138,0.0,0.7984375000000001,1.0000000000000004
-360.0,-720.0,236.7421164898512,473.4147844335196,0.0,0.74921875,1.0000000000000004
-300.0,-720.0,202.10274862668572,404.1471654266987,0.0,0.696875,1.0000000000000004
-240.0,-720.0,169.77565732350627,339.50344553986287,0.0,0.6406250000000001,1.0000000000000007
-180.0,-720.0,139.5240507049532,279.010136818565,0.0,0.57734375,1.0000000000000007
-120.0,-720.0,112.34984223803177,224.67074439098235,0.0,0.5093750000000001,1.0000000000000009
-60.0,-720.0,88.7516909885839,177.48242291596105,0.0,0.4375,1.0000000000000009
0.0,-720.0,69.03324265553151,138.05238422378918,0.0,0.36093749999999997,1.0000000000000009
60.0,-720.0,53.43071698025232,106.85300754364218,0.0,0.27734374999999994,1.0000000000000009
120.0,-720.0,42.71670154618838,85.4291950385801,0.0,0.19062500000000002,1.000000000000001
180.0,-720.0,37.107630629136295,74.21376472188115,0.0,0.09687500000000004,1.000000000000001
240.0,-720.0,36.51060592037841,73.01768567865642,0.0,0.006250000000000023,1.0000000000000013
300.0,-720.0,34.84216624757604,69.68409560868531,0.0,0.0,1.0000000000000013
360.0,-720.0,32.72447996273731,65.44870498221124,0.0,0.0,1.0000000000000013
420.0,-720.0,30.81280521814758,61.6253655791371,0.0,0.0,1.0000000000000013
480.0,-720.0,29.11743957266567,58.23465217836732,0.0,0.0,1.0000000000000013
540.0,-720.0,27.65032985534919,55.30038887916672,0.0,0.0,1.0000000000000009
600.0,-720.0,26.424000122493773,52.847735213168114,0.0,0.0,1.0000000000000007
660.0,-720.0,25.448620599089043,50.896966491909964,0.0,0.0,1.0000000000000004
720.0,-720.0,24.738148704892318,49.47600186844548,0.0,0.0,1.0
780.0,-720.0,24.304266465875774,48.608205540436565,0.0,0.0,0.9999999999999997
840.0,-720.0,24.158976342060882,48.31761146495934,0.0,0.0,0.9999999999999991
900.0,-720.0,24.31449243344727,48.628605974366224,0.0,0.0,0.9999999999999986
960.0,-720.0,24.78292169769168,49.56544068288237,0.0,0.0,0.999999999999998
1020.0,-720.0,25.49664726723161,50.99283246672114,0.0,0.0,0.9999999999999973
1080.0,-720.0,26.892206470276257,53.783902616450696,0.0,0.012499999999999999,0.9999999999999967
1140.0,-720.0,29.258132012121365,58.515697526518935,0.0,0.024999999999999998,0.9999999999999961
1200.0,-720.0,32.57954545148864,65.15888473077554,0.0,0.03749999999999999,0.9999999999999953
1260.0,-720.0,38.3044265302503,76.60870896852434,0.0,0.0625,0.9999999999999947
1320.0,-720.0,45.499436007715126,90.99874960576656,0.0,0.0875,0.9999999999999939
1380.0,-720.0,56.45535835399926,112.91060186627905,0.0,0.125,0.9999999999999931
1440.0,-720.0,69.3981191336329,138.79613586727623,0.0,0.16171874999999997,0.9999999999999925
1500.0,-720.0,85.36914090090917,170.73818006925907,0.0,0.20234374999999996,0.9999999999999918
1560.0,-720.0,105.77117349629557,211.5422447719286,0.0,0.25078125,0.9999999999999916
1620.0,-720.0,130.02925759824086,260.0584123197427,0.0,0.30312500000000003,0.9999999999999922
-1620.0,-660.0,597.5925455417879,1195.0030586051948,0.0,1.0,1.0
-1560.0,-660.0,597.5925455417879,1195.0030586051948,0.0,1.0,1.0
-1500.0,-660.0,597.5925455417879,1195.0030586051948,0.0,1.0,1.0
-1440.0,-660.0,597.5925455417879,1195.0030586051948,0.0,1.0,1.0
-1380.0,-660.0,597.5925455417879,1195.0030586051948,0.0,1.0,1.0
-1320.0,-660.0,597.5925455417879,1195.0030586051948,0.0,1.0,1.0
-1260.0,-660.0,597.5925455417879,1195.0030586051948,0.0,1.0,1.0
-1200.0,-660.0,597.5925455417879,1195.0030586051948,0.0,1.0,1.0
-1140.0,-660.0,597.5925455417879,1195.0030586051948,0.0,1.0,1.0
-1080.0,-660.0,597.5925455417879,1195.0030586051948,0.0,1.0,1.0
-1020.0,-660.0,597.5925455417879,1195.0030586051948,0.0,1.0,1.0
-960.0,-660.0,579.2527398778601,1158.3290337598062,0.0,1.0,1.0
-900.0,-660.0,543.065294790787,1085.9652671167012,0.0,0.9875,1.0
-840.0,-660.0,513.1635445586302,1026.1709313818901,0.0,0.9859375,1.0
-780.0,-660.0,473.22083291763175,946.2979109440836,0.0,0.9625,1.0
-720.0,-660.0,438.8158807712292,877.498669718119,0.0,0.9484375,1.0
-660.0,-660.0,398.9699937277261,797.8193551457666,0.0,0.91875,1.0
-600.0,-660.0,360.41692374471046,720.7253275947573,0.0,0.8875,1.0
-540.0,-660.0,321.6023429808646,643.1084188418504,0.0,0.85,1.0000000000000002
-480.0,-660.0,285.07706733606256,570.0694414314377,0.0,0.8125,1.0000000000000002
-420.0,-660.0,247.71410549607126,495.35545327882386,0.0,0.7640625,1.0000000000000004
-360.0,-660.0,212.90115079508553,425.7407357046306,0.0,0.7140625,1.0000000000000004
-300.0,-660.0,179.52139288428359,358.99205125409816,0.0,0.65703125,1.0000000000000004
-240.0,-660.0,148.69907758271168,297.357532440846,0.0,0.5953125,1.0000000000000004
-180.0,-660.0,121.08172845268078,242.13201964035736,0.0,0.53046875,1.0000000000000007
-120.0,-660.0,96.52682072926277,193.0305178583592,0.0,0.459375,1.0000000000000009
-60.0,-660.0,75.7801401752697,151.54438034104572,0.0,0.38359375,1.0000000000000009
0.0,-660.0,59.128881994055384,118.24790444474597,0.0,0.3015625,1.0000000000000009
60.0,-660.0,47.27117376765767,94.53711494456377,0.0,0.21640625000000002,1.0000000000000013
120.0,-660.0,40.445650813920885,80.88921851488853,0.0,0.12656250000000002,1.000000000000001
180.0,-660.0,38.92133434773912,77.84216947798691,0.0,0.029687499999999974,1.000000000000001
240.0,-660.0,37.86988537353338,75.73954055311147,0.0,0.0,1.000000000000001
300.0,-660.0,35.35315536564328,70.70607223112154,0.0,0.0,1.0000000000000013
360.0,-660.0,33.04664351738877,66.09306351106333,0.0,0.0,1.0000000000000013
420.0,-660.0,30.965900011926113,61.93160146821826,0.0,0.0,1.000000000000001
480.0,-660.0,29.119307904636273,58.23842716695144,0.0,0.0,1.000000000000001
540.0,-660.0,27.52274745373575,55.04526998736581,0.0,0.0,1.0000000000000009
600.0,-660.0,26.188695307831207,52.377169342891094,0.0,0.0,1.0000000000000007
660.0,-660.0,25.128884133029725,50.25752660285428,0.0,0.0,1.0000000000000002
720.0,-660.0,24.3581734860559,48.71610537012079,0.0,0.0,0.9999999999999998
780.0,-660.0,23.889489170772663,47.77871029467439,0.0,0.0,0.9999999999999993
840.0,-660.0,23.735541253183694,47.470786596549,0.0,0.0,0.9999999999999989
900.0,-660.0,23.909281091936734,47.818233457392395,0.0,0.0,0.9999999999999982
960.0,-660.0,24.423101738092978,48.845854378817364,0.0,0.0,0.9999999999999976
1020.0,-660.0,25.289486408889957,50.57855379853178,0.0,0.0,0.9999999999999969
1080.0,-660.0,26.333007692170717,52.66555197699723,0.0,0.0,0.9999999999999961
1140.0,-660.0,28.28000666265961,56.5595143146661,0.0,0.012499999999999999,0.9999999999999953
1200.0,-660.0,31.154524098999172,62.30886210748037,0.0,0.024999999999999998,0.9999999999999947
1260.0,-660.0,36.16643130849916,72.33273881061758,0.0,0.05,0.999999999999994
1320.0,-660.0,42.55899253059396,85.11787159215068,0.0,0.07421874999999999,0.9999999999999931
1380.0,-660.0,50.639091272225116,101.27808897874782,0.0,0.1,0.9999999999999923
1440.0,-660.0,61.94459624018723,123.88910602482089,0.0,0.13515624999999998,0.9999999999999915
1500.0,-660.0,76.13156985183265,152.26305706491559,0.0,0.17421874999999998,0.9999999999999909
1560.0,-660.0,93.05422710992607,186.10836721159876,0.0,0.215625,0.9999999999999911
1620.0,-660.0,114.45193389299277,228.90378559571678,0.0,0.26484375,0.9999999999999918
-1680.0,-600.0,597.5925455417879,1195.0030586051948,0.0,1.0,1.0
-1620.0,-600.0,597.5925455417879,1195.0030586051948,0.0,1.0,1.0
-1560.0,-600.0,597.5925455417879,1195.0030586051948,0.0,1.0,1.0
-1500.0,-600.0,597.5925455417879,1195.0030586051948,0.0,1.0,1.0
-1440.0,-600.0,597.5925455417879,1195.0030586051948,0.0,1.0,1.0
-1380.0,-600.0,597.5925455417879,1195.0030586051948,0.0,1.0,1.0
-1320.0,-600.0,597.5925455417879,1195.0030586051948,0.0,1.0,1.0
-1260.0,-600.0,597.5925455417879,1195.0030586051948,0.0,1.0,1.0
-1200.0,-600.0,597.5925455417879,1195.0030586051948,0.0,1.0,1.0
-1140.0,-600.0,597.5925455417879,1195.0030586051948,0.0,1.0,1.0
-1080.0,-600.0,597.5925455417879,1195.0030586051948,0.0,1.0,1.0
-1020.0,-600.0,590.5860937083365,1180.9922891713936,0.0,1.0,1.0
-960.0,-600.0,560.8946364320118,1121.618418924258,0.0,1.0,1.0
-900.0,-600.0,525.0611897073808,1049.9625917390777,0.0,0.9875,1.0
-840.0,-600.0,489.96122699400166,979.7735057159795,0.0,0.9750000000000001,1.0000000000000002
-780.0,-600.0,450.14183501632147,900.147130167538,0.0,0.95,1.0
-720.0,-600.0,411.9075340971939,823.6904816047088,0.0,0.925,1.0000000000000002
-660.0,-600.0,375.24954208427664,750.3859980763484,0.0,0.9,1.0000000000000002
-600.0,-600.0,335.7016061874611,671.3026303833316,0.0,0.8625,1.0000000000000002
-540.0,-600.0,298.4638850164682,596.8390133126617,0.0,0.825,1.0000000000000002
-480.0,-600.0,262.33961853648896,524.6020094643035,0.0,0.7835937500000001,1.0000000000000004
-420.0,-600.0,226.71479737113637,453.3638456845753,0.0,0.734375,1.0000000000000004
-360.0,-600.0,192.79757635696654,385.54042555567787,0.0,0.6796875,1.0000000000000004
-300.0,-600.0,161.24822655659082,322.45209554715115,0.0,0.6203125,1.0000000000000004
-240.0,-600.0,132.48238527035093,264.9299882150781,0.0,0.55625,1.0000000000000007
-180.0,-600.0,106.90976041844645,213.79341113834076,0.0,0.4875,1.0000000000000007
-120.0,-600.0,84.88177837607904,169.74509404126124,0.0,0.41328125000000004,1.0000000000000009
-60.0,-600.0,66.94806411898354,133.88415263883405,0.0,0.334375,1.0000000000000009
0.0,-600.0,53.47381703858482,106.94082382692189,0.0,0.25000000000000006,1.000000000000001
60.0,-600.0,44.98009646277208,89.95712956267384,0.0,0.16093750000000007,1.000000000000001
120.0,-600.0,41.77960661257928,83.55832000802461,0.0,0.06640625000000001,1.0000000000000013
180.0,-600.0,41.89713874026944,83.79401063274442,0.0,0.0,1.0000000000000013
240.0,-600.0,38.91629747488345,77.83239086306601,0.0,0.0,1.0000000000000013
300.0,-600.0,36.1544172982553,72.308621867796,0.0,0.0,1.0000000000000013
360.0,-600.0,33.62325698314745,67.24633984431843,0.0,0.0,1.0000000000000013
420.0,-600.0,31.337191933611553,62.67420530171889,0.0,0.0,1.0000000000000013
480.0,-600.0,29.31017301263392,58.62017876075223,0.0,0.0,1.000000000000001
540.0,-600.0,27.557104524962824,55.114012246290464,0.0,0.0,1.0000000000000009
600.0,-600.0,26.09173045060417,52.18327244496445,0.0,0.0,1.0000000000000004
660.0,-600.0,24.929338033345072,49.858460261606254,0.0,0.0,1.0
720.0,-600.0,24.08420848753761,48.168220307541574,0.0,0.0,0.9999999999999996
780.0,-600.0,23.571986267281428,47.14375143568234,0.0,0.0,0.9999999999999991
840.0,-600.0,23.406470185864645,46.81268498925866,0.0,0.0,0.9999999999999987
900.0,-600.0,23.601297917305427,47.202312919894915,0.0,0.0,0.999999999999998
960.0,-600.0,24.169926813121936,48.33954498031667,0.0,0.0,0.9999999999999973
1020.0,-600.0,25.124961032324716,50.249559300035045,0.0,0.0,0.9999999999999966
1080.0,-600.0,26.43046819683359,52.860533288830375,0.0,0.0,0.9999999999999958
1140.0,-600.0,28.233674356704718,56.46692315303978,0.0,0.012499999999999999,0.9999999999999949
1200.0,-600.0,30.44050059088602,60.8808339317555,0.0,0.012499999999999999,0.9999999999999941
1260.0,-600.0,34.868823930229574,69.73753921316431,0.0,0.03749999999999999,0.9999999999999932
1320.0,-600.0,39.371152074062216,78.74221484726735,0.0,0.05,0.9999999999999925
1380.0,-600.0,46.909149911408,93.81822266674085,0.0,0.07890624999999998,0.9999999999999916
1440.0,-600.0,56.95133317772594,113.90259520742723,0.0,0.11249999999999999,0.9999999999999909
1500.0,-600.0,69.63166555862676,139.26326972800987,0.0,0.15000000000000002,0.9999999999999905
1560.0,-600.0,84.39566282461696,168.79126355913877,0.0,0.1875,0.9999999999999909
1620.0,-600.0,103.78355968031974,207.56706383779385,0.0,0.23515625000000004,0.9999999999999915
1680.0,-600.0,126.67601381551991,253.35196588463418,0.0,0.28593749999999996,0.9999999999999919
-1680.0,-540.0,597.5925455417879,1195.0030586051948,0.0,1.0,1.0
-1620.0,-540.0,597.5925455417879,1195.0030586051948,0.0,1.0,1.0
-1560.0,-540.0,597.5925455417879,1195.0030586051948,0.0,1.0,1.0
-1500.0,-540.0,597.5925455417879,1195.0030586051948,0.0,1.0,1.0
-1440.0,-540.0,597.5925455417879,1195.0030586051948,0.0,1.0,1.0
-1380.0,-540.0,597.5925455417879,1195.0030586051948,0.0,1.0,1.0
-1320.0,-540.0,597.5925455417879,1195.0030586051948,0.0,1.0,1.0
-1260.0,-540.0,597.5925455417879,1195.0030586051948,0.0,1.0,1.0
-1200.0,-540.0,597.5925455417879,1195.0030586051948,0.0,1.0,1.0
-1140.0,-540.0,597.5925455417879,1195.0030586051948,0.0,1.0,1.0
-1080.0,-540.0,597.5925455417879,1195.0030586051948,0.0,1.0,1.0
-1020.0,-540.0,574.5127472737739,1148.850492399298,0.0,1.0,1.0
-960.0,-540.0,538.4077091453561,1076.6515443952765,0.0,0.9875,1.0
-900.0,-540.0,503.14401219263584,1006.135051677448,0.0,0.9750000000000001,1.0000000000000002
-840.0,-540.0,468.7264734006308,937.3106481222474,0.0,0.9625,1.0
-780.0,-540.0,429.78912572193,859.4481342374395,0.0,0.9375,1.0
-720.0,-540.0,392.4474110081428,784.7764327102526,0.0,0.9125,1.0
-660.0,-540.0,355.49925354224393,710.8917685942155,0.0,0.8843749999999999,1.0
-600.0,-540.0,317.448174188159,634.8017097197627,0.0,0.84765625,1.0000000000000002
-540.0,-540.0,278.8111265450379,557.5400090344913,0.0,0.8015625,1.0000000000000002
-480.0,-540.0,243.38954134040065,486.70824967452575,0.0,0.75703125,1.0000000000000004
-420.0,-540.0,208.80688119102143,417.554193503124,0.0,0.7046874999999999,1.0000000000000004
-360.0,-540.0,176.58886870869694,353.1287731300576,0.0,0.6484375,1.0000000000000004
-300.0,-540.0,146.6291970316075,293.219431375743,0.0,0.5859374999999999,1.0000000000000004
-240.0,-540.0,119.83507134808391,239.64025629785021,0.0,0.51953125,1.0000000000000007
-180.0,-540.0,96.31120241324895,192.60070091873473,0.0,0.446875,1.0000000000000009
-120.0,-540.0,76.8883839446296,153.7620256183781,0.0,0.37109375,1.0000000000000009
-60.0,-540.0,61.63936294917686,123.26977995017361,0.0,0.2890625,1.0000000000000009
0.0,-540.0,51.19730881323918,102.39004536346668,0.0,0.20234375,1.0000000000000013
60.0,-540.0,45.93454960150031,91.86740933979063,0.0,0.11093750000000001,1.000000000000001
120.0,-540.0,45.95950837317946,91.91740846151778,0.0,0.01406250000000003,1.0000000000000013
180.0,-540.0,43.69919814629608,87.39812991218838,0.0,0.0,1.0000000000000013
240.0,-540.0,40.399653854089976,80.79909903969799,0.0,0.0,1.0000000000000013
300.0,-540.0,37.34046055154862,74.6807434245011,0.0,0.0,1.0000000000000013
360.0,-540.0,34.53644515791402,69.07274178305188,0.0,0.0,1.000000000000001
420.0,-540.0,32.00072327514152,64.00127472025613,0.0,0.0,1.000000000000001
480.0,-540.0,29.750972203063863,59.50179640176127,0.0,0.0,1.0000000000000009
540.0,-540.0,27.80499230185864,55.609835509473946,0.0,0.0,1.0000000000000007
600.0,-540.0,26.176987633963435,52.35381834770464,0.0,0.0,1.0000000000000004
660.0,-540.0,24.886285788844805,49.772390352624136,0.0,0.0,0.9999999999999998
720.0,-540.0,23.948563207304684,47.89696779249862,0.0,0.0,0.9999999999999994
780.0,-540.0,23.380856991140828,46.76153795873866,0.0,0.0,0.9999999999999989
840.0,-540.0,23.19917926986985,46.39814130953674,0.0,0.0,0.9999999999999983
900.0,-540.0,23.41904229187134,46.83785056916064,0.0,0.0,0.9999999999999976
960.0,-540.0,24.053969658909864,48.107679660035245,0.0,0.0,0.999999999999997
1020.0,-540.0,25.118198153275916,50.23609398645656,0.0,0.0,0.9999999999999961
1080.0,-540.0,26.6216079522972,53.24286791550891,0.0,0.0,0.9999999999999953
1140.0,-540.0,28.390263955002204,56.78015789545791,0.0,0.0,0.9999999999999944
1200.0,-540.0,30.961793560297785,61.92343879658343,0.0,0.012499999999999999,0.9999999999999936
1260.0,-540.0,34.41044056573302,68.82078521113951,0.0,0.024999999999999998,0.9999999999999928
1320.0,-540.0,38.62698405900785,77.25389533246025,0.0,0.03749999999999999,0.9999999999999917
1380.0,-540.0,45.154214815459866,90.30837088435142,0.0,0.0625,0.9999999999999909
1440.0,-540.0,54.257055151896296,108.5140614915848,0.0,0.0953125,0.9999999999999901
1500.0,-540.0,64.6999128143237,129.39978094627622,0.0,0.125,0.9999999999999902
1560.0,-540.0,78.35688234931762,156.713727771037,0.0,0.16249999999999998,0.9999999999999907
1620.0,-540.0,96.62198772067008,193.24393848025102,0.0,0.2109375,0.9999999999999912
1680.0,-540.0,116.84777658883685,233.69551046416404,0.0,0.25703125,0.9999999999999918
-1680.0,-480.0,597.5925455417879,1195.0030586051948,0.0,1.0,1.0
-1620.0,-480.0,597.5925455417879,1195.0030586051948,0.0,1.0,1.0
-1560.0,-480.0,597.5925455417879,1195.0030586051948,0.0,1.0,1.0
-1500.0,-480.0,597.5925455417879,1195.0030586051948,0.0,1.0,1.0
-1440.0,-480.0,597.5925455417879,1195.0030586051948,0.0,1.0,1.0
-1380.0,-480.0,597.5925455417879,1195.0030586051948,0.0,1.0,1.0
-1320.0,-480.0,597.5925455417879,1195.0030586051948,0.0,1.0,1.0
-1260.0,-480.0,597.5925455417879,1195.0030586051948,0.0,1.0,1.0
-1200.0,-480.0,597.5925455417879,1195.0030586051948,0.0,1.0,1.0
-1140.0,-480.0,597.5925455417879,1195.0030586051948,0.0,1.0,1.0
-1080.0,-480.0,590.2724131163781,1180.3650235376238,0.0,1.0,1.0
-1020.0,-480.0,560.5096502062132,1120.8485637431947,0.0,1.0,1.0
-960.0,-480.0,524.6866266604495,1049.213602894182,0.0,0.9875,1.0
-900.0,-480.0,489.6449974033221,979.1412032134136,0.0,0.9750000000000001,1.0000000000000002
-840.0,-480.0,449.9619841912752,899.7876023564563,0.0,0.95,1.0
-780.0,-480.0,411.8870507869069,823.6497068885985,0.0,0.925,1.0000000000000002
-720.0,-480.0,375.40925288803635,750.7056273435732,0.0,0.9,1.0000000000000002
-660.0,-480.0,336.15629131625604,672.2122189238426,0.0,0.8625,1.0000000000000002
-600.0,-480.0,299.23211435145316,598.3756976035511,0.0,0.825,1.0000000000000002
-540.0,-480.0,263.46120411016807,526.8454129498152,0.0,0.7835937500000001,1.0000000000000004
-480.0,-480.0,228.27234833590398,456.4791783642112,0.0,0.734375,1.0000000000000004
-420.0,-480.0,194.50483870165712,388.9553060354511,0.0,0.6781250000000001,1.0000000000000004
-360.0,-480.0,163.8434109571729,327.64268119727456,0.0,0.6203125,1.0000000000000007
-300.0,-480.0,135.54679354785264,271.05906554003764,0.0,0.55546875,1.0000000000000007
-240.0,-480.0,110.56352155956706,221.10120522697414,0.0,0.48593749999999997,1.0000000000000007
-180.0,-480.0,89.37354604698561,178.72883831588794,0.0,0.4125,1.0000000000000009
-120.0,-480.0,72.16895080487092,144.32611948996862,0.0,0.3328125,1.0000000000000009
-60.0,-480.0,59.583281955085035,119.15987658211613,0.0,0.2492187500000001,1.000000000000001
0.0,-480.0,51.973846685319856,103.94470038318875,0.0,0.16015625000000008,1.000000000000001
60.0,-480.0,49.77277341046182,99.54464448592181,0.0,0.06484375,1.0000000000000013
120.0,-480.0,50.11271956929858,100.22510038285463,0.0,0.0,1.0000000000000013
180.0,-480.0,46.16979449395566,92.33931322192694,0.0,0.0,1.0000000000000016
240.0,-480.0,42.47754334675739,84.95489455699673,0.0,0.0,1.0000000000000013
300.0,-480.0,39.052018127112376,78.10386694069832,0.0,0.0,1.000000000000001
360.0,-480.0,35.90606047908629,71.8119905551305,0.0,0.0,1.0000000000000013
420.0,-480.0,33.06083237756108,66.12151629372559,0.0,0.0,1.000000000000001
480.0,-480.0,30.533382979100498,61.06663374362714,0.0,0.0,1.0000000000000009
540.0,-480.0,28.34374663263074,56.687379431257966,0.0,0.0,1.0000000000000004
600.0,-480.0,26.512079931748097,53.02403726272868,0.0,0.0,1.0
660.0,-480.0,25.057212723866613,50.114283584576604,0.0,0.0,0.9999999999999999
720.0,-480.0,23.999820662169945,47.999525054020296,0.0,0.0,0.9999999999999991
780.0,-480.0,23.35925941422263,46.718387245637324,0.0,0.0,0.9999999999999987
840.0,-480.0,23.154615377102374,46.309047262569095,0.0,0.0,0.999999999999998
900.0,-480.0,23.403588855726607,46.806988178852684,0.0,0.0,0.9999999999999973
960.0,-480.0,24.121899998438607,48.24357796800138,0.0,0.0,0.9999999999999966
1020.0,-480.0,25.323674845853212,50.64710519203112,0.0,0.0,0.9999999999999959
1080.0,-480.0,27.017723348327397,54.03515926230927,0.0,0.0,0.9999999999999949
1140.0,-480.0,29.13254037591384,58.26475520546082,0.0,0.0,0.9999999999999939
1200.0,-480.0,31.75019955433844,63.50026958276031,0.0,0.012499999999999999,0.999999999999993
1260.0,-480.0,34.78667002134466,69.57326325050653,0.0,0.012499999999999999,0.999999999999992
1320.0,-480.0,39.81482313518324,79.62958818794027,0.0,0.03749999999999999,0.9999999999999912
1380.0,-480.0,44.99997305998216,89.99990422934229,0.0,0.05,0.9999999999999902
1440.0,-480.0,52.87310127649129,105.74617020984618,0.0,0.07734374999999999,0.9999999999999898
1500.0,-480.0,63.57842142792775,127.1568200237754,0.0,0.11249999999999999,0.99999999999999
1560.0,-480.0,76.62036867612171,153.2407170996954,0.0,0.15000000000000002,0.9999999999999905
1620.0,-480.0,91.65464915387031,183.30927375043393,0.0,0.1875,0.9999999999999909
1680.0,-480.0,111.32013262209726,222.64023565888002,0.0,0.23593750000000005,0.9999999999999915
-1740.0,-420.0,597.5925455417879,1195.0030586051948,0.0,1.0,1.0
-1680.0,-420.0,597.5925455417879,1195.0030586051948,0.0,1.0,1.0
-1620.0,-420.0,597.5925455417879,1195.0030586051948,0.0,1.0,1.0
-1560.0,-420.0,597.5925455417879,1195.0030586051948,0.0,1.0,1.0
-1500.0,-420.0,597.5925455417879,1195.0030586051948,0.0,1.0,1.0
-1440.0,-420.0,597.5925455417879,1195.0030586051948,0.0,1.0,1.0
-1380.0,-420.0,597.5925455417879,1195.0030586051948,0.0,1.0,1.0
-1320.0,-420.0,597.5925455417879,1195.0030586051948,0.0,1.0,1.0
-1260.0,-420.0,597.5925455417879,1195.0030586051948,0.0,1.0,1.0
-1200.0,-420.0,597.5925455417879,1195.0030586051948,0.0,1.0,1.0
-1140.0,-420.0,597.5925455417879,1195.0030586051948,0.0,1.0,1.0
-1080.0,-420.0,578.1992480659513,1156.2223710397998,0.0,1.0,1.0
-1020.0,-420.0,541.9990301932961,1083.8330981862975,0.0,0.9875,1.0
-960.0,-420.0,508.25475921624,1016.3549978749572,0.0,0.978125,1.0
-900.0,-420.0,472.3669003621729,944.5904814859636,0.0,0.9625,1.0
-840.0,-420.0,436.810546423999,873.4889088570059,0.0,0.9453125000000001,1.0000000000000002
-780.0,-420.0,396.30304865564204,792.4867784541019,0.0,0.9125,1.0
-720.0,-420.0,360.6871495136601,721.2662983862292,0.0,0.8875,1.0
-660.0,-420.0,322.50451854369425,644.9133061145386,0.0,0.85,1.0000000000000002
-600.0,-420.0,286.6466912848889,573.2092403408062,0.0,0.8125,1.0000000000000002
-540.0,-420.0,249.75863271084947,499.44520618139,0.0,0.7625,1.0000000000000002
-480.0,-420.0,215.93003636856463,431.7991908774218,0.0,0.7125000000000001,1.0000000000000004
-420.0,-420.0,183.65908987682656,367.26809661722575,0.0,0.65546875,1.0000000000000004
-360.0,-420.0,154.21793363188183,308.39580539946286,0.0,0.59453125,1.0000000000000007
-300.0,-420.0,127.69839114439772,255.36595445617675,0.0,0.528125,1.0000000000000007
-240.0,-420.0,104.63536821724975,209.24814892388872,0.0,0.45703125,1.0000000000000009
-180.0,-420.0,85.48888807268456,170.9623342401661,0.0,0.38125,1.0000000000000009
-120.0,-420.0,70.58733449678115,141.16514241617102,0.0,0.2992187500000001,1.0000000000000009
-60.0,-420.0,60.54328184222834,121.08156631077966,0.0,0.2140625,1.000000000000001
0.0,-420.0,55.662086280712046,111.32218728910277,0.0,0.12265625000000002,1.000000000000001
60.0,-420.0,56.21007682047283,112.41962393431133,0.0,0.02656249999999994,1.0000000000000016
120.0,-420.0,54.03542684329472,108.07048845664946,0.0,0.0,1.000000000000001
180.0,-420.0,49.576494085829246,99.15268805447101,0.0,0.0,1.0000000000000013
240.0,-420.0,45.389050976157854,90.77790527209483,0.0,0.0,1.0000000000000013
300.0,-420.0,41.49979251505798,82.99943255919537,0.0,0.0,1.0000000000000013
360.0,-420.0,37.92219787251392,75.84428809639702,0.0,0.0,1.0000000000000009
420.0,-420.0,34.682268226833884,69.3644038698054,0.0,0.0,1.0000000000000009
480.0,-420.0,31.799056860648445,63.59799092274209,0.0,0.0,1.0000000000000007
540.0,-420.0,29.29673351492885,58.593378222919576,0.0,0.0,1.0000000000000002
600.0,-420.0,27.198240065089017,54.39638150782716,0.0,0.0,0.9999999999999999
660.0,-420.0,25.530068314242822,51.060032525056066,0.0,0.0,0.9999999999999994
720.0,-420.0,24.31415437393928,48.6282069110073,0.0,0.0,0.9999999999999991
780.0,-420.0,23.576019740256093,47.15193357162743,0.0,0.0,0.9999999999999984
840.0,-420.0,23.338103053682463,46.67605092355166,0.0,0.0,0.9999999999999978
900.0,-420.0,23.62198767475724,47.24382036740819,0.0,0.0,0.999999999999997
960.0,-420.0,24.44683192131644,48.8934738742987,0.0,0.0,0.9999999999999962
1020.0,-420.0,25.824470241488083,51.64875185117807,0.0,0.0,0.9999999999999953
1080.0,-420.0,27.76637311652474,55.53252011991681,0.0,0.0,0.9999999999999944
1140.0,-420.0,30.261524974235837,60.52276636091586,0.0,0.0,0.9999999999999933
1200.0,-420.0,33.07620201510983,66.1522914274488,0.0,0.0,0.9999999999999925
1260.0,-420.0,36.635203046558615,73.27034484270648,0.0,0.012499999999999999,0.9999999999999916
1320.0,-420.0,40.98888884378961,81.97773691519525,0.0,0.024999999999999998,0.9999999999999906
1380.0,-420.0,47.226863666089265,94.45370487287093,0.0,0.05,0.9999999999999898
1440.0,-420.0,54.626122784525485,109.25223280254374,0.0,0.07265624999999999,0.9999999999999895
1500.0,-420.0,63.99922738209827,127.99844210154896,0.0,0.1,0.9999999999999899
1560.0,-420.0,75.84054855956914,151.68108366918972,0.0,0.13359375,0.9999999999999905
1620.0,-420.0,91.06593221124383,182.1318491025838,0.0,0.17500000000000002,0.9999999999999908
1680.0,-420.0,107.46537153998092,214.930722864813,0.0,0.21250000000000002,0.9999999999999913
1740.0,-420.0,128.91825147574215,257.83647029182083,0.0,0.2625,0.999999999999992
-1740.0,-360.0,597.5925455417879,1195.0030586051948,0.0,1.0,1.0
-1680.0,-360.0,597.5925455417879,1195.0030586051948,0.0,1.0,1.0
-1620.0,-360.0,597.5925455417879,1195.0030586051948,0.0,1.0,1.0
-1560.0,-360.0,597.5925455417879,1195.0030586051948,0.0,1.0,1.0
-1500.0,-360.0,597.5925455417879,1195.0030586051948,0.0,1.0,1.0
-1440.0,-360.0,597.5925455417879,1195.0030586051948,0.0,1.0,1.0
-1380.0,-360.0,597.5925455417879,1195.0030586051948,0.0,1.0,1.0
-1320.0,-360.0,597.5925455417879,1195.0030586051948,0.0,1.0,1.0
-1260.0,-360.0,597.5925455417879,1195.0030586051948,0.0,1.0,1.0
-1200.0,-360.0,597.5925455417879,1195.0030586051948,0.0,1.0,1.0
-1140.0,-360.0,597.5925455417879,1195.0030586051948,0.0,1.0,1.0
-1080.0,-360.0,567.9196867789644,1135.6663797197746,0.0,1.0,1.0
-1020.0,-360.0,531.950951492799,1063.740043345368,0.0,0.9875,1.0
-960.0,-360.0,496.9291642001971,993.7073734836861,0.0,0.9750000000000001,1.0000000000000002
-900.0,-360.0,462.7584968797134,925.3767151415789,0.0,0.9625,1.0
-840.0,-360.0,424.391870441624,848.6556187529759,0.0,0.9375,1.0
-780.0,-360.0,387.6286793076535,775.140937608931,0.0,0.9125,1.0
-720.0,-360.0,348.1750469886734,696.2463997257706,0.0,0.875,1.0000000000000002
-660.0,-360.0,311.07401628345684,622.0563815582002,0.0,0.8375000000000001,1.0000000000000004
-600.0,-360.0,274.7150547707427,549.3503682166738,0.0,0.79453125,1.0000000000000002
-540.0,-360.0,240.30238736146686,480.5364463169038,0.0,0.7484375,1.0000000000000004
-480.0,-360.0,206.60526988533385,413.15355024723164,0.0,0.6929687500000001,1.0000000000000004
-420.0,-360.0,176.38158299239183,352.7165098142516,0.0,0.6375,1.0000000000000004
-360.0,-360.0,148.10243108609862,296.16806179403295,0.0,0.5734375,1.0000000000000009
-300.0,-360.0,123.01900549726054,246.01020846407772,0.0,0.50390625,1.0000000000000009
-240.0,-360.0,101.8669511962194,203.7139454118893,0.0,0.43125,1.0000000000000009
-180.0,-360.0,84.81678007747125,169.62031733519262,0.0,0.35390625,1.0000000000000009
-120.0,-360.0,72.20792726718629,144.40805767240056,0.0,0.27031249999999996,1.000000000000001
-60.0,-360.0,64.61611155101424,129.22842895637126,0.0,0.1820312500000001,1.0000000000000013
0.0,-360.0,62.36754104781034,124.7337219579747,0.0,0.09062500000000008,1.0000000000000013
60.0,-360.0,64.79017392770548,129.579122262356,0.0,0.0,1.0000000000000013
120.0,-360.0,59.47144943259895,118.94249266039859,0.0,0.0,1.000000000000001
180.0,-360.0,54.343336802301856,108.68635292179384,0.0,0.0,1.0000000000000013
240.0,-360.0,49.52003499662906,99.03985545364998,0.0,0.0,1.0000000000000013
300.0,-360.0,45.02629544674093,90.05243002591077,0.0,0.0,1.000000000000001
360.0,-360.0,40.8884222431339,81.77673460643015,0.0,0.0,1.0000000000000009
420.0,-360.0,37.12900222148613,74.25787165769485,0.0,0.0,1.0000000000000007
480.0,-360.0,33.77746968056642,67.55483319708217,0.0,0.0,1.0000000000000004
540.0,-360.0,30.861066508142056,61.7220730258497,0.0,0.0,1.0000000000000002
600.0,-360.0,28.408262584217468,56.81645433295049,0.0,0.0,0.9999999999999998
660.0,-360.0,26.45172441627788,52.903370579733334,0.0,0.0,0.9999999999999991
720.0,-360.0,25.02128185489823,50.04247418696935,0.0,0.0,0.9999999999999987
780.0,-360.0,24.14776992228656,48.29544748870828,0.0,0.0,0.999999999999998
840.0,-360.0,23.860734114661884,47.72134744748412,0.0,0.0,0.9999999999999973
900.0,-360.0,24.187282393834963,48.37443627718073,0.0,0.0,0.9999999999999967
960.0,-360.0,25.148535184071875,50.296911085590196,0.0,0.0,0.999999999999996
1020.0,-360.0,26.761996453082265,53.52385857525497,0.0,0.0,0.9999999999999951
1080.0,-360.0,29.042205267053323,58.084244952541255,0.0,0.0,0.9999999999999941
1140.0,-360.0,31.99753419761691,63.99482265687221,0.0,0.0,0.999999999999993
1200.0,-360.0,35.42209823695135,70.8440999301423,0.0,0.0,0.999999999999992
1260.0,-360.0,39.3532600556529,78.70647595982189,0.0,0.012499999999999999,0.999999999999991
1320.0,-360.0,44.173420650014194,88.34682032856358,0.0,0.024999999999999998,0.99999999999999
1380.0,-360.0,49.809897512316574,99.61978713942247,0.0,0.03749999999999999,0.9999999999999892
1440.0,-360.0,57.42585820856161,114.85171095177367,0.0,0.0625,0.9999999999999896
1500.0,-360.0,66.40745316584152,132.81490047797516,0.0,0.0875,0.9999999999999899
1560.0,-360.0,78.35949232139073,156.71897705271562,0.0,0.12343749999999998,0.9999999999999902
1620.0,-360.0,91.99006433825681,183.98011774560504,0.0,0.15859374999999998,0.9999999999999906
1680.0,-360.0,108.6984451100561,217.39687595486302,0.0,0.19999999999999996,0.9999999999999912
1740.0,-360.0,129.19299037406776,258.38595933359,0.0,0.24921875000000002,0.9999999999999918
-1740.0,-300.0,597.5925455417879,1195.0030586051948,0.0,1.0,1.0
-1680.0,-300.0,597.5925455417879,1195.0030586051948,0.0,1.0,1.0
-1620.0,-300.0,597.5925455417879,1195.0030586051948,0.0,1.0,1.0
-1560.0,-300.0,597.5925455417879,1195.0030586051948,0.0,1.0,1.0
-1500.0,-300.0,597.5925455417879,1195.0030586051948,0.0,1.0,1.0
-1440.0,-300.0,597.5925455417879,1195.0030586051948,0.0,1.0,1.0
-1380.0,-300.0,597.5925455417879,1195.0030586051948,0.0,1.0,1.0
-1320.0,-300.0,597.5925455417879,1195.0030586051948,0.0,1.0,1.0
-1260.0,-300.0,597.5925455417879,1195.0030586051948,0.0,1.0,1.0
-1200.0,-300.0,597.5925455417879,1195.0030586051948,0.0,1.0,1.0
-1140.0,-300.0,589.2074603672218,1178.235442434235,0.0,1.0,1.0
-1080.0,-300.0,559.3522335278877,1118.5340829468762,0.0,1.0,1.0
-1020.0,-300.0,523.5794063560419,1046.9995382436941,0.0,0.9875,1.0
-960.0,-300.0,488.7861165208478,977.4238400904705,0.0,0.9750000000000001,1.0
-900.0,-300.0,449.60261828243586,899.0692856567222,0.0,0.95,1.0
-840.0,-300.0,412.0987469674434,824.0735290111205,0.0,0.925,1.0000000000000002
-780.0,-300.0,376.241514142077,752.3705926729691,0.0,0.9,1.0
-720.0,-300.0,337.89403850445683,675.6881619632759,0.0,0.8625,1.0000000000000002
-660.0,-300.0,301.92137893570805,603.7546787167887,0.0,0.825,1.0000000000000002
-600.0,-300.0,266.1730953863116,532.2700267314285,0.0,0.7796875000000001,1.0000000000000004
-540.0,-300.0,232.73877493366018,465.4126774400304,0.0,0.7320312500000001,1.0000000000000004
-480.0,-300.0,200.40792786410825,400.76215452502237,0.0,0.675,1.0000000000000004
-420.0,-300.0,171.32476458333292,342.6060029184503,0.0,0.6171875,1.0000000000000004
-360.0,-300.0,144.76842965905223,289.50293316987495,0.0,0.5515625,1.0000000000000007
-300.0,-300.0,122.06895423686503,244.11242539680413,0.0,0.48515625,1.0000000000000007
-240.0,-300.0,102.746813802149,205.47571910882712,0.0,0.41015625,1.0000000000000009
-180.0,-300.0,87.71164724013339,175.41176118406452,0.0,0.33046875,1.0000000000000009
-120.0,-300.0,77.45993373778742,154.9133199918849,0.0,0.24609375000000014,1.0000000000000009
-60.0,-300.0,72.32535445655441,144.6477174977898,0.0,0.15703125000000012,1.000000000000001
0.0,-300.0,72.74241390899947,145.48376916380423,0.0,0.06249999999999996,1.0000000000000013
60.0,-300.0,73.57315823851367,147.14560799745522,0.0,0.0,1.0000000000000013
120.0,-300.0,67.22576549785111,134.45100518529782,0.0,0.0,1.0000000000000013
180.0,-300.0,61.20492268523256,122.40948666845254,0.0,0.0,1.0000000000000013
240.0,-300.0,55.53090900259499,111.06156643300963,0.0,0.0,1.000000000000001
300.0,-300.0,50.22889449303369,100.45761193125743,0.0,0.0,1.000000000000001
360.0,-300.0,45.32779872051626,90.65547183275264,0.0,0.0,1.0000000000000009
420.0,-300.0,40.86661246085248,81.73311759256488,0.0,0.0,1.0000000000000007
480.0,-300.0,36.87261319492126,73.74513077791354,0.0,0.0,1.0000000000000004
540.0,-300.0,33.38595557150257,66.77187220024236,0.0,0.0,1.0
600.0,-300.0,30.444661234112154,60.88927276779693,0.0,0.0,0.9999999999999996
660.0,-300.0,28.086999620693444,56.17395281474037,0.0,0.0,0.9999999999999989
720.0,-300.0,26.3540023433134,52.70792153631414,0.0,0.0,0.9999999999999984
780.0,-300.0,25.2870399667043,50.5739944295305,0.0,0.0,0.9999999999999979
840.0,-300.0,24.925834843592764,49.851583740200475,0.0,0.0,0.999999999999997
900.0,-300.0,25.302880700853205,50.60566025577749,0.0,0.0,0.9999999999999962
960.0,-300.0,26.450108493376607,52.90009756568092,0.0,0.0,0.9999999999999954
1020.0,-300.0,28.39633525984921,56.792560529519626,0.0,0.0,0.9999999999999947
1080.0,-300.0,31.160644705835846,62.32116865839633,0.0,0.0,0.9999999999999937
1140.0,-300.0,34.747980490227164,69.49576602073824,0.0,0.0,0.9999999999999927
1200.0,-300.0,38.99821601271634,77.99635471381,0.0,0.0,0.9999999999999915
1260.0,-300.0,43.54056939807302,87.08111258993401,0.0,0.012499999999999999,0.9999999999999905
1320.0,-300.0,48.73798365744855,97.47596156441504,0.0,0.012499999999999999,0.9999999999999891
1380.0,-300.0,55.447815321798814,110.89562804875894,0.0,0.03749999999999999,0.9999999999999893
1440.0,-300.0,62.53755805618612,125.07511377373692,0.0,0.05,0.9999999999999896
1500.0,-300.0,71.64482867436281,143.28965407996918,0.0,0.075,0.9999999999999898
1560.0,-300.0,83.72927728836868,167.45855025302632,0.0,0.11249999999999999,0.9999999999999902
1620.0,-300.0,97.62286487851368,195.24572142633556,0.0,0.15000000000000002,0.9999999999999906
1680.0,-300.0,113.22724388219058,226.45447503858452,0.0,0.1875,0.9999999999999909
1740.0,-300.0,132.29914844578195,264.59827526600213,0.0,0.23359375000000002,0.9999999999999916
-1740.0,-240.0,597.5925455417879,1195.0030586051948,0.0,1.0,1.0
-1680.0,-240.0,597.5925455417879,1195.0030586051948,0.0,1.0,1.0
-1620.0,-240.0,597.5925455417879,1195.0030586051948,0.0,1.0,1.0
-1560.0,-240.0,597.5925455417879,1195.0030586051948,0.0,1.0,1.0
-1500.0,-240.0,597.5925455417879,1195.0030586051948,0.0,1.0,1.0
-1440.0,-240.0,597.5925455417879,1195.0030586051948,0.0,1.0,1.0
-1380.0,-240.0,597.5925455417879,1195.0030586051948,0.0,1.0,1.0
-1320.0,-240.0,597.5925455417879,1195.0030586051948,0.0,1.0,1.0
-1260.0,-240.0,597.5925455417879,1195.0030586051948,0.0,1.0,1.0
-1200.0,-240.0,597.5925455417879,1195.0030586051948,0.0,1.0,1.0
-1140.0,-240.0,582.2945510791715,1164.4117295972703,0.0,1.0,1.0
-1080.0,-240.0,545.98761758341,1091.8090682077448,0.0,0.9875,1.0
-1020.0,-240.0,516.8054399023665,1033.453700588807,0.0,0.9875,1.0
-960.0,-240.0,476.80124481218263,953.4580490251197,0.0,0.9625,1.0
-900.0,-240.0,443.63675292800616,887.1395857641927,0.0,0.95,1.0
-840.0,-240.0,406.6737634411061,813.2255470587634,0.0,0.925,1.0
-780.0,-240.0,367.1258343233812,734.142706423247,0.0,0.8875,1.0
-720.0,-240.0,330.93465418453843,661.7723243060401,0.0,0.853125,1.0
-660.0,-240.0,295.291184202356,590.4973881983495,0.0,0.8125,1.0
-600.0,-240.0,262.31776685180324,524.561735522503,0.0,0.77265625,1.0
-540.0,-240.0,229.16731888580605,458.2723758626977,0.0,0.7203125,0.9999999999999999
-480.0,-240.0,198.36542396119268,396.67957243470477,0.0,0.6625000000000001,1.0
-420.0,-240.0,170.3392969008412,340.6375813303934,0.0,0.6000000000000001,1.0
-360.0,-240.0,146.1484304198808,292.2649530047946,0.0,0.5375000000000001,1.0000000000000002
-300.0,-240.0,124.92672075088085,249.82991428836635,0.0,0.4664062499999999,1.0000000000000004
-240.0,-240.0,107.87395705813996,215.7316239434939,0.0,0.39140625,1.0000000000000007
-180.0,-240.0,95.35226993340007,190.69420808050634,0.0,0.31250000000000006,1.0000000000000009
-120.0,-240.0,87.55761756974997,175.10961903343156,0.0,0.22500000000000014,1.0000000000000009
-60.0,-240.0,85.04603742872895,170.08955091482272,0.0,0.13515625000000006,1.0000000000000009
0.0,-240.0,88.14093370311657,176.28084522682806,0.0,0.040624999999999974,1.0000000000000009
60.0,-240.0,86.42268021820186,172.84439117574237,0.0,0.0,1.0000000000000009
120.0,-240.0,78.7922965209325,157.58391168242318,0.0,0.0,1.0000000000000009
180.0,-240.0,71.52815482654242,143.0558083788481,0.0,0.0,1.000000000000001
240.0,-240.0,64.65332006225889,129.30630738826179,0.0,0.0,1.000000000000001
300.0,-240.0,58.209240975646544,116.41826803264604,0.0,0.0,1.0000000000000009
360.0,-240.0,52.235190842038264,104.47022994530317,0.0,0.0,1.0000000000000009
420.0,-240.0,46.76893853469605,93.53777124998616,0.0,0.0,1.0000000000000004
480.0,-240.0,41.854943007685236,83.70980163659323,0.0,0.0,1.0000000000000002
540.0,-240.0,37.54716855629927,75.09430065163775,0.0,0.0,0.9999999999999998
600.0,-240.0,33.89545642047908,67.7908794751468,0.0,0.0,0.9999999999999992
660.0,-240.0,30.951581063286685,61.903145067301416,0.0,0.0,0.9999999999999987
720.0,-240.0,28.774733283414665,57.549385953391706,0.0,0.0,0.9999999999999981
780.0,-240.0,27.420578281445074,54.84107369905769,0.0,0.0,0.9999999999999974
840.0,-240.0,26.938437228014507,53.876827894572976,0.0,0.0,0.9999999999999967
900.0,-240.0,27.384199474801846,54.76833170649612,0.0,0.0,0.999999999999996
960.0,-240.0,28.81017028654224,57.6202670212499,0.0,0.0,0.9999999999999949
1020.0,-240.0,31.26025513196538,62.52041199073083,0.0,0.0,0.9999999999999941
1080.0,-240.0,34.76427312268365,69.52844252646733,0.0,0.0,0.9999999999999931
1140.0,-240.0,39.32329899900058,78.64647303234453,0.0,0.0,0.9999999999999921
1200.0,-240.0,44.7903629767177,89.58066516939023,0.0,0.0,0.999999999999991
1260.0,-240.0,50.59884693202251,101.19768577524225,0.0,0.0,0.9999999999999898
1320.0,-240.0,56.940549385590565,113.88109756924898,0.0,0.012499999999999999,0.9999999999999889
1380.0,-240.0,64.07016591242629,128.1403308927782,0.0,0.024999999999999998,0.999999999999989
1440.0,-240.0,72.73719774449003,145.4743943668946,0.0,0.05,0.9999999999999895
1500.0,-240.0,82.64178450149586,165.28356732201055,0.0,0.075,0.9999999999999896
1560.0,-240.0,93.66847371058202,187.33694465935687,0.0,0.1,0.99999999999999
1620.0,-240.0,107.51088520075527,215.02176359403387,0.0,0.13749999999999998,0.9999999999999907
1680.0,-240.0,122.88618052221692,245.77234937902378,0.0,0.17500000000000002,0.9999999999999911
1740.0,-240.0,142.17887040090764,284.3577152693846,0.0,0.22499999999999998,0.9999999999999918
-1740.0,-180.0,597.5925455417879,1195.0030586051948,0.0,1.0,1.0
-1680.0,-180.0,597.5925455417879,1195.0030586051948,0.0,1.0,1.0
-1620.0,-180.0,597.5925455417879,1195.0030586051948,0.0,1.0,1.0
-1560.0,-180.0,597.5925455417879,1195.0030586051948,0.0,1.0,1.0
-1500.0,-180.0,597.5925455417879,1195.0030586051948,0.0,1.0,1.0
-1440.0,-180.0,597.5925455417879,1195.0030586051948,0.0,1.0,1.0
-1380.0,-180.0,597.5925455417879,1195.0030586051948,0.0,1.0,1.0
-1320.0,-180.0,597.5925455417879,1195.0030586051948,0.0,1.0,1.0
-1260.0,-180.0,597.5925455417879,1195.0030586051948,0.0,1.0,1.0
-1200.0,-180.0,597.5925455417879,1195.0030586051948,0.0,1.0,1.0
-1140.0,-180.0,576.9588628974273,1153.74197853609,0.0,1.0,1.0
-1080.0,-180.0,540.7848085446099,1081.405062923058,0.0,0.9875,1.0
-1020.0,-180.0,505.87945396491125,1011.6053183945578,0.0,0.9750000000000001,1.0
-960.0,-180.0,472.11820350769057,944.0935535376447,0.0,0.9625,1.0
-900.0,-180.0,434.52987772687607,868.9291507252644,0.0,0.9375,1.0
-840.0,-180.0,398.7048146243186,797.2908162227186,0.0,0.9125,1.0
-780.0,-180.0,364.5963438437218,729.0852099887525,0.0,0.8875,0.9999999999999999
-720.0,-180.0,328.56957774785377,657.0439522889552,0.0,0.85,0.9999999999999999
-660.0,-180.0,294.9720351822,589.860459554338,0.0,0.8125,0.9999999999999998
-600.0,-180.0,261.0084496341763,521.9453538084745,0.0,0.7625,0.9999999999999998
-540.0,-180.0,230.1828699917287,460.3053530028858,0.0,0.7125000000000001,1.0
-480.0,-180.0,200.52323706008616,400.99725627007035,0.0,0.6499999999999999,0.9999999999999998
-420.0,-180.0,174.90044054128194,349.7615760510409,0.0,0.5890625,1.0
-360.0,-180.0,152.80642029144954,305.58252102399183,0.0,0.5249999999999999,0.9999999999999998
-300.0,-180.0,134.0049850785353,267.9878199597333,0.0,0.45234374999999993,1.0
-240.0,-180.0,119.59778401216303,239.180468188967,0.0,0.375,1.0000000000000004
-180.0,-180.0,109.75359723540048,219.49766404691033,0.0,0.2984375,1.0000000000000004
-120.0,-180.0,104.95406782282879,209.90291737904798,0.0,0.2124999999999999,1.0000000000000009
-60.0,-180.0,105.62411149261456,211.24574719089335,0.0,0.11875,1.000000000000001
0.0,-180.0,112.02613000164244,224.05077500979422,0.0,0.02343749999999992,1.000000000000001
60.0,-180.0,106.81239025339764,213.62332588554705,0.0,0.0,1.0000000000000009
120.0,-180.0,97.28105386482649,194.56101766487424,0.0,0.0,1.0000000000000007
180.0,-180.0,88.16923029450447,176.33770943418128,0.0,0.0,1.0000000000000009
240.0,-180.0,79.49999275147935,158.99949199394237,0.0,0.0,1.0000000000000007
300.0,-180.0,71.33476476175284,142.66920231452409,0.0,0.0,1.0000000000000002
360.0,-180.0,63.72039470100266,127.44058048950582,0.0,0.0,1.0000000000000004
420.0,-180.0,56.718720973224706,113.43730726904025,0.0,0.0,1.0
480.0,-180.0,50.39525787347818,100.79042786799387,0.0,0.0,1.0
540.0,-180.0,44.816878766711596,89.63371385826778,0.0,0.0,0.9999999999999994
600.0,-180.0,40.062128470720715,80.1242296344363,0.0,0.0,0.9999999999999989
660.0,-180.0,36.207579738141554,72.4151458849797,0.0,0.0,0.9999999999999986
720.0,-180.0,33.333547928969246,66.66703687988361,0.0,0.0,0.9999999999999978
780.0,-180.0,31.517197463130493,63.034326179575864,0.0,0.0,0.9999999999999971
840.0,-180.0,30.85058861138881,61.70117169780732,0.0,0.0,0.9999999999999964
900.0,-180.0,31.424817273208937,62.84960258346385,0.0,0.0,0.9999999999999954
960.0,-180.0,33.3237812561873,66.64754235149532,0.0,0.0,0.9999999999999947
1020.0,-180.0,36.6166724154777,73.23325119380364,0.0,0.0,0.9999999999999936
1080.0,-180.0,41.353727559928245,82.70735686783253,0.0,0.0,0.9999999999999927
1140.0,-180.0,47.549191973720525,95.09832825501867,0.0,0.0,0.9999999999999916
1200.0,-180.0,55.066859297147275,110.13367121843294,0.0,0.0,0.9999999999999905
1260.0,-180.0,62.99583847895158,125.99167599462545,0.0,0.0,0.9999999999999893
1320.0,-180.0,71.2184860708732,142.4369718672342,0.0,0.012499999999999999,0.9999999999999889
1380.0,-180.0,80.23714840867522,160.47429654375463,0.0,0.024999999999999998,0.9999999999999892
1440.0,-180.0,90.34942450330637,180.6988486275264,0.0,0.05,0.9999999999999896
1500.0,-180.0,100.75481728014009,201.50963323348992,0.0,0.0625,0.9999999999999898
1560.0,-180.0,113.7003093890447,227.4006164370587,0.0,0.1,0.9999999999999902
1620.0,-180.0,126.61760353078463,253.23519764855976,0.0,0.12578125,0.9999999999999909
1680.0,-180.0,143.0213393458073,286.04266162703397,0.0,0.171875,0.9999999999999913
1740.0,-180.0,160.0651093431477,320.13018430309,0.0,0.21250000000000002,0.9999999999999919
-1740.0,-120.0,597.5925455417879,1195.0030586051948,0.0,1.0,1.0
-1680.0,-120.0,597.5925455417879,1195.0030586051948,0.0,1.0,1.0
-1620.0,-120.0,597.5925455417879,1195.0030586051948,0.0,1.0,1.0
-1560.0,-120.0,597.5925455417879,1195.0030586051948,0.0,1.0,1.0
-1500.0,-120.0,597.5925455417879,1195.0030586051948,0.0,1.0,1.0
-1440.0,-120.0,597.5925455417879,1195.0030586051948,0.0,1.0,1.0
-1380.0,-120.0,597.5925455417879,1195.0030586051948,0.0,1.0,1.0
-1320.0,-120.0,597.5925455417879,1195.0030586051948,0.0,1.0,1.0
-1260.0,-120.0,597.5925455417879,1195.0030586051948,0.0,1.0,1.0
-1200.0,-120.0,597.5925455417879,1195.0030586051948,0.0,1.0,1.0
-1140.0,-120.0,573.1633158733673,1146.152040648362,0.0,1.0,1.0
-1080.0,-120.0,537.0843304458715,1074.0052561796094,0.0,0.9875,1.0
-1020.0,-120.0,502.3645839675789,1004.5767209286333,0.0,0.9750000000000001,1.0
-960.0,-120.0,468.9189867736086,937.6962554442307,0.0,0.9625,1.0
-900.0,-120.0,432.2167729035108,864.3040541064747,0.0,0.9375,1.0
-840.0,-120.0,397.51070899071124,794.9036945861014,0.0,0.9125,1.0
-780.0,-120.0,361.4270894927409,722.7490774677308,0.0,0.8765625000000001,1.0
-720.0,-120.0,329.192942803563,658.2921369951434,0.0,0.8460937500000001,1.0
-660.0,-120.0,295.67025682850726,591.2591513339294,0.0,0.8,0.9999999999999999
-600.0,-120.0,264.37932579091165,528.6891722474608,0.0,0.75,1.0
-540.0,-120.0,236.3056552776601,472.55280317187425,0.0,0.7,1.0
-480.0,-120.0,211.3877242754052,422.7269830477621,0.0,0.6499999999999999,1.0
-420.0,-120.0,188.49513429057384,376.9517058704305,0.0,0.5875,1.0000000000000002
-360.0,-120.0,168.78876260746762,337.5483991725582,0.0,0.5125000000000002,1.0000000000000002
-300.0,-120.0,153.858695480504,307.69581910561715,0.0,0.44765625,1.0000000000000004
-240.0,-120.0,143.09060425581976,286.16657031563744,0.0,0.36640624999999993,1.0000000000000007
-180.0,-120.0,137.31804100609784,274.6267386138223,0.0,0.2875,1.0000000000000009
-120.0,-120.0,136.84012972167716,273.67474633784286,0.0,0.2,1.000000000000001
-60.0,-120.0,141.90213961902003,283.80096044657574,0.0,0.10781249999999995,1.0000000000000013
0.0,-120.0,152.8877373072609,305.77259118215386,0.0,0.012500000000000129,1.0000000000000018
60.0,-120.0,143.04824985096454,286.09364753889827,0.0,0.0,1.0000000000000013
120.0,-120.0,130.46939024388053,260.93668600755916,0.0,0.0,1.000000000000001
180.0,-120.0,118.34380354850887,236.68618163473008,0.0,0.0,1.0000000000000007
240.0,-120.0,106.70273413252944,213.40450376116132,0.0,0.0,1.0000000000000002
300.0,-120.0,95.65135408346825,191.30208775387976,0.0,0.0,1.0
360.0,-120.0,85.27101622220066,170.54163641224952,0.0,0.0,0.9999999999999999
420.0,-120.0,75.65922082208053,151.31819425693362,0.0,0.0,0.9999999999999996
480.0,-120.0,66.90900545939226,133.81786833517813,0.0,0.0,0.9999999999999992
540.0,-120.0,59.14803114607576,118.29598141460824,0.0,0.0,0.9999999999999988
600.0,-120.0,52.489768557348704,104.9794896555548,0.0,0.0,0.9999999999999984
660.0,-120.0,47.049450570965504,94.09887779682775,0.0,0.0,0.999999999999998
720.0,-120.0,42.9688074201162,85.93758798667777,0.0,0.0,0.9999999999999974
780.0,-120.0,40.39991775030513,80.79980693479688,0.0,0.0,0.9999999999999969
840.0,-120.0,39.493992872588734,78.98798369538623,0.0,0.0,0.9999999999999959
900.0,-120.0,40.39638864437603,80.79277335184143,0.0,0.0,0.9999999999999952
960.0,-120.0,43.25914947762027,86.51829875356498,0.0,0.0,0.9999999999999942
1020.0,-120.0,48.22832932125892,96.45659528817005,0.0,0.0,0.9999999999999932
1080.0,-120.0,55.41672957583812,110.83338454111967,0.0,0.0,0.9999999999999923
1140.0,-120.0,64.87953809330264,129.75907415616027,0.0,0.0,0.9999999999999912
1200.0,-120.0,76.51921194513916,153.03840148468467,0.0,0.0,0.99999999999999
1260.0,-120.0,88.5477778298769,177.09555559847357,0.0,0.0,0.9999999999999889
1320.0,-120.0,100.42495814094681,200.84991624492324,0.0,0.012499999999999999,0.9999999999999892
1380.0,-120.0,112.95445842094509,225.90891676969687,0.0,0.024999999999999998,0.9999999999999896
1440.0,-120.0,125.7854778080522,251.57095531204192,0.0,0.03749999999999999,0.9999999999999899
1500.0,-120.0,138.91623017750754,277.8324584713907,0.0,0.0625,0.9999999999999903
1560.0,-120.0,152.34849136737358,304.69697664201874,0.0,0.0875,0.999999999999991
1620.0,-120.0,166.7346189635026,333.4692247197782,0.0,0.125,0.9999999999999913
1680.0,-120.0,181.47451783023826,362.94899812040524,0.0,0.16249999999999998,0.9999999999999919
1740.0,-120.0,197.7371146925536,395.4741610243037,0.0,0.21250000000000002,0.9999999999999925
-1740.0,-60.0,597.5925455417879,1195.0030586051948,0.0,1.0,1.0
-1680.0,-60.0,597.5925455417879,1195.0030586051948,0.0,1.0,1.0
-1620.0,-60.0,597.5925455417879,1195.0030586051948,0.0,1.0,1.0
-1560.0,-60.0,597.5925455417879,1195.0030586051948,0.0,1.0,1.0
-1500.0,-60.0,597.5925455417879,1195.0030586051948,0.0,1.0,1.0
-1440.0,-60.0,597.5925455417879,1195.0030586051948,0.0,1.0,1.0
-1380.0,-60.0,597.5925455417879,1195.0030586051948,0.0,1.0,1.0
-1320.0,-60.0,597.5925455417879,1195.0030586051948,0.0,1.0,1.0
-1260.0,-60.0,597.5925455417879,1195.0030586051948,0.0,1.0,1.0
-1200.0,-60.0,597.5925455417879,1195.0030586051948,0.0,1.0,1.0
-1140.0,-60.0,570.8830524340885,1141.5922083601374,0.0,1.0,1.0
-1080.0,-60.0,534.8601827363038,1069.5576543740708,0.0,0.9875,1.0
-1020.0,-60.0,500.2873414180962,1000.4229282074256,0.0,0.9750000000000001,1.0
-960.0,-60.0,467.1267910682917,934.1125548825896,0.0,0.9625,1.0
-900.0,-60.0,431.3048672712548,862.4809217054274,0.0,0.9375,1.0
-840.0,-60.0,398.051784716897,795.9865118549641,0.0,0.9125,1.0
-780.0,-60.0,364.3350886400523,728.5659014953709,0.0,0.875,0.9999999999999999
-720.0,-60.0,333.87013549162657,667.6480762860593,0.0,0.8375000000000001,1.0
-660.0,-60.0,306.2614056879129,612.4420097708397,0.0,0.8,1.0
-600.0,-60.0,279.79300580292335,559.5170146361606,0.0,0.75,1.0000000000000004
-540.0,-60.0,256.6151280574781,513.1721346341413,0.0,0.7,1.0000000000000004
-480.0,-60.0,236.11842668856363,472.1895183501308,0.0,0.6375,1.0000000000000009
-420.0,-60.0,219.7059161630048,439.37404280022486,0.0,0.575,1.0000000000000013
-360.0,-60.0,207.2016049351739,414.37379835271935,0.0,0.5125000000000002,1.0000000000000016
-300.0,-60.0,199.34079384935475,398.6597655954899,0.0,0.4375,1.0000000000000018
-240.0,-60.0,196.03654913909654,392.0572299821008,0.0,0.36249999999999993,1.0000000000000022
-180.0,-60.0,198.91866831423465,397.8259301458247,0.0,0.27499999999999997,1.0000000000000027
-120.0,-60.0,207.11800455545034,414.2271362216677,0.0,0.18750000000000006,1.0000000000000027
-60.0,-60.0,220.42983607503703,440.851553472578,0.0,0.10000000000000006,1.000000000000003
0.0,-60.0,241.28137313772152,482.5533407565679,0.0,0.0,1.000000000000003
60.0,-60.0,223.3490579172827,446.6894307884647,0.0,0.0,1.000000000000003
120.0,-60.0,205.13064029893678,410.25482940827635,0.0,0.0,1.0000000000000024
180.0,-60.0,187.2397693176712,374.4749362156526,0.0,0.0,1.000000000000002
240.0,-60.0,169.81868943181075,339.6342407203086,0.0,0.0,1.0000000000000016
300.0,-60.0,153.04901368789416,306.0959614588471,0.0,0.0,1.0000000000000004
360.0,-60.0,137.07626432942993,274.15123053126064,0.0,0.0,0.9999999999999998
420.0,-60.0,122.09466431026343,244.18851616192862,0.0,0.0,0.999999999999999
480.0,-60.0,108.33791093725534,216.67534226877027,0.0,0.0,0.9999999999999987
540.0,-60.0,96.02509562741538,192.0499151971508,0.0,0.0,0.9999999999999982
600.0,-60.0,85.41639851408881,170.83264873222888,0.0,0.0,0.9999999999999977
660.0,-60.0,76.80233678634592,153.60459667984296,0.0,0.0,0.9999999999999972
720.0,-60.0,70.460617807677,140.92120007818696,0.0,0.0,0.9999999999999966
780.0,-60.0,66.71105099969168,133.4220873038294,0.0,0.0,0.9999999999999959
840.0,-60.0,65.87811302550348,131.75622069434522,0.0,0.0,0.9999999999999952
900.0,-60.0,68.29476079286137,136.5895198240278,0.0,0.0,0.9999999999999946
960.0,-60.0,74.3213506959929,148.642700897712,0.0,0.0,0.9999999999999939
1020.0,-60.0,84.31323913810884,168.6264748365219,0.0,0.0,0.9999999999999929
1080.0,-60.0,98.60109041474347,197.2021751653019,0.0,0.0,0.9999999999999919
1140.0,-60.0,117.49065477382406,234.98130954764812,0.0,0.0,0.9999999999999909
1200.0,-60.0,140.96944084868963,281.93888167768984,0.0,0.0,0.9999999999999901
1260.0,-60.0,164.35031722863158,328.70063445726316,0.0,0.0,0.9999999999999898
1320.0,-60.0,185.48172570535556,370.96345140290106,0.0,0.012499999999999999,0.9999999999999901
1380.0,-60.0,205.9138350491032,411.82766989414563,0.0,0.024999999999999998,0.9999999999999907
1440.0,-60.0,224.81962873248582,449.63925585787024,0.0,0.03749999999999999,0.999999999999991
1500.0,-60.0,240.21315527211584,480.4263000103422,0.0,0.0625,0.9999999999999917
1560.0,-60.0,252.95109029829592,505.9021511813359,0.0,0.0875,0.9999999999999921
1620.0,-60.0,261.49307970328334,522.986078152417,0.0,0.125,0.9999999999999927
1680.0,-60.0,266.3765859071159,532.7529686226553,0.0,0.16249999999999998,0.9999999999999931
1740.0,-60.0,267.851369987679,535.7021988081649,0.0,0.19999999999999996,0.9999999999999936
-1800.0,0.0,597.5925455417879,1195.0030586051948,0.0,1.0,1.0
-1740.0,0.0,597.5925455417879,1195.0030586051948,0.0,1.0,1.0
-1680.0,0.0,597.5925455417879,1195.0030586051948,0.0,1.0,1.0
-1620.0,0.0,597.5925455417879,1195.0030586051948,0.0,1.0,1.0
-1560.0,0.0,597.5925455417879,1195.0030586051948,0.0,1.0,1.0
-1500.0,0.0,597.5925455417879,1195.0030586051948,0.0,1.0,1.0
-1440.0,0.0,597.5925455417879,1195.0030586051948,0.0,1.0,1.0
-1380.0,0.0,597.5925455417879,1195.0030586051948,0.0,1.0,1.0
-1320.0,0.0,597.5925455417879,1195.0030586051948,0.0,1.0,1.0
-1260.0,0.0,597.5925455417879,1195.0030586051948,0.0,1.0,1.0
-1200.0,0.0,597.5925455417879,1195.0030586051948,0.0,1.0,1.0
-1140.0,0.0,570.1047107737542,1140.0357621298783,0.0,1.0,1.0
-1080.0,0.0,534.0875709526459,1068.0124573332616,0.0,0.9875,1.0
-1020.0,0.0,499.57237821754234,998.9926146769777,0.0,0.9750000000000001,1.0
-960.0,0.0,466.5562220072268,932.9704293436764,0.0,0.9625,0.9999999999999998
-900.0,0.0,431.24423965352105,862.3573752636297,0.0,0.9375,0.9999999999999997
-840.0,0.0,398.9185502319214,797.716204735036,0.0,0.9125,0.9999999999999993
-780.0,0.0,367.2621559300631,734.413665847377,0.0,0.875,0.9999999999999991
-720.0,0.0,340.06964679139423,680.0378690928375,0.0,0.8375000000000001,0.9999999999999993
-660.0,0.0,317.33884121963445,634.5845152830211,0.0,0.8,0.9999999999999991
-600.0,0.0,298.9704735537377,597.8552594867585,0.0,0.75,0.9999999999999991
-540.0,0.0,286.5509300036353,573.0227486461481,0.0,0.7,0.9999999999999991
-480.0,0.0,281.4580451447306,562.8422484563405,0.0,0.6375,0.9999999999999993
-420.0,0.0,283.8213727124122,567.5729511249804,0.0,0.575,0.9999999999999996
-360.0,0.0,293.6739213278343,587.280994603425,0.0,0.5125000000000002,0.9999999999999998
-300.0,0.0,314.6582091253743,629.2497759822684,0.0,0.4375,0.9999999999999987
-240.0,0.0,344.7822161886022,689.4972804609366,0.0,0.36249999999999993,0.9999999999999973
-180.0,0.0,389.2421011285001,778.414759859914,0.0,0.27499999999999997,0.9999999999999953
-120.0,0.0,444.7525207089418,889.4325200931814,0.0,0.18750000000000006,0.999999999999994
-60.0,0.0,511.7646087920118,1023.4530735652438,0.0,0.10000000000000006,0.9999999999999928
0.0,0.0,597.5925455417879,1195.0030586051948,0.0,0.0,1.0
60.0,0.0,565.4474607127518,1130.8011402164375,0.0,0.0,0.9999999999999918
120.0,0.0,527.6284898861464,1055.170545797139,0.0,0.0,0.9999999999999932
180.0,0.0,488.37313298027857,976.6686770169126,0.0,0.0,0.9999999999999944
240.0,0.0,448.70331734074176,897.3383682838953,0.0,0.0,0.9999999999999951
300.0,0.0,409.03116166154365,818.0039385262932,0.0,0.0,0.9999999999999964
360.0,0.0,370.8740637002775,741.6994305477899,0.0,0.0,0.999999999999997
420.0,0.0,335.17840072374804,670.3173298441603,0.0,0.0,0.9999999999999964
480.0,0.0,302.6462100172083,605.2614543389103,0.0,0.0,0.9999999999999951
540.0,0.0,273.87237710273484,547.721323170212,0.0,0.0,0.9999999999999938
600.0,0.0,250.06573024498968,500.11445604019906,0.0,0.0,0.9999999999999931
660.0,0.0,231.50200280877758,462.99227271216677,0.0031249999999999915,0.0,0.9999999999999929
720.0,0.0,219.10664926553915,438.2056318125642,0.0031249999999999876,0.0,0.9999999999999927
780.0,0.0,213.37911851653783,426.7535077425475,0.0031249999999999993,0.0,0.9999999999999925
840.0,0.0,214.97234448887826,429.9419399965305,0.003125000000000019,0.0,0.9999999999999923
900.0,0.0,224.44750509953977,448.89353910031605,0.0,0.0,0.9999999999999922
960.0,0.0,242.25393770984604,484.5071828558479,0.003124999999999989,0.0,0.9999999999999922
1020.0,0.0,269.00690002246427,538.0135339467033,0.003125,0.0,0.999999999999992
1080.0,0.0,305.1457895159731,610.2915122405403,0.003124999999999995,0.0,0.9999999999999919
1140.0,0.0,351.08139949713933,702.1627974947897,0.0031250000000000097,0.0,0.9999999999999918
1200.0,0.0,407.0850577738895,814.1701155477789,0.001562500000000017,0.0,0.9999999999999917
1260.0,0.0,422.53816580378526,845.0760545833944,0.0,0.0,0.9999999999999918
1320.0,0.0,420.4712975529745,840.9411954649794,0.0,0.012499999999999999,0.9999999999999918
1380.0,0.0,413.6007202048403,827.1985966463595,0.0,0.024999999999999998,0.9999999999999919
1440.0,0.0,402.7454646501581,805.4882317147931,0.0,0.03749999999999999,0.9999999999999917
1500.0,0.0,385.33392014571746,770.6637999265822,0.0,0.0625,0.9999999999999919
1560.0,0.0,366.33756169970525,732.6676442183092,0.0,0.0875,0.9999999999999923
1620.0,0.0,344.928933514572,689.8452502940675,0.0,0.125,0.9999999999999927
1680.0,0.0,325.14930023040995,650.2805667726951,0.0,0.16249999999999998,0.999999999999993
1740.0,0.0,307.6518261798046,615.2804103832873,0.0,0.19999999999999996,0.9999999999999933
1800.0,0.0,293.2663835105746,586.5035620822482,0.0,0.25,0.9999999999999938
-1740.0,60.0,597.5925455417879,1195.0030586051948,0.0,1.0,1.0
-1680.0,60.0,597.5925455417879,1195.0030586051948,0.0,1.0,1.0
-1620.0,60.0,597.5925455417879,1195.0030586051948,0.0,1.0,1.0
-1560.0,60.0,597.5925455417879,1195.0030586051948,0.0,1.0,1.0
-1500.0,60.0,597.5925455417879,1195.0030586051948,0.0,1.0,1.0
-1440.0,60.0,597.5925455417879,1195.0030586051948,0.0,1.0,1.0
-1380.0,60.0,597.5925455417879,1195.0030586051948,0.0,1.0,1.0
-1320.0,60.0,597.5925455417879,1195.0030586051948,0.0,1.0,1.0
-1260.0,60.0,597.5925455417879,1195.0030586051948,0.0,1.0,1.0
-1200.0,60.0,597.5925455417879,1195.0030586051948,0.0,1.0,1.0
-1140.0,60.0,570.8830524340885,1141.5922083601374,0.0,1.0,1.0
-1080.0,60.0,534.8601827363038,1069.5576543740708,0.0,0.9875,0.9999999999999999
-1020.0,60.0,500.287341418096,1000.4229282074251,0.0,0.9750000000000001,0.9999999999999998
-960.0,60.0,467.1267910682918,934.1125548825898,0.0,0.9625,0.9999999999999996
-900.0,60.0,431.30486727125464,862.4809217054272,0.0,0.9375,0.9999999999999992
-840.0,60.0,398.0517847168969,795.986511854964,0.0,0.9125,0.9999999999999989
-780.0,60.0,364.33508864005205,728.5659014953704,0.0,0.875,0.9999999999999984
-720.0,60.0,333.87013549162634,667.6480762860588,0.0,0.8375000000000001,0.9999999999999982
-660.0,60.0,306.26140568791226,612.4420097708387,0.0,0.8,0.9999999999999977
-600.0,60.0,279.7930058029227,559.5170146361595,0.0,0.75,0.9999999999999971
-540.0,60.0,256.6151280574774,513.17213463414,0.0,0.7,0.9999999999999967
-480.0,60.0,236.1184266885626,472.1895183501289,0.0,0.6375,0.9999999999999961
-420.0,60.0,219.7059161630037,439.37404280022264,0.0,0.575,0.9999999999999956
-360.0,60.0,207.2016049351727,414.3737983527171,0.0,0.5125000000000002,0.9999999999999951
-300.0,60.0,199.34079384935322,398.6597655954867,0.0,0.4375,0.9999999999999944
-240.0,60.0,196.0365491390949,392.0572299820975,0.0,0.36249999999999993,0.9999999999999938
-180.0,60.0,198.91866831423243,397.82593014582034,0.0,0.27499999999999997,0.9999999999999931
-120.0,60.0,207.11800455544798,414.2271362216632,0.0,0.18750000000000006,0.999999999999992
-60.0,60.0,220.4298360750343,440.8515534725726,0.0,0.10000000000000006,0.9999999999999913
0.0,60.0,241.28137313771867,482.5533407565621,0.0,0.0,0.9999999999999901
60.0,60.0,223.34905791728002,446.6894307884592,0.0,0.0,0.99999999999999
120.0,60.0,205.1306402989342,410.2548294082713,0.0,0.0,0.9999999999999899
180.0,60.0,187.23976931766916,374.4749362156484,0.0,0.0,0.9999999999999897
240.0,60.0,169.8186894318085,339.63424072030426,0.0,0.0,0.9999999999999895
300.0,60.0,153.04901368789237,306.0959614588436,0.0,0.0,0.9999999999999892
360.0,60.0,137.07626432942868,274.1512305312581,0.0,0.0,0.9999999999999889
420.0,60.0,122.09466431026206,244.18851616192578,0.0,0.0,0.9999999999999888
480.0,60.0,108.33791093725424,216.67534226876816,0.0,0.0,0.9999999999999887
540.0,60.0,96.02509562741436,192.0499151971488,0.0,0.0,0.9999999999999888
600.0,60.0,85.41639851408777,170.83264873222683,0.0,0.0,0.9999999999999886
660.0,60.0,76.80233678634514,153.60459667984156,0.0,0.0,0.9999999999999887
720.0,60.0,70.46061780767648,140.92120007818596,0.0,0.0,0.9999999999999888
780.0,60.0,66.71105099969117,133.4220873038284,0.0,0.0,0.9999999999999889
840.0,60.0,65.87811302550325,131.75622069434473,0.0,0.0,0.9999999999999887
900.0,60.0,68.29476079286123,136.5895198240275,0.0,0.0,0.9999999999999887
960.0,60.0,74.32135069599273,148.64270089771162,0.0,0.0,0.9999999999999888
1020.0,60.0,84.31323913810917,168.62647483652245,0.0,0.0,0.9999999999999891
1080.0,60.0,98.60109041474362,197.2021751653022,0.0,0.0,0.9999999999999891
1140.0,60.0,117.49065477382412,234.98130954764824,0.0,0.0,0.9999999999999893
1200.0,60.0,140.96944084868963,281.93888167768995,0.0,0.0,0.9999999999999897
1260.0,60.0,164.3503172286316,328.7006344572633,0.0,0.0,0.9999999999999899
1320.0,60.0,185.48172570535556,370.96345140290117,0.0,0.012499999999999999,0.9999999999999903
1380.0,60.0,205.91383504910337,411.8276698941459,0.0,0.024999999999999998,0.9999999999999907
1440.0,60.0,224.819628732486,449.6392558578706,0.0,0.03749999999999999,0.9999999999999911
1500.0,60.0,240.21315527211615,480.4263000103426,0.0,0.0625,0.9999999999999918
1560.0,60.0,252.95109029829592,505.9021511813362,0.0,0.0875,0.9999999999999922
1620.0,60.0,261.4930797032838,522.9860781524176,0.0,0.125,0.9999999999999928
1680.0,60.0,266.3765859071158,532.7529686226553,0.0,0.16249999999999998,0.9999999999999932
1740.0,60.0,267.85136998767905,535.702198808165,0.0,0.19999999999999996,0.9999999999999936
-1740.0,120.0,597.5925455417879,1195.0030586051948,0.0,1.0,1.0
-1680.0,120.0,597.5925455417879,1195.0030586051948,0.0,1.0,1.0
-1620.0,120.0,597.5925455417879,1195.0030586051948,0.0,1.0,1.0
-1560.0,120.0,597.5925455417879,1195.0030586051948,0.0,1.0,1.0
-1500.0,120.0,597.5925455417879,1195.0030586051948,0.0,1.0,1.0
-1440.0,120.0,597.5925455417879,1195.0030586051948,0.0,1.0,1.0
-1380.0,120.0,597.5925455417879,1195.0030586051948,0.0,1.0,1.0
-1320.0,120.0,597.5925455417879,1195.0030586051948,0.0,1.0,1.0
-1260.0,120.0,597.5925455417879,1195.0030586051948,0.0,1.0,1.0
-1200.0,120.0,597.5925455417879,1195.0030586051948,0.0,1.0,1.0
-1140.0,120.0,573.1633158733673,1146.152040648362,0.0,1.0,1.0
-1080.0,120.0,537.0843304458715,1074.0052561796094,0.0,0.9875,0.9999999999999999
-1020.0,120.0,502.3645839675792,1004.5767209286338,0.0,0.9750000000000001,0.9999999999999998
-960.0,120.0,468.9189867736088,937.6962554442312,0.0,0.9625,0.9999999999999996
-900.0,120.0,432.21677290351073,864.3040541064746,0.0,0.9375,0.9999999999999993
-840.0,120.0,397.51070899071124,794.9036945861014,0.0,0.9125,0.9999999999999989
-780.0,120.0,361.4270894927406,722.7490774677304,0.0,0.8765625000000001,0.9999999999999987
-720.0,120.0,329.19294280356286,658.2921369951434,0.0,0.8460937500000001,0.9999999999999982
-660.0,120.0,295.6702568285067,591.2591513339283,0.0,0.8,0.9999999999999976
-600.0,120.0,264.3793257909113,528.6891722474603,0.0,0.75,0.9999999999999971
-540.0,120.0,236.30565527765953,472.55280317187305,0.0,0.7,0.9999999999999964
-480.0,120.0,211.38772427540462,422.7269830477609,0.0,0.6499999999999999,0.999999999999996
-420.0,120.0,188.49513429057313,376.95170587042907,0.0,0.5875,0.9999999999999953
-360.0,120.0,168.78876260746682,337.5483991725566,0.0,0.5125000000000002,0.9999999999999946
-300.0,120.0,153.85869548050312,307.6958191056152,0.0,0.44765625,0.9999999999999939
-240.0,120.0,143.09060425581868,286.1665703156353,0.0,0.36640624999999993,0.999999999999993
-180.0,120.0,137.31804100609662,274.6267386138198,0.0,0.2875,0.9999999999999923
-120.0,120.0,136.84012972167568,273.67474633783985,0.0,0.2,0.9999999999999913
-60.0,120.0,141.90213961901847,283.80096044657273,0.0,0.10781249999999996,0.9999999999999906
0.0,120.0,152.88773730725904,305.77259118214994,0.0,0.012500000000000129,0.9999999999999898
60.0,120.0,143.04824985096266,286.09364753889446,0.0,0.0,0.9999999999999892
120.0,120.0,130.4693902438792,260.93668600755626,0.0,0.0,0.999999999999989
180.0,120.0,118.34380354850738,236.68618163472718,0.0,0.0,0.9999999999999887
240.0,120.0,106.70273413252802,213.40450376115842,0.0,0.0,0.9999999999999886
300.0,120.0,95.65135408346706,191.30208775387732,0.0,0.0,0.9999999999999887
360.0,120.0,85.2710162221996,170.5416364122475,0.0,0.0,0.9999999999999887
420.0,120.0,75.65922082207959,151.31819425693175,0.0,0.0,0.9999999999999886
480.0,120.0,66.9090054593914,133.8178683351765,0.0,0.0,0.9999999999999887
540.0,120.0,59.14803114607512,118.29598141460697,0.0,0.0,0.9999999999999887
600.0,120.0,52.48976855734813,104.97948965555358,0.0,0.0,0.9999999999999888
660.0,120.0,47.04945057096494,94.0988777968266,0.0,0.0,0.9999999999999887
720.0,120.0,42.96880742011573,85.9375879866768,0.0,0.0,0.9999999999999887
780.0,120.0,40.39991775030481,80.79980693479624,0.0,0.0,0.9999999999999887
840.0,120.0,39.49399287258849,78.98798369538574,0.0,0.0,0.9999999999999888
900.0,120.0,40.39638864437577,80.79277335184094,0.0,0.0,0.9999999999999888
960.0,120.0,43.2591494776202,86.51829875356479,0.0,0.0,0.9999999999999887
1020.0,120.0,48.228329321258855,96.45659528816991,0.0,0.0,0.9999999999999889
1080.0,120.0,55.41672957583805,110.83338454111944,0.0,0.0,0.9999999999999887
1140.0,120.0,64.8795380933027,129.7590741561604,0.0,0.0,0.9999999999999888
1200.0,120.0,76.51921194513916,153.03840148468458,0.0,0.0,0.999999999999989
1260.0,120.0,88.5477778298767,177.09555559847325,0.0,0.0,0.9999999999999889
1320.0,120.0,100.42495814094669,200.84991624492287,0.0,0.012499999999999999,0.9999999999999891
1380.0,120.0,112.9544584209452,225.90891676969696,0.0,0.024999999999999998,0.9999999999999895
1440.0,120.0,125.7854778080523,251.5709553120423,0.0,0.03749999999999999,0.9999999999999899
1500.0,120.0,138.91623017750754,277.83245847139074,0.0,0.0625,0.9999999999999903
1560.0,120.0,152.34849136737358,304.6969766420189,0.0,0.0875,0.999999999999991
1620.0,120.0,166.73461896350258,333.4692247197781,0.0,0.125,0.9999999999999915
1680.0,120.0,181.4745178302384,362.94899812040563,0.0,0.16249999999999998,0.9999999999999919
1740.0,120.0,197.73711469255358,395.4741610243038,0.0,0.21250000000000002,0.9999999999999925
-1740.0,180.0,597.5925455417879,1195.0030586051948,0.0,1.0,1.0
-1680.0,180.0,597.5925455417879,1195.0030586051948,0.0,1.0,1.0
-1620.0,180.0,597.5925455417879,1195.0030586051948,0.0,1.0,1.0
-1560.0,180.0,597.5925455417879,1195.0030586051948,0.0,1.0,1.0
-1500.0,180.0,597.5925455417879,1195.0030586051948,0.0,1.0,1.0
-1440.0,180.0,597.5925455417879,1195.0030586051948,0.0,1.0,1.0
-1380.0,180.0,597.5925455417879,1195.0030586051948,0.0,1.0,1.0
-1320.0,180.0,597.5925455417879,1195.0030586051948,0.0,1.0,1.0
-1260.0,180.0,597.5925455417879,1195.0030586051948,0.0,1.0,1.0
-1200.0,180.0,597.5925455417879,1195.0030586051948,0.0,1.0,1.0
-1140.0,180.0,576.9588628974273,1153.74197853609,0.0,1.0,1.0
-1080.0,180.0,540.7848085446099,1081.405062923058,0.0,0.9875,0.9999999999999999
-1020.0,180.0,505.8794539649115,1011.6053183945583,0.0,0.9750000000000001,0.9999999999999998
-960.0,180.0,472.11820350769034,944.0935535376447,0.0,0.9625,0.9999999999999996
-900.0,180.0,434.5298777268762,868.9291507252645,0.0,0.9375,0.9999999999999993
-840.0,180.0,398.7048146243185,797.2908162227183,0.0,0.9125,0.999999999999999
-780.0,180.0,364.5963438437221,729.085209988753,0.0,0.8875,0.9999999999999987
-720.0,180.0,328.56957774785343,657.0439522889548,0.0,0.85,0.9999999999999982
-660.0,180.0,294.9720351821998,589.8604595543376,0.0,0.8125,0.9999999999999978
-600.0,180.0,261.0084496341759,521.945353808474,0.0,0.7625,0.9999999999999971
-540.0,180.0,230.18286999172838,460.3053530028853,0.0,0.7125000000000001,0.9999999999999968
-480.0,180.0,200.52323706008565,400.9972562700693,0.0,0.6499999999999999,0.9999999999999959
-420.0,180.0,174.9004405412811,349.76157605103924,0.0,0.5890625,0.9999999999999953
-360.0,180.0,152.80642029144883,305.58252102399035,0.0,0.5249999999999999,0.9999999999999944
-300.0,180.0,134.00498507853453,267.9878199597317,0.0,0.45234374999999993,0.9999999999999937
-240.0,180.0,119.59778401216202,239.1804681889651,0.0,0.375,0.999999999999993
-180.0,180.0,109.75359723539943,219.49766404690808,0.0,0.2984375,0.9999999999999921
-120.0,180.0,104.95406782282758,209.90291737904565,0.0,0.2124999999999999,0.9999999999999912
-60.0,180.0,105.62411149261328,211.24574719089065,0.0,0.11875,0.9999999999999903
0.0,180.0,112.02613000164109,224.05077500979144,0.0,0.02343749999999992,0.999999999999989
60.0,180.0,106.81239025339643,213.6233258855446,0.0,0.0,0.9999999999999886
120.0,180.0,97.28105386482527,194.56101766487188,0.0,0.0,0.9999999999999886
180.0,180.0,88.16923029450341,176.3377094341792,0.0,0.0,0.9999999999999885
240.0,180.0,79.49999275147827,158.9994919939402,0.0,0.0,0.9999999999999885
300.0,180.0,71.33476476175201,142.6692023145223,0.0,0.0,0.9999999999999887
360.0,180.0,63.72039470100193,127.44058048950434,0.0,0.0,0.9999999999999888
420.0,180.0,56.718720973223995,113.4373072690388,0.0,0.0,0.9999999999999887
480.0,180.0,50.39525787347762,100.79042786799278,0.0,0.0,0.9999999999999887
540.0,180.0,44.816878766711,89.63371385826656,0.0,0.0,0.9999999999999888
600.0,180.0,40.062128470720204,80.12422963443534,0.0,0.0,0.9999999999999888
660.0,180.0,36.20757973814111,72.41514588497883,0.0,0.0,0.9999999999999889
720.0,180.0,33.33354792896892,66.66703687988301,0.0,0.0,0.9999999999999887
780.0,180.0,31.517197463130188,63.034326179575274,0.0,0.0,0.9999999999999888
840.0,180.0,30.850588611388595,61.70117169780688,0.0,0.0,0.9999999999999889
900.0,180.0,31.424817273208777,62.84960258346351,0.0,0.0,0.9999999999999887
960.0,180.0,33.32378125618719,66.64754235149508,0.0,0.0,0.9999999999999888
1020.0,180.0,36.61667241547758,73.23325119380341,0.0,0.0,0.9999999999999888
1080.0,180.0,41.35372755992818,82.70735686783237,0.0,0.0,0.9999999999999889
1140.0,180.0,47.54919197372049,95.09832825501857,0.0,0.0,0.9999999999999889
1200.0,180.0,55.06685929714731,110.13367121843295,0.0,0.0,0.9999999999999889
1260.0,180.0,62.99583847895155,125.99167599462542,0.0,0.0,0.9999999999999889
1320.0,180.0,71.21848607087327,142.43697186723432,0.0,0.012499999999999999,0.9999999999999889
1380.0,180.0,80.23714840867514,160.47429654375452,0.0,0.024999999999999998,0.9999999999999892
1440.0,180.0,90.34942450330642,180.69884862752664,0.0,0.05,0.9999999999999896
1500.0,180.0,100.75481728014019,201.50963323349006,0.0,0.0625,0.9999999999999898
1560.0,180.0,113.7003093890447,227.4006164370587,0.0,0.1,0.9999999999999903
1620.0,180.0,126.61760353078463,253.23519764855976,0.0,0.12578125,0.9999999999999909
1680.0,180.0,143.02133934580726,286.04266162703397,0.0,0.171875,0.9999999999999916
1740.0,180.0,160.06510934314775,320.1301843030899,0.0,0.21250000000000002,0.9999999999999919
-1740.0,240.0,597.5925455417879,1195.0030586051948,0.0,1.0,1.0
-1680.0,240.0,597.5925455417879,1195.0030586051948,0.0,1.0,1.0
-1620.0,240.0,597.5925455417879,1195.0030586051948,0.0,1.0,1.0
-1560.0,240.0,597.5925455417879,1195.0030586051948,0.0,1.0,1.0
-1500.0,240.0,597.5925455417879,1195.0030586051948,0.0,1.0,1.0
-1440.0,240.0,597.5925455417879,1195.0030586051948,0.0,1.0,1.0
-1380.0,240.0,597.5925455417879,1195.0030586051948,0.0,1.0,1.0
-1320.0,240.0,597.5925455417879,1195.0030586051948,0.0,1.0,1.0
-1260.0,240.0,597.5925455417879,1195.0030586051948,0.0,1.0,1.0
-1200.0,240.0,597.5925455417879,1195.0030586051948,0.0,1.0,1.0
-1140.0,240.0,582.2945510791715,1164.4117295972703,0.0,1.0,1.0
-1080.0,240.0,545.98761758341,1091.8090682077448,0.0,0.9875,0.9999999999999999
-1020.0,240.0,516.8054399023669,1033.4537005888074,0.0,0.9875,0.9999999999999999
-960.0,240.0,476.8012448121824,953.4580490251193,0.0,0.9625,0.9999999999999996
-900.0,240.0,443.636752928006,887.1395857641924,0.0,0.95,0.9999999999999994
-840.0,240.0,406.673763441106,813.2255470587634,0.0,0.925,0.9999999999999992
-780.0,240.0,367.125834323381,734.1427064232468,0.0,0.8875,0.9999999999999987
-720.0,240.0,330.9346541845384,661.7723243060401,0.0,0.853125,0.9999999999999983
-660.0,240.0,295.2911842023556,590.4973881983489,0.0,0.8125,0.9999999999999978
-600.0,240.0,262.3177668518032,524.5617355225028,0.0,0.77265625,0.9999999999999973
-540.0,240.0,229.16731888580577,458.2723758626972,0.0,0.7203125,0.9999999999999967
-480.0,240.0,198.36542396119233,396.679572434704,0.0,0.6625000000000001,0.9999999999999961
-420.0,240.0,170.33929690084057,340.6375813303919,0.0,0.6000000000000001,0.9999999999999953
-360.0,240.0,146.14843041988033,292.26495300479365,0.0,0.5375000000000001,0.9999999999999947
-300.0,240.0,124.92672075088026,249.82991428836522,0.0,0.4664062499999999,0.9999999999999938
-240.0,240.0,107.87395705813917,215.7316239434923,0.0,0.39140625,0.9999999999999931
-180.0,240.0,95.35226993339924,190.69420808050467,0.0,0.31250000000000006,0.9999999999999922
-120.0,240.0,87.55761756974907,175.1096190334298,0.0,0.22500000000000014,0.9999999999999913
-60.0,240.0,85.04603742872808,170.089550914821,0.0,0.13515625000000006,0.9999999999999902
0.0,240.0,88.14093370311541,176.28084522682573,0.0,0.04062499999999998,0.9999999999999891
60.0,240.0,86.42268021820068,172.84439117574007,0.0,0.0,0.9999999999999887
120.0,240.0,78.79229652093146,157.58391168242107,0.0,0.0,0.9999999999999885
180.0,240.0,71.52815482654134,143.055808378846,0.0,0.0,0.9999999999999886
240.0,240.0,64.65332006225806,129.30630738826017,0.0,0.0,0.9999999999999886
300.0,240.0,58.209240975645706,116.4182680326444,0.0,0.0,0.9999999999999888
360.0,240.0,52.235190842037454,104.47022994530158,0.0,0.0,0.9999999999999887
420.0,240.0,46.7689385346954,93.53777124998484,0.0,0.0,0.9999999999999887
480.0,240.0,41.854943007684724,83.70980163659219,0.0,0.0,0.9999999999999887
540.0,240.0,37.54716855629892,75.09430065163703,0.0,0.0,0.9999999999999887
600.0,240.0,33.89545642047871,67.79087947514608,0.0,0.0,0.9999999999999888
660.0,240.0,30.951581063286348,61.90314506730075,0.0,0.0,0.9999999999999887
720.0,240.0,28.77473328341437,57.54938595339111,0.0,0.0,0.9999999999999888
780.0,240.0,27.420578281444822,54.84107369905722,0.0,0.0,0.9999999999999888
840.0,240.0,26.938437228014312,53.87682789457259,0.0,0.0,0.9999999999999888
900.0,240.0,27.384199474801687,54.7683317064958,0.0,0.0,0.9999999999999889
960.0,240.0,28.810170286542075,57.620267021249596,0.0,0.0,0.9999999999999889
1020.0,240.0,31.26025513196533,62.5204119907307,0.0,0.0,0.9999999999999888
1080.0,240.0,34.764273122683576,69.52844252646717,0.0,0.0,0.9999999999999888
1140.0,240.0,39.32329899900051,78.6464730323445,0.0,0.0,0.9999999999999887
1200.0,240.0,44.790362976717695,89.58066516939023,0.0,0.0,0.9999999999999888
1260.0,240.0,50.59884693202247,101.1976857752421,0.0,0.0,0.9999999999999889
1320.0,240.0,56.94054938559058,113.88109756924898,0.0,0.012499999999999999,0.9999999999999889
1380.0,240.0,64.07016591242629,128.14033089277817,0.0,0.024999999999999998,0.9999999999999891
1440.0,240.0,72.73719774448998,145.47439436689456,0.0,0.05,0.9999999999999896
1500.0,240.0,82.64178450149588,165.28356732201058,0.0,0.075,0.9999999999999898
1560.0,240.0,93.66847371058199,187.33694465935682,0.0,0.1,0.99999999999999
1620.0,240.0,107.51088520075535,215.02176359403398,0.0,0.13749999999999998,0.9999999999999905
1680.0,240.0,122.88618052221692,245.77234937902372,0.0,0.17500000000000002,0.9999999999999911
1740.0,240.0,142.17887040090756,284.3577152693845,0.0,0.22499999999999998,0.9999999999999917
-1740.0,300.0,597.5925455417879,1195.0030586051948,0.0,1.0,1.0
-1680.0,300.0,597.5925455417879,1195.0030586051948,0.0,1.0,1.0
-1620.0,300.0,597.5925455417879,1195.0030586051948,0.0,1.0,1.0
-1560.0,300.0,597.5925455417879,1195.0030586051948,0.0,1.0,1.0
-1500.0,300.0,597.5925455417879,1195.0030586051948,0.0,1.0,1.0
-1440.0,300.0,597.5925455417879,1195.0030586051948,0.0,1.0,1.0
-1380.0,300.0,597.5925455417879,1195.0030586051948,0.0,1.0,1.0
-1320.0,300.0,597.5925455417879,1195.0030586051948,0.0,1.0,1.0
-1260.0,300.0,597.5925455417879,1195.0030586051948,0.0,1.0,1.0
-1200.0,300.0,597.5925455417879,1195.0030586051948,0.0,1.0,1.0
-1140.0,300.0,589.2074603672219,1178.235442434235,0.0,1.0,1.0
-1080.0,300.0,559.3522335278877,1118.5340829468762,0.0,1.0,1.0
-1020.0,300.0,523.579406356042,1046.9995382436944,0.0,0.9875,0.9999999999999999
-960.0,300.0,488.7861165208477,977.4238400904705,0.0,0.9750000000000001,0.9999999999999998
-900.0,300.0,449.6026182824357,899.0692856567221,0.0,0.95,0.9999999999999994
-840.0,300.0,412.0987469674432,824.0735290111201,0.0,0.925,0.9999999999999992
-780.0,300.0,376.2415141420767,752.3705926729685,0.0,0.9,0.9999999999999989
-720.0,300.0,337.89403850445694,675.6881619632761,0.0,0.8625,0.9999999999999984
-660.0,300.0,301.9213789357076,603.7546787167879,0.0,0.825,0.999999999999998
-600.0,300.0,266.17309538631156,532.2700267314286,0.0,0.7796875000000001,0.9999999999999976
-540.0,300.0,232.73877493365998,465.4126774400301,0.0,0.7320312500000001,0.999999999999997
-480.0,300.0,200.4079278641079,400.762154525022,0.0,0.675,0.9999999999999962
-420.0,300.0,171.3247645833325,342.6060029184494,0.0,0.6171875,0.9999999999999956
-360.0,300.0,144.76842965905178,289.5029331698743,0.0,0.5515625,0.9999999999999948
-300.0,300.0,122.06895423686453,244.1124253968031,0.0,0.48515625,0.999999999999994
-240.0,300.0,102.74681380214841,205.47571910882593,0.0,0.41015625,0.9999999999999933
-180.0,300.0,87.71164724013268,175.41176118406304,0.0,0.33046875,0.9999999999999922
-120.0,300.0,77.45993373778674,154.9133199918835,0.0,0.24609375000000014,0.9999999999999913
-60.0,300.0,72.3253544565536,144.64771749778816,0.0,0.15703125000000012,0.9999999999999905
0.0,300.0,72.74241390899861,145.48376916380255,0.0,0.06249999999999996,0.9999999999999892
60.0,300.0,73.57315823851263,147.14560799745314,0.0,0.0,0.9999999999999885
120.0,300.0,67.22576549785019,134.4510051852959,0.0,0.0,0.9999999999999886
180.0,300.0,61.20492268523168,122.40948666845082,0.0,0.0,0.9999999999999885
240.0,300.0,55.530909002594214,111.06156643300814,0.0,0.0,0.9999999999999888
300.0,300.0,50.228894493033046,100.45761193125617,0.0,0.0,0.9999999999999887
360.0,300.0,45.327798720515666,90.6554718327514,0.0,0.0,0.9999999999999888
420.0,300.0,40.866612460851954,81.73311759256386,0.0,0.0,0.9999999999999887
480.0,300.0,36.872613194920824,73.74513077791269,0.0,0.0,0.9999999999999888
540.0,300.0,33.38595557150218,66.77187220024157,0.0,0.0,0.9999999999999887
600.0,300.0,30.44466123411179,60.88927276779621,0.0,0.0,0.9999999999999888
660.0,300.0,28.08699962069319,56.1739528147399,0.0,0.0,0.9999999999999888
720.0,300.0,26.354002343313162,52.707921536313684,0.0,0.0,0.9999999999999889
780.0,300.0,25.287039966704082,50.573994429530075,0.0,0.0,0.9999999999999889
840.0,300.0,24.925834843592597,49.85158374020015,0.0,0.0,0.9999999999999889
900.0,300.0,25.302880700853066,50.605660255777224,0.0,0.0,0.9999999999999889
960.0,300.0,26.4501084933765,52.90009756568066,0.0,0.0,0.9999999999999889
1020.0,300.0,28.396335259849078,56.79256052951934,0.0,0.0,0.9999999999999888
1080.0,300.0,31.160644705835715,62.32116865839608,0.0,0.0,0.9999999999999889
1140.0,300.0,34.74798049022711,69.49576602073807,0.0,0.0,0.9999999999999888
1200.0,300.0,38.998216012716306,77.99635471380999,0.0,0.0,0.9999999999999887
1260.0,300.0,43.54056939807302,87.08111258993408,0.0,0.012499999999999999,0.9999999999999891
1320.0,300.0,48.73798365744852,97.47596156441497,0.0,0.012499999999999999,0.9999999999999889
1380.0,300.0,55.44781532179882,110.89562804875895,0.0,0.03749999999999999,0.9999999999999893
1440.0,300.0,62.53755805618609,125.07511377373686,0.0,0.05,0.9999999999999896
1500.0,300.0,71.6448286743628,143.28965407996915,0.0,0.075,0.9999999999999897
1560.0,300.0,83.72927728836878,167.4585502530265,0.0,0.11249999999999999,0.9999999999999902
1620.0,300.0,97.62286487851381,195.24572142633588,0.0,0.15000000000000002,0.9999999999999906
1680.0,300.0,113.22724388219062,226.45447503858472,0.0,0.1875,0.999999999999991
1740.0,300.0,132.29914844578204,264.5982752660023,0.0,0.23359375000000002,0.9999999999999916
-1740.0,360.0,597.5925455417879,1195.0030586051948,0.0,1.0,1.0
-1680.0,360.0,597.5925455417879,1195.0030586051948,0.0,1.0,1.0
-1620.0,360.0,597.5925455417879,1195.0030586051948,0.0,1.0,1.0
-1560.0,360.0,597.5925455417879,1195.0030586051948,0.0,1.0,1.0
-1500.0,360.0,597.5925455417879,1195.0030586051948,0.0,1.0,1.0
-1440.0,360.0,597.5925455417879,1195.0030586051948,0.0,1.0,1.0
-1380.0,360.0,597.5925455417879,1195.0030586051948,0.0,1.0,1.0
-1320.0,360.0,597.5925455417879,1195.0030586051948,0.0,1.0,1.0
-1260.0,360.0,597.5925455417879,1195.0030586051948,0.0,1.0,1.0
-1200.0,360.0,597.5925455417879,1195.0030586051948,0.0,1.0,1.0
-1140.0,360.0,597.5925455417879,1195.0030586051948,0.0,1.0,1.0
-1080.0,360.0,567.9196867789645,1135.6663797197746,0.0,1.0,1.0
-1020.0,360.0,531.950951492799,1063.740043345368,0.0,0.9875,0.9999999999999999
-960.0,360.0,496.9291642001968,993.7073734836857,0.0,0.9750000000000001,0.9999999999999998
-900.0,360.0,462.75849687971333,925.3767151415784,0.0,0.9625,0.9999999999999996
-840.0,360.0,424.39187044162395,848.6556187529757,0.0,0.9375,0.9999999999999993
-780.0,360.0,387.6286793076533,775.1409376089306,0.0,0.9125,0.999999999999999
-720.0,360.0,348.1750469886733,696.2463997257704,0.0,0.875,0.9999999999999987
-660.0,360.0,311.07401628345644,622.0563815581994,0.0,0.8375000000000001,0.9999999999999982
-600.0,360.0,274.7150547707427,549.3503682166737,0.0,0.79453125,0.9999999999999977
-540.0,360.0,240.30238736146669,480.5364463169035,0.0,0.7484375,0.9999999999999971
-480.0,360.0,206.6052698853335,413.15355024723107,0.0,0.6929687500000001,0.9999999999999967
-420.0,360.0,176.3815829923916,352.7165098142512,0.0,0.6375,0.9999999999999958
-360.0,360.0,148.10243108609836,296.1680617940323,0.0,0.5734375,0.9999999999999951
-300.0,360.0,123.01900549726015,246.01020846407687,0.0,0.50390625,0.9999999999999943
-240.0,360.0,101.86695119621902,203.71394541188855,0.0,0.43125,0.9999999999999934
-180.0,360.0,84.81678007747075,169.62031733519137,0.0,0.35390625,0.9999999999999926
-120.0,360.0,72.20792726718562,144.40805767239917,0.0,0.27031249999999996,0.9999999999999916
-60.0,360.0,64.61611155101342,129.22842895636953,0.0,0.1820312500000001,0.9999999999999907
0.0,360.0,62.36754104780956,124.7337219579731,0.0,0.09062500000000007,0.9999999999999896
60.0,360.0,64.79017392770469,129.57912226235445,0.0,0.0,0.9999999999999886
120.0,360.0,59.471449432598114,118.94249266039692,0.0,0.0,0.9999999999999886
180.0,360.0,54.34333680230111,108.68635292179236,0.0,0.0,0.9999999999999887
240.0,360.0,49.52003499662839,99.03985545364863,0.0,0.0,0.9999999999999887
300.0,360.0,45.02629544674036,90.05243002590967,0.0,0.0,0.9999999999999887
360.0,360.0,40.88842224313346,81.77673460642926,0.0,0.0,0.9999999999999887
420.0,360.0,37.129002221485685,74.25787165769398,0.0,0.0,0.9999999999999887
480.0,360.0,33.77746968056604,67.5548331970814,0.0,0.0,0.9999999999999887
540.0,360.0,30.861066508141704,61.72207302584903,0.0,0.0,0.9999999999999887
600.0,360.0,28.40826258421715,56.81645433294985,0.0,0.0,0.9999999999999889
660.0,360.0,26.45172441627764,52.90337057973282,0.0,0.0,0.9999999999999889
720.0,360.0,25.021281854897964,50.04247418696881,0.0,0.0,0.9999999999999888
780.0,360.0,24.147769922286294,48.295447488707744,0.0,0.0,0.9999999999999887
840.0,360.0,23.860734114661675,47.72134744748368,0.0,0.0,0.9999999999999888
900.0,360.0,24.187282393834767,48.374436277180294,0.0,0.0,0.9999999999999889
960.0,360.0,25.148535184071722,50.29691108558987,0.0,0.0,0.9999999999999889
1020.0,360.0,26.76199645308211,53.523858575254664,0.0,0.0,0.9999999999999889
1080.0,360.0,29.0422052670532,58.08424495254103,0.0,0.0,0.9999999999999889
1140.0,360.0,31.997534197616808,63.99482265687197,0.0,0.0,0.9999999999999889
1200.0,360.0,35.42209823695123,70.84409993014211,0.0,0.0,0.9999999999999887
1260.0,360.0,39.35326005565285,78.70647595982173,0.0,0.012499999999999999,0.9999999999999889
1320.0,360.0,44.17342065001423,88.34682032856362,0.0,0.024999999999999998,0.999999999999989
1380.0,360.0,49.80989751231659,99.61978713942248,0.0,0.03749999999999999,0.9999999999999893
1440.0,360.0,57.425858208561586,114.85171095177361,0.0,0.0625,0.9999999999999897
1500.0,360.0,66.40745316584153,132.81490047797521,0.0,0.0875,0.99999999999999
1560.0,360.0,78.35949232139069,156.71897705271567,0.0,0.12343749999999998,0.9999999999999902
1620.0,360.0,91.99006433825684,183.9801177456051,0.0,0.15859374999999998,0.9999999999999907
1680.0,360.0,108.69844511005617,217.39687595486313,0.0,0.19999999999999996,0.9999999999999911
1740.0,360.0,129.1929903740677,258.3859593335899,0.0,0.24921875000000002,0.9999999999999918
-1740.0,420.0,597.5925455417879,1195.0030586051948,0.0,1.0,1.0
-1680.0,420.0,597.5925455417879,1195.0030586051948,0.0,1.0,1.0
-1620.0,420.0,597.5925455417879,1195.0030586051948,0.0,1.0,1.0
-1560.0,420.0,597.5925455417879,1195.0030586051948,0.0,1.0,1.0
-1500.0,420.0,597.5925455417879,1195.0030586051948,0.0,1.0,1.0
-1440.0,420.0,597.5925455417879,1195.0030586051948,0.0,1.0,1.0
-1380.0,420.0,597.5925455417879,1195.0030586051948,0.0,1.0,1.0
-1320.0,420.0,597.5925455417879,1195.0030586051948,0.0,1.0,1.0
-1260.0,420.0,597.5925455417879,1195.0030586051948,0.0,1.0,1.0
-1200.0,420.0,597.5925455417879,1195.0030586051948,0.0,1.0,1.0
-1140.0,420.0,597.5925455417879,1195.0030586051948,0.0,1.0,1.0
-1080.0,420.0,578.1992480659513,1156.2223710397998,0.0,1.0,1.0
-1020.0,420.0,541.9990301932962,1083.8330981862978,0.0,0.9875,0.9999999999999999
-960.0,420.0,508.2547592162402,1016.3549978749576,0.0,0.978125,0.9999999999999998
-900.0,420.0,472.3669003621731,944.5904814859638,0.0,0.9625,0.9999999999999996
-840.0,420.0,436.81054642399914,873.4889088570061,0.0,0.9453125,0.9999999999999993
-780.0,420.0,396.3030486556421,792.486778454102,0.0,0.9125,0.999999999999999
-720.0,420.0,360.68714951366,721.2662983862293,0.0,0.8875,0.9999999999999987
-660.0,420.0,322.50451854369413,644.9133061145384,0.0,0.85,0.9999999999999983
-600.0,420.0,286.64669128488873,573.2092403408059,0.0,0.8125,0.9999999999999979
-540.0,420.0,249.7586327108495,499.4452061813902,0.0,0.7625,0.9999999999999973
-480.0,420.0,215.93003636856443,431.7991908774212,0.0,0.7125000000000001,0.9999999999999969
-420.0,420.0,183.65908987682616,367.26809661722496,0.0,0.65546875,0.9999999999999961
-360.0,420.0,154.21793363188118,308.3958053994616,0.0,0.59453125,0.9999999999999953
-300.0,420.0,127.69839114439738,255.3659544561761,0.0,0.528125,0.9999999999999946
-240.0,420.0,104.63536821724938,209.24814892388798,0.0,0.45703125,0.9999999999999939
-180.0,420.0,85.48888807268405,170.96233424016506,0.0,0.38125,0.9999999999999928
-120.0,420.0,70.58733449678053,141.1651424161697,0.0,0.2992187500000001,0.999999999999992
-60.0,420.0,60.543281842227785,121.08156631077848,0.0,0.2140625,0.9999999999999909
0.0,420.0,55.662086280711485,111.32218728910156,0.0,0.12265625000000002,0.9999999999999899
60.0,420.0,56.21007682047207,112.41962393430983,0.0,0.026562499999999944,0.9999999999999888
120.0,420.0,54.035426843294076,108.07048845664808,0.0,0.0,0.9999999999999886
180.0,420.0,49.576494085828585,99.15268805446973,0.0,0.0,0.9999999999999886
240.0,420.0,45.3890509761573,90.77790527209369,0.0,0.0,0.9999999999999886
300.0,420.0,41.49979251505753,82.99943255919442,0.0,0.0,0.9999999999999887
360.0,420.0,37.92219787251336,75.84428809639596,0.0,0.0,0.9999999999999887
420.0,420.0,34.68226822683343,69.3644038698045,0.0,0.0,0.9999999999999888
480.0,420.0,31.799056860648058,63.597990922741296,0.0,0.0,0.9999999999999888
540.0,420.0,29.296733514928476,58.59337822291883,0.0,0.0,0.9999999999999889
600.0,420.0,27.19824006508872,54.396381507826526,0.0,0.0,0.9999999999999889
660.0,420.0,25.530068314242538,51.06003252505548,0.0,0.0,0.9999999999999889
720.0,420.0,24.31415437393908,48.62820691100688,0.0,0.0,0.9999999999999889
780.0,420.0,23.576019740255873,47.15193357162699,0.0,0.0,0.9999999999999889
840.0,420.0,23.338103053682225,46.6760509235512,0.0,0.0,0.9999999999999888
900.0,420.0,23.62198767475708,47.24382036740789,0.0,0.0,0.9999999999999888
960.0,420.0,24.446831921316303,48.89347387429842,0.0,0.0,0.9999999999999889
1020.0,420.0,25.824470241487976,51.64875185117784,0.0,0.0,0.9999999999999889
1080.0,420.0,27.76637311652458,55.5325201199165,0.0,0.0,0.9999999999999889
1140.0,420.0,30.261524974235776,60.522766360915746,0.0,0.0,0.9999999999999888
1200.0,420.0,33.07620201510975,66.1522914274486,0.0,0.0,0.9999999999999889
1260.0,420.0,36.63520304655854,73.27034484270636,0.0,0.012499999999999999,0.9999999999999889
1320.0,420.0,40.988888843789546,81.97773691519512,0.0,0.024999999999999998,0.9999999999999892
1380.0,420.0,47.22686366608931,94.45370487287101,0.0,0.05,0.9999999999999893
1440.0,420.0,54.62612278452544,109.25223280254369,0.0,0.07265624999999999,0.9999999999999896
1500.0,420.0,63.999227382098255,127.99844210154902,0.0,0.1,0.9999999999999901
1560.0,420.0,75.84054855956907,151.68108366918946,0.0,0.13359375,0.9999999999999905
1620.0,420.0,91.06593221124386,182.13184910258386,0.0,0.17500000000000002,0.9999999999999909
1680.0,420.0,107.46537153998086,214.93072286481294,0.0,0.21250000000000002,0.9999999999999913
1740.0,420.0,128.91825147574224,257.8364702918211,0.0,0.2625,0.9999999999999918
-1680.0,480.0,597.5925455417879,1195.0030586051948,0.0,1.0,1.0
-1620.0,480.0,597.5925455417879,1195.0030586051948,0.0,1.0,1.0
-1560.0,480.0,597.5925455417879,1195.0030586051948,0.0,1.0,1.0
-1500.0,480.0,597.5925455417879,1195.0030586051948,0.0,1.0,1.0
-1440.0,480.0,597.5925455417879,1195.0030586051948,0.0,1.0,1.0
-1380.0,480.0,597.5925455417879,1195.0030586051948,0.0,1.0,1.0
-1320.0,480.0,597.5925455417879,1195.0030586051948,0.0,1.0,1.0
-1260.0,480.0,597.5925455417879,1195.0030586051948,0.0,1.0,1.0
-1200.0,480.0,597.5925455417879,1195.0030586051948,0.0,1.0,1.0
-1140.0,480.0,597.5925455417879,1195.0030586051948,0.0,1.0,1.0
-1080.0,480.0,590.2724131163781,1180.3650235376238,0.0,1.0,1.0
-1020.0,480.0,560.5096502062132,1120.8485637431947,0.0,1.0,1.0
-960.0,480.0,524.6866266604495,1049.213602894182,0.0,0.9875,0.9999999999999999
-900.0,480.0,489.6449974033221,979.1412032134135,0.0,0.9750000000000001,0.9999999999999998
-840.0,480.0,449.9619841912751,899.7876023564562,0.0,0.95,0.9999999999999994
-780.0,480.0,411.8870507869071,823.6497068885991,0.0,0.925,0.9999999999999992
-720.0,480.0,375.4092528880364,750.7056273435734,0.0,0.9,0.9999999999999989
-660.0,480.0,336.1562913162561,672.2122189238427,0.0,0.8625,0.9999999999999984
-600.0,480.0,299.2321143514533,598.3756976035511,0.0,0.825,0.999999999999998
-540.0,480.0,263.4612041101684,526.8454129498158,0.0,0.7835937500000001,0.9999999999999977
-480.0,480.0,228.27234833590387,456.47917836421095,0.0,0.734375,0.999999999999997
-420.0,480.0,194.50483870165706,388.955306035451,0.0,0.6781250000000001,0.9999999999999964
-360.0,480.0,163.84341095717247,327.6426811972738,0.0,0.6203125,0.9999999999999957
-300.0,480.0,135.54679354785247,271.0590655400373,0.0,0.55546875,0.9999999999999949
-240.0,480.0,110.56352155956684,221.1012052269737,0.0,0.48593749999999997,0.9999999999999942
-180.0,480.0,89.37354604698528,178.72883831588732,0.0,0.4125,0.9999999999999932
-120.0,480.0,72.16895080487046,144.32611948996777,0.0,0.3328125,0.9999999999999925
-60.0,480.0,59.58328195508455,119.15987658211513,0.0,0.2492187500000001,0.9999999999999913
0.0,480.0,51.97384668531919,103.94470038318747,0.0,0.16015625000000008,0.9999999999999905
60.0,480.0,49.772773410461255,99.54464448592071,0.0,0.06484375,0.9999999999999892
120.0,480.0,50.112719569298015,100.22510038285346,0.0,0.0,0.9999999999999886
180.0,480.0,46.169794493955145,92.33931322192589,0.0,0.0,0.9999999999999887
240.0,480.0,42.477543346756875,84.95489455699567,0.0,0.0,0.9999999999999886
300.0,480.0,39.0520181271119,78.1038669406974,0.0,0.0,0.9999999999999888
360.0,480.0,35.90606047908588,71.81199055512968,0.0,0.0,0.9999999999999887
420.0,480.0,33.06083237756066,66.12151629372478,0.0,0.0,0.9999999999999887
480.0,480.0,30.533382979100157,61.06663374362644,0.0,0.0,0.9999999999999887
540.0,480.0,28.343746632630406,56.687379431257305,0.0,0.0,0.9999999999999888
600.0,480.0,26.5120799317478,53.02403726272814,0.0,0.0,0.9999999999999889
660.0,480.0,25.057212723866378,50.114283584576114,0.0,0.0,0.9999999999999887
720.0,480.0,23.99982066216972,47.999525054019834,0.0,0.0,0.9999999999999887
780.0,480.0,23.359259414222382,46.71838724563688,0.0,0.0,0.9999999999999887
840.0,480.0,23.154615377102196,46.309047262568704,0.0,0.0,0.9999999999999888
900.0,480.0,23.40358885572642,46.806988178852315,0.0,0.0,0.9999999999999889
960.0,480.0,24.121899998438423,48.243577968001034,0.0,0.0,0.9999999999999889
1020.0,480.0,25.32367484585304,50.64710519203079,0.0,0.0,0.9999999999999888
1080.0,480.0,27.017723348327262,54.035159262308994,0.0,0.0,0.9999999999999889
1140.0,480.0,29.13254037591374,58.264755205460624,0.0,0.0,0.9999999999999888
1200.0,480.0,31.750199554338348,63.500269582760126,0.0,0.012499999999999999,0.9999999999999889
1260.0,480.0,34.78667002134455,69.57326325050629,0.0,0.012499999999999999,0.9999999999999889
1320.0,480.0,39.814823135183126,79.62958818794012,0.0,0.03749999999999999,0.9999999999999892
1380.0,480.0,44.999973059982125,89.99990422934222,0.0,0.05,0.9999999999999896
1440.0,480.0,52.873101276491305,105.74617020984624,0.0,0.07734374999999999,0.9999999999999898
1500.0,480.0,63.578421427927665,127.15682002377524,0.0,0.11249999999999999,0.99999999999999
1560.0,480.0,76.62036867612179,153.24071709969544,0.0,0.15000000000000002,0.9999999999999906
1620.0,480.0,91.65464915387031,183.30927375043393,0.0,0.1875,0.999999999999991
1680.0,480.0,111.32013262209722,222.64023565888004,0.0,0.23593750000000005,0.9999999999999915
-1680.0,540.0,597.5925455417879,1195.0030586051948,0.0,1.0,1.0
-1620.0,540.0,597.5925455417879,1195.0030586051948,0.0,1.0,1.0
-1560.0,540.0,597.5925455417879,1195.0030586051948,0.0,1.0,1.0
-1500.0,540.0,597.5925455417879,1195.0030586051948,0.0,1.0,1.0
-1440.0,540.0,597.5925455417879,1195.0030586051948,0.0,1.0,1.0
-1380.0,540.0,597.5925455417879,1195.0030586051948,0.0,1.0,1.0
-1320.0,540.0,597.5925455417879,1195.0030586051948,0.0,1.0,1.0
-1260.0,540.0,597.5925455417879,1195.0030586051948,0.0,1.0,1.0
-1200.0,540.0,597.5925455417879,1195.0030586051948,0.0,1.0,1.0
-1140.0,540.0,597.5925455417879,1195.0030586051948,0.0,1.0,1.0
-1080.0,540.0,597.5925455417879,1195.0030586051948,0.0,1.0,1.0
-1020.0,540.0,574.5127472737737,1148.8504923992978,0.0,1.0,1.0
-960.0,540.0,538.407709145356,1076.6515443952765,0.0,0.9875,0.9999999999999999
-900.0,540.0,503.1440121926359,1006.1350516774481,0.0,0.9750000000000001,0.9999999999999998
-840.0,540.0,468.7264734006307,937.310648122247,0.0,0.9625,0.9999999999999996
-780.0,540.0,429.78912572193025,859.4481342374401,0.0,0.9375,0.9999999999999993
-720.0,540.0,392.4474110081425,784.776432710252,0.0,0.9125,0.999999999999999
-660.0,540.0,355.4992535422434,710.8917685942145,0.0,0.8843749999999999,0.9999999999999987
-600.0,540.0,317.44817418815893,634.8017097197625,0.0,0.84765625,0.9999999999999983
-540.0,540.0,278.81112654503755,557.5400090344906,0.0,0.8015625,0.9999999999999978
-480.0,540.0,243.38954134040057,486.7082496745255,0.0,0.75703125,0.9999999999999973
-420.0,540.0,208.8068811910211,417.5541935031233,0.0,0.7046874999999999,0.9999999999999966
-360.0,540.0,176.5888687086969,353.12877313005754,0.0,0.6484375,0.999999999999996
-300.0,540.0,146.62919703160748,293.219431375743,0.0,0.5859374999999999,0.9999999999999952
-240.0,540.0,119.8350713480838,239.6402562978498,0.0,0.51953125,0.9999999999999947
-180.0,540.0,96.31120241324872,192.6007009187343,0.0,0.44687499999999997,0.9999999999999938
-120.0,540.0,76.8883839446293,153.7620256183775,0.0,0.37109375,0.9999999999999928
-60.0,540.0,61.63936294917646,123.26977995017279,0.0,0.2890625,0.9999999999999919
0.0,540.0,51.19730881323875,102.39004536346584,0.0,0.20234375,0.9999999999999909
60.0,540.0,45.93454960149976,91.86740933978952,0.0,0.11093750000000002,0.9999999999999898
120.0,540.0,45.959508373178934,91.91740846151681,0.0,0.014062500000000033,0.9999999999999887
180.0,540.0,43.69919814629549,87.39812991218724,0.0,0.0,0.9999999999999886
240.0,540.0,40.399653854089415,80.79909903969686,0.0,0.0,0.9999999999999886
300.0,540.0,37.340460551548134,74.68074342450014,0.0,0.0,0.9999999999999887
360.0,540.0,34.53644515791355,69.07274178305092,0.0,0.0,0.9999999999999887
420.0,540.0,32.00072327514113,64.00127472025532,0.0,0.0,0.9999999999999888
480.0,540.0,29.750972203063483,59.50179640176053,0.0,0.0,0.9999999999999887
540.0,540.0,27.804992301858352,55.60983550947329,0.0,0.0,0.9999999999999887
600.0,540.0,26.17698763396311,52.353818347704035,0.0,0.0,0.9999999999999888
660.0,540.0,24.886285788844514,49.77239035262357,0.0,0.0,0.9999999999999889
720.0,540.0,23.94856320730442,47.89696779249811,0.0,0.0,0.9999999999999889
780.0,540.0,23.380856991140575,46.761537958738174,0.0,0.0,0.9999999999999887
840.0,540.0,23.199179269869624,46.3981413095363,0.0,0.0,0.9999999999999889
900.0,540.0,23.419042291871136,46.83785056916021,0.0,0.0,0.9999999999999888
960.0,540.0,24.053969658909715,48.10767966003491,0.0,0.0,0.9999999999999889
1020.0,540.0,25.118198153275785,50.2360939864563,0.0,0.0,0.9999999999999888
1080.0,540.0,26.62160795229702,53.24286791550851,0.0,0.0,0.9999999999999887
1140.0,540.0,28.390263955002055,56.78015789545761,0.0,0.0,0.9999999999999888
1200.0,540.0,30.96179356029769,61.92343879658321,0.0,0.012499999999999999,0.999999999999989
1260.0,540.0,34.410440565733005,68.82078521113944,0.0,0.024999999999999998,0.9999999999999891
1320.0,540.0,38.62698405900778,77.2538953324601,0.0,0.03749999999999999,0.9999999999999892
1380.0,540.0,45.15421481545985,90.30837088435139,0.0,0.0625,0.9999999999999896
1440.0,540.0,54.25705515189633,108.51406149158483,0.0,0.0953125,0.9999999999999901
1500.0,540.0,64.69991281432372,129.3997809462763,0.0,0.125,0.9999999999999902
1560.0,540.0,78.35688234931766,156.71372777103707,0.0,0.16249999999999998,0.9999999999999908
1620.0,540.0,96.6219877206701,193.2439384802511,0.0,0.2109375,0.9999999999999913
1680.0,540.0,116.84777658883682,233.69551046416404,0.0,0.25703125,0.9999999999999918
-1680.0,600.0,597.5925455417879,1195.0030586051948,0.0,1.0,1.0
-1620.0,600.0,597.5925455417879,1195.0030586051948,0.0,1.0,1.0
-1560.0,600.0,597.5925455417879,1195.0030586051948,0.0,1.0,1.0
-1500.0,600.0,597.5925455417879,1195.0030586051948,0.0,1.0,1.0
-1440.0,600.0,597.5925455417879,1195.0030586051948,0.0,1.0,1.0
-1380.0,600.0,597.5925455417879,1195.0030586051948,0.0,1.0,1.0
-1320.0,600.0,597.5925455417879,1195.0030586051948,0.0,1.0,1.0
-1260.0,600.0,597.5925455417879,1195.0030586051948,0.0,1.0,1.0
-1200.0,600.0,597.5925455417879,1195.0030586051948,0.0,1.0,1.0
-1140.0,600.0,597.5925455417879,1195.0030586051948,0.0,1.0,1.0
-1080.0,600.0,597.5925455417879,1195.0030586051948,0.0,1.0,1.0
-1020.0,600.0,590.5860937083365,1180.9922891713936,0.0,1.0,1.0
-960.0,600.0,560.8946364320118,1121.618418924258,0.0,1.0,1.0
-900.0,600.0,525.0611897073805,1049.9625917390772,0.0,0.9875,0.9999999999999999
-840.0,600.0,489.96122699400166,979.7735057159794,0.0,0.9750000000000001,0.9999999999999998
-780.0,600.0,450.1418350163215,900.147130167538,0.0,0.95,0.9999999999999994
-720.0,600.0,411.9075340971939,823.6904816047086,0.0,0.925,0.9999999999999992
-660.0,600.0,375.2495420842767,750.3859980763485,0.0,0.9,0.9999999999999989
-600.0,600.0,335.70160618746144,671.3026303833319,0.0,0.8625,0.9999999999999984
-540.0,600.0,298.4638850164683,596.8390133126617,0.0,0.825,0.999999999999998
-480.0,600.0,262.3396185364891,524.6020094643038,0.0,0.7835937500000001,0.9999999999999977
-420.0,600.0,226.71479737113614,453.3638456845749,0.0,0.734375,0.999999999999997
-360.0,600.0,192.79757635696632,385.5404255556775,0.0,0.6796875,0.9999999999999964
-300.0,600.0,161.24822655659074,322.452095547151,0.0,0.6203125,0.9999999999999958
-240.0,600.0,132.48238527035096,264.9299882150781,0.0,0.55625,0.999999999999995
-180.0,600.0,106.90976041844644,213.79341113834082,0.0,0.4875,0.9999999999999942
-120.0,600.0,84.88177837607873,169.74509404126053,0.0,0.41328125000000004,0.9999999999999933
-60.0,600.0,66.94806411898321,133.88415263883337,0.0,0.334375,0.9999999999999925
0.0,600.0,53.47381703858445,106.94082382692122,0.0,0.25000000000000006,0.9999999999999916
60.0,600.0,44.9800964627717,89.957129562673,0.0,0.1609375000000001,0.9999999999999905
120.0,600.0,41.77960661257881,83.55832000802367,0.0,0.06640625000000003,0.9999999999999895
180.0,600.0,41.897138740268836,83.7940106327432,0.0,0.0,0.9999999999999887
240.0,600.0,38.91629747488299,77.83239086306513,0.0,0.0,0.9999999999999887
300.0,600.0,36.15441729825484,72.30862186779504,0.0,0.0,0.9999999999999888
360.0,600.0,33.62325698314701,67.24633984431759,0.0,0.0,0.9999999999999887
420.0,600.0,31.337191933611102,62.674205301718025,0.0,0.0,0.9999999999999887
480.0,600.0,29.310173012633616,58.6201787607516,0.0,0.0,0.9999999999999887
540.0,600.0,27.55710452496246,55.114012246289754,0.0,0.0,0.9999999999999887
600.0,600.0,26.0917304506039,52.18327244496395,0.0,0.0,0.9999999999999888
660.0,600.0,24.92933803334479,49.85846026160568,0.0,0.0,0.9999999999999888
720.0,600.0,24.08420848753738,48.168220307541084,0.0,0.0,0.9999999999999887
780.0,600.0,23.57198626728115,47.14375143568182,0.0,0.0,0.9999999999999889
840.0,600.0,23.406470185864432,46.81268498925827,0.0,0.0,0.9999999999999888
900.0,600.0,23.601297917305192,47.202312919894446,0.0,0.0,0.9999999999999888
960.0,600.0,24.169926813121755,48.33954498031632,0.0,0.0,0.9999999999999889
1020.0,600.0,25.124961032324574,50.24955930003474,0.0,0.0,0.9999999999999888
1080.0,600.0,26.43046819683345,52.860533288830034,0.0,0.0,0.9999999999999888
1140.0,600.0,28.233674356704576,56.46692315303945,0.0,0.012499999999999999,0.9999999999999889
1200.0,600.0,30.440500590885918,60.880833931755305,0.0,0.012499999999999999,0.9999999999999889
1260.0,600.0,34.86882393022948,69.73753921316417,0.0,0.03749999999999999,0.9999999999999892
1320.0,600.0,39.37115207406218,78.74221484726735,0.0,0.05,0.9999999999999896
1380.0,600.0,46.90914991140793,93.81822266674074,0.0,0.07890624999999998,0.9999999999999896
1440.0,600.0,56.95133317772587,113.90259520742714,0.0,0.11249999999999999,0.9999999999999902
1500.0,600.0,69.6316655586267,139.2632697280098,0.0,0.15000000000000002,0.9999999999999906
1560.0,600.0,84.39566282461678,168.79126355913832,0.0,0.1875,0.9999999999999909
1620.0,600.0,103.78355968031968,207.56706383779382,0.0,0.23515625000000004,0.9999999999999917
1680.0,600.0,126.67601381551994,253.3519658846343,0.0,0.28593749999999996,0.9999999999999921
-1620.0,660.0,597.5925455417879,1195.0030586051948,0.0,1.0,1.0
-1560.0,660.0,597.5925455417879,1195.0030586051948,0.0,1.0,1.0
-1500.0,660.0,597.5925455417879,1195.0030586051948,0.0,1.0,1.0
-1440.0,660.0,597.5925455417879,1195.0030586051948,0.0,1.0,1.0
-1380.0,660.0,597.5925455417879,1195.0030586051948,0.0,1.0,1.0
-1320.0,660.0,597.5925455417879,1195.0030586051948,0.0,1.0,1.0
-1260.0,660.0,597.5925455417879,1195.0030586051948,0.0,1.0,1.0
-1200.0,660.0,597.5925455417879,1195.0030586051948,0.0,1.0,1.0
-1140.0,660.0,597.5925455417879,1195.0030586051948,0.0,1.0,1.0
-1080.0,660.0,597.5925455417879,1195.0030586051948,0.0,1.0,1.0
-1020.0,660.0,597.5925455417879,1195.0030586051948,0.0,1.0,1.0
-960.0,660.0,579.2527398778602,1158.3290337598062,0.0,1.0,1.0
-900.0,660.0,543.065294790787,1085.9652671167012,0.0,0.9875,0.9999999999999999
-840.0,660.0,513.1635445586302,1026.1709313818901,0.0,0.9859375,0.9999999999999999
-780.0,660.0,473.2208329176318,946.2979109440838,0.0,0.9625,0.9999999999999996
-720.0,660.0,438.8158807712292,877.498669718119,0.0,0.9484375,0.9999999999999994
-660.0,660.0,398.969993727726,797.8193551457662,0.0,0.91875,0.999999999999999
-600.0,660.0,360.41692374471023,720.7253275947567,0.0,0.8875,0.9999999999999987
-540.0,660.0,321.6023429808648,643.1084188418507,0.0,0.85,0.9999999999999983
-480.0,660.0,285.07706733606256,570.0694414314377,0.0,0.8125,0.9999999999999979
-420.0,660.0,247.71410549607117,495.3554532788238,0.0,0.7640625,0.9999999999999973
-360.0,660.0,212.90115079508567,425.74073570463094,0.0,0.7140625,0.9999999999999968
-300.0,660.0,179.52139288428336,358.99205125409765,0.0,0.65703125,0.9999999999999961
-240.0,660.0,148.69907758271145,297.35753244084566,0.0,0.5953125,0.9999999999999956
-180.0,660.0,121.08172845268066,242.1320196403571,0.0,0.53046875,0.9999999999999947
-120.0,660.0,96.52682072926255,193.0305178583588,0.0,0.459375,0.9999999999999939
-60.0,660.0,75.78014017526941,151.54438034104507,0.0,0.38359375,0.9999999999999931
0.0,660.0,59.12888199405501,118.2479044447453,0.0,0.30156250000000007,0.9999999999999921
60.0,660.0,47.27117376765727,94.53711494456303,0.0,0.21640625000000002,0.9999999999999912
120.0,660.0,40.445650813920466,80.88921851488769,0.0,0.12656250000000002,0.9999999999999901
180.0,660.0,38.92133434773865,77.84216947798598,0.0,0.029687499999999978,0.999999999999989
240.0,660.0,37.86988537353287,75.73954055311052,0.0,0.0,0.9999999999999887
300.0,660.0,35.35315536564284,70.70607223112074,0.0,0.0,0.9999999999999887
360.0,660.0,33.04664351738839,66.09306351106248,0.0,0.0,0.9999999999999887
420.0,660.0,30.965900011925683,61.9316014682174,0.0,0.0,0.9999999999999888
480.0,660.0,29.119307904635885,58.23842716695069,0.0,0.0,0.9999999999999886
540.0,660.0,27.522747453735416,55.04526998736514,0.0,0.0,0.9999999999999887
600.0,660.0,26.18869530783087,52.37716934289047,0.0,0.0,0.9999999999999888
660.0,660.0,25.12888413302944,50.2575266028537,0.0,0.0,0.9999999999999889
720.0,660.0,24.358173486055673,48.71610537012033,0.0,0.0,0.9999999999999887
780.0,660.0,23.889489170772364,47.778710294673786,0.0,0.0,0.9999999999999887
840.0,660.0,23.735541253183403,47.47078659654839,0.0,0.0,0.9999999999999888
900.0,660.0,23.909281091936492,47.81823345739192,0.0,0.0,0.9999999999999888
960.0,660.0,24.423101738092786,48.84585437881697,0.0,0.0,0.9999999999999887
1020.0,660.0,25.289486408889776,50.57855379853144,0.0,0.0,0.9999999999999887
1080.0,660.0,26.333007692170607,52.66555197699699,0.0,0.0,0.9999999999999889
1140.0,660.0,28.28000666265943,56.55951431466568,0.0,0.012499999999999999,0.9999999999999889
1200.0,660.0,31.154524098999012,62.30886210748003,0.0,0.024999999999999998,0.9999999999999891
1260.0,660.0,36.16643130849898,72.33273881061724,0.0,0.05,0.9999999999999895
1320.0,660.0,42.55899253059389,85.11787159215054,0.0,0.07421874999999999,0.9999999999999898
1380.0,660.0,50.639091272225045,101.2780889787477,0.0,0.1,0.9999999999999899
1440.0,660.0,61.94459624018723,123.88910602482089,0.0,0.13515624999999998,0.9999999999999903
1500.0,660.0,76.13156985183272,152.26305706491564,0.0,0.17421874999999998,0.9999999999999908
1560.0,660.0,93.05422710992612,186.1083672115988,0.0,0.215625,0.9999999999999913
1620.0,660.0,114.45193389299286,228.9037855957169,0.0,0.26484375,0.999999999999992
-1620.0,720.0,597.5925455417879,1195.0030586051948,0.0,1.0,1.0
-1560.0,720.0,597.5925455417879,1195.0030586051948,0.0,1.0,1.0
-1500.0,720.0,597.5925455417879,1195.0030586051948,0.0,1.0,1.0
-1440.0,720.0,597.5925455417879,1195.0030586051948,0.0,1.0,1.0
-1380.0,720.0,597.5925455417879,1195.0030586051948,0.0,1.0,1.0
-1320.0,720.0,597.5925455417879,1195.0030586051948,0.0,1.0,1.0
-1260.0,720.0,597.5925455417879,1195.0030586051948,0.0,1.0,1.0
-1200.0,720.0,597.5925455417879,1195.0030586051948,0.0,1.0,1.0
-1140.0,720.0,597.5925455417879,1195.0030586051948,0.0,1.0,1.0
-1080.0,720.0,597.5925455417879,1195.0030586051948,0.0,1.0,1.0
-1020.0,720.0,597.5925455417879,1195.0030586051948,0.0,1.0,1.0
-960.0,720.0,597.5925455417879,1195.0030586051948,0.0,1.0,1.0
-900.0,720.0,570.5033530226187,1140.8329251973169,0.0,1.0,1.0
-840.0,720.0,534.5302021592173,1068.8976993776275,0.0,0.9875,0.9999999999999999
-780.0,720.0,499.3049787173549,998.4581022678825,0.0,0.9750000000000001,0.9999999999999998
-720.0,720.0,464.9212129998134,929.7011943696986,0.0,0.9625,0.9999999999999996
-660.0,720.0,425.9725485214629,851.8159840877377,0.0,0.9375,0.9999999999999993
-600.0,720.0,388.5708768552503,777.024307583923,0.0,0.9125,0.999999999999999
-540.0,720.0,348.1104534254829,696.1161694676891,0.0,0.875,0.9999999999999987
-480.0,720.0,310.2012456703734,620.3096982968698,0.0,0.8382812500000001,0.9999999999999982
-420.0,720.0,273.5588913730612,547.0365877913138,0.0,0.7984375000000001,0.9999999999999979
-360.0,720.0,236.74211648985116,473.4147844335195,0.0,0.74921875,0.9999999999999972
-300.0,720.0,202.10274862668564,404.14716542669873,0.0,0.696875,0.9999999999999967
-240.0,720.0,169.77565732350615,339.5034455398625,0.0,0.6406250000000001,0.9999999999999961
-180.0,720.0,139.52405070495297,279.0101368185645,0.0,0.57734375,0.9999999999999953
-120.0,720.0,112.34984223803161,224.67074439098215,0.0,0.5093750000000001,0.9999999999999946
-60.0,720.0,88.75169098858373,177.4824229159607,0.0,0.4375,0.9999999999999937
0.0,720.0,69.03324265553131,138.05238422378866,0.0,0.36093749999999997,0.9999999999999927
60.0,720.0,53.43071698025204,106.85300754364157,0.0,0.27734374999999994,0.9999999999999918
120.0,720.0,42.71670154618804,85.42919503857942,0.0,0.19062500000000004,0.9999999999999908
180.0,720.0,37.10763062913587,74.21376472188038,0.0,0.09687500000000004,0.9999999999999898
240.0,720.0,36.510605920378005,73.01768567865561,0.0,0.0062500000000000255,0.9999999999999888
300.0,720.0,34.842166247575584,69.68409560868437,0.0,0.0,0.9999999999999889
360.0,720.0,32.724479962736865,65.44870498221032,0.0,0.0,0.9999999999999887
420.0,720.0,30.812805218147194,61.62536557913638,0.0,0.0,0.9999999999999888
480.0,720.0,29.117439572665347,58.234652178366694,0.0,0.0,0.9999999999999889
540.0,720.0,27.650329855348858,55.300388879166,0.0,0.0,0.9999999999999887
600.0,720.0,26.424000122493467,52.847735213167496,0.0,0.0,0.9999999999999888
660.0,720.0,25.448620599088745,50.896966491909346,0.0,0.0,0.9999999999999887
720.0,720.0,24.738148704892012,49.47600186844488,0.0,0.0,0.9999999999999889
780.0,720.0,24.304266465875532,48.608205540436096,0.0,0.0,0.9999999999999887
840.0,720.0,24.158976342060612,48.31761146495883,0.0,0.0,0.9999999999999888
900.0,720.0,24.314492433446983,48.628605974365655,0.0,0.0,0.9999999999999887
960.0,720.0,24.782921697691474,49.565440682881935,0.0,0.0,0.9999999999999887
1020.0,720.0,25.49664726723142,50.99283246672073,0.0,0.0,0.9999999999999889
1080.0,720.0,26.892206470276093,53.783902616450405,0.0,0.012499999999999999,0.9999999999999889
1140.0,720.0,29.258132012121205,58.515697526518636,0.0,0.024999999999999998,0.9999999999999891
1200.0,720.0,32.57954545148849,65.15888473077521,0.0,0.03749999999999999,0.9999999999999892
1260.0,720.0,38.30442653025025,76.60870896852418,0.0,0.0625,0.9999999999999896
1320.0,720.0,45.499436007715055,90.99874960576629,0.0,0.0875,0.9999999999999899
1380.0,720.0,56.45535835399918,112.91060186627891,0.0,0.125,0.9999999999999903
1440.0,720.0,69.39811913363286,138.79613586727618,0.0,0.16171874999999997,0.9999999999999907
1500.0,720.0,85.36914090090913,170.73818006925893,0.0,0.20234375,0.9999999999999913
1560.0,720.0,105.77117349629556,211.54224477192855,0.0,0.25078125,0.9999999999999918
1620.0,720.0,130.02925759824075,260.05841231974273,0.0,0.30312500000000003,0.9999999999999922
-1620.0,780.0,597.5925455417879,1195.0030586051948,0.0,1.0,1.0
-1560.0,780.0,597.5925455417879,1195.0030586051948,0.0,1.0,1.0
-1500.0,780.0,597.5925455417879,1195.0030586051948,0.0,1.0,1.0
-1440.0,780.0,597.5925455417879,1195.0030586051948,0.0,1.0,1.0
-1380.0,780.0,597.5925455417879,1195.0030586051948,0.0,1.0,1.0
-1320.0,780.0,597.5925455417879,1195.0030586051948,0.0,1.0,1.0
-1260.0,780.0,597.5925455417879,1195.0030586051948,0.0,1.0,1.0
-1200.0,780.0,597.5925455417879,1195.0030586051948,0.0,1.0,1.0
-1140.0,780.0,597.5925455417879,1195.0030586051948,0.0,1.0,1.0
-1080.0,780.0,597.5925455417879,1195.0030586051948,0.0,1.0,1.0
-1020.0,780.0,597.5925455417879,1195.0030586051948,0.0,1.0,1.0
-960.0,780.0,597.5925455417879,1195.0030586051948,0.0,1.0,1.0
-900.0,780.0,594.2331722481238,1188.2853353155149,0.0,1.0,1.0
-840.0,780.0,564.6830909393695,1129.194173939031,0.0,1.0,1.0
-780.0,780.0,528.8452656566415,1057.5295615559185,0.0,0.9875,0.9999999999999999
-720.0,780.0,493.7242976874002,987.2984380395276,0.0,0.9750000000000001,0.9999999999999998
-660.0,780.0,455.85085388682097,911.5632681221269,0.0,0.9546875,0.9999999999999996
-600.0,780.0,419.6249999855849,839.1228038655535,0.0,0.9351562499999999,0.9999999999999992
-540.0,780.0,378.75009747828864,757.3857749983391,0.0,0.9007812500000001,0.999999999999999
-480.0,780.0,341.65851034062297,683.2142040898809,0.0,0.87109375,0.9999999999999986
-420.0,780.0,303.25031211524214,606.4098971976301,0.0,0.83203125,0.9999999999999981
-360.0,780.0,265.8038727402564,531.5288712223021,0.0,0.78828125,0.9999999999999977
-300.0,780.0,229.89610828401996,459.72476259842813,0.0,0.740625,0.9999999999999971
-240.0,780.0,195.1459518209869,390.23558260116124,0.0,0.6859375,0.9999999999999964
-180.0,780.0,163.1969103820419,326.3478228395198,0.0,0.62890625,0.9999999999999958
-120.0,780.0,133.23306026921216,266.4299053840053,0.0,0.5640625,0.9999999999999951
-60.0,780.0,106.69240907411707,213.35739823845265,0.0,0.49609375,0.9999999999999944
0.0,780.0,83.53696847793488,167.05431714701183,0.0,0.42265624999999996,0.9999999999999934
60.0,780.0,64.28194289437384,128.5509547961244,0.0,0.34375,0.9999999999999927
120.0,780.0,49.46378977787154,98.9200263632798,0.0,0.26015625,0.9999999999999916
180.0,780.0,39.46894388199045,78.93425267339015,0.0,0.17187500000000008,0.9999999999999908
240.0,780.0,34.67523529180554,69.34931978119442,0.0,0.07812500000000006,0.9999999999999896
300.0,780.0,34.387968301129796,68.77502681417003,0.0,0.0007812500000000056,0.9999999999999887
360.0,780.0,32.59996264829691,65.19964936964102,0.0,0.0,0.9999999999999887
420.0,780.0,30.83150189301101,61.66275586799884,0.0,0.0,0.9999999999999887
480.0,780.0,29.262207829016017,58.52414776738518,0.0,0.0,0.9999999999999887
540.0,780.0,27.904468313432773,55.808625248604095,0.0,0.0,0.9999999999999887
600.0,780.0,26.767098132974354,53.53389799460601,0.0,0.0,0.9999999999999887
660.0,780.0,25.862879912173593,51.72544895507122,0.0,0.0,0.9999999999999887
720.0,780.0,25.201930854405454,50.403523319103364,0.0,0.0,0.9999999999999888
780.0,780.0,24.79655514136965,49.59273700012285,0.0,0.0,0.9999999999999889
840.0,780.0,24.657807318020108,49.31522642849289,0.0,0.0,0.9999999999999888
900.0,780.0,24.797916870353536,49.59540666291489,0.0,0.0,0.9999999999999889
960.0,780.0,25.199827076950182,50.3991886647728,0.0,0.0,0.9999999999999888
1020.0,780.0,26.14878156873093,52.29704783574674,0.0,0.012499999999999999,0.9999999999999888
1080.0,780.0,28.08298264361548,56.16540405741169,0.0,0.024999999999999998,0.9999999999999891
1140.0,780.0,30.986179232424536,61.971718463885345,0.0,0.03749999999999999,0.9999999999999892
1200.0,780.0,36.213138441365196,72.42604928082386,0.0,0.06171874999999999,0.9999999999999896
1260.0,780.0,43.20857647214086,86.41699686816294,0.0,0.0875,0.9999999999999899
1320.0,780.0,51.70524854164604,103.41035051169335,0.0,0.11328125,0.9999999999999902
1380.0,780.0,64.16265418564778,128.32517547883288,0.0,0.15078125,0.9999999999999903
1440.0,780.0,80.07018582525896,160.14024765756895,0.0,0.19375,0.9999999999999912
1500.0,780.0,99.5103557266053,199.02058790876325,0.0,0.24062500000000003,0.9999999999999916
1560.0,780.0,122.99466631691243,245.98921327433803,0.0,0.29218749999999993,0.9999999999999921
1620.0,780.0,150.65176053614746,301.3033933176844,0.0,0.34765625,0.9999999999999929
-1560.0,840.0,597.5925455417879,1195.0030586051948,0.0,1.0,1.0
-1500.0,840.0,597.5925455417879,1195.0030586051948,0.0,1.0,1.0
-1440.0,840.0,597.5925455417879,1195.0030586051948,0.0,1.0,1.0
-1380.0,840.0,597.5925455417879,1195.0030586051948,0.0,1.0,1.0
-1320.0,840.0,597.5925455417879,1195.0030586051948,0.0,1.0,1.0
-1260.0,840.0,597.5925455417879,1195.0030586051948,0.0,1.0,1.0
-1200.0,840.0,597.5925455417879,1195.0030586051948,0.0,1.0,1.0
-1140.0,840.0,597.5925455417879,1195.0030586051948,0.0,1.0,1.0
-1080.0,840.0,597.5925455417879,1195.0030586051948,0.0,1.0,1.0
-1020.0,840.0,597.5925455417879,1195.0030586051948,0.0,1.0,1.0
-960.0,840.0,597.5925455417879,1195.0030586051948,0.0,1.0,1.0
-900.0,840.0,597.5925455417879,1195.0030586051948,0.0,1.0,1.0
-840.0,840.0,591.7615487485783,1183.342841196885,0.0,1.0,1.0
-780.0,840.0,562.2805104316596,1124.389744772908,0.0,1.0,1.0
-720.0,840.0,526.5267436545523,1052.8932194793992,0.0,0.9875,0.9999999999999999
-660.0,840.0,491.48461925056523,982.8197536914604,0.0,0.9750000000000001,0.9999999999999998
-600.0,840.0,451.5766262679894,903.0161296223996,0.0,0.95,0.9999999999999994
-540.0,840.0,414.5340171971318,828.9424001563386,0.0,0.928125,0.9999999999999992
-480.0,840.0,376.4072763525098,752.7008036334832,0.0,0.9,0.9999999999999989
-420.0,840.0,338.24553273586724,676.389244480773,0.0,0.8671875,0.9999999999999984
-360.0,840.0,300.01366340530075,599.9375204016961,0.0,0.828125,0.999999999999998
-300.0,840.0,262.71974565554564,525.3614609608724,0.0,0.784375,0.9999999999999976
-240.0,840.0,226.5593849394387,453.05221949034535,0.0,0.73515625,0.9999999999999969
-180.0,840.0,192.2211528352873,384.38673529069376,0.0,0.68125,0.9999999999999964
-120.0,840.0,160.26636940743484,320.4874541765538,0.0,0.6234374999999999,0.9999999999999957
-60.0,840.0,130.6421963013321,261.24875472319945,0.0,0.559375,0.9999999999999951
0.0,840.0,103.8963280301206,207.7658380000736,0.0,0.4890625,0.9999999999999942
60.0,840.0,81.05500023212937,162.09084469160334,0.0,0.41640625000000003,0.9999999999999936
120.0,840.0,61.90600845791919,123.79946143487726,0.0,0.33671875,0.9999999999999925
180.0,840.0,47.28313762903015,94.55892532831805,0.0,0.25312500000000004,0.9999999999999916
240.0,840.0,37.45658689280357,74.90975924646429,0.0,0.1640625000000001,0.9999999999999906
300.0,840.0,32.86127487421866,65.72142900662281,0.0,0.07031250000000003,0.9999999999999895
360.0,840.0,32.55613365040937,65.11175082768693,0.0,0.0,0.9999999999999887
420.0,840.0,30.983852152289394,61.96741248881895,0.0,0.0,0.9999999999999887
480.0,840.0,29.523599247065974,59.0469015948348,0.0,0.0,0.9999999999999889
540.0,840.0,28.257726967988823,56.51511224589947,0.0,0.0,0.9999999999999888
600.0,840.0,27.197647077278457,54.39494902578343,0.0,0.0,0.9999999999999887
660.0,840.0,26.35220402345942,52.704053226413365,0.0,0.0,0.9999999999999887
720.0,840.0,25.73400263575524,51.467602873250264,0.0,0.0,0.9999999999999887
780.0,840.0,25.35240878927978,50.70438902166331,0.0,0.0,0.9999999999999887
840.0,840.0,25.218588126505445,50.43673290177156,0.0,0.0,0.9999999999999889
900.0,840.0,25.334821176621027,50.669149548735795,0.0,0.0,0.9999999999999889
960.0,840.0,25.94191895650292,51.88330282223182,0.0,0.012499999999999999,0.9999999999999889
1020.0,840.0,27.049823730248196,54.0990749209483,0.0,0.017187499999999998,0.9999999999999889
1080.0,840.0,30.08896872753265,60.177315667443345,0.0,0.03749999999999999,0.9999999999999892
1140.0,840.0,34.079153043707166,68.15761386801171,0.0,0.0546875,0.9999999999999895
1200.0,840.0,40.82408300289593,81.6479166208796,0.0,0.08203125,0.9999999999999898
1260.0,840.0,49.835806216576245,99.67142928749473,0.0,0.11249999999999999,0.9999999999999902
1320.0,840.0,62.084251199976094,124.16834501845506,0.0,0.15000000000000002,0.9999999999999907
1380.0,840.0,77.06499399807566,154.12983776575257,0.0,0.18984375,0.999999999999991
1440.0,840.0,96.03469316613761,192.06924262901092,0.0,0.23593750000000002,0.9999999999999916
1500.0,840.0,119.28014382651325,238.5601464052718,0.0,0.2875,0.9999999999999921
1560.0,840.0,147.02483799975894,294.04952966905654,0.0,0.34375000000000006,0.9999999999999929
-1500.0,900.0,597.5925455417879,1195.0030586051948,0.0,1.0,1.0
-1440.0,900.0,597.5925455417879,1195.0030586051948,0.0,1.0,1.0
-1380.0,900.0,597.5925455417879,1195.0030586051948,0.0,1.0,1.0
-1320.0,900.0,597.5925455417879,1195.0030586051948,0.0,1.0,1.0
-1260.0,900.0,597.5925455417879,1195.0030586051948,0.0,1.0,1.0
-1200.0,900.0,597.5925455417879,1195.0030586051948,0.0,1.0,1.0
-1140.0,900.0,597.5925455417879,1195.0030586051948,0.0,1.0,1.0
-1080.0,900.0,597.5925455417879,1195.0030586051948,0.0,1.0,1.0
-1020.0,900.0,597.5925455417879,1195.0030586051948,0.0,1.0,1.0
-960.0,900.0,597.5925455417879,1195.0030586051948,0.0,1.0,1.0
-900.0,900.0,597.5925455417879,1195.0030586051948,0.0,1.0,1.0
-840.0,900.0,597.5925455417879,1195.0030586051948,0.0,1.0,1.0
-780.0,900.0,593.3716626333769,1186.5625785101954,0.0,1.0,1.0
-720.0,900.0,563.9698198539267,1127.7678490374274,0.0,1.0,1.0
-660.0,900.0,528.249316740645,1056.3378336909097,0.0,0.9875,0.9999999999999999
-600.0,900.0,493.23909331440626,986.3281530921298,0.0,0.9750000000000001,0.9999999999999998
-540.0,900.0,454.3747883894232,908.6115564865241,0.0,0.95234375,0.9999999999999996
-480.0,900.0,417.92669564515,835.7266589623798,0.0,0.93203125,0.9999999999999992
-420.0,900.0,378.40220170225956,756.6899830840925,0.0,0.9007812500000001,0.999999999999999
-360.0,900.0,340.7359163343149,681.3691633237272,0.0,0.8695312500000001,0.9999999999999987
-300.0,900.0,302.34042510183144,604.5902232505937,0.0,0.8304687500000001,0.9999999999999982
-240.0,900.0,264.8606351026291,529.6424490027724,0.0,0.78671875,0.9999999999999976
-180.0,900.0,228.70382479081798,457.3402779326427,0.0,0.73828125,0.999999999999997
-120.0,900.0,194.1042341032539,388.1521208778687,0.0,0.6843750000000001,0.9999999999999964
-60.0,900.0,161.70315124130047,323.36035100287205,0.0,0.62578125,0.9999999999999957
0.0,900.0,131.92857370464523,263.8208493231864,0.0,0.5625,0.9999999999999951
60.0,900.0,105.06090781536786,210.09431715845125,0.0,0.49375,0.9999999999999943
120.0,900.0,81.71057958827028,163.40144041563997,0.0,0.4203125,0.9999999999999934
180.0,900.0,62.128413648933375,124.24374024157405,0.0,0.340625,0.9999999999999925
240.0,900.0,47.07888756576022,94.15006810004179,0.0,0.2578125,0.9999999999999917
300.0,900.0,36.73475587611754,73.46577731896512,0.0,0.16875000000000007,0.9999999999999906
360.0,900.0,31.60628989353357,63.211275648575764,0.0,0.07578125000000005,0.9999999999999896
420.0,900.0,31.0153440524295,62.02915145264854,0.0,0.0015625000000000105,0.9999999999999888
480.0,900.0,29.87865842962811,59.75697800354748,0.0,0.0,0.9999999999999887
540.0,900.0,28.69294300062809,57.385523396986265,0.0,0.0,0.9999999999999888
600.0,900.0,27.697303637832032,55.394227534459276,0.0,0.0,0.9999999999999887
660.0,900.0,26.90426478571698,53.80813524052076,0.0,0.0,0.9999999999999888
720.0,900.0,26.321143102498937,52.64182863931806,0.0,0.0,0.9999999999999888
780.0,900.0,25.960180578800294,51.9198884420688,0.0,0.0,0.9999999999999889
840.0,900.0,25.82122507053011,51.64194519798362,0.0,0.0,0.9999999999999888
900.0,900.0,26.196170780099607,52.391790749761384,0.0,0.012499999999999999,0.9999999999999889
960.0,900.0,27.484685816309863,54.96876493306248,0.0,0.024218749999999997,0.9999999999999889
1020.0,900.0,29.817920453573798,59.63520852786064,0.0,0.03749999999999999,0.9999999999999891
1080.0,900.0,34.02608252050186,68.05146828789213,0.0,0.05859374999999999,0.9999999999999895
1140.0,900.0,40.53099151715707,81.06122496408636,0.0,0.08515624999999999,0.9999999999999896
1200.0,900.0,49.07419038647478,98.14810874908392,0.0,0.11328125,0.9999999999999901
1260.0,900.0,61.32450626369966,122.64881821712206,0.0,0.15078125,0.9999999999999905
1320.0,900.0,76.90404777010802,153.8079145784766,0.0,0.19296875,0.999999999999991
1380.0,900.0,96.24350464421359,192.48683902680543,0.0,0.23984375000000002,0.9999999999999916
1440.0,900.0,119.24314621770088,238.48611497391093,0.0,0.28984374999999996,0.999999999999992
1500.0,900.0,147.47311108877878,294.9460415379109,0.0,0.34687500000000004,0.9999999999999928
-1500.0,960.0,597.5925455417879,1195.0030586051948,0.0,1.0,1.0
-1440.0,960.0,597.5925455417879,1195.0030586051948,0.0,1.0,1.0
-1380.0,960.0,597.5925455417879,1195.0030586051948,0.0,1.0,1.0
-1320.0,960.0,597.5925455417879,1195.0030586051948,0.0,1.0,1.0
-1260.0,960.0,597.5925455417879,1195.0030586051948,0.0,1.0,1.0
-1200.0,960.0,597.5925455417879,1195.0030586051948,0.0,1.0,1.0
-1140.0,960.0,597.5925455417879,1195.0030586051948,0.0,1.0,1.0
-1080.0,960.0,597.5925455417879,1195.0030586051948,0.0,1.0,1.0
-1020.0,960.0,597.5925455417879,1195.0030586051948,0.0,1.0,1.0
-960.0,960.0,597.5925455417879,1195.0030586051948,0.0,1.0,1.0
-900.0,960.0,597.5925455417879,1195.0030586051948,0.0,1.0,1.0
-840.0,960.0,597.5925455417879,1195.0030586051948,0.0,1.0,1.0
-780.0,960.0,597.5925455417879,1195.0030586051948,0.0,1.0,1.0
-720.0,960.0,597.5925455417879,1195.0030586051948,0.0,1.0,1.0
-660.0,960.0,570.8005818393777,1141.427292292058,0.0,1.0,1.0
-600.0,960.0,535.0465765755025,1069.930270721863,0.0,0.9875,0.9999999999999999
-540.0,960.0,500.0051457156063,999.8581740730259,0.0,0.9750000000000001,0.9999999999999998
-480.0,960.0,465.78183613123934,931.4220947791141,0.0,0.9625,0.9999999999999996
-420.0,960.0,426.9124239779358,853.6953096391721,0.0,0.9375,0.9999999999999993
-360.0,960.0,389.23216479518277,778.3464842291497,0.0,0.91171875,0.999999999999999
-300.0,960.0,349.8885188863651,699.6714570756886,0.0,0.8773437500000001,0.9999999999999987
-240.0,960.0,311.8002382561414,623.5068066740768,0.0,0.8406250000000001,0.9999999999999982
-180.0,960.0,273.4465708387543,546.8115251795717,0.0,0.79609375,0.9999999999999978
-120.0,960.0,237.2928906806864,474.51556883701113,0.0,0.75,0.9999999999999972
-60.0,960.0,202.30512520951856,404.5511406453391,0.0,0.6976562500000001,0.9999999999999967
0.0,960.0,169.0210423618835,337.99361052983585,0.0,0.6390625000000001,0.999999999999996
60.0,960.0,138.61665480817132,277.194634141543,0.0,0.57734375,0.9999999999999953
120.0,960.0,110.8425670744719,221.65547425487566,0.0,0.5093750000000001,0.9999999999999947
180.0,960.0,86.57497410446848,173.12823215409105,0.0,0.4375,0.9999999999999937
240.0,960.0,66.00119072300211,131.98765030616553,0.0,0.36015624999999996,0.9999999999999928
300.0,960.0,49.60631926284145,99.20358758875088,0.0,0.27734375,0.9999999999999918
360.0,960.0,37.899839377854555,75.79494383738015,0.0,0.1898437500000001,0.9999999999999909
420.0,960.0,31.285799555117734,62.569771893051644,0.0,0.09765625000000003,0.9999999999999898
480.0,960.0,29.634170807768502,59.26390013134099,0.0,0.011718750000000003,0.9999999999999888
540.0,960.0,29.193241123857383,58.38606796544703,0.0,0.0,0.9999999999999887
600.0,960.0,28.25570880636124,56.51099016331832,0.0,0.0,0.9999999999999888
660.0,960.0,27.506365220498047,55.01229339241302,0.0,0.0,0.9999999999999888
720.0,960.0,26.954899634621402,53.90929996875224,0.0,0.0,0.9999999999999887
780.0,960.0,26.578559576130804,53.15658830265216,0.0,0.0,0.9999999999999887
840.0,960.0,26.844132631466486,53.68769395161271,0.0,0.012499999999999999,0.9999999999999888
900.0,960.0,28.025491980857012,56.05037218514886,0.0,0.024999999999999998,0.9999999999999891
960.0,960.0,30.109239334089363,60.21781119657349,0.0,0.03749999999999999,0.999999999999989
1020.0,960.0,34.75193387666559,69.50315780434218,0.0,0.0625,0.9999999999999896
1080.0,960.0,41.162030174505766,82.32329518216066,0.0,0.08828124999999999,0.9999999999999899
1140.0,960.0,50.91771105005263,101.83460025189234,0.0,0.12265625,0.99999999999999
1200.0,960.0,63.40998179864665,126.81966595582378,0.0,0.159375,0.9999999999999905
1260.0,960.0,80.10156699730169,160.2029109026119,0.0,0.20390624999999998,0.999999999999991
1320.0,960.0,99.84735469172435,199.69450037607643,0.0,0.25,0.9999999999999916
1380.0,960.0,124.26074539449874,248.5212794303414,0.0,0.30234375,0.9999999999999921
1440.0,960.0,153.8678729185513,307.7355199267959,0.0,0.3609375,0.9999999999999928
1500.0,960.0,188.3346421368772,376.6690388818888,0.0,0.4234375,0.9999999999999934
-1440.0,1020.0,597.5925455417879,1195.0030586051948,0.0,1.0,1.0
-1380.0,1020.0,597.5925455417879,1195.0030586051948,0.0,1.0,1.0
-1320.0,1020.0,597.5925455417879,1195.0030586051948,0.0,1.0,1.0
-1260.0,1020.0,597.5925455417879,1195.0030586051948,0.0,1.0,1.0
-1200.0,1020.0,597.5925455417879,1195.0030586051948,0.0,1.0,1.0
-1140.0,1020.0,597.5925455417879,1195.0030586051948,0.0,1.0,1.0
-1080.0,1020.0,597.5925455417879,1195.0030586051948,0.0,1.0,1.0
-1020.0,1020.0,597.5925455417879,1195.0030586051948,0.0,1.0,1.0
-960.0,1020.0,597.5925455417879,1195.0030586051948,0.0,1.0,1.0
-900.0,1020.0,597.5925455417879,1195.0030586051948,0.0,1.0,1.0
-840.0,1020.0,597.5925455417879,1195.0030586051948,0.0,1.0,1.0
-780.0,1020.0,597.5925455417879,1195.0030586051948,0.0,1.0,1.0
-720.0,1020.0,597.5925455417879,1195.0030586051948,0.0,1.0,1.0
-660.0,1020.0,597.5925455417879,1195.0030586051948,0.0,1.0,1.0
-600.0,1020.0,584.4773815150224,1168.776725557676,0.0,1.0,1.0
-540.0,1020.0,548.5584880800254,1096.9499396574104,0.0,0.9875,0.9999999999999999
-480.0,1020.0,519.8981353962687,1039.6380028977585,0.0,0.9875,0.9999999999999999
-420.0,1020.0,482.2178695892539,964.2890771213716,0.0,0.96875,0.9999999999999997
-360.0,1020.0,445.73118345503633,891.3269772844473,0.0,0.95,0.9999999999999993
-300.0,1020.0,407.72220384746305,815.3207915928679,0.0,0.925,0.9999999999999992
-240.0,1020.0,368.45465673857785,736.7979015365366,0.0,0.8929687500000001,0.9999999999999989
-180.0,1020.0,329.9902732000071,659.881131185489,0.0,0.8578125000000001,0.9999999999999984
-120.0,1020.0,292.0678585453202,584.048171069323,0.0,0.8179687499999999,0.9999999999999979
-60.0,1020.0,254.86021267712758,509.6445719203573,0.0,0.77265625,0.9999999999999976
0.0,1020.0,219.0890072637036,438.11346138716726,0.0,0.72265625,0.9999999999999969
60.0,1020.0,184.9440171055055,369.83432066825264,0.0,0.6671875,0.9999999999999963
120.0,1020.0,153.09114779325313,306.13873694106087,0.0,0.60703125,0.9999999999999956
180.0,1020.0,123.79589893513769,247.55763067302777,0.0,0.54140625,0.9999999999999948
240.0,1020.0,97.66956415352523,195.31351764323324,0.0,0.47109375,0.9999999999999941
300.0,1020.0,75.22542883028532,150.43266511300888,0.0,0.396875,0.9999999999999932
360.0,1020.0,56.59948054283353,113.18707548764041,0.0,0.31640625,0.9999999999999923
420.0,1020.0,42.44292092584003,84.87902103440314,0.0,0.23125000000000007,0.9999999999999913
480.0,1020.0,33.15573902380853,66.30827613025437,0.0,0.14140625000000004,0.9999999999999903
540.0,1020.0,28.967747349210654,57.93404309583626,0.0,0.04609375000000003,0.9999999999999892
600.0,1020.0,28.83332643519471,57.66613459243518,0.0,0.0,0.9999999999999888
660.0,1020.0,28.15290877426795,56.30532224880146,0.0,0.0,0.9999999999999887
720.0,1020.0,27.525913061261626,55.05128776506624,0.0,0.0015624999999999992,0.9999999999999888
780.0,1020.0,27.792478903149828,55.584387673534096,0.0,0.012499999999999999,0.9999999999999888
840.0,1020.0,29.115713170384723,58.23079565660509,0.0,0.02734375,0.9999999999999891
900.0,1020.0,32.43687414398596,64.87307378697403,0.0,0.05,0.9999999999999895
960.0,1020.0,37.58556541404745,75.17039054992519,0.0,0.075,0.9999999999999893
1020.0,1020.0,45.19821133704295,90.39564053402583,0.0,0.10468749999999999,0.99999999999999
1080.0,1020.0,56.062009361427094,112.12316740472986,0.0,0.14062499999999997,0.9999999999999903
1140.0,1020.0,69.96838958636967,139.93588279224332,0.0,0.1796875,0.9999999999999907
1200.0,1020.0,87.82737022758855,175.6544047361976,0.0,0.22421875,0.9999999999999913
1260.0,1020.0,110.0402473905965,220.0802393735998,0.0,0.27421874999999996,0.9999999999999919
1320.0,1020.0,136.74877273736067,273.4972900010407,0.0,0.32890625,0.9999999999999925
1380.0,1020.0,168.9484694503471,337.8966697540166,0.0,0.38984375000000004,0.9999999999999932
1440.0,1020.0,205.63871782179496,411.2771314883078,0.0,0.453125,0.9999999999999938
-1440.0,1080.0,597.5925455417879,1195.0030586051948,0.0,1.0,1.0
-1380.0,1080.0,597.5925455417879,1195.0030586051948,0.0,1.0,1.0
-1320.0,1080.0,597.5925455417879,1195.0030586051948,0.0,1.0,1.0
-1260.0,1080.0,597.5925455417879,1195.0030586051948,0.0,1.0,1.0
-1200.0,1080.0,597.5925455417879,1195.0030586051948,0.0,1.0,1.0
-1140.0,1080.0,597.5925455417879,1195.0030586051948,0.0,1.0,1.0
-1080.0,1080.0,597.5925455417879,1195.0030586051948,0.0,1.0,1.0
-1020.0,1080.0,597.5925455417879,1195.0030586051948,0.0,1.0,1.0
-960.0,1080.0,597.5925455417879,1195.0030586051948,0.0,1.0,1.0
-900.0,1080.0,597.5925455417879,1195.0030586051948,0.0,1.0,1.0
-840.0,1080.0,597.5925455417879,1195.0030586051948,0.0,1.0,1.0
-780.0,1080.0,597.5925455417879,1195.0030586051948,0.0,1.0,1.0
-720.0,1080.0,597.5925455417879,1195.0030586051948,0.0,1.0,1.0
-660.0,1080.0,597.5925455417879,1195.0030586051948,0.0,1.0,1.0
-600.0,1080.0,597.5925455417879,1195.0030586051948,0.0,1.0,1.0
-540.0,1080.0,597.5925455417879,1195.0030586051948,0.0,1.0,1.0
-480.0,1080.0,579.337809230791,1158.499146552719,0.0,1.0,1.0
-420.0,1080.0,543.7670065809992,1087.36845154645,0.0,0.9875,0.9999999999999999
-360.0,1080.0,512.4804885573958,1024.804987854445,0.0,0.98203125,0.9999999999999998
-300.0,1080.0,474.92894706577766,949.7134899496597,0.0,0.9625,0.9999999999999996
-240.0,1080.0,439.1976665892837,878.2619473639222,0.0,0.94453125,0.9999999999999994
-180.0,1080.0,401.01558930827775,801.909621830613,0.0,0.91796875,0.9999999999999991
-120.0,1080.0,362.59553386429815,725.0814499127348,0.0,0.88671875,0.9999999999999987
-60.0,1080.0,324.3306449590922,648.5635937360305,0.0,0.85078125,0.9999999999999983
0.0,1080.0,286.65602147429547,573.2261265402569,0.0,0.81015625,0.9999999999999979
60.0,1080.0,249.7367842750241,499.3992422186781,0.0,0.7640625,0.9999999999999973
120.0,1080.0,214.25652399256532,428.44986768459324,0.0,0.7132812500000001,0.9999999999999969
180.0,1080.0,180.29127653112795,360.53008583492533,0.0,0.65625,0.9999999999999961
240.0,1080.0,149.0052710431915,297.96807206038255,0.0,0.59609375,0.9999999999999954
300.0,1080.0,120.27189078679736,240.51053771329657,0.0,0.53046875,0.9999999999999947
360.0,1080.0,94.456675040829,188.88848704019676,0.0,0.45859374999999997,0.999999999999994
420.0,1080.0,72.28686518694903,144.5562414881533,0.0,0.38203125,0.9999999999999931
480.0,1080.0,54.11617512032163,108.22103659463,0.0,0.30000000000000004,0.9999999999999922
540.0,1080.0,149.67427258705982,299.3088381565962,0.0,0.21484375000000006,0.9999999999999911
600.0,1080.0,98.2784594192727,196.53360735672274,0.0,0.12421875000000006,0.9999999999999902
660.0,1080.0,54.22781004700295,108.44850000976574,0.0,0.04609375000000002,0.9999999999999892
720.0,1080.0,42.51244951044205,85.02427491746086,0.0,0.024999999999999998,0.9999999999999891
780.0,1080.0,32.863592807155634,65.72653999527851,0.0,0.04765625,0.9999999999999893
840.0,1080.0,37.161362817031716,74.32202924172772,0.0,0.0703125,0.9999999999999893
900.0,1080.0,43.935385985968665,87.87003552645102,0.0,0.09843749999999998,0.9999999999999898
960.0,1080.0,53.65538696207551,107.30997331122333,0.0,0.13203125,0.9999999999999902
1020.0,1080.0,67.0223899985275,134.04390687720272,0.0,0.171875,0.9999999999999908
1080.0,1080.0,83.77887782674374,167.5567955355596,0.0,0.21484375,0.9999999999999911
1140.0,1080.0,105.36281331026953,210.72458353545716,0.0,0.26484375,0.9999999999999916
1200.0,1080.0,131.40059048909924,262.8007564055158,0.0,0.31875000000000003,0.9999999999999925
1260.0,1080.0,162.69793426401722,325.39550001873073,0.0,0.378125,0.9999999999999929
1320.0,1080.0,199.36801451530738,398.7356528950381,0.0,0.44218750000000007,0.9999999999999939
1380.0,1080.0,242.17006331519335,484.3397112133419,0.0,0.51171875,0.9999999999999946
1440.0,1080.0,290.87442752723166,581.7483961121357,0.0,0.58515625,0.9999999999999953
-1380.0,1140.0,597.5925455417879,1195.0030586051948,0.0,1.0,1.0
-1320.0,1140.0,597.5925455417879,1195.0030586051948,0.0,1.0,1.0
-1260.0,1140.0,597.5925455417879,1195.0030586051948,0.0,1.0,1.0
-1200.0,1140.0,597.5925455417879,1195.0030586051948,0.0,1.0,1.0
-1140.0,1140.0,597.5925455417879,1195.0030586051948,0.0,1.0,1.0
-1080.0,1140.0,597.5925455417879,1195.0030586051948,0.0,1.0,1.0
-1020.0,1140.0,597.5925455417879,1195.0030586051948,0.0,1.0,1.0
-960.0,1140.0,597.5925455417879,1195.0030586051948,0.0,1.0,1.0
-900.0,1140.0,597.5925455417879,1195.0030586051948,0.0,1.0,1.0
-840.0,1140.0,597.5925455417879,1195.0030586051948,0.0,1.0,1.0
-780.0,1140.0,597.5925455417879,1195.0030586051948,0.0,1.0,1.0
-720.0,1140.0,597.5925455417879,1195.0030586051948,0.0,1.0,1.0
-660.0,1140.0,597.5925455417879,1195.0030586051948,0.0,1.0,1.0
-600.0,1140.0,597.5925455417879,1195.0030586051948,0.0,1.0,1.0
-540.0,1140.0,597.5925455417879,1195.0030586051948,0.0,1.0,1.0
-480.0,1140.0,597.5925455417879,1195.0030586051948,0.0,1.0,1.0
-420.0,1140.0,597.5925455417879,1195.0030586051948,0.0,1.0,1.0
-360.0,1140.0,593.1348387602975,1186.0890029028826,0.0,1.0,1.0
-300.0,1140.0,564.6803682605719,1129.18872941079,0.0,1.0,1.0
-240.0,1140.0,529.8174434456746,1059.4735884378397,0.0,0.9875,0.9999999999999999
-180.0,1140.0,495.6631306823664,991.1754542086024,0.0,0.9750000000000001,0.9999999999999998
-120.0,1140.0,458.6474008956748,917.1554025455059,0.0,0.9546875,0.9999999999999996
-60.0,1140.0,421.53792187877235,842.9479141505639,0.0,0.9312499999999999,0.9999999999999991
0.0,1140.0,383.57744701361645,767.0387252801553,0.0,0.90234375,0.9999999999999989
60.0,1140.0,345.2495408767192,690.3948277060872,0.0,0.8679687500000001,0.9999999999999986
120.0,1140.0,307.5433308181616,614.9940985541618,0.0,0.8296875,0.9999999999999981
180.0,1140.0,270.3647590224187,540.6485222048801,0.0,0.7859375000000001,0.9999999999999977
240.0,1140.0,234.361967352666,468.6542339896042,0.0,0.7375,0.9999999999999971
300.0,1140.0,199.93236566486652,399.8058566331016,0.0,0.6843750000000001,0.9999999999999966
360.0,1140.0,167.13317436304928,334.2178346277851,0.0,0.625,0.9999999999999958
420.0,1140.0,346.0890391321346,692.0755131204437,0.0,0.5609375000000001,0.9999999999999951
480.0,1140.0,314.0618090321143,628.0311894302603,0.0,0.5046875,0.9999999999999943
540.0,1140.0,276.23282716801714,552.3852230514112,0.0,0.43828124999999996,0.9999999999999937
600.0,1140.0,241.69143151506853,483.3134065585783,0.0,0.37734375,0.9999999999999929
660.0,1140.0,204.91294326370937,409.76810251518947,0.0,0.3125,0.9999999999999922
720.0,1140.0,169.59614040024803,339.14575296653635,0.0,0.25000000000000006,0.9999999999999916
780.0,1140.0,134.33784027453055,268.6476332167129,0.0,0.18750000000000003,0.9999999999999909
840.0,1140.0,122.74799300214933,245.4838352822071,0.0,0.16640625,0.9999999999999906
900.0,1140.0,75.87562005751519,151.75034342510793,0.0,0.19218749999999998,0.9999999999999908
960.0,1140.0,95.05263267095043,190.10429274606543,0.0,0.23906249999999998,0.9999999999999913
1020.0,1140.0,118.7589537314184,237.5168122710818,0.0,0.29062499999999997,0.999999999999992
1080.0,1140.0,147.17813605531816,294.3550565535823,0.0,0.34609375000000003,0.9999999999999927
1140.0,1140.0,182.17750510861333,364.3536903034994,0.0,0.40937500000000004,0.9999999999999933
1200.0,1140.0,222.8569310879995,445.71317932051545,0.0,0.4765625,0.9999999999999941
1260.0,1140.0,269.46684492470456,538.9330404700231,0.0,0.54765625,0.9999999999999948
1320.0,1140.0,322.73783781081625,645.474937551775,0.0,0.6234375000000001,0.9999999999999958
1380.0,1140.0,384.25492834434556,768.5090482349237,0.0,0.70625,0.9999999999999967
-1320.0,1200.0,597.5925455417879,1195.0030586051948,0.0,1.0,1.0
-1260.0,1200.0,597.5925455417879,1195.0030586051948,0.0,1.0,1.0
-1200.0,1200.0,597.5925455417879,1195.0030586051948,0.0,1.0,1.0
-1140.0,1200.0,597.5925455417879,1195.0030586051948,0.0,1.0,1.0
-1080.0,1200.0,597.5925455417879,1195.0030586051948,0.0,1.0,1.0
-1020.0,1200.0,597.5925455417879,1195.0030586051948,0.0,1.0,1.0
-960.0,1200.0,597.5925455417879,1195.0030586051948,0.0,1.0,1.0
-900.0,1200.0,597.5925455417879,1195.0030586051948,0.0,1.0,1.0
-840.0,1200.0,597.5925455417879,1195.0030586051948,0.0,1.0,1.0
-780.0,1200.0,597.5925455417879,1195.0030586051948,0.0,1.0,1.0
-720.0,1200.0,597.5925455417879,1195.0030586051948,0.0,1.0,1.0
-660.0,1200.0,597.5925455417879,1195.0030586051948,0.0,1.0,1.0
-600.0,1200.0,597.5925455417879,1195.0030586051948,0.0,1.0,1.0
-540.0,1200.0,597.5925455417879,1195.0030586051948,0.0,1.0,1.0
-480.0,1200.0,597.5925455417879,1195.0030586051948,0.0,1.0,1.0
-420.0,1200.0,597.5925455417879,1195.0030586051948,0.0,1.0,1.0
-360.0,1200.0,597.5925455417879,1195.0030586051948,0.0,1.0,1.0
-300.0,1200.0,597.5925455417879,1195.0030586051948,0.0,1.0,1.0
-240.0,1200.0,597.5925455417879,1195.0030586051948,0.0,1.0,1.0
-180.0,1200.0,597.5925455417879,1195.0030586051948,0.0,1.0,1.0
-120.0,1200.0,597.5925455417879,1195.0030586051948,0.0,1.0,1.0
-60.0,1200.0,597.5925455417879,1195.0030586051948,0.0,1.0,1.0
0.0,1200.0,597.5925455417879,1195.0030586051948,0.0,1.0,1.0
60.0,1200.0,594.8956366177374,1189.610088496404,0.0,0.9953125,1.0
120.0,1200.0,592.186505826718,1184.1926228768918,0.0,0.990625,0.9999999999999999
180.0,1200.0,588.5963422496628,1177.0133805755672,0.0,0.984375,0.9999999999999998
240.0,1200.0,584.0978986491695,1168.0178584976402,0.0,0.9765625,0.9999999999999998
300.0,1200.0,578.7058627475693,1157.2354210542235,0.0,0.9671875000000001,0.9999999999999997
360.0,1200.0,572.4167523583429,1144.6591076832533,0.0,0.95625,0.9999999999999996
420.0,1200.0,566.1253471212387,1132.078203797682,0.0,0.9453125000000001,0.9999999999999994
480.0,1200.0,559.385817228699,1118.6011881812867,0.0,0.93359375,0.9999999999999992
540.0,1200.0,552.1987461274318,1104.2292251025885,0.0,0.92109375,0.9999999999999991
600.0,1200.0,545.473264437227,1090.7802983433699,0.0,0.909375,0.999999999999999
660.0,1200.0,537.3990661388259,1074.6343486256774,0.0,0.8953125000000001,0.9999999999999989
720.0,1200.0,529.7743144472073,1059.3871554698862,0.0,0.88203125,0.9999999999999987
780.0,1200.0,520.808630303545,1041.4585043524291,0.0,0.86640625,0.9999999999999986
840.0,1200.0,510.9436639529561,1021.731561788,0.0,0.84921875,0.9999999999999982
900.0,1200.0,503.7939431998149,1007.4342831046837,0.0,0.8367187500000001,0.9999999999999982
960.0,1200.0,493.48508932006604,986.8197018015653,0.0,0.8187500000000001,0.999999999999998
1020.0,1200.0,487.6231067644042,975.1442565288352,0.0,0.80859375,0.9999999999999978
1080.0,1200.0,495.23108098867056,990.3986448958634,0.0,0.821875,0.999999999999998
1140.0,1200.0,512.2625974598466,1024.4802115144807,0.0,0.8515625,0.9999999999999982
1200.0,1200.0,535.5588440686254,1071.076853713506,0.0,0.8921875,0.9999999999999988
1260.0,1200.0,558.8550778682568,1117.6601230617273,0.0,0.9328125,0.9999999999999993
1320.0,1200.0,579.9432302799495,1159.8116061998858,0.0,0.96953125,0.9999999999999997
-1260.0,1260.0,597.5925455417879,1195.0030586051948,0.0,1.0,1.0
-1200.0,1260.0,597.5925455417879,1195.0030586051948,0.0,1.0,1.0
-1140.0,1260.0,597.5925455417879,1195.0030586051948,0.0,1.0,1.0
-1080.0,1260.0,597.5925455417879,1195.0030586051948,0.0,1.0,1.0
-1020.0,1260.0,597.5925455417879,1195.0030586051948,0.0,1.0,1.0
-960.0,1260.0,597.5925455417879,1195.0030586051948,0.0,1.0,1.0
-900.0,1260.0,597.5925455417879,1195.0030586051948,0.0,1.0,1.0
-840.0,1260.0,597.5925455417879,1195.0030586051948,0.0,1.0,1.0
-780.0,1260.0,597.5925455417879,1195.0030586051948,0.0,1.0,1.0
-720.0,1260.0,597.5925455417879,1195.0030586051948,0.0,1.0,1.0
-660.0,1260.0,597.5925455417879,1195.0030586051948,0.0,1.0,1.0
-600.0,1260.0,597.5925455417879,1195.0030586051948,0.0,1.0,1.0
-540.0,1260.0,597.5925455417879,1195.0030586051948,0.0,1.0,1.0
-480.0,1260.0,597.5925455417879,1195.0030586051948,0.0,1.0,1.0
-420.0,1260.0,597.5925455417879,1195.0030586051948,0.0,1.0,1.0
-360.0,1260.0,597.5925455417879,1195.0030586051948,0.0,1.0,1.0
-300.0,1260.0,597.5925455417879,1195.0030586051948,0.0,1.0,1.0
-240.0,1260.0,597.5925455417879,1195.0030586051948,0.0,1.0,1.0
-180.0,1260.0,597.5925455417879,1195.0030586051948,0.0,1.0,1.0
-120.0,1260.0,597.5925455417879,1195.0030586051948,0.0,1.0,1.0
-60.0,1260.0,597.5925455417879,1195.0030586051948,0.0,1.0,1.0
0.0,1260.0,597.5925455417879,1195.0030586051948,0.0,1.0,1.0
60.0,1260.0,597.5925455417879,1195.0030586051948,0.0,1.0,1.0
120.0,1260.0,597.5925455417879,1195.0030586051948,0.0,1.0,1.0
180.0,1260.0,597.5925455417879,1195.0030586051948,0.0,1.0,1.0
240.0,1260.0,597.5925455417879,1195.0030586051948,0.0,1.0,1.0
300.0,1260.0,597.5925455417879,1195.0030586051948,0.0,1.0,1.0
360.0,1260.0,597.5925455417879,1195.0030586051948,0.0,1.0,1.0
420.0,1260.0,597.5925455417879,1195.0030586051948,0.0,1.0,1.0
480.0,1260.0,597.5925455417879,1195.0030586051948,0.0,1.0,1.0
540.0,1260.0,597.5925455417879,1195.0030586051948,0.0,1.0,1.0
600.0,1260.0,597.5925455417879,1195.0030586051948,0.0,1.0,1.0
660.0,1260.0,597.5925455417879,1195.0030586051948,0.0,1.0,1.0
720.0,1260.0,597.5925455417879,1195.0030586051948,0.0,1.0,1.0
780.0,1260.0,597.5925455417879,1195.0030586051948,0.0,1.0,1.0
840.0,1260.0,597.5925455417879,1195.0030586051948,0.0,1.0,1.0
900.0,1260.0,597.5925455417879,1195.0030586051948,0.0,1.0,1.0
960.0,1260.0,597.5925455417879,1195.0030586051948,0.0,1.0,1.0
1020.0,1260.0,597.5925455417879,1195.0030586051948,0.0,1.0,1.0
1080.0,1260.0,597.5925455417879,1195.0030586051948,0.0,1.0,1.0
1140.0,1260.0,597.5925455417879,1195.0030586051948,0.0,1.0,1.0
1200.0,1260.0,597.5925455417879,1195.0030586051948,0.0,1.0,1.0
1260.0,1260.0,597.5925455417879,1195.0030586051948,0.0,1.0,1.0
-1200.0,1320.0,597.5925455417879,1195.0030586051948,0.0,1.0,1.0
-1140.0,1320.0,597.5925455417879,1195.0030586051948,0.0,1.0,1.0
-1080.0,1320.0,597.5925455417879,1195.0030586051948,0.0,1.0,1.0
-1020.0,1320.0,597.5925455417879,1195.0030586051948,0.0,1.0,1.0
-960.0,1320.0,597.5925455417879,1195.0030586051948,0.0,1.0,1.0
-900.0,1320.0,597.5925455417879,1195.0030586051948,0.0,1.0,1.0
-840.0,1320.0,597.5925455417879,1195.0030586051948,0.0,1.0,1.0
-780.0,1320.0,597.5925455417879,1195.0030586051948,0.0,1.0,1.0
-720.0,1320.0,597.5925455417879,1195.0030586051948,0.0,1.0,1.0
-660.0,1320.0,597.5925455417879,1195.0030586051948,0.0,1.0,1.0
-600.0,1320.0,597.5925455417879,1195.0030586051948,0.0,1.0,1.0
-540.0,1320.0,597.5925455417879,1195.0030586051948,0.0,1.0,1.0
-480.0,1320.0,597.5925455417879,1195.0030586051948,0.0,1.0,1.0
-420.0,1320.0,597.5925455417879,1195.0030586051948,0.0,1.0,1.0
-360.0,1320.0,597.5925455417879,1195.0030586051948,0.0,1.0,1.0
-300.0,1320.0,597.5925455417879,1195.0030586051948,0.0,1.0,1.0
-240.0,1320.0,597.5925455417879,1195.0030586051948,0.0,1.0,1.0
-180.0,1320.0,597.5925455417879,1195.0030586051948,0.0,1.0,1.0
-120.0,1320.0,597.5925455417879,1195.0030586051948,0.0,1.0,1.0
-60.0,1320.0,597.5925455417879,1195.0030586051948,0.0,1.0,1.0
0.0,1320.0,597.5925455417879,1195.0030586051948,0.0,1.0,1.0
60.0,1320.0,597.5925455417879,1195.0030586051948,0.0,1.0,1.0
120.0,1320.0,597.5925455417879,1195.0030586051948,0.0,1.0,1.0
180.0,1320.0,597.5925455417879,1195.0030586051948,0.0,1.0,1.0
240.0,1320.0,597.5925455417879,1195.0030586051948,0.0,1.0,1.0
300.0,1320.0,597.5925455417879,1195.0030586051948,0.0,1.0,1.0
360.0,1320.0,597.5925455417879,1195.0030586051948,0.0,1.0,1.0
420.0,1320.0,597.5925455417879,1195.0030586051948,0.0,1.0,1.0
480.0,1320.0,597.5925455417879,1195.0030586051948,0.0,1.0,1.0
540.0,1320.0,597.5925455417879,1195.0030586051948,0.0,1.0,1.0
600.0,1320.0,597.5925455417879,1195.0030586051948,0.0,1.0,1.0
660.0,1320.0,597.5925455417879,1195.0030586051948,0.0,1.0,1.0
720.0,1320.0,597.5925455417879,1195.0030586051948,0.0,1.0,1.0
780.0,1320.0,597.5925455417879,1195.0030586051948,0.0,1.0,1.0
840.0,1320.0,597.5925455417879,1195.0030586051948,0.0,1.0,1.0
900.0,1320.0,597.5925455417879,1195.0030586051948,0.0,1.0,1.0
960.0,1320.0,597.5925455417879,1195.0030586051948,0.0,1.0,1.0
1020.0,1320.0,597.5925455417879,1195.0030586051948,0.0,1.0,1.0
1080.0,1320.0,597.5925455417879,1195.0030586051948,0.0,1.0,1.0
1140.0,1320.0,597.5925455417879,1195.0030586051948,0.0,1.0,1.0
1200.0,1320.0,597.5925455417879,1195.0030586051948,0.0,1.0,1.0
-1140.0,1380.0,597.5925455417879,1195.0030586051948,0.0,1.0,1.0
-1080.0,1380.0,597.5925455417879,1195.0030586051948,0.0,1.0,1.0
-1020.0,1380.0,597.5925455417879,1195.0030586051948,0.0,1.0,1.0
-960.0,1380.0,597.5925455417879,1195.0030586051948,0.0,1.0,1.0
-900.0,1380.0,597.5925455417879,1195.0030586051948,0.0,1.0,1.0
-840.0,1380.0,597.5925455417879,1195.0030586051948,0.0,1.0,1.0
-780.0,1380.0,597.5925455417879,1195.0030586051948,0.0,1.0,1.0
-720.0,1380.0,597.5925455417879,1195.0030586051948,0.0,1.0,1.0
-660.0,1380.0,597.5925455417879,1195.0030586051948,0.0,1.0,1.0
-600.0,1380.0,597.5925455417879,1195.0030586051948,0.0,1.0,1.0
-540.0,1380.0,597.5925455417879,1195.0030586051948,0.0,1.0,1.0
-480.0,1380.0,597.5925455417879,1195.0030586051948,0.0,1.0,1.0
-420.0,1380.0,597.5925455417879,1195.0030586051948,0.0,1.0,1.0
-360.0,1380.0,597.5925455417879,1195.0030586051948,0.0,1.0,1.0
-300.0,1380.0,597.5925455417879,1195.0030586051948,0.0,1.0,1.0
-240.0,1380.0,597.5925455417879,1195.0030586051948,0.0,1.0,1.0
-180.0,1380.0,597.5925455417879,1195.0030586051948,0.0,1.0,1.0
-120.0,1380.0,597.5925455417879,1195.0030586051948,0.0,1.0,1.0
-60.0,1380.0,597.5925455417879,1195.0030586051948,0.0,1.0,1.0
0.0,1380.0,597.5925455417879,1195.0030586051948,0.0,1.0,1.0
60.0,1380.0,597.5925455417879,1195.0030586051948,0.0,1.0,1.0
120.0,1380.0,597.5925455417879,1195.0030586051948,0.0,1.0,1.0
180.0,1380.0,597.5925455417879,1195.0030586051948,0.0,1.0,1.0
240.0,1380.0,597.5925455417879,1195.0030586051948,0.0,1.0,1.0
300.0,1380.0,597.5925455417879,1195.0030586051948,0.0,1.0,1.0
360.0,1380.0,597.5925455417879,1195.0030586051948,0.0,1.0,1.0
420.0,1380.0,597.5925455417879,1195.0030586051948,0.0,1.0,1.0
480.0,1380.0,597.5925455417879,1195.0030586051948,0.0,1.0,1.0
540.0,1380.0,597.5925455417879,1195.0030586051948,0.0,1.0,1.0
600.0,1380.0,597.5925455417879,1195.0030586051948,0.0,1.0,1.0
660.0,1380.0,597.5925455417879,1195.0030586051948,0.0,1.0,1.0
720.0,1380.0,597.5925455417879,1195.0030586051948,0.0,1.0,1.0
780.0,1380.0,597.5925455417879,1195.0030586051948,0.0,1.0,1.0
840.0,1380.0,597.5925455417879,1195.0030586051948,0.0,1.0,1.0
900.0,1380.0,597.5925455417879,1195.0030586051948,0.0,1.0,1.0
960.0,1380.0,597.5925455417879,1195.0030586051948,0.0,1.0,1.0
1020.0,1380.0,597.5925455417879,1195.0030586051948,0.0,1.0,1.0
1080.0,1380.0,597.5925455417879,1195.0030586051948,0.0,1.0,1.0
1140.0,1380.0,597.5925455417879,1195.0030586051948,0.0,1.0,1.0
-1080.0,1440.0,597.5925455417879,1195.0030586051948,0.0,1.0,1.0
-1020.0,1440.0,597.5925455417879,1195.0030586051948,0.0,1.0,1.0
-960.0,1440.0,597.5925455417879,1195.0030586051948,0.0,1.0,1.0
-900.0,1440.0,597.5925455417879,1195.0030586051948,0.0,1.0,1.0
-840.0,1440.0,597.5925455417879,1195.0030586051948,0.0,1.0,1.0
-780.0,1440.0,597.5925455417879,1195.0030586051948,0.0,1.0,1.0
-720.0,1440.0,597.5925455417879,1195.0030586051948,0.0,1.0,1.0
-660.0,1440.0,597.5925455417879,1195.0030586051948,0.0,1.0,1.0
-600.0,1440.0,597.5925455417879,1195.0030586051948,0.0,1.0,1.0
-540.0,1440.0,597.5925455417879,1195.0030586051948,0.0,1.0,1.0
-480.0,1440.0,597.5925455417879,1195.0030586051948,0.0,1.0,1.0
-420.0,1440.0,597.5925455417879,1195.0030586051948,0.0,1.0,1.0
-360.0,1440.0,597.5925455417879,1195.0030586051948,0.0,1.0,1.0
-300.0,1440.0,597.5925455417879,1195.0030586051948,0.0,1.0,1.0
-240.0,1440.0,597.5925455417879,1195.0030586051948,0.0,1.0,1.0
-180.0,1440.0,597.5925455417879,1195.0030586051948,0.0,1.0,1.0
-120.0,1440.0,597.5925455417879,1195.0030586051948,0.0,1.0,1.0
-60.0,1440.0,597.5925455417879,1195.0030586051948,0.0,1.0,1.0
0.0,1440.0,597.5925455417879,1195.0030586051948,0.0,1.0,1.0
60.0,1440.0,597.5925455417879,1195.0030586051948,0.0,1.0,1.0
120.0,1440.0,597.5925455417879,1195.0030586051948,0.0,1.0,1.0
180.0,1440.0,597.5925455417879,1195.0030586051948,0.0,1.0,1.0
240.0,1440.0,597.5925455417879,1195.0030586051948,0.0,1.0,1.0
300.0,1440.0,597.5925455417879,1195.0030586051948,0.0,1.0,1.0
360.0,1440.0,597.5925455417879,1195.0030586051948,0.0,1.0,1.0
420.0,1440.0,597.5925455417879,1195.0030586051948,0.0,1.0,1.0
480.0,1440.0,597.5925455417879,1195.0030586051948,0.0,1.0,1.0
540.0,1440.0,597.5925455417879,1195.0030586051948,0.0,1.0,1.0
600.0,1440.0,597.5925455417879,1195.0030586051948,0.0,1.0,1.0
660.0,1440.0,597.5925455417879,1195.0030586051948,0.0,1.0,1.0
720.0,1440.0,597.5925455417879,1195.0030586051948,0.0,1.0,1.0
780.0,1440.0,597.5925455417879,1195.0030586051948,0.0,1.0,1.0
840.0,1440.0,597.5925455417879,1195.0030586051948,0.0,1.0,1.0
900.0,1440.0,597.5925455417879,1195.0030586051948,0.0,1.0,1.0
960.0,1440.0,597.5925455417879,1195.0030586051948,0.0,1.0,1.0
1020.0,1440.0,597.5925455417879,1195.0030586051948,0.0,1.0,1.0
1080.0,1440.0,597.5925455417879,1195.0030586051948,0.0,1.0,1.0
-960.0,1500.0,597.5925455417879,1195.0030586051948,0.0,1.0,1.0
-900.0,1500.0,597.5925455417879,1195.0030586051948,0.0,1.0,1.0
-840.0,1500.0,597.5925455417879,1195.0030586051948,0.0,1.0,1.0
-780.0,1500.0,597.5925455417879,1195.0030586051948,0.0,1.0,1.0
-720.0,1500.0,597.5925455417879,1195.0030586051948,0.0,1.0,1.0
-660.0,1500.0,597.5925455417879,1195.0030586051948,0.0,1.0,1.0
-600.0,1500.0,597.5925455417879,1195.0030586051948,0.0,1.0,1.0
-540.0,1500.0,597.5925455417879,1195.0030586051948,0.0,1.0,1.0
-480.0,1500.0,597.5925455417879,1195.0030586051948,0.0,1.0,1.0
-420.0,1500.0,597.5925455417879,1195.0030586051948,0.0,1.0,1.0
-360.0,1500.0,597.5925455417879,1195.0030586051948,0.0,1.0,1.0
-300.0,1500.0,597.5925455417879,1195.0030586051948,0.0,1.0,1.0
-240.0,1500.0,597.5925455417879,1195.0030586051948,0.0,1.0,1.0
-180.0,1500.0,597.5925455417879,1195.0030586051948,0.0,1.0,1.0
-120.0,1500.0,597.5925455417879,1195.0030586051948,0.0,1.0,1.0
-60.0,1500.0,597.5925455417879,1195.0030586051948,0.0,1.0,1.0
0.0,1500.0,597.5925455417879,1195.0030586051948,0.0,1.0,1.0
60.0,1500.0,597.5925455417879,1195.0030586051948,0.0,1.0,1.0
120.0,1500.0,597.5925455417879,1195.0030586051948,0.0,1.0,1.0
180.0,1500.0,597.5925455417879,1195.0030586051948,0.0,1.0,1.0
240.0,1500.0,597.5925455417879,1195.0030586051948,0.0,1.0,1.0
300.0,1500.0,597.5925455417879,1195.0030586051948,0.0,1.0,1.0
360.0,1500.0,597.5925455417879,1195.0030586051948,0.0,1.0,1.0
420.0,1500.0,597.5925455417879,1195.0030586051948,0.0,1.0,1.0
480.0,1500.0,597.5925455417879,1195.0030586051948,0.0,1.0,1.0
540.0,1500.0,597.5925455417879,1195.0030586051948,0.0,1.0,1.0
600.0,1500.0,597.5925455417879,1195.0030586051948,0.0,1.0,1.0
660.0,1500.0,597.5925455417879,1195.0030586051948,0.0,1.0,1.0
720.0,1500.0,597.5925455417879,1195.0030586051948,0.0,1.0,1.0
780.0,1500.0,597.5925455417879,1195.0030586051948,0.0,1.0,1.0
840.0,1500.0,597.5925455417879,1195.0030586051948,0.0,1.0,1.0
900.0,1500.0,597.5925455417879,1195.0030586051948,0.0,1.0,1.0
960.0,1500.0,597.5925455417879,1195.0030586051948,0.0,1.0,1.0
-840.0,1560.0,597.5925455417879,1195.0030586051948,0.0,1.0,1.0
-780.0,1560.0,597.5925455417879,1195.0030586051948,0.0,1.0,1.0
-720.0,1560.0,597.5925455417879,1195.0030586051948,0.0,1.0,1.0
-660.0,1560.0,597.5925455417879,1195.0030586051948,0.0,1.0,1.0
-600.0,1560.0,597.5925455417879,1195.0030586051948,0.0,1.0,1.0
-540.0,1560.0,597.5925455417879,1195.0030586051948,0.0,1.0,1.0
-480.0,1560.0,597.5925455417879,1195.0030586051948,0.0,1.0,1.0
-420.0,1560.0,597.5925455417879,1195.0030586051948,0.0,1.0,1.0
-360.0,1560.0,597.5925455417879,1195.0030586051948,0.0,1.0,1.0
-300.0,1560.0,597.5925455417879,1195.0030586051948,0.0,1.0,1.0
-240.0,1560.0,597.5925455417879,1195.0030586051948,0.0,1.0,1.0
-180.0,1560.0,597.5925455417879,1195.0030586051948,0.0,1.0,1.0
-120.0,1560.0,597.5925455417879,1195.0030586051948,0.0,1.0,1.0
-60.0,1560.0,597.5925455417879,1195.0030586051948,0.0,1.0,1.0
0.0,1560.0,597.5925455417879,1195.0030586051948,0.0,1.0,1.0
60.0,1560.0,597.5925455417879,1195.0030586051948,0.0,1.0,1.0
120.0,1560.0,597.5925455417879,1195.0030586051948,0.0,1.0,1.0
180.0,1560.0,597.5925455417879,1195.0030586051948,0.0,1.0,1.0
240.0,1560.0,597.5925455417879,1195.0030586051948,0.0,1.0,1.0
300.0,1560.0,597.5925455417879,1195.0030586051948,0.0,1.0,1.0
360.0,1560.0,597.5925455417879,1195.0030586051948,0.0,1.0,1.0
420.0,1560.0,597.5925455417879,1195.0030586051948,0.0,1.0,1.0
480.0,1560.0,597.5925455417879,1195.0030586051948,0.0,1.0,1.0
540.0,1560.0,597.5925455417879,1195.0030586051948,0.0,1.0,1.0
600.0,1560.0,597.5925455417879,1195.0030586051948,0.0,1.0,1.0
660.0,1560.0,597.5925455417879,1195.0030586051948,0.0,1.0,1.0
720.0,1560.0,597.5925455417879,1195.0030586051948,0.0,1.0,1.0
780.0,1560.0,597.5925455417879,1195.0030586051948,0.0,1.0,1.0
840.0,1560.0,597.5925455417879,1195.0030586051948,0.0,1.0,1.0
-780.0,1620.0,597.5925455417879,1195.0030586051948,0.0,1.0,1.0
-720.0,1620.0,597.5925455417879,1195.0030586051948,0.0,1.0,1.0
-660.0,1620.0,597.5925455417879,1195.0030586051948,0.0,1.0,1.0
-600.0,1620.0,597.5925455417879,1195.0030586051948,0.0,1.0,1.0
-540.0,1620.0,597.5925455417879,1195.0030586051948,0.0,1.0,1.0
-480.0,1620.0,597.5925455417879,1195.0030586051948,0.0,1.0,1.0
-420.0,1620.0,597.5925455417879,1195.0030586051948,0.0,1.0,1.0
-360.0,1620.0,597.5925455417879,1195.0030586051948,0.0,1.0,1.0
-300.0,1620.0,597.5925455417879,1195.0030586051948,0.0,1.0,1.0
-240.0,1620.0,597.5925455417879,1195.0030586051948,0.0,1.0,1.0
-180.0,1620.0,597.5925455417879,1195.0030586051948,0.0,1.0,1.0
-120.0,1620.0,597.5925455417879,1195.0030586051948,0.0,1.0,1.0
-60.0,1620.0,597.5925455417879,1195.0030586051948,0.0,1.0,1.0
0.0,1620.0,597.5925455417879,1195.0030586051948,0.0,1.0,1.0
60.0,1620.0,597.5925455417879,1195.0030586051948,0.0,1.0,1.0
120.0,1620.0,597.5925455417879,1195.0030586051948,0.0,1.0,1.0
180.0,1620.0,597.5925455417879,1195.0030586051948,0.0,1.0,1.0
240.0,1620.0,597.5925455417879,1195.0030586051948,0.0,1.0,1.0
300.0,1620.0,597.5925455417879,1195.0030586051948,0.0,1.0,1.0
360.0,1620.0,597.5925455417879,1195.0030586051948,0.0,1.0,1.0
420.0,1620.0,597.5925455417879,1195.0030586051948,0.0,1.0,1.0
480.0,1620.0,597.5925455417879,1195.0030586051948,0.0,1.0,1.0
540.0,1620.0,597.5925455417879,1195.0030586051948,0.0,1.0,1.0
600.0,1620.0,597.5925455417879,1195.0030586051948,0.0,1.0,1.0
660.0,1620.0,597.5925455417879,1195.0030586051948,0.0,1.0,1.0
720.0,1620.0,597.5925455417879,1195.0030586051948,0.0,1.0,1.0
780.0,1620.0,597.5925455417879,1195.0030586051948,0.0,1.0,1.0
-600.0,1680.0,597.5925455417879,1195.0030586051948,0.0,1.0,1.0
-540.0,1680.0,597.5925455417879,1195.0030586051948,0.0,1.0,1.0
-480.0,1680.0,597.5925455417879,1195.0030586051948,0.0,1.0,1.0
-420.0,1680.0,597.5925455417879,1195.0030586051948,0.0,1.0,1.0
-360.0,1680.0,597.5925455417879,1195.0030586051948,0.0,1.0,1.0
-300.0,1680.0,597.5925455417879,1195.0030586051948,0.0,1.0,1.0
-240.0,1680.0,597.5925455417879,1195.0030586051948,0.0,1.0,1.0
-180.0,1680.0,597.5925455417879,1195.0030586051948,0.0,1.0,1.0
-120.0,1680.0,597.5925455417879,1195.0030586051948,0.0,1.0,1.0
-60.0,1680.0,597.5925455417879,1195.0030586051948,0.0,1.0,1.0
0.0,1680.0,597.5925455417879,1195.0030586051948,0.0,1.0,1.0
60.0,1680.0,597.5925455417879,1195.0030586051948,0.0,1.0,1.0
120.0,1680.0,597.5925455417879,1195.0030586051948,0.0,1.0,1.0
180.0,1680.0,597.5925455417879,1195.0030586051948,0.0,1.0,1.0
240.0,1680.0,597.5925455417879,1195.0030586051948,0.0,1.0,1.0
300.0,1680.0,597.5925455417879,1195.0030586051948,0.0,1.0,1.0
360.0,1680.0,597.5925455417879,1195.0030586051948,0.0,1.0,1.0
420.0,1680.0,597.5925455417879,1195.0030586051948,0.0,1.0,1.0
480.0,1680.0,597.5925455417879,1195.0030586051948,0.0,1.0,1.0
540.0,1680.0,597.5925455417879,1195.0030586051948,0.0,1.0,1.0
600.0,1680.0,597.5925455417879,1195.0030586051948,0.0,1.0,1.0
-420.0,1740.0,597.5925455417879,1195.0030586051948,0.0,1.0,1.0
-360.0,1740.0,597.5925455417879,1195.0030586051948,0.0,1.0,1.0
-300.0,1740.0,597.5925455417879,1195.0030586051948,0.0,1.0,1.0
-240.0,1740.0,597.5925455417879,1195.0030586051948,0.0,1.0,1.0
-180.0,1740.0,597.5925455417879,1195.0030586051948,0.0,1.0,1.0
-120.0,1740.0,597.5925455417879,1195.0030586051948,0.0,1.0,1.0
-60.0,1740.0,597.5925455417879,1195.0030586051948,0.0,1.0,1.0
0.0,1740.0,597.5925455417879,1195.0030586051948,0.0,1.0,1.0
60.0,1740.0,597.5925455417879,1195.0030586051948,0.0,1.0,1.0
120.0,1740.0,597.5925455417879,1195.0030586051948,0.0,1.0,1.0
180.0,1740.0,597.5925455417879,1195.0030586051948,0.0,1.0,1.0
240.0,1740.0,597.5925455417879,1195.0030586051948,0.0,1.0,1.0
300.0,1740.0,597.5925455417879,1195.0030586051948,0.0,1.0,1.0
360.0,1740.0,597.5925455417879,1195.0030586051948,0.0,1.0,1.0
420.0,1740.0,597.5925455417879,1195.0030586051948,0.0,1.0,1.0
0.0,1800.0,597.5925455417879,1195.0030586051948,0.0,1.0,1.0
