world_id,view,true_R,method,gx,gy,x2,y2,observation,measured_deg,move_m,native_valid,native_error_m,native_cover_radius_m,native_diameter_m,native_truth_covered,native_truth_covered_with_arc_tolerance,native_clearance_success,native_certified_20m_cover,common_valid,common_error_m,common_cover_radius_m,common_diameter_m,common_truth_covered,common_truth_covered_with_arc_tolerance,common_clearance_success,common_certified_20m_cover
center_1050_0,center,1050,bayes,493.1024849241212,-15.99786230749816,900.0,600.0,direction,236.03688854396475,1081.6653826391969,1,8.095666804750389,23.951563416666225,47.90312683333245,1,1,1,0,1,8.420691006526912,22.49620410708805,44.992408214176045,1,1,1,0
center_1050_1,center,1050,bayes,1008.6066583209374,-27.84629838737199,900.0,600.0,direction,279.72256529624383,1081.6653826391969,1,10.110432946364288,23.284063933216423,46.568127866432924,1,1,1,0,1,10.312959695542977,22.754104713778045,45.50820942755616,1,1,1,0
center_1050_2,center,1050,bayes,814.5857040907619,-18.496022633934214,900.0,600.0,direction,261.59382204903494,1081.6653826391969,1,7.02741271007691,19.591475109307584,39.176982465509916,1,1,1,1,1,7.231715733076729,19.033580768629452,38.067161537258976,1,1,1,1
center_1050_3,center,1050,bayes,1040.0993418094056,-29.96887443475529,900.0,600.0,direction,281.616048514092,1081.6653826391969,1,16.37444948478905,23.363708232612158,46.72741646522439,1,1,1,0,1,17.27619965869512,23.579196944111466,47.15839388822286,1,1,1,0
center_1050_4,center,1050,bayes,215.29147008510546,-4.299840099187911,900.0,600.0,direction,222.12333796107708,1081.6653826391969,1,22.10421917422264,28.06386691023712,56.12773382047424,1,1,0,0,1,16.693680874552644,27.612033195166106,55.22406639033221,1,1,1,0
center_1050_5,center,1050,bayes,172.05289278762478,-4.1317068245293465,900.0,600.0,direction,220.30731008002743,1081.6653826391969,1,14.047762002156796,23.83929013644201,47.671318594172064,1,1,1,0,1,16.75362121315563,28.593940087805173,57.18788017561032,1,1,1,0
center_1050_6,center,1050,bayes,186.66701913185787,-5.234832228916988,900.0,600.0,direction,219.3805995957229,1081.6653826391969,1,26.65808872695531,27.586737598493027,55.16507200947481,1,1,0,0,1,21.376036940364838,29.133964552267873,58.26792910453571,1,1,0,0
center_1050_7,center,1050,bayes,814.7490529331187,-23.83014192520265,900.0,600.0,direction,261.25011212605824,1081.6653826391969,1,14.820412094635836,19.587169149282442,39.168371857096915,1,1,1,1,1,13.793771998374545,19.048777185864317,38.09755437172871,1,1,1,1
center_1050_8,center,1050,bayes,719.2186658797532,-11.384236884384821,900.0,600.0,direction,252.95794530845455,1081.6653826391969,1,8.722454661276139,19.817196385515686,39.63439277103137,1,1,1,1,1,7.20437120938987,19.639570877009056,39.2791417540182,1,1,1,1
center_1050_9,center,1050,bayes,1001.1507127341364,-3.7221681770851194,900.0,600.0,direction,279.328861273677,1081.6653826391969,1,13.984410086819082,21.876289599833026,43.75257919966612,1,1,1,0,1,14.03069666954011,22.58884484634595,45.17768969269196,1,1,1,0
center_1050_10,center,1050,bayes,923.5218940983959,-24.014815565953448,900.0,600.0,direction,272.97124729636164,1081.6653826391969,1,10.024243338601199,20.075967212307507,40.151934424615014,1,1,1,0,1,11.56470879080608,20.18066993559186,40.36133987118372,1,1,1,0
center_1050_11,center,1050,bayes,930.2230108606025,-12.723156016821518,900.0,600.0,direction,273.51567585031614,1081.6653826391969,1,10.237722173468166,20.143189299435928,40.2802427882798,1,1,1,0,1,8.848995114168648,20.369547117681698,40.73909423536346,1,1,1,0
center_1050_12,center,1050,bayes,670.7835533234054,-9.054188245207548,900.0,600.0,direction,249.67202976018197,1081.6653826391969,1,2.891205605821066,20.11239910645202,40.22479821290414,1,1,1,0,1,3.3910476539325254,20.002118295511636,40.00423659102327,1,1,1,0
center_1050_13,center,1050,bayes,835.475981451418,-20.550214134299296,900.0,600.0,direction,263.3686416690479,1081.6653826391969,1,11.834327819434186,19.522363307751313,39.03877991452165,1,1,1,1,1,9.542037258442267,18.96632317671692,37.93264635343384,1,1,1,1
center_1050_14,center,1050,bayes,525.770818571492,-9.396474422352357,900.0,600.0,direction,239.34905509991214,1081.6653826391969,1,8.498429303734646,22.279762763582944,44.55952552716589,1,1,1,0,1,12.941919180196402,21.71874065779739,43.43748131559478,1,1,1,0
center_1050_15,center,1050,bayes,609.9631950797648,-7.40286612529901,900.0,600.0,direction,244.34453370085242,1081.6653826391969,1,7.04278871224838,21.025917420917096,42.051834841834285,1,1,1,0,1,4.462954747042817,20.768166512502333,41.536333025004666,1,1,1,0
center_1050_16,center,1050,bayes,1044.3726713449898,-20.257741589275486,900.0,600.0,direction,283.0609908777087,1081.6653826391969,1,2.1591250449933685,23.439167914825425,46.87833582965085,1,1,1,0,1,1.8276378582000246,24.2448142299393,48.48962845987875,1,1,1,0
center_1050_17,center,1050,bayes,943.570591694959,-15.470554511630155,900.0,600.0,direction,273.92213245031536,1081.6653826391969,1,3.9074878203589067,20.143189299435928,40.2802427882798,1,1,1,0,1,1.550081878283775,20.51249500795275,41.02499001590544,1,1,1,0
center_1050_18,center,1050,bayes,768.2977752653748,-11.998014862667759,900.0,600.0,direction,257.76336373393127,1081.6653826391969,1,1.7047391919597414,17.621639003474932,35.24139209731493,1,1,1,1,1,1.9320543003800823,19.24367542119117,38.48735084238234,1,1,1,1
center_1050_19,center,1050,bayes,602.8638262582217,-13.838769306600073,900.0,600.0,direction,244.37771177546708,1081.6653826391969,1,3.678815805585661,21.025917420917096,42.051834841834285,1,1,1,0,1,5.43838206362627,20.762651368535902,41.525302737071904,1,1,1,0
center_1050_20,center,1050,bayes,194.9038422689176,-6.60936386977219,900.0,600.0,direction,220.48257116744725,1081.6653826391969,1,9.449137486161389,23.83929013644201,47.671318594172064,1,1,1,0,1,4.164792200533267,28.494884066642747,56.989768133285494,1,1,1,0
center_1050_21,center,1050,bayes,907.6368213865607,-10.889924125810085,900.0,600.0,direction,271.17667009798384,1081.6653826391969,1,8.101814133844988,21.25134186008345,42.5026837201669,1,1,1,0,1,7.458663813722679,19.57823862366519,39.15647724733038,1,1,1,1
center_1050_22,center,1050,bayes,224.42906854986794,-4.139088677270899,900.0,600.0,direction,220.87438288383026,1081.6653826391969,1,27.038907545105562,32.40204492609804,64.80408985219606,1,1,0,0,1,21.881382309410142,28.27684955043379,56.55369910086761,1,1,0,0
center_1050_23,center,1050,bayes,891.0403435792754,-16.267457527783073,900.0,600.0,direction,268.3826423647099,1081.6653826391969,1,9.212784563225153,19.802661200008536,39.59929031758286,0,0,1,1,1,8.352265871336026,18.88138184985184,37.75176890424617,1,1,1,1
center_1050_24,center,1050,bayes,924.8624777592879,-16.849771472077748,900.0,600.0,direction,272.82264607515236,1081.6653826391969,1,5.242033516790458,20.075967212307507,40.151934424615014,1,1,1,0,1,5.842002671445945,20.129623355898772,40.259246711797545,1,1,1,0
center_1050_25,center,1050,bayes,1046.5053774160413,-33.38502992597362,900.0,600.0,direction,283.98805082933336,1081.6653826391969,1,15.685469825949092,24.823746481438913,49.64749296287783,1,1,1,0,1,16.733727706750056,24.68952211617841,49.37904423235697,1,1,1,0
center_1050_26,center,1050,bayes,783.1832919913165,-5.919789383146634,900.0,600.0,direction,258.4927498671215,1081.6653826391969,1,12.706988709007495,17.642962298482253,35.283814974124496,1,1,1,1,1,11.11332959407565,19.196681761487877,38.39336352297584,1,1,1,1
center_1050_27,center,1050,bayes,665.4455635291836,-3.5969877002351387,900.0,600.0,direction,249.52128850205193,1081.6653826391969,1,10.49060127591587,20.11239910645202,40.22479821290414,1,1,1,0,1,9.810697217529711,20.020662253048474,40.04132450609695,1,1,1,0
center_1050_28,center,1050,bayes,628.5922209666428,-6.288821235185171,900.0,600.0,direction,245.5728636349358,1081.6653826391969,1,5.629367730345465,20.68263501215148,41.36527002430296,1,1,1,0,1,7.550080422752459,20.570487533542885,41.14097506708587,1,1,1,0
center_1050_29,center,1050,bayes,793.1368325330502,-3.248160062469615,900.0,600.0,direction,260.7674454770351,1081.6653826391969,1,11.799130113609898,19.584630932945327,39.163296197587876,1,1,1,1,1,12.51317137386432,19.07131805486158,38.142636109723085,1,1,1,1
center_1050_30,center,1050,bayes,838.0046387209015,-15.33782547297264,900.0,600.0,direction,263.96082385859813,1081.6653826391969,1,4.858140667790353,17.966293196735737,35.92711368652036,1,1,1,1,1,3.417771256347833,18.94802526545061,37.89605053090129,1,1,1,1
center_1050_31,center,1050,bayes,838.6042173330461,-19.6520145528438,900.0,600.0,direction,264.0535320778871,1081.6653826391969,1,5.018251677578077,18.00207518029413,35.998666754098274,1,1,1,1,1,6.005831155490686,18.945346999795976,37.89069399959195,1,1,1,1
center_1050_32,center,1050,bayes,362.423319285364,-1.0962401601018381,900.0,600.0,direction,228.0732038769398,1081.6653826391969,1,4.807458052167173,25.064917535115384,50.12983507023071,1,1,1,0,1,8.385696678242105,24.98161505060589,49.963230101211714,1,1,1,0
center_1050_33,center,1050,bayes,935.5995653927193,-18.089974908007182,900.0,600.0,direction,272.5164277130325,1081.6653826391969,1,5.752473724297596,20.075967212307507,40.151934424615014,1,1,1,0,1,8.388592281108364,20.025108439692456,40.05021687938485,1,1,1,0
center_1050_34,center,1050,bayes,819.9812066366562,-3.8810361228309187,900.0,600.0,direction,262.17562242987134,1081.6653826391969,1,11.695527196998505,19.59137304477602,39.17677836753675,1,1,1,1,1,11.139641071744826,19.009470042583366,38.01894008516673,1,1,1,1
center_1050_35,center,1050,bayes,534.5831079078804,-8.624352636141245,900.0,600.0,direction,239.84100647357786,1081.6653826391969,1,7.532516112483307,22.35861173071653,44.717223461433164,1,1,1,0,1,11.101054545879778,21.61389583307088,43.22779166614187,1,1,1,0
center_1050_36,center,1050,bayes,999.4262500327283,-7.711816648964024,900.0,600.0,direction,279.048446476985,1081.6653826391969,1,10.050722083035057,21.876289599833026,43.75257919966612,1,1,1,0,1,9.993755925858688,22.472404247457685,44.94480849491544,1,1,1,0
center_1050_37,center,1050,bayes,605.8517004940121,-0.4659035382402336,900.0,600.0,direction,243.0066185299286,1081.6653826391969,1,16.710884170379853,23.890335112805488,47.780670225611075,1,1,1,0,1,19.37730247527693,20.998943613237802,41.997887226475605,1,1,1,0
center_1050_38,center,1050,bayes,898.58017916434,-6.3249594636735855,900.0,600.0,direction,268.9948070056743,1081.6653826391969,1,15.839418530940193,19.07797875909138,38.15595751818276,0,0,1,1,1,13.08364661817723,18.886234126656305,37.769381567870106,1,1,1,1
center_1050_39,center,1050,bayes,960.8322770725396,-23.196041210467303,900.0,600.0,direction,275.7184840852124,1081.6653826391969,1,6.436662747951893,20.31095497131261,40.62190994262522,1,1,1,0,1,6.30767693825325,21.164980567474142,42.32996113494835,1,1,1,0
center_1050_40,center,1050,bayes,544.7360605341349,-2.2753959263567163,900.0,600.0,direction,239.39165684991318,1081.6653826391969,1,12.434805205493848,22.279762763582944,44.55952552716589,1,1,1,0,1,8.694644149497647,21.70955776626793,43.41911553253576,1,1,1,0
center_1050_41,center,1050,bayes,771.888139530133,-7.97395786967928,900.0,600.0,direction,258.39176592975923,1081.6653826391969,1,5.541022045242271,17.642962298482253,35.283814974124496,1,1,1,1,1,5.6083923510685,19.202988871857137,38.405977743714274,1,1,1,1
center_1050_42,center,1050,bayes,752.4539357571787,-22.594015685313703,900.0,600.0,direction,255.74724149117202,1081.6653826391969,1,11.415226860591803,19.59070116594447,39.181402331889025,1,1,1,1,1,12.943206374672311,19.391211148752532,38.782422297505065,1,1,1,1
center_1050_43,center,1050,bayes,749.7758323865726,-24.548132404947907,900.0,600.0,direction,257.32854843014366,1081.6653826391969,1,16.282174582974314,17.602125263786252,35.202241480062256,1,1,1,1,1,16.690918680068872,19.27328842931163,38.54657685862326,1,1,1,1
center_1050_44,center,1050,bayes,256.07522441265013,-2.2385451365964504,900.0,600.0,direction,222.32771454761942,1081.6653826391969,1,18.742731776465455,28.06386691023712,56.12773382047424,1,1,1,0,1,19.47807390748398,27.50744039052351,55.01488078104699,1,1,1,0
center_1050_45,center,1050,bayes,901.7884611300626,-25.62809993107593,900.0,600.0,direction,270.78220745959084,1081.6653826391969,1,10.94845692771178,19.801724973859553,39.59741815046839,1,1,1,1,1,11.80154483773936,19.44979441466196,38.89958882932392,1,1,1,1
center_1050_46,center,1050,bayes,768.8374906259436,-6.837476609894155,900.0,600.0,direction,258.56507378328513,1081.6653826391969,1,9.325555299725876,19.590728237390348,39.181456474780695,1,1,1,1,1,9.403406185259886,19.192203833078047,38.38440766615609,1,1,1,1
center_1050_47,center,1050,bayes,748.0621764357714,-3.9679433067290635,900.0,600.0,direction,255.48326223749717,1081.6653826391969,1,11.334409979245995,19.67201779238364,39.34403558476728,1,1,1,1,1,11.172692461173979,19.412481807372192,38.824963614744476,1,1,1,1
center_1050_48,center,1050,bayes,560.2359384794456,-12.55099592700992,900.0,600.0,direction,240.05743169123994,1081.6653826391969,1,10.608437568159552,22.150919799773828,44.301839599547655,1,1,1,0,1,11.990604952826732,21.568593282543702,43.137186565087305,1,1,1,0
center_1050_49,center,1050,bayes,639.1437320330148,-19.536949065472612,900.0,600.0,direction,246.1986365916419,1081.6653826391969,1,11.361649853231283,20.582886144619586,41.16577228923927,1,1,1,0,1,12.494318754877188,20.474815057629645,40.94963011525938,1,1,1,0
center_1050_50,center,1050,bayes,278.16769202931926,-9.618546675096173,900.0,600.0,direction,224.34758237673566,1081.6653826391969,1,5.381625240444242,31.520978350705803,63.041956701411664,1,1,1,0,1,5.931381443319161,26.53251306742768,53.06502613485536,1,1,1,0
center_1050_51,center,1050,bayes,1021.8750672606438,-6.098848647468687,900.0,600.0,direction,281.38771967604566,1081.6653826391969,1,12.30992317241169,23.346413882696886,46.6928277653937,1,1,1,0,1,12.422942166284384,23.47694773780497,46.95389547560987,1,1,1,0
center_1050_52,center,1050,bayes,886.2061561599278,-23.342440179100915,900.0,600.0,direction,268.5563194206499,1081.6653826391969,1,6.706843423872903,19.07797875909138,38.15595751818276,1,1,1,1,1,7.951732145939734,18.882320128922544,37.75070930371058,1,1,1,1
center_1050_53,center,1050,bayes,935.789781142605,-23.251120205176157,900.0,600.0,direction,273.1574449510241,1081.6653826391969,1,6.80156932174155,20.107723115484085,40.215446230968105,1,1,1,0,1,6.894251425053949,20.244936734540367,40.4898734690808,1,1,1,0
center_1050_54,center,1050,bayes,961.3926888332853,-29.288868675103537,900.0,600.0,direction,275.30961383897335,1081.6653826391969,1,13.622808327442474,21.64439879849135,43.28879759698276,1,1,1,0,1,12.904841997253742,21.013410233560737,42.026820467121475,1,1,1,0
center_1050_55,center,1050,bayes,791.8403683312679,-20.769436000357743,900.0,600.0,direction,259.1821656165616,1081.6653826391969,1,12.653191338046495,19.587561384781363,39.170816065671474,1,1,1,1,1,11.878373120692636,19.155320894772085,38.31064178954417,1,1,1,1
center_1050_56,center,1050,bayes,1037.045141498394,-6.492740470974237,900.0,600.0,direction,282.34137701437595,1081.6653826391969,1,12.037085910369724,24.792328795146133,49.58465759029227,1,1,1,0,1,11.937631877995623,23.9092507962484,47.81850159249687,1,1,1,0
center_1050_57,center,1050,bayes,515.5956593166544,-16.093568463742518,900.0,600.0,direction,237.43148899654526,1081.6653826391969,1,10.318688194568455,23.345362764617715,46.69072552923543,1,1,1,0,1,8.873390481480468,22.15312356608618,44.30624713217236,1,1,1,0
center_1050_58,center,1050,bayes,398.8881356472739,-7.707906918485435,900.0,600.0,direction,230.64586111675385,1081.6653826391969,1,4.252092308125624,27.45568289965523,54.91136579931046,1,1,1,0,1,3.3784712582988288,24.069140566513447,48.138281133026844,1,1,1,0
center_1050_59,center,1050,bayes,720.694253182749,-2.8470349389329135,900.0,600.0,direction,253.01253458982495,1081.6653826391969,1,10.21470976135502,19.781630163842085,39.563260327684254,1,1,1,1,1,12.290613280639489,19.634200856951967,39.26840171390403,1,1,1,1
center_1050_60,center,1050,bayes,393.242585813216,-10.903301099357924,900.0,600.0,direction,230.981358601574,1081.6653826391969,1,10.662654757829438,27.45568289965523,54.91136579931046,1,1,1,0,1,15.259398106344916,23.958542091763555,47.91708418352711,1,1,1,0
center_1050_61,center,1050,bayes,762.8524216708158,-12.352458025284978,900.0,600.0,direction,257.4043611243037,1081.6653826391969,1,1.6330065708483545,17.602125263786252,35.202241480062256,1,1,1,1,1,0.7285530112749841,19.26803876241278,38.53607752482556,1,1,1,1
center_1050_62,center,1050,bayes,923.2481526989645,-19.162838442746683,900.0,600.0,direction,271.3004235958782,1081.6653826391969,1,9.941238574080833,21.25134186008345,42.5026837201669,0,0,1,0,1,9.464292509698048,19.618822730823364,39.23764546164679,1,1,1,1
center_1050_63,center,1050,bayes,436.6247447322062,-3.291299665797407,900.0,600.0,direction,231.78741342283496,1081.6653826391969,1,18.347958046297034,22.22090696475688,44.44181392951376,1,1,1,0,1,15.356719471032696,23.700223356152115,47.40044671230417,1,1,1,0
center_1050_64,center,1050,bayes,571.3835014778964,-9.047818140141173,900.0,600.0,direction,242.01473057979067,1081.6653826391969,1,9.889768747866864,21.445278704361993,42.890557408723986,1,1,1,0,1,4.33089126020233,21.180896673482167,42.36179334696443,1,1,1,0
center_1050_65,center,1050,bayes,573.1643029707981,-6.235560626799609,900.0,600.0,direction,241.2408843654155,1081.6653826391969,1,7.968794257855545,21.774790023519245,43.54958004703849,1,1,1,0,1,8.691773346392651,21.32952848329024,42.65905696658048,1,1,1,0
center_1050_66,center,1050,bayes,489.9151614315491,-13.757301382814031,900.0,600.0,direction,236.0113317256027,1081.6653826391969,1,5.681827072634468,23.951563416666225,47.90312683333245,1,1,1,0,1,5.58658207705693,22.50271549316118,45.00543098632241,1,1,1,0
center_1050_67,center,1050,bayes,557.0866548095656,-13.36631168424954,900.0,600.0,direction,240.33657849861333,1081.6653826391969,1,8.06145303664204,22.150919799773828,44.301839599547655,1,1,1,0,1,6.036678286097152,21.510893509973265,43.02178701994653,1,1,1,0
center_1050_68,center,1050,bayes,942.6907968851486,-6.960421705156837,900.0,600.0,direction,273.11619566015554,1081.6653826391969,1,12.397615619153898,20.107723115484085,40.215446230968105,1,1,1,0,1,13.004576970157196,20.230669972475766,40.46133994495147,1,1,1,0
center_1050_69,center,1050,bayes,597.7277811329395,-12.31037084610198,900.0,600.0,direction,244.48405291041806,1081.6653826391969,1,6.146711436908247,21.025917420917096,42.051834841834285,1,1,1,0,1,10.818791226461215,20.745041004624213,41.490082009248425,1,1,1,0
center_1050_70,center,1050,bayes,328.5156149510144,-4.560073798103934,900.0,600.0,direction,227.36086684843087,1081.6653826391969,1,8.482342900680615,26.72763610345357,53.455272206907196,1,1,1,0,1,13.44119583680154,25.255808954871352,50.51161790974276,1,1,1,0
center_1050_71,center,1050,bayes,270.2119747941523,-3.9826493043127433,900.0,600.0,direction,223.77059066021874,1081.6653826391969,1,3.32789384752063,29.821857048383276,59.64371409676661,1,1,1,0,1,1.5208842698075982,26.800504580729868,53.60100916145968,1,1,1,0
center_1050_72,center,1050,bayes,1047.1177514569697,-13.055115396165462,900.0,600.0,direction,282.64416025134534,1081.6653826391969,1,9.503098703838136,24.799061317359314,49.59812263471855,1,1,1,0,1,9.631555290495246,24.049439723997317,48.09887944799471,1,1,1,0
center_1050_73,center,1050,bayes,814.8087528497764,-7.677515480935876,900.0,600.0,direction,261.366994225363,1081.6653826391969,1,12.853215203558417,19.587169149282442,39.168371857096915,1,1,1,1,1,10.33290728918251,19.043529860480998,38.087059720961996,1,1,1,1
center_1050_74,center,1050,bayes,688.3410674946485,-13.305344749914298,900.0,600.0,direction,251.2202251655372,1081.6653826391969,1,3.706916970771388,19.946109038164952,39.89221807632981,1,1,1,1,1,3.6514866572295137,19.821519138058882,39.643038276117856,1,1,1,1
center_1050_75,center,1050,bayes,922.0852048975366,-11.23139978110672,900.0,600.0,direction,272.7114229988866,1081.6653826391969,1,9.549447742841187,20.075967212307507,40.151934424615014,1,1,1,0,1,9.047851235208842,20.091557241349566,40.18311448269913,1,1,1,0
center_1050_76,center,1050,bayes,362.8254097121923,-1.4198098208570427,900.0,600.0,direction,228.03248809330492,1081.6653826391969,1,4.521189217157218,25.064917535115384,50.12983507023071,1,1,1,0,1,9.21362398803567,24.997023131521136,49.99404626304233,1,1,1,0
center_1050_77,center,1050,bayes,559.7807906992101,-1.1585560056238415,900.0,600.0,direction,240.08426852080362,1081.6653826391969,1,12.57952629541417,22.150919799773828,44.301839599547655,1,1,1,0,1,13.407775337426989,21.563010397770842,43.126020795541585,1,1,1,0
center_1050_78,center,1050,bayes,594.8913668385986,-11.272200281050585,900.0,600.0,direction,243.00451463772893,1081.6653826391969,1,3.085553278220017,23.890335112805488,47.780670225611075,1,1,1,0,1,6.102030749182201,20.99931960373027,41.99863920746044,1,1,1,0
center_1050_79,center,1050,bayes,962.207953247162,-9.524983363010078,900.0,600.0,direction,276.81295837098133,1081.6653826391969,1,13.998219126157483,21.728920665109477,43.457841330219026,1,1,1,0,1,14.14740782548107,21.579999160676266,43.15999832135253,1,1,1,0
center_1050_80,center,1050,bayes,627.2381909066758,-15.501714321217605,900.0,600.0,direction,246.2388873942327,1081.6653826391969,1,6.720629524349678,20.582886144619586,41.16577228923927,1,1,1,0,1,5.98198436364238,20.46877512139079,40.93755024278158,1,1,1,0
center_1050_81,center,1050,bayes,1023.1799863642893,-0.7210574558489327,900.0,600.0,direction,281.2957623875048,1081.6653826391969,1,17.466139378091288,23.346413882696886,46.6928277653937,1,1,1,0,1,17.427070670653833,23.435986965395582,46.87197393079109,1,1,1,0
center_1050_82,center,1050,bayes,994.662200248838,-32.955093060941614,900.0,600.0,direction,277.6839853604223,1081.6653826391969,1,19.527183640172847,21.775471289972884,43.55094257994577,1,1,1,0,1,19.060592354723433,21.92033921993915,43.840678439878374,1,1,1,0
center_1050_83,center,1050,bayes,911.8070773835489,-20.374382515495295,900.0,600.0,direction,271.04785371507467,1081.6653826391969,1,4.613396684091355,21.25134186008345,42.5026837201669,1,1,1,0,1,4.272843150201164,19.536140730640376,39.07228146128069,1,1,1,1
center_1050_84,center,1050,bayes,714.7905400433636,-1.3668493119982137,900.0,600.0,direction,252.8020734227023,1081.6653826391969,1,11.578667594665042,19.817196385515686,39.63439277103137,1,1,1,1,1,11.685517555511213,19.655018648227188,39.31003729645446,1,1,1,1
center_1050_85,center,1050,bayes,870.4691136498999,-30.048987597048807,900.0,600.0,direction,267.9013071321849,1081.6653826391969,1,16.073034680379486,19.779822869797176,39.55362061393678,1,1,1,1,1,16.310302199397196,18.880595521437545,37.75651899716353,1,1,1,1
center_1050_86,center,1050,bayes,187.66940805050984,-4.9384474059409245,900.0,600.0,direction,220.63573461387912,1081.6653826391969,1,9.964121729149428,32.40204492609804,64.80408985219606,1,1,1,0,1,9.34205523829141,28.409094672262945,56.81818934452592,1,1,1,0
center_1050_87,center,1050,bayes,785.275813404518,-19.138011739560408,900.0,600.0,direction,259.0805102550216,1081.6653826391969,1,6.7501993464829955,19.587561384781363,39.170816065671474,1,1,1,1,1,6.931875550284455,19.161234122028382,38.32246824405684,1,1,1,1
center_1050_88,center,1050,bayes,1024.140350464284,-3.3910134586452276,900.0,600.0,direction,281.56100121506074,1081.6653826391969,1,15.510297335685863,23.363708232612158,46.72741646522439,1,1,1,0,1,15.041291477527025,23.554474612992074,47.1089492259843,1,1,1,0
center_1050_89,center,1050,bayes,959.8627598291861,-2.0293202191045596,900.0,600.0,direction,275.6888438490055,1081.6653826391969,1,15.216209357116421,20.31095497131261,40.62190994262522,1,1,1,0,1,15.105919117119807,21.1539304611918,42.30786092238367,1,1,1,0
center_1050_90,center,1050,bayes,490.0003901730558,-4.117781936385295,900.0,600.0,direction,236.60723221718672,1081.6653826391969,1,10.746767097998166,23.637709858382117,47.27541971676423,1,1,1,0,1,9.57929857807822,22.353017654807324,44.70603530961465,1,1,1,0
center_1050_91,center,1050,bayes,457.786114544035,-0.8673657877512453,900.0,600.0,direction,233.4013016309692,1081.6653826391969,1,14.976983875159716,25.57200116117884,51.14400232235773,1,1,1,0,1,11.399676054195789,23.21296775996167,46.425935519923286,1,1,1,0
center_1050_92,center,1050,bayes,930.8581722259103,-16.342710655428835,900.0,600.0,direction,272.66669068504444,1081.6653826391969,1,0.7758677949125483,20.075967212307507,40.151934424615014,1,1,1,0,1,1.8532490342673253,20.076281369661086,40.152562739322235,1,1,1,0
center_1050_93,center,1050,bayes,906.0057395657499,-9.81826046270774,900.0,600.0,direction,269.76105650233006,1081.6653826391969,1,10.036013656484098,19.20184758601774,38.22675669867038,1,1,1,1,1,10.265012873497326,19.12362655980005,38.2472531196001,1,1,1,1
center_1050_94,center,1050,bayes,810.2029767239827,-4.570245873595055,900.0,600.0,direction,260.5761948391534,1081.6653826391969,1,15.265335322679366,19.584630932945327,39.163296197587876,1,1,1,1,1,15.349467489629458,19.08063918750007,38.161278375000215,1,1,1,1
center_1050_95,center,1050,bayes,831.8577223109168,-6.119344052300393,900.0,600.0,direction,263.51368924557573,1081.6653826391969,1,8.5325557242477,17.966293196735737,35.92711368652036,1,1,1,1,1,8.38756636378922,18.96165072853906,37.92330145707812,1,1,1,1
center_1050_96,center,1050,bayes,528.6281818785884,-17.381180046605202,900.0,600.0,direction,238.60587629357425,1081.6653826391969,1,9.67576303830151,22.094270367100314,44.18854073420052,1,1,1,0,1,8.5291438975951,21.882149622847706,43.76429924569536,1,1,1,0
center_1050_97,center,1050,bayes,745.8105843571283,-19.24687618559715,900.0,600.0,direction,256.89870009149257,1081.6653826391969,1,11.62001876054829,17.584523531041068,35.16652772291748,1,1,1,1,1,12.881386578786076,19.303747320032933,38.60749464006595,1,1,1,1
center_1050_98,center,1050,bayes,117.23440560977066,-0.379882465313582,900.0,600.0,direction,216.50648749629536,1081.6653826391969,1,21.981678022803433,36.781066216892675,73.56213243378537,1,1,0,0,1,29.977475383174873,31.000656680347827,62.00131336069565,1,1,0,0
center_1050_99,center,1050,bayes,775.9527260296757,-5.470877370220447,900.0,600.0,direction,259.31894536144875,1081.6653826391969,1,9.794651883652387,19.587561384781363,39.170816065671474,1,1,1,1,1,11.345900173015306,19.147465335632198,38.294930671264396,1,1,1,1
center_1050_0,center,1050,fixed_assumed,493.1024849241212,-15.99786230749816,900.0,450.0,direction,228.35701599425988,1006.2305898749054,1,7.8499540870739555,23.14030951348768,46.280619026975366,1,1,1,0,1,7.849954087073961,23.140309513487683,46.280619026975366,1,1,1,0
center_1050_1,center,1050,fixed_assumed,1008.6066583209374,-27.84629838737199,900.0,450.0,direction,282.71335853022765,1006.2305898749054,1,10.422280991852244,21.791169896232855,43.582339792465774,1,1,1,0,1,10.422280991852137,21.791169896232862,43.58233979246579,1,1,1,0
center_1050_2,center,1050,fixed_assumed,814.5857040907619,-18.496022633934214,900.0,450.0,direction,259.1241837217064,1006.2305898749054,1,6.053398062937879,17.822568838003285,35.6451376760065,1,1,1,1,1,6.0533980629377995,17.822568838003292,35.64513767600651,1,1,1,1
center_1050_3,center,1050,fixed_assumed,1040.0993418094056,-29.96887443475529,900.0,450.0,direction,285.3501635076811,1006.2305898749054,1,16.23395351484093,22.837775106034492,45.675550212069055,1,1,1,0,1,16.23395351484093,22.8377751060345,45.67555021206906,1,1,1,0
center_1050_4,center,1050,fixed_assumed,215.29147008510546,-4.299840099187911,900.0,450.0,direction,214.25686477331135,1006.2305898749054,1,17.940412291698035,30.417813055392593,60.835626110785185,1,1,1,0,1,17.940412291698006,30.417813055392593,60.835626110785185,1,1,1,0
center_1050_5,center,1050,fixed_assumed,172.05289278762478,-4.1317068245293465,900.0,450.0,direction,212.57572287696834,1006.2305898749054,1,18.442003674989518,31.74908818876911,63.49817637753822,1,1,1,0,1,18.442003674989348,31.74908818876914,63.49817637753825,1,1,1,0
center_1050_6,center,1050,fixed_assumed,186.66701913185787,-5.234832228916988,900.0,450.0,direction,211.61251589846879,1006.2305898749054,1,22.6622732643577,32.57874419119109,65.15748838238218,1,1,0,0,1,22.6622732643577,32.57874419119109,65.15748838238218,1,1,0,0
center_1050_7,center,1050,fixed_assumed,814.7490529331187,-23.83014192520265,900.0,450.0,direction,258.83232955715914,1006.2305898749054,1,11.919513910228849,17.83861944787606,35.67723889575212,1,1,1,1,1,11.919513910229162,17.838619447876063,35.67723889575213,1,1,1,1
center_1050_8,center,1050,fixed_assumed,719.2186658797532,-11.384236884384821,900.0,450.0,direction,248.03403503203882,1006.2305898749054,1,6.011829846241341,18.803383545231227,37.606767090462455,1,1,1,1,1,6.011829846241341,18.80338354523123,37.60676709046246,1,1,1,1
center_1050_9,center,1050,fixed_assumed,1001.1507127341364,-3.7221681770851194,900.0,450.0,direction,282.3853123459322,1006.2305898749054,1,14.139958519519382,21.667537101736087,43.33507420347224,1,1,1,0,1,14.139958519519372,21.667537101736094,43.33507420347225,1,1,1,0
center_1050_10,center,1050,fixed_assumed,923.5218940983959,-24.014815565953448,900.0,450.0,direction,273.653377462961,1006.2305898749054,1,10.046745119492506,18.81534191834839,37.63068383669678,1,1,1,1,1,10.0467451194925,18.815341918348395,37.63068383669679,1,1,1,1
center_1050_11,center,1050,fixed_assumed,930.2230108606025,-12.723156016821518,900.0,450.0,direction,274.4288053797077,1006.2305898749054,1,7.276978279592281,19.038988506818768,38.077977013637536,1,1,1,1,1,7.276978279592376,19.03898850681877,38.07797701363754,1,1,1,1
center_1050_12,center,1050,fixed_assumed,670.7835533234054,-9.054188245207548,900.0,450.0,direction,243.76174295821153,1006.2305898749054,1,2.8020598560190613,19.411436771045985,38.822873542091884,1,1,1,1,1,2.802059856019005,19.411436771045988,38.82287354209189,1,1,1,1
center_1050_13,center,1050,fixed_assumed,835.475981451418,-20.550214134299296,900.0,450.0,direction,261.4968849568024,1006.2305898749054,1,8.100320149012463,17.710108716059704,35.42021743211941,1,1,1,1,1,8.100320149012537,17.710108716059707,35.420217432119415,1,1,1,1
center_1050_14,center,1050,fixed_assumed,525.770818571492,-9.396474422352357,900.0,450.0,direction,231.7364382644326,1006.2305898749054,1,11.750716437346084,22.062296206591263,44.124592413182526,1,1,1,0,1,11.750716437346082,22.062296206591263,44.124592413182526,1,1,1,0
center_1050_15,center,1050,fixed_assumed,609.9631950797648,-7.40286612529901,900.0,450.0,direction,237.49058395757436,1006.2305898749054,1,4.663474514618673,20.595134980774667,41.19026996154933,1,1,1,0,1,4.663474514618673,20.595134980774667,41.19026996154933,1,1,1,0
center_1050_16,center,1050,fixed_assumed,1044.3726713449898,-20.257741589275486,900.0,450.0,direction,287.0248772262743,1006.2305898749054,1,1.8513516620019088,23.555532477438,47.111064954876,1,1,1,0,1,1.851351662001838,23.555532477438003,47.11106495487601,1,1,1,0
center_1050_17,center,1050,fixed_assumed,943.570591694959,-15.470554511630155,900.0,450.0,direction,275.2204028027898,1006.2305898749054,1,1.323182111891935,19.272538468304422,38.545076936608794,1,1,1,1,1,1.3231821118920943,19.272538468304433,38.5450769366088,1,1,1,1
center_1050_18,center,1050,fixed_assumed,768.2977752653748,-11.998014862667759,900.0,450.0,direction,253.9969059001758,1006.2305898749054,1,1.8492896548138853,18.178129413813725,36.35625882762753,1,1,1,1,1,1.8492896548136228,18.17812941381373,36.356258827627535,1,1,1,1
center_1050_19,center,1050,fixed_assumed,602.8638262582217,-13.838769306600073,900.0,450.0,direction,237.563866195393,1006.2305898749054,1,5.532108134939062,20.579016399932076,41.15803279986415,1,1,1,0,1,5.532108134938888,20.57901639993208,41.15803279986416,1,1,1,0
center_1050_20,center,1050,fixed_assumed,194.9038422689176,-6.60936386977219,900.0,450.0,direction,212.70292306598355,1006.2305898749054,1,3.93036556318257,31.64333399452754,63.28666798905511,1,1,1,0,1,3.9303655631825687,31.64333399452754,63.28666798905511,1,1,1,0
center_1050_21,center,1050,fixed_assumed,907.6368213865607,-10.889924125810085,900.0,450.0,direction,271.4097334577839,1006.2305898749054,1,6.615786922110546,18.195032451845343,36.390064903690686,1,1,1,1,1,6.615786922110691,18.195032451845346,36.39006490369069,1,1,1,1
center_1050_22,center,1050,fixed_assumed,224.42906854986794,-4.139088677270899,900.0,450.0,direction,212.9794281959972,1006.2305898749054,1,23.40420039499226,31.416391513271478,62.83278302654293,1,1,0,0,1,23.404200394992234,31.416391513271478,62.83278302654293,1,1,0,0
center_1050_23,center,1050,fixed_assumed,891.0403435792754,-16.267457527783073,900.0,450.0,direction,268.1147400720416,1006.2305898749054,1,6.381507226042193,17.56389073817792,35.121133201150634,1,1,1,1,1,6.381507226042304,17.56389073817793,35.12113320115064,1,1,1,1
center_1050_24,center,1050,fixed_assumed,924.8624777592879,-16.849771472077748,900.0,450.0,direction,273.56301187784095,1006.2305898749054,1,4.49773908811545,18.78960007028575,37.579200140571444,1,1,1,1,1,4.497739088115676,18.789600070285754,37.57920014057146,1,1,1,1
center_1050_25,center,1050,fixed_assumed,1046.5053774160413,-33.38502992597362,900.0,450.0,direction,287.8253903813034,1006.2305898749054,1,15.466727857159706,23.9145554845779,47.82911096915594,1,1,1,0,1,15.466727857159567,23.914555484577903,47.82911096915595,1,1,1,0
center_1050_26,center,1050,fixed_assumed,783.1832919913165,-5.919789383146634,900.0,450.0,direction,255.03377722872463,1006.2305898749054,1,10.425373990896983,18.09334278459012,36.18668556918016,1,1,1,1,1,10.425373990896981,18.093342784590124,36.18668556918017,1,1,1,1
center_1050_27,center,1050,fixed_assumed,665.4455635291836,-3.5969877002351387,900.0,450.0,direction,243.41371004892852,1006.2305898749054,1,8.474383976945404,19.467537242795927,38.935074485591855,1,1,1,1,1,8.474383976945447,19.46753724279593,38.93507448559186,1,1,1,1
center_1050_28,center,1050,fixed_assumed,628.5922209666428,-6.288821235185171,900.0,450.0,direction,238.94389483580792,1006.2305898749054,1,7.618778424274053,20.28625404342246,40.57250808684492,1,1,1,0,1,7.618778424274055,20.28625404342246,40.57250808684492,1,1,1,0
center_1050_29,center,1050,fixed_assumed,793.1368325330502,-3.248160062469615,900.0,450.0,direction,257.5465114776769,1006.2305898749054,1,11.27164722930793,17.91523045734676,35.83046091469359,1,1,1,1,1,11.271647229307979,17.915230457346762,35.830460914693596,1,1,1,1
center_1050_30,center,1050,fixed_assumed,838.0046387209015,-15.33782547297264,900.0,450.0,direction,262.1253342349875,1006.2305898749054,1,2.679820703889608,17.685623751150445,35.37124750230089,1,1,1,1,1,2.679820703889819,17.685623751150448,35.371247502300896,1,1,1,1
center_1050_31,center,1050,fixed_assumed,838.6042173330461,-19.6520145528438,900.0,450.0,direction,262.26417062507835,1006.2305898749054,1,5.581442530723305,17.680510362919406,35.36102072583875,1,1,1,1,1,5.581442530723259,17.68051036291941,35.361020725838756,1,1,1,1
center_1050_32,center,1050,fixed_assumed,362.423319285364,-1.0962401601018381,900.0,450.0,direction,219.88132490546175,1006.2305898749054,1,9.650998173101499,26.82753310647707,53.65506621295408,1,1,1,0,1,9.650998173101499,26.82753310647707,53.65506621295408,1,1,1,0
center_1050_33,center,1050,fixed_assumed,935.5995653927193,-18.089974908007182,900.0,450.0,direction,273.56919035321954,1006.2305898749054,1,6.4415430684402315,18.791357988542792,37.58271597708552,1,1,1,1,1,6.44154306844012,18.791357988542792,37.58271597708553,1,1,1,1
center_1050_34,center,1050,fixed_assumed,819.9812066366562,-3.8810361228309187,900.0,450.0,direction,259.7253253453888,1006.2305898749054,1,11.072772357977268,17.7910521002847,35.58210420056946,1,1,1,1,1,11.072772357977271,17.7910521002847,35.58210420056947,1,1,1,1
center_1050_35,center,1050,fixed_assumed,534.5831079078804,-8.624352636141245,900.0,450.0,direction,232.27483949073672,1006.2305898749054,1,9.803425392983357,21.906653713457008,43.813307426914015,1,1,1,0,1,9.803425392983357,21.906653713457008,43.813307426914015,1,1,1,0
center_1050_36,center,1050,fixed_assumed,999.4262500327283,-7.711816648964024,900.0,450.0,direction,282.01239597769444,1006.2305898749054,1,9.970649275691816,21.52865955300725,43.0573191060145,1,1,1,0,1,9.970649275691796,21.528659553007255,43.05731910601451,1,1,1,0
center_1050_37,center,1050,fixed_assumed,605.8517004940121,-0.4659035382402336,900.0,450.0,direction,235.96130980058524,1006.2305898749054,1,19.42166836890859,20.945265619629772,41.890531239259545,1,1,1,0,1,19.421668368908595,20.945265619629776,41.89053123925955,1,1,1,0
center_1050_38,center,1050,fixed_assumed,898.58017916434,-6.3249594636735855,900.0,450.0,direction,268.95070437288723,1006.2305898749054,1,11.611991924617483,17.568658400400604,35.11695415075015,1,1,1,1,1,11.611991924617357,17.568658400400608,35.11695415075016,1,1,1,1
center_1050_39,center,1050,fixed_assumed,960.8322770725396,-23.196041210467303,900.0,450.0,direction,277.4688589725498,1006.2305898749054,1,6.263685753331886,19.966764617224037,39.93352923444807,1,1,1,1,1,6.263685753331863,19.966764617224044,39.93352923444809,1,1,1,1
center_1050_40,center,1050,fixed_assumed,544.7360605341349,-2.2753959263567163,900.0,450.0,direction,231.77695755226617,1006.2305898749054,1,9.523797001079032,22.05043797312931,44.100875946258725,1,1,1,0,1,9.52379700107903,22.05043797312931,44.100875946258725,1,1,1,0
center_1050_41,center,1050,fixed_assumed,771.888139530133,-7.97395786967928,900.0,450.0,direction,254.6627869594358,1006.2305898749054,1,5.355535381061021,18.122906625503713,36.24581325100743,1,1,1,1,1,5.355535381061042,18.122906625503717,36.245813251007434,1,1,1,1
center_1050_42,center,1050,fixed_assumed,752.4539357571787,-22.594015685313703,900.0,450.0,direction,251.74097082303018,1006.2305898749054,1,11.195719419853193,18.386349019236352,36.772698038472704,1,1,1,1,1,11.195719419853246,18.386349019236356,36.77269803847271,1,1,1,1
center_1050_43,center,1050,fixed_assumed,749.7758323865726,-24.548132404947907,900.0,450.0,direction,253.28729344129857,1006.2305898749054,1,15.832077097111775,18.240070807689435,36.48014161537895,1,1,1,1,1,15.832077097111616,18.24007080768944,36.480141615378955,1,1,1,1
center_1050_44,center,1050,fixed_assumed,256.07522441265013,-2.2385451365964504,900.0,450.0,direction,214.32461312781217,1006.2305898749054,1,21.25242374220207,30.36704004273044,60.73408008546088,1,1,0,0,1,21.252423742202037,30.36704004273044,60.73408008546088,1,1,0,0
center_1050_45,center,1050,fixed_assumed,901.7884611300626,-25.62809993107593,900.0,450.0,direction,270.8338615668356,1006.2305898749054,1,10.992602314485836,18.041851425350682,36.08370285070142,1,1,1,1,1,10.992602314485886,18.04185142535069,36.08370285070143,1,1,1,1
center_1050_46,center,1050,fixed_assumed,768.8374906259436,-6.837476609894155,900.0,450.0,direction,254.7421395161693,1006.2305898749054,1,7.863063368014239,18.116511104172737,36.23302220834555,1,1,1,1,1,7.8630633680141795,18.11651110417274,36.23302220834556,1,1,1,1
center_1050_47,center,1050,fixed_assumed,748.0621764357714,-3.9679433067290635,900.0,450.0,direction,251.09912572590537,1006.2305898749054,1,11.070283495598837,18.45172380652755,36.9034476130551,1,1,1,1,1,11.07028349559884,18.451723806527554,36.90344761305511,1,1,1,1
center_1050_48,center,1050,fixed_assumed,560.2359384794456,-12.55099592700992,900.0,450.0,direction,232.77435799430563,1006.2305898749054,1,10.133999759588184,21.765909916428384,43.531819832856876,1,1,1,0,1,10.133999759588184,21.765909916428384,43.531819832856876,1,1,1,0
center_1050_49,center,1050,fixed_assumed,639.1437320330148,-19.536949065472612,900.0,450.0,direction,239.97735262358108,1006.2305898749054,1,10.49960673046222,20.079949894212447,40.159899788424994,1,1,1,0,1,10.499606730462283,20.07994989421245,40.159899788425,1,1,1,0
center_1050_50,center,1050,fixed_assumed,278.16769202931926,-9.618546675096173,900.0,450.0,direction,216.3852688188621,1006.2305898749054,1,6.778198633111784,28.91846630454471,57.83693260908942,1,1,1,0,1,6.778198633111781,28.91846630454471,57.83693260908942,1,1,1,0
center_1050_51,center,1050,fixed_assumed,1021.8750672606438,-6.098848647468687,900.0,450.0,direction,284.97881752891016,1006.2305898749054,1,12.619656790362477,22.68442642215322,45.3688528443063,1,1,1,0,1,12.61965679036249,22.684426422153223,45.36885284430631,1,1,1,0
center_1050_52,center,1050,fixed_assumed,886.2061561599278,-23.342440179100915,900.0,450.0,direction,268.15479683995767,1006.2305898749054,1,7.956282256849427,17.563948521625395,35.12076238192444,1,1,1,1,1,7.956282256849452,17.5639485216254,35.12076238192446,1,1,1,1
center_1050_53,center,1050,fixed_assumed,935.789781142605,-23.251120205176157,900.0,450.0,direction,274.19566338697774,1006.2305898749054,1,6.887949815410018,18.971221768035086,37.942443536070115,1,1,1,1,1,6.887949815410027,18.971221768035093,37.94244353607013,1,1,1,1
center_1050_54,center,1050,fixed_assumed,961.3926888332853,-29.288868675103537,900.0,450.0,direction,277.0368752190557,1006.2305898749054,1,12.85105403414314,19.829683455319238,39.659366910638475,1,1,1,1,1,12.851054034143136,19.829683455319238,39.659366910638475,1,1,1,1
center_1050_55,center,1050,fixed_assumed,791.8403683312679,-20.769436000357743,900.0,450.0,direction,256.12666465706536,1006.2305898749054,1,9.819363967623785,18.011181883271956,36.02236376654383,1,1,1,1,1,9.819363967624012,18.01118188327196,36.02236376654384,1,1,1,1
center_1050_56,center,1050,fixed_assumed,1037.045141498394,-6.492740470974237,900.0,450.0,direction,286.31891707991275,1006.2305898749054,1,11.881181342579985,23.247617153719602,46.495234307439276,1,1,1,0,1,11.88118134258001,23.24761715371961,46.49523430743928,1,1,1,0
center_1050_57,center,1050,fixed_assumed,515.5956593166544,-16.093568463742518,900.0,450.0,direction,229.87946140053086,1006.2305898749054,1,7.907963980341435,22.632136592396968,45.264273184793936,1,1,1,0,1,7.907963980341432,22.632136592396968,45.264273184793936,1,1,1,0
center_1050_58,center,1050,fixed_assumed,398.8881356472739,-7.707906918485435,900.0,450.0,direction,222.56272211071177,1006.2305898749054,1,3.5197733652018557,25.478510523972197,50.957021047944394,1,1,1,0,1,3.519773365201909,25.478510523972197,50.957021047944394,1,1,1,0
center_1050_59,center,1050,fixed_assumed,720.694253182749,-2.8470349389329135,900.0,450.0,direction,247.97548018968484,1006.2305898749054,1,12.288285379869688,18.81075971708376,37.6215194341676,1,1,1,1,1,12.28828537986976,18.810759717083762,37.62151943416761,1,1,1,1
center_1050_60,center,1050,fixed_assumed,393.242585813216,-10.903301099357924,900.0,450.0,direction,222.94477393622563,1006.2305898749054,1,16.031436525974772,25.301677092019258,50.603354184038515,1,1,1,0,1,16.031436525974883,25.301677092019258,50.603354184038515,1,1,1,0
center_1050_61,center,1050,fixed_assumed,762.8524216708158,-12.352458025284978,900.0,450.0,direction,253.5065390505447,1006.2305898749054,1,0.7868790069432612,18.220589559003923,36.441179118007845,1,1,1,1,1,0.7868790069432628,18.220589559003923,36.441179118007845,1,1,1,1
center_1050_62,center,1050,fixed_assumed,923.2481526989645,-19.162838442746683,900.0,450.0,direction,271.98693187742873,1006.2305898749054,1,7.425896859829277,18.350967040672,36.70193408134395,1,1,1,1,1,7.425896859829169,18.350967040672007,36.701934081343964,1,1,1,1
center_1050_63,center,1050,fixed_assumed,436.6247447322062,-3.291299665797407,900.0,450.0,direction,223.68424855179728,1006.2305898749054,1,16.01915620959681,24.96940966699551,49.93881933399102,1,1,1,0,1,16.01915620959681,24.96940966699551,49.93881933399102,1,1,1,0
center_1050_64,center,1050,fixed_assumed,571.3835014778964,-9.047818140141173,900.0,450.0,direction,234.7665880630592,1006.2305898749054,1,3.585352662827484,21.237876232693495,42.47575246538688,1,1,1,0,1,3.585352662827372,21.237876232693495,42.47575246538688,1,1,1,0
center_1050_65,center,1050,fixed_assumed,573.1643029707981,-6.235560626799609,900.0,450.0,direction,233.95416359841545,1006.2305898749054,1,8.658806195996288,21.44695535682064,42.89391071364138,1,1,1,0,1,8.658806195996288,21.44695535682064,42.89391071364138,1,1,1,0
center_1050_66,center,1050,fixed_assumed,489.9151614315491,-13.757301382814031,900.0,450.0,direction,228.27514639180433,1006.2305898749054,1,5.655270674080317,23.168751275735413,46.33750255147088,1,1,1,0,1,5.655270674080315,23.168751275735413,46.337502551470884,1,1,1,0
center_1050_67,center,1050,fixed_assumed,557.0866548095656,-13.36631168424954,900.0,450.0,direction,233.04150711719652,1006.2305898749054,1,5.098491392919016,21.692051654142478,43.384103308284956,1,1,1,0,1,5.098491392918943,21.69205165414248,43.384103308284956,1,1,1,0
center_1050_68,center,1050,fixed_assumed,942.6907968851486,-6.960421705156837,900.0,450.0,direction,274.4301753306828,1006.2305898749054,1,11.415951771063174,19.039388057793133,38.07877611558621,1,1,1,1,1,11.41595177106318,19.039388057793136,38.078776115586216,1,1,1,1
center_1050_69,center,1050,fixed_assumed,597.7277811329395,-12.31037084610198,900.0,450.0,direction,237.57984597571078,1006.2305898749054,1,9.768199811133119,20.57550943242667,41.15101886485334,1,1,1,0,1,9.768199811133119,20.57550943242667,41.15101886485334,1,1,1,0
center_1050_70,center,1050,fixed_assumed,328.5156149510144,-4.560073798103934,900.0,450.0,direction,219.24870026083025,1006.2305898749054,1,13.319162772082802,27.175807815119644,54.35161563023929,1,1,1,0,1,13.319162772082688,27.175807815119644,54.35161563023929,1,1,1,0
center_1050_71,center,1050,fixed_assumed,270.2119747941523,-3.9826493043127433,900.0,450.0,direction,215.75475209059124,1006.2305898749054,1,1.7853057455884127,29.34280259247945,58.68560518495894,1,1,1,0,1,1.7853057455884123,29.342802592479508,58.685605184958966,1,1,1,0
center_1050_72,center,1050,fixed_assumed,1047.1177514569697,-13.055115396165462,900.0,450.0,direction,286.7754249175647,1006.2305898749054,1,7.703169375571654,23.445815952309964,46.891631904619786,1,1,1,0,1,7.703169375571976,23.445815952309967,46.89163190461979,1,1,1,0
center_1050_73,center,1050,fixed_assumed,814.8087528497764,-7.677515480935876,900.0,450.0,direction,258.8031092300996,1006.2305898749054,1,9.314219444197803,17.84025352301405,35.680507046028104,1,1,1,1,1,9.314219444197812,17.840253523014052,35.680507046028104,1,1,1,1
center_1050_74,center,1050,fixed_assumed,688.3410674946485,-13.305344749914298,900.0,450.0,direction,245.70731098216177,1006.2305898749054,1,3.2569119343428703,19.116527898637344,38.23305579727469,1,1,1,1,1,3.2569119343428694,19.116527898637347,38.233055797274694,1,1,1,1
center_1050_75,center,1050,fixed_assumed,922.0852048975366,-11.23139978110672,900.0,450.0,direction,273.38350172274886,1006.2305898749054,1,7.729038968422719,18.7386594610857,37.477318922171456,1,1,1,1,1,7.729038968422979,18.738659461085703,37.47731892217146,1,1,1,1
center_1050_76,center,1050,fixed_assumed,362.8254097121923,-1.4198098208570427,900.0,450.0,direction,219.8453328352299,1006.2305898749054,1,10.4740523483838,26.847020446839537,53.69404089367907,1,1,1,0,1,10.474052348383802,26.847020446839537,53.69404089367907,1,1,1,0
center_1050_77,center,1050,fixed_assumed,559.7807906992101,-1.1585560056238415,900.0,450.0,direction,232.5715023532137,1006.2305898749054,1,14.188067693292753,21.82264770149404,43.645295402987976,1,1,1,0,1,14.188067693292755,21.82264770149404,43.64529540298798,1,1,1,0
center_1050_78,center,1050,fixed_assumed,594.8913668385986,-11.272200281050585,900.0,450.0,direction,236.0473448466144,1006.2305898749054,1,5.153552839680495,20.924854228565383,41.84970845713077,1,1,1,0,1,5.153552839680494,20.924854228565383,41.84970845713077,1,1,1,0
center_1050_79,center,1050,fixed_assumed,962.207953247162,-9.524983363010078,900.0,450.0,direction,278.6950625325083,1006.2305898749054,1,12.238016924588615,20.366060567326528,40.732121134653,1,1,1,0,1,12.238016924588623,20.36606056732653,40.732121134653,1,1,1,0
center_1050_80,center,1050,fixed_assumed,627.2381909066758,-15.501714321217605,900.0,450.0,direction,239.77131804522364,1006.2305898749054,1,6.196467187180593,20.120222632560715,40.24044526512142,1,1,1,0,1,6.196467187180663,20.120222632560715,40.24044526512143,1,1,1,0
center_1050_81,center,1050,fixed_assumed,1023.1799863642893,-0.7210574558489327,900.0,450.0,direction,284.9931031017733,1006.2305898749054,1,17.616848562545577,22.690288133596244,45.38057626719256,1,1,1,0,1,17.616848562545687,22.690288133596248,45.380576267192566,1,1,1,0
center_1050_82,center,1050,fixed_assumed,994.662200248838,-32.955093060941614,900.0,450.0,direction,280.26784221393365,1006.2305898749054,1,18.305458418867165,20.901534847301093,41.803069694602186,1,1,1,0,1,18.305458418867094,20.9015348473011,41.8030696946022,1,1,1,0
center_1050_83,center,1050,fixed_assumed,911.8070773835489,-20.374382515495295,900.0,450.0,direction,271.3954267117787,1006.2305898749054,1,4.3112266439147024,18.191198200575023,36.3823964011501,1,1,1,1,1,4.311226643914691,18.19119820057503,36.38239640115012,1,1,1,1
center_1050_84,center,1050,fixed_assumed,714.7905400433636,-1.3668493119982137,900.0,450.0,direction,247.61007757839266,1006.2305898749054,1,12.084045942619923,18.85736637789566,37.71473275579132,1,1,1,1,1,12.084045942619927,18.85736637789566,37.71473275579132,1,1,1,1
center_1050_85,center,1050,fixed_assumed,870.4691136498999,-30.048987597048807,900.0,450.0,direction,267.0646467231357,1006.2305898749054,1,15.858311206338984,17.568503391253277,35.13698441680697,1,1,1,1,1,15.858311206338987,17.568503391253284,35.13698441680698,1,1,1,1
center_1050_86,center,1050,fixed_assumed,187.66940805050984,-4.9384474059409245,900.0,450.0,direction,212.8613655435942,1006.2305898749054,1,10.503241022141134,31.512802618625628,63.02560523725123,1,1,1,0,1,10.503241022141134,31.512802618625628,63.02560523725123,1,1,1,0
center_1050_87,center,1050,fixed_assumed,785.275813404518,-19.138011739560408,900.0,450.0,direction,255.8365906206439,1006.2305898749054,1,6.214888118825965,18.032277035058797,36.064554070117666,1,1,1,1,1,6.214888118825965,18.032277035058797,36.06455407011767,1,1,1,1
center_1050_88,center,1050,fixed_assumed,1024.140350464284,-3.3910134586452276,900.0,450.0,direction,285.24784498477135,1006.2305898749054,1,15.295103127762436,22.795318638071077,45.590637276142154,1,1,1,0,1,15.295103127762207,22.795318638071084,45.59063727614217,1,1,1,0
center_1050_89,center,1050,fixed_assumed,959.8627598291861,-2.0293202191045596,900.0,450.0,direction,277.55415514275336,1006.2305898749054,1,15.145390965435645,19.994048298120706,39.98809659624135,1,1,1,1,1,15.14539096543561,19.99404829812071,39.98809659624136,1,1,1,1
center_1050_90,center,1050,fixed_assumed,490.0003901730558,-4.117781936385295,900.0,450.0,direction,228.6937300347915,1006.2305898749054,1,7.991858290160442,23.024556885037583,46.049113770075216,1,1,1,0,1,7.991858290160443,23.024556885037583,46.049113770075216,1,1,1,0
center_1050_91,center,1050,fixed_assumed,457.786114544035,-0.8673657877512453,900.0,450.0,direction,225.3080029399864,1006.2305898749054,1,12.642350040135792,24.28343732533833,48.56687465067666,1,1,1,0,1,12.642350040135748,24.283437325338333,48.56687465067667,1,1,1,0
center_1050_92,center,1050,fixed_assumed,930.8581722259103,-16.342710655428835,900.0,450.0,direction,273.58625673809735,1006.2305898749054,1,1.3323744882479953,18.79621536955763,37.592430739115315,1,1,1,1,1,1.3323744882475412,18.796215369557633,37.59243073911532,1,1,1,1
center_1050_93,center,1050,fixed_assumed,906.0057395657499,-9.81826046270774,900.0,450.0,direction,269.9451067448093,1006.2305898749054,1,8.634568257956102,17.809973746954128,35.61994749390821,1,1,1,1,1,8.634568257956262,17.80997374695413,35.619947493908214,1,1,1,1
center_1050_94,center,1050,fixed_assumed,810.2029767239827,-4.570245873595055,900.0,450.0,direction,257.8501006273503,1006.2305898749054,1,13.831590961888052,17.896269410823642,35.792538821647284,1,1,1,1,1,13.831590961888054,17.896269410823646,35.79253882164729,1,1,1,1
center_1050_95,center,1050,fixed_assumed,831.8577223109168,-6.119344052300393,900.0,450.0,direction,261.43126632126547,1006.2305898749054,1,8.450170513196861,17.71279212659635,35.4255842531927,1,1,1,1,1,8.450170513196841,17.712792126596355,35.42558425319271,1,1,1,1
center_1050_96,center,1050,fixed_assumed,528.6281818785884,-17.381180046605202,900.0,450.0,direction,231.1639885639631,1006.2305898749054,1,8.610683513073464,22.232395169310518,44.46479033862098,1,1,1,0,1,8.610683513073484,22.232395169310518,44.464790338620986,1,1,1,0
center_1050_97,center,1050,fixed_assumed,745.8105843571283,-19.24687618559715,900.0,450.0,direction,252.69077885154286,1006.2305898749054,1,11.48436579007547,18.29464509735039,36.58929019470078,1,1,1,1,1,11.48436579007547,18.29464509735039,36.58929019470078,1,1,1,1
center_1050_98,center,1050,fixed_assumed,117.23440560977066,-0.379882465313582,900.0,450.0,direction,208.9331761514163,1006.2305898749054,1,33.94199010012849,35.18804789018081,70.37609578036162,1,1,0,0,1,33.94199010012849,35.18804789018081,70.37609578036162,1,1,0,0
center_1050_99,center,1050,fixed_assumed,775.9527260296757,-5.470877370220447,900.0,450.0,direction,255.66235653311907,1006.2305898749054,1,9.56717199228141,18.045194225801986,36.09038845160405,1,1,1,1,1,9.567171992281418,18.04519422580199,36.090388451604056,1,1,1,1
center_1050_0,center,1050,fixed_oracle,493.1024849241212,-15.99786230749816,750.0,450.0,direction,240.6163752258541,874.642784226795,1,7.8197835859800096,17.347767530923395,34.69553506184684,1,1,1,1,1,7.81978358598002,17.347767530923395,34.69553506184684,1,1,1,1
center_1050_1,center,1050,fixed_oracle,1008.6066583209374,-27.84629838737199,750.0,450.0,direction,298.3303999296347,874.642784226795,1,11.582266760930228,26.94415088227918,53.88830176455836,1,1,1,0,1,11.582266760930223,26.94415088227918,53.88830176455836,1,1,1,0
center_1050_2,center,1050,fixed_oracle,814.5857040907619,-18.496022633934214,750.0,450.0,direction,277.3058153079146,874.642784226795,1,6.354259452148439,17.50456049884341,35.00912099768682,1,1,1,1,1,6.354259452148261,17.504560498843414,35.00912099768683,1,1,1,1
center_1050_3,center,1050,fixed_oracle,1040.0993418094056,-29.96887443475529,750.0,450.0,direction,300.22733521075156,874.642784226795,1,20.43460144710557,28.262261068325028,56.52452213664996,1,1,0,0,1,20.43460144710557,28.26226106832503,56.52452213664997,1,1,0,0
center_1050_4,center,1050,fixed_oracle,215.29147008510546,-4.299840099187911,750.0,450.0,direction,221.04478161680737,874.642784226795,1,13.232711577281174,22.789369070011993,45.578738140024015,1,1,1,0,1,13.232711577281117,22.789369070011993,45.578738140024015,1,1,1,0
center_1050_5,center,1050,fixed_oracle,172.05289278762478,-4.1317068245293465,750.0,450.0,direction,218.77672840579865,874.642784226795,1,13.769284243473088,23.854882505315757,47.709765010631486,1,1,1,0,1,13.769284243473088,23.854882505315757,47.709765010631486,1,1,1,0
center_1050_6,center,1050,fixed_oracle,186.66701913185787,-5.234832228916988,750.0,450.0,direction,218.0093245999419,874.642784226795,1,16.51722313672768,24.24715646160079,48.49431292320158,1,1,1,0,1,16.517223136727708,24.24715646160079,48.49431292320161,1,1,1,0
center_1050_7,center,1050,fixed_oracle,814.7490529331187,-23.83014192520265,750.0,450.0,direction,276.8130891720563,874.642784226795,1,13.160721658799735,17.35664994783748,34.71329989567496,1,1,1,1,1,13.160721658799575,17.356649947837482,34.713299895674965,1,1,1,1
center_1050_8,center,1050,fixed_oracle,719.2186658797532,-11.384236884384821,750.0,450.0,direction,265.61362174931406,874.642784226795,1,4.995562076520143,15.288992600093101,30.577985200186202,1,1,1,1,1,4.995562076519698,15.288992600093104,30.57798520018621,1,1,1,1
center_1050_9,center,1050,fixed_oracle,1001.1507127341364,-3.7221681770851194,750.0,450.0,direction,298.7835993388618,874.642784226795,1,15.619521552036595,27.248747874346233,54.497495748692465,1,1,1,0,1,15.619521552036783,27.24874787434624,54.49749574869248,1,1,1,0
center_1050_10,center,1050,fixed_oracle,923.5218940983959,-24.014815565953448,750.0,450.0,direction,290.91862353829026,874.642784226795,1,9.135848340610753,22.724383824459764,45.448767648919606,1,1,1,0,1,9.13584834061074,22.724383824459768,45.44876764891961,1,1,1,0
center_1050_11,center,1050,fixed_oracle,930.2230108606025,-12.723156016821518,750.0,450.0,direction,291.97189919819465,874.642784226795,1,9.340086429052818,23.24783407194162,46.49566814388324,1,1,1,0,1,9.340086429052818,23.24783407194163,46.49566814388326,1,1,1,0
center_1050_12,center,1050,fixed_oracle,670.7835533234054,-9.054188245207548,750.0,450.0,direction,260.5049763217669,874.642784226795,1,3.081458615007071,15.431601249649814,30.86320249929963,1,1,1,1,1,3.081458615007011,15.431601249649816,30.863202499299632,1,1,1,1
center_1050_13,center,1050,fixed_oracle,835.475981451418,-20.550214134299296,750.0,450.0,direction,279.6004332117446,874.642784226795,1,8.839775909036945,18.22392501915461,36.447850038309156,1,1,1,1,1,8.839775909036772,18.223925019154617,36.44785003830916,1,1,1,1
center_1050_14,center,1050,fixed_oracle,525.770818571492,-9.396474422352357,750.0,450.0,direction,244.88628146094024,874.642784226795,1,8.77444359160736,16.721472668525227,33.442945337050354,1,1,1,1,1,8.77444359160736,16.721472668525227,33.44294533705036,1,1,1,1
center_1050_15,center,1050,fixed_oracle,609.9631950797648,-7.40286612529901,750.0,450.0,direction,252.8468547608851,874.642784226795,1,3.7868553842935615,15.88959356199442,31.779187123988837,1,1,1,1,1,3.7868553842935615,15.88959356199442,31.77918712398884,1,1,1,1
center_1050_16,center,1050,fixed_oracle,1044.3726713449898,-20.257741589275486,750.0,450.0,direction,302.0038031139368,874.642784226795,1,9.686773334305938,23.3364183771041,46.67283675420805,1,1,1,0,1,1.8808641728228177,29.607062002225067,59.21412400444996,1,1,1,0
center_1050_17,center,1050,fixed_oracle,943.570591694959,-15.470554511630155,750.0,450.0,direction,292.45325934881737,874.642784226795,1,1.314949349136517,23.49450963652742,46.98901927305484,1,1,1,0,1,1.3149493491365238,23.49450963652742,46.98901927305484,1,1,1,0
center_1050_18,center,1050,fixed_oracle,768.2977752653748,-11.998014862667759,750.0,450.0,direction,272.1762754454295,874.642784226795,1,1.620325332562814,16.065062952111255,32.13012590422251,1,1,1,1,1,1.6203253325627882,16.06506295211126,32.13012590422252,1,1,1,1
center_1050_19,center,1050,fixed_oracle,602.8638262582217,-13.838769306600073,750.0,450.0,direction,252.6078248072481,874.642784226795,1,4.395268271220211,15.908955353601902,31.8179107072038,1,1,1,1,1,4.395268271220139,15.908955353601904,31.817910707203808,1,1,1,1
center_1050_20,center,1050,fixed_oracle,194.9038422689176,-6.60936386977219,750.0,450.0,direction,219.21638389563893,874.642784226795,1,3.6662328797042867,23.63769878824593,47.27539757649186,1,1,1,0,1,3.6662328797042867,23.63769878824593,47.27539757649186,1,1,1,0
center_1050_21,center,1050,fixed_oracle,907.6368213865607,-10.889924125810085,750.0,450.0,direction,289.3425202990097,874.642784226795,1,8.322450127230395,21.980505363471345,43.96101072694269,1,1,1,0,1,8.322450127230399,21.980505363471348,43.961010726942696,1,1,1,0
center_1050_22,center,1050,fixed_oracle,224.42906854986794,-4.139088677270899,750.0,450.0,direction,219.8991220934713,874.642784226795,1,17.05188434550916,23.310852382643283,46.62170476528654,1,1,1,0,1,17.05188434550916,23.310852382643283,46.62170476528654,1,1,1,0
center_1050_23,center,1050,fixed_oracle,891.0403435792754,-16.267457527783073,750.0,450.0,direction,286.04552298044007,874.642784226795,1,6.796271668996019,20.561239342243013,41.122478684486026,1,1,1,0,1,6.796271668996019,20.56123934224302,41.12247868448604,1,1,1,0
center_1050_24,center,1050,fixed_oracle,924.8624777592879,-16.849771472077748,750.0,450.0,direction,291.04841352423676,874.642784226795,1,5.071777988399678,22.787709196387805,45.575418392775525,1,1,1,0,1,5.071777988399678,22.787709196387805,45.57541839277553,1,1,1,0
center_1050_25,center,1050,fixed_oracle,1046.5053774160413,-33.38502992597362,750.0,450.0,direction,302.4889649201227,874.642784226795,1,17.556068496025613,21.81820662048838,43.63641324097663,1,1,1,0,1,14.881719601318842,29.994660714008536,59.989321428017256,1,1,1,0
center_1050_26,center,1050,fixed_oracle,783.1832919913165,-5.919789383146634,750.0,450.0,direction,273.5678824091901,874.642784226795,1,8.810599775974632,16.43481158216577,32.86962316433148,1,1,1,1,1,8.810599775974584,16.434811582165775,32.86962316433149,1,1,1,1
center_1050_27,center,1050,fixed_oracle,665.4455635291836,-3.5969877002351387,750.0,450.0,direction,260.1978969288026,874.642784226795,1,9.15434507360005,15.444186287781237,30.888372575562475,1,1,1,1,1,9.154345073599995,15.444186287781239,30.888372575562478,1,1,1,1
center_1050_28,center,1050,fixed_oracle,628.5922209666428,-6.288821235185171,750.0,450.0,direction,254.78889448627754,874.642784226795,1,6.0238258060378405,15.744100852296876,31.48820170459367,1,1,1,1,1,6.023825806037997,15.744100852296878,31.488201704593674,1,1,1,1
center_1050_29,center,1050,fixed_oracle,793.1368325330502,-3.248160062469615,750.0,450.0,direction,276.2495824772172,874.642784226795,1,13.504219042038747,17.190176265659726,34.38035253131952,1,1,1,1,1,13.504219042038757,17.19017626565973,34.380352531319524,1,1,1,1
center_1050_30,center,1050,fixed_oracle,838.0046387209015,-15.33782547297264,750.0,450.0,direction,280.423256817354,874.642784226795,1,2.2789205383425832,18.494912322380035,36.98982464476,1,1,1,1,1,2.278920538342582,18.49491232238004,36.989824644760006,1,1,1,1
center_1050_31,center,1050,fixed_oracle,838.6042173330461,-19.6520145528438,750.0,450.0,direction,280.39579934038636,874.642784226795,1,5.741264267922449,18.485752593494603,36.971505186989276,1,1,1,1,1,5.741264267922443,18.485752593494606,36.971505186989276,1,1,1,1
center_1050_32,center,1050,fixed_oracle,362.423319285364,-1.0962401601018381,750.0,450.0,direction,229.21154280648992,874.642784226795,1,7.808611988059996,19.862114668019675,39.72422933603935,1,1,1,1,1,7.8086119880599085,19.862114668019675,39.72422933603935,1,1,1,1
center_1050_33,center,1050,fixed_oracle,935.5995653927193,-18.089974908007182,750.0,450.0,direction,290.8485825590381,874.642784226795,1,7.728096285556543,22.690344866359283,45.38068973271849,1,1,1,0,1,7.728096285556319,22.690344866359286,45.380689732718494,1,1,1,0
center_1050_34,center,1050,fixed_oracle,819.9812066366562,-3.8810361228309187,750.0,450.0,direction,278.4888455168106,874.642784226795,1,10.618717816112156,17.868980070868105,35.73796014173621,1,1,1,1,1,10.618717816112158,17.868980070868105,35.73796014173621,1,1,1,1
center_1050_35,center,1050,fixed_oracle,534.5831079078804,-8.624352636141245,750.0,450.0,direction,245.66198087262896,874.642784226795,1,7.456953416878667,16.62226882535182,33.24453765070364,1,1,1,1,1,7.456953416878668,16.62226882535182,33.24453765070365,1,1,1,1
center_1050_36,center,1050,fixed_oracle,999.4262500327283,-7.711816648964024,750.0,450.0,direction,298.34455302495655,874.642784226795,1,10.726030665700325,26.953569161311638,53.90713832262336,1,1,1,0,1,10.726030665700218,26.953569161311645,53.90713832262337,1,1,1,0
center_1050_37,center,1050,fixed_oracle,605.8517004940121,-0.4659035382402336,750.0,450.0,direction,251.36073665642425,874.642784226795,1,14.903414230966778,16.015283249510773,32.03056649902163,1,1,1,1,1,14.90341423096678,16.015283249510777,32.03056649902164,1,1,1,1
center_1050_38,center,1050,fixed_oracle,898.58017916434,-6.3249594636735855,750.0,450.0,direction,287.16431235725486,874.642784226795,1,10.471889496810277,21.023504562514336,42.047009125028595,1,1,1,0,1,10.471889496810139,21.02350456251434,42.0470091250286,1,1,1,0
center_1050_39,center,1050,fixed_oracle,960.8322770725396,-23.196041210467303,750.0,450.0,direction,294.15865195039237,874.642784226795,1,6.195479794794688,24.408521031024105,48.81704206204821,1,1,1,0,1,6.195479794794697,24.408521031024105,48.81704206204821,1,1,1,0
center_1050_40,center,1050,fixed_oracle,544.7360605341349,-2.2753959263567163,750.0,450.0,direction,245.51592734228151,874.642784226795,1,8.055645605175622,16.640624698182517,33.281249396365034,1,1,1,1,1,8.055645605175625,16.640624698182517,33.281249396365034,1,1,1,1
center_1050_41,center,1050,fixed_oracle,771.888139530133,-7.97395786967928,750.0,450.0,direction,273.0272915355653,874.642784226795,1,6.393940517296878,16.289468548579098,32.578937097158196,1,1,1,1,1,6.393940517296989,16.2894685485791,32.5789370971582,1,1,1,1
center_1050_42,center,1050,fixed_oracle,752.4539357571787,-22.594015685313703,750.0,450.0,direction,269.3770836637926,874.642784226795,1,11.912918075836043,15.362372537545728,30.724745075091455,1,1,1,1,1,11.91291807583611,15.362372537545731,30.724745075091462,1,1,1,1
center_1050_43,center,1050,fixed_oracle,749.7758323865726,-24.548132404947907,750.0,450.0,direction,270.82606492641446,874.642784226795,1,13.27198336468908,15.719574103835425,31.439148207670915,1,1,1,1,1,13.27198336468895,15.71957410383543,31.43914820767092,1,1,1,1
center_1050_44,center,1050,fixed_oracle,256.07522441265013,-2.2385451365964504,750.0,450.0,direction,221.72092288822333,874.642784226795,1,15.628989685905289,22.496560542787766,44.9931210855755,1,1,1,0,1,15.62898968590529,22.496560542787766,44.9931210855755,1,1,1,0
center_1050_45,center,1050,fixed_oracle,901.7884611300626,-25.62809993107593,750.0,450.0,direction,288.3179999497494,874.642784226795,1,10.00176784048294,21.5206018934347,43.0412037868694,1,1,1,0,1,10.001767840482998,21.520601893434705,43.04120378686941,1,1,1,0
center_1050_46,center,1050,fixed_oracle,768.8374906259436,-6.837476609894155,750.0,450.0,direction,273.1226582809353,874.642784226795,1,9.592811076395838,16.314948640312526,32.629897280625116,1,1,1,1,1,9.592811076395439,16.31494864031253,32.629897280625116,1,1,1,1
center_1050_47,center,1050,fixed_oracle,748.0621764357714,-3.9679433067290635,750.0,450.0,direction,269.35935061504586,874.642784226795,1,9.661372703500563,15.358084026621569,30.716168053243138,1,1,1,1,1,9.661372703500533,15.358084026621572,30.716168053243145,1,1,1,1
center_1050_48,center,1050,fixed_oracle,560.2359384794456,-12.55099592700992,750.0,450.0,direction,246.76712054090606,874.642784226795,1,8.331916511328187,16.48812943944555,32.9762588788911,1,1,1,1,1,8.331916511327975,16.488129439445554,32.97625887889111,1,1,1,1
center_1050_49,center,1050,fixed_oracle,639.1437320330148,-19.536949065472612,750.0,450.0,direction,255.74808019727027,874.642784226795,1,10.814429836739684,15.679825490080768,31.35965098016154,1,1,1,1,1,10.814429836739613,15.679825490080772,31.359650980161543,1,1,1,1
center_1050_50,center,1050,fixed_oracle,278.16769202931926,-9.618546675096173,750.0,450.0,direction,224.16457932568707,874.642784226795,1,6.089983597803372,21.522413472647678,43.044826945295355,1,1,1,0,1,6.089983597803404,21.52241347264773,43.044826945295405,1,1,1,0
center_1050_51,center,1050,fixed_oracle,1021.8750672606438,-6.098848647468687,750.0,450.0,direction,300.81689952005,874.642784226795,1,13.957664855243674,27.659119635853283,55.318239271706645,1,1,1,0,1,14.683060943324747,28.69607846252554,57.392156925051,1,1,1,0
center_1050_52,center,1050,fixed_oracle,886.2061561599278,-23.342440179100915,750.0,450.0,direction,285.87738327799,874.642784226795,1,8.42462024482935,20.49337792541425,40.98675585082843,1,1,1,0,1,8.424620244829294,20.493377925414258,40.98675585082844,1,1,1,0
center_1050_53,center,1050,fixed_oracle,935.789781142605,-23.251120205176157,750.0,450.0,direction,291.3049510923756,874.642784226795,1,7.52927132590444,22.91383617745983,45.827672354919585,1,1,1,0,1,7.52927132590444,22.91383617745983,45.82767235491959,1,1,1,0
center_1050_54,center,1050,fixed_oracle,961.3926888332853,-29.288868675103537,750.0,450.0,direction,293.5376486399472,874.642784226795,1,14.471291844059046,24.068231556078864,48.13646311215765,1,1,1,0,1,14.471291844059163,24.068231556078867,48.13646311215765,1,1,1,0
center_1050_55,center,1050,fixed_oracle,791.8403683312679,-20.769436000357743,750.0,450.0,direction,274.1447720845531,874.642784226795,1,10.559973861029954,16.59238760052301,33.18477520104602,1,1,1,1,1,10.55997386102995,16.592387600523015,33.18477520104603,1,1,1,1
center_1050_56,center,1050,fixed_oracle,1037.045141498394,-6.492740470974237,750.0,450.0,direction,301.7703740884526,874.642784226795,1,12.310330206170198,24.12710972967384,48.25421945934782,1,1,1,0,1,12.636730119717356,29.423788931753204,58.84757786350641,1,1,1,0
center_1050_57,center,1050,fixed_oracle,515.5956593166544,-16.093568463742518,750.0,450.0,direction,242.6947049881391,874.642784226795,1,7.866224322546047,17.025348248407337,34.05069649681467,1,1,1,1,1,7.866224322546043,17.025348248407337,34.05069649681467,1,1,1,1
center_1050_58,center,1050,fixed_oracle,398.8881356472739,-7.707906918485435,750.0,450.0,direction,232.66248546303407,874.642784226795,1,2.582640586601352,18.946653479128816,37.89330695825763,1,1,1,1,1,2.582640586601352,18.946653479128816,37.89330695825763,1,1,1,1
center_1050_59,center,1050,fixed_oracle,720.694253182749,-2.8470349389329135,750.0,450.0,direction,265.8739731013687,874.642784226795,1,10.421502351508993,15.285040595974397,30.570081191948795,1,1,1,1,1,10.421502351509046,15.2850405959744,30.5700811919488,1,1,1,1
center_1050_60,center,1050,fixed_oracle,393.242585813216,-10.903301099357924,750.0,450.0,direction,232.91650386705564,874.642784226795,1,11.919567155836804,18.885251272660295,37.77050254532064,1,1,1,1,1,11.919567155836749,18.885251272660295,37.77050254532064,1,1,1,1
center_1050_61,center,1050,fixed_oracle,762.8524216708158,-12.352458025284978,750.0,450.0,direction,271.62076358796526,874.642784226795,1,1.2306817752538275,15.921388964541201,31.842777929082462,1,1,1,1,1,1.2306817752538324,15.921388964541205,31.84277792908247,1,1,1,1
center_1050_62,center,1050,fixed_oracle,923.2481526989645,-19.162838442746683,750.0,450.0,direction,289.4178254614051,874.642784226795,1,9.014424954737432,22.01502385457057,44.03004770914114,1,1,1,0,1,9.014424954737322,22.015023854570572,44.030047709141144,1,1,1,0
center_1050_63,center,1050,fixed_oracle,436.6247447322062,-3.291299665797407,750.0,450.0,direction,234.65712928457998,874.642784226795,1,11.784352950448397,18.48459788387744,36.96919576775488,1,1,1,1,1,11.784352950448344,18.48459788387744,36.96919576775488,1,1,1,1
center_1050_64,center,1050,fixed_oracle,571.3835014778964,-9.047818140141173,750.0,450.0,direction,249.10303781505883,874.642784226795,1,2.9056841518675114,16.231198866089894,32.46239773217979,1,1,1,1,1,2.9056841518675123,16.231198866089894,32.46239773217979,1,1,1,1
center_1050_65,center,1050,fixed_oracle,573.1643029707981,-6.235560626799609,750.0,450.0,direction,248.38482513256673,874.642784226795,1,6.5459847907564095,16.306459113150154,32.61291822630031,1,1,1,1,1,6.5459847907564095,16.306459113150154,32.61291822630031,1,1,1,1
center_1050_66,center,1050,fixed_oracle,489.9151614315491,-13.757301382814031,750.0,450.0,direction,240.47576020986452,874.642784226795,1,5.470898184036718,17.370854824173005,34.74170964834601,1,1,1,1,1,5.470898184036728,17.37085482417301,34.74170964834602,1,1,1,1
center_1050_67,center,1050,fixed_oracle,557.0866548095656,-13.36631168424954,750.0,450.0,direction,246.94129588357475,874.642784226795,1,4.897863714074422,16.46774259253789,32.93548518507578,1,1,1,1,1,4.89786371407449,16.46774259253789,32.93548518507578,1,1,1,1
center_1050_68,center,1050,fixed_oracle,942.6907968851486,-6.960421705156837,750.0,450.0,direction,291.9570513077988,874.642784226795,1,10.557682130442677,23.240301010147572,46.48060202029522,1,1,1,0,1,10.557682130442505,23.240301010147576,46.48060202029523,1,1,1,0
center_1050_69,center,1050,fixed_oracle,597.7277811329395,-12.31037084610198,750.0,450.0,direction,252.52724445211788,874.642784226795,1,7.383132718797411,15.915555597542902,31.8311111950858,1,1,1,1,1,7.3831327187973015,15.915555597542902,31.831111195085803,1,1,1,1
center_1050_70,center,1050,fixed_oracle,328.5156149510144,-4.560073798103934,750.0,450.0,direction,227.9120914361333,874.642784226795,1,9.673452744535933,20.24977292986717,40.49954585973428,1,1,1,0,1,9.673452744535933,20.24977292986717,40.49954585973428,1,1,1,0
center_1050_71,center,1050,fixed_oracle,270.2119747941523,-3.9826493043127433,750.0,450.0,direction,223.38580231113093,874.642784226795,1,1.3935462886240275,21.81929370411856,43.63858740823715,1,1,1,0,1,1.3935462886240275,21.81929370411856,43.63858740823715,1,1,1,0
center_1050_72,center,1050,fixed_oracle,1047.1177514569697,-13.055115396165462,750.0,450.0,direction,301.8359176933098,874.642784226795,1,14.148969931762371,23.901584258836095,47.80316851767219,1,1,1,0,1,7.872633037980282,29.475041635081883,58.950083270163766,1,1,1,0
center_1050_73,center,1050,fixed_oracle,814.8087528497764,-7.677515480935876,750.0,450.0,direction,277.4070678177939,874.642784226795,1,7.852572053449126,17.535231902403282,35.070463804806565,1,1,1,1,1,7.852572053449126,17.535231902403286,35.07046380480657,1,1,1,1
center_1050_74,center,1050,fixed_oracle,688.3410674946485,-13.305344749914298,750.0,450.0,direction,262.6797296202177,874.642784226795,1,2.530529147189931,15.355626893333755,30.711253786667584,1,1,1,1,1,2.530529147190117,15.355626893333756,30.71125378666759,1,1,1,1
center_1050_75,center,1050,fixed_oracle,922.0852048975366,-11.23139978110672,750.0,450.0,direction,291.1026140121379,874.642784226795,1,9.883206880100866,22.8142502522523,45.6285005045046,1,1,1,0,1,9.883206880101064,22.814250252252304,45.62850050450461,1,1,1,0
center_1050_76,center,1050,fixed_oracle,362.8254097121923,-1.4198098208570427,750.0,450.0,direction,229.183903223056,874.642784226795,1,8.255107134350965,19.87009993846799,39.74019987693603,1,1,1,1,1,8.255107134350965,19.87009993846799,39.74019987693603,1,1,1,1
center_1050_77,center,1050,fixed_oracle,559.7807906992101,-1.1585560056238415,750.0,450.0,direction,246.73004378187304,874.642784226795,1,11.222219075221382,16.492495398335386,32.98499079667077,1,1,1,1,1,11.222219075221235,16.492495398335386,32.98499079667077,1,1,1,1
center_1050_78,center,1050,fixed_oracle,594.8913668385986,-11.272200281050585,750.0,450.0,direction,250.94412783566796,874.642784226795,1,4.235368999995308,16.05282211799214,32.105644235984364,1,1,1,1,1,4.235368999995527,16.052822117992143,32.10564423598437,1,1,1,1
center_1050_79,center,1050,fixed_oracle,962.207953247162,-9.524983363010078,750.0,450.0,direction,295.7729665892178,874.642784226795,1,15.969282072818306,25.335820122619413,50.67164024523883,1,1,1,0,1,15.969282072818208,25.33582012261942,50.67164024523884,1,1,1,0
center_1050_80,center,1050,fixed_oracle,627.2381909066758,-15.501714321217605,750.0,450.0,direction,255.36594293875962,874.642784226795,1,5.1998653665339445,15.70484231385911,31.40968462771822,1,1,1,1,1,5.199865366533991,15.704842313859112,31.409684627718224,1,1,1,1
center_1050_81,center,1050,fixed_oracle,1023.1799863642893,-0.7210574558489327,750.0,450.0,direction,300.9275548918328,874.642784226795,1,18.599233875276422,27.228880681508357,54.45776136301681,1,1,1,0,1,19.39898770303774,28.778851623794267,57.55770324758862,1,1,1,0
center_1050_82,center,1050,fixed_oracle,994.662200248838,-32.955093060941614,750.0,450.0,direction,296.04460820719504,874.642784226795,1,22.141826481467845,25.49823316925689,50.99646633851369,1,1,0,0,1,22.14182648146784,25.498233169256892,50.9964663385137,1,1,0,0
center_1050_83,center,1050,fixed_oracle,911.8070773835489,-20.374382515495295,750.0,450.0,direction,288.9405525025517,874.642784226795,1,4.472356583907635,21.79792449707625,43.59584899415257,1,1,1,0,1,4.472356583907665,21.797924497076256,43.59584899415258,1,1,1,0
center_1050_84,center,1050,fixed_oracle,714.7905400433636,-1.3668493119982137,750.0,450.0,direction,265.4595029221362,874.642784226795,1,11.060709806035543,15.291481811108534,30.58296362221707,1,1,1,1,1,11.060709806035533,15.291481811108538,30.582963622217076,1,1,1,1
center_1050_85,center,1050,fixed_oracle,870.4691136498999,-30.048987597048807,750.0,450.0,direction,284.6723941993552,874.642784226795,1,14.699756066634723,20.0188201080857,40.0376402161714,1,1,1,0,1,14.699756066634706,20.018820108085702,40.037640216171404,1,1,1,0
center_1050_86,center,1050,fixed_oracle,187.66940805050984,-4.9384474059409245,750.0,450.0,direction,219.27020218175804,874.642784226795,1,7.967954090850218,23.611479819828098,47.222959639656196,1,1,1,0,1,7.967954090850218,23.611479819828098,47.222959639656196,1,1,1,0
center_1050_87,center,1050,fixed_oracle,785.275813404518,-19.138011739560408,750.0,450.0,direction,273.87830025505684,874.642784226795,1,6.422257011279371,16.519279545566622,33.038559091133315,1,1,1,1,1,6.422257011279297,16.519279545566626,33.038559091133315,1,1,1,1
center_1050_88,center,1050,fixed_oracle,1024.140350464284,-3.3910134586452276,750.0,450.0,direction,301.0943339251051,874.642784226795,1,16.06350685228698,26.589243752237227,53.17848750447437,1,1,1,0,1,17.485206039366485,28.904428397173046,57.808856794346,1,1,1,0
center_1050_89,center,1050,fixed_oracle,959.8627598291861,-2.0293202191045596,750.0,450.0,direction,294.91424153860413,874.642784226795,1,16.9691997998123,24.834656796383726,49.66931359276745,1,1,1,0,1,16.969199799812312,24.834656796383733,49.669313592767466,1,1,1,0
center_1050_90,center,1050,fixed_oracle,490.0003901730558,-4.117781936385295,750.0,450.0,direction,240.97821837494638,874.642784226795,1,6.876398382906333,17.289115888881028,34.578231777762056,1,1,1,1,1,6.876398382906425,17.289115888881028,34.578231777762056,1,1,1,1
center_1050_91,center,1050,fixed_oracle,457.786114544035,-0.8673657877512453,750.0,450.0,direction,236.80497867370258,874.642784226795,1,10.046983507988354,18.03543450816805,36.07086901633605,1,1,1,1,1,10.046983507988354,18.03543450816805,36.070869016336054,1,1,1,1
center_1050_92,center,1050,fixed_oracle,930.8581722259103,-16.342710655428835,750.0,450.0,direction,290.99789094886324,874.642784226795,1,1.420332438094018,22.763020314874463,45.52604062974893,1,1,1,0,1,1.420332438094019,22.763020314874463,45.52604062974893,1,1,1,0
center_1050_93,center,1050,fixed_oracle,906.0057395657499,-9.81826046270774,750.0,450.0,direction,287.9376928976316,874.642784226795,1,7.812705934009328,21.35436609993666,42.70873219987332,1,1,1,0,1,7.8127059340094736,21.354366099936662,42.708732199873324,1,1,1,0
center_1050_94,center,1050,fixed_oracle,810.2029767239827,-4.570245873595055,750.0,450.0,direction,276.56889960670594,874.642784226795,1,11.611449351442683,17.28416307200422,34.56832614400844,1,1,1,1,1,11.611449351442934,17.284163072004223,34.568326144008445,1,1,1,1
center_1050_95,center,1050,fixed_oracle,831.8577223109168,-6.119344052300393,750.0,450.0,direction,280.1024799579758,874.642784226795,1,8.707121605881557,18.38841030468348,36.77682060936703,1,1,1,1,1,8.707121605881596,18.388410304683482,36.776820609367036,1,1,1,1
center_1050_96,center,1050,fixed_oracle,528.6281818785884,-17.381180046605202,750.0,450.0,direction,244.2896991879205,874.642784226795,1,8.397861459591681,16.800684093861417,33.601368187722834,1,1,1,1,1,8.397861459591677,16.800684093861417,33.60136818772284,1,1,1,1
center_1050_97,center,1050,fixed_oracle,745.8105843571283,-19.24687618559715,750.0,450.0,direction,270.3692185198855,874.642784226795,1,9.503260687640022,15.605481954379853,31.210963908759766,1,1,1,1,1,9.503260687640193,15.605481954379856,31.21096390875977,1,1,1,1
center_1050_98,center,1050,fixed_oracle,117.23440560977066,-0.379882465313582,750.0,450.0,direction,214.46024138811555,874.642784226795,1,25.332710247327093,26.308049949710945,52.61609989942189,1,1,0,0,1,25.332710247327093,26.308049949710945,52.61609989942189,1,1,0,0
center_1050_99,center,1050,fixed_oracle,775.9527260296757,-5.470877370220447,750.0,450.0,direction,274.15851458096944,874.642784226795,1,11.601503893964148,16.596173067070563,33.192346134141125,1,1,1,1,1,11.601503893963992,16.596173067070566,33.19234613414113,1,1,1,1
center_1250_0,center,1250,bayes,409.54020961837415,-10.062635297183384,900.0,600.0,direction,230.48836509698074,1081.6653826391969,1,12.979673135405482,23.186410826170004,46.37282165234001,0,0,1,0,1,10.792956174042907,24.121699005140496,48.243398010280934,1,1,1,0
center_1250_1,center,1250,bayes,991.8605195561698,-23.431788212433734,900.0,600.0,direction,277.9148830370388,1081.6653826391969,1,10.831481481503774,21.775471289972884,43.55094257994577,1,1,1,0,1,8.247286563344744,22.012107538194478,44.024215076388884,1,1,1,0
center_1250_2,center,1250,bayes,1053.922060744834,-7.672674810480731,900.0,600.0,direction,285.04161926154603,1081.6653826391969,1,18.39379462745638,24.866456095508894,49.73291219101779,1,1,1,0,1,17.04199149235495,25.212706802889322,50.425413605778644,1,1,1,0
center_1250_3,center,1250,bayes,1152.245312264729,-13.467362357903376,900.0,600.0,direction,291.841133905725,1081.6653826391969,1,7.462769302386797,29.058636770958657,58.117273541917314,1,1,1,0,1,7.608472063210274,29.12505998932926,58.250119978658674,1,1,1,0
center_1250_4,center,1250,bayes,710.6073323963843,-4.105308762997085,900.0,600.0,direction,251.65943027770572,1081.6653826391969,1,14.784500977380262,19.899254456239415,39.79850891247892,1,1,1,1,1,15.802263915378624,19.773494105733832,39.546988211467664,1,1,1,1
center_1250_5,center,1250,bayes,27.47285837848869,-0.2197352334017848,900.0,600.0,direction,213.77134741517105,1081.6653826391969,1,3.5526800001206484,18.923820133882458,37.847640267764916,0,1,1,1,1,7.080176777318638,15.39759498489195,30.7951899697839,1,1,1,1
center_1250_6,center,1250,bayes,78.29234548399761,-1.5084491394268191,900.0,600.0,direction,215.48790595137592,1081.6653826391969,1,28.775864056555694,39.59946449847907,79.19892899695814,1,1,0,0,1,21.268380726094794,31.740839992560467,63.481679985120934,1,1,0,0
center_1250_7,center,1250,bayes,331.37288823642257,-8.39010268114985,900.0,600.0,direction,226.5961470465474,1081.6653826391969,1,3.0188967507857094,20.73824915277729,41.47649830555452,1,1,1,0,1,5.337952819536668,25.561393903452863,51.12278780690573,1,1,1,0
center_1250_8,center,1250,bayes,1066.139543687326,-5.515402683085591,900.0,600.0,direction,285.5736365864097,1081.6653826391969,1,15.973865664675566,26.273126243192717,52.54625248638559,1,1,1,0,1,15.130862250818195,25.48441727130202,50.96883454260404,1,1,1,0
center_1250_9,center,1250,bayes,1045.9634198310227,-6.2901529346702745,900.0,600.0,direction,284.52292720085717,1081.6653826391969,1,22.271067862928447,24.8547807098367,49.70956141967325,0,0,0,0,1,19.335315878455496,24.952705914898257,49.90541182979651,1,1,1,0
center_1250_10,center,1250,bayes,846.9652670704144,-24.449434559508404,900.0,600.0,direction,264.7885259864074,1081.6653826391969,1,11.196753250120413,19.373259229384775,38.740617176335306,1,1,1,1,1,10.460565286561097,18.925892600505584,37.8517852010111,1,1,1,1
center_1250_11,center,1250,bayes,648.2116599396167,-17.671586130474676,900.0,600.0,direction,248.49231469612016,1081.6653826391969,1,10.020808103692127,22.77900610763999,45.55801221527988,1,1,1,0,1,12.430976696330125,20.151911995604994,40.30382399121008,1,1,1,0
center_1250_12,center,1250,bayes,968.6021138215373,-13.302655091223615,900.0,600.0,direction,276.1929394707522,1081.6653826391969,1,3.9308619374525082,21.706683462417438,43.413366924834875,1,1,1,0,1,4.0302972205875065,21.343206273792717,42.68641254758537,1,1,1,0
center_1250_13,center,1250,bayes,557.8555211276849,-11.383086369442806,900.0,600.0,direction,239.7699331526934,1081.6653826391969,1,15.91879457648083,22.35861173071653,44.717223461433164,0,0,1,0,1,13.371907239275581,21.62888196972724,43.25776393945438,1,1,1,0
center_1250_14,center,1250,bayes,626.4055778613102,-20.16627122419617,900.0,600.0,direction,245.4109439351596,1081.6653826391969,1,12.892799181907755,20.789435990929565,41.57887198185913,1,1,1,0,1,11.416286355388806,20.595789754302746,41.19157950860549,1,1,1,0
center_1250_15,center,1250,bayes,778.4882351320979,-5.882301690833462,900.0,600.0,direction,259.51973368121526,1081.6653826391969,1,11.62176480708858,19.58516139139656,39.164356952907504,0,0,1,1,1,10.858680571018498,19.136142733119623,38.272285466239246,1,1,1,1
center_1250_16,center,1250,bayes,408.22491236013167,-4.688632723176816,900.0,600.0,direction,231.28420759178127,1081.6653826391969,1,5.171580648374627,27.47492467048093,54.94984934096186,1,1,1,0,1,5.35185982483143,23.86027516141966,47.720550322839266,1,1,1,0
center_1250_17,center,1250,bayes,960.7642196653718,-30.614090840703287,900.0,600.0,direction,276.2624986176589,1081.6653826391969,1,15.973012686360311,21.706683462417438,43.413366924834875,1,1,1,0,1,15.328454902875341,21.36955048121288,42.73910096242569,1,1,1,0
center_1250_18,center,1250,bayes,863.6359722607837,-25.188496341830295,900.0,600.0,direction,267.4078857968743,1081.6653826391969,1,12.877900784203081,19.704125701223276,39.40825140244655,1,1,1,1,1,13.095945633672809,18.882556658418764,37.76415636327559,1,1,1,1
center_1250_19,center,1250,bayes,1078.4564164753717,-14.98085036070819,900.0,600.0,direction,286.41233681446545,1081.6653826391969,1,4.745475873125537,24.90524976508301,49.81049953016587,1,1,1,0,1,6.072015118903435,25.92345787441124,51.846915748822326,1,1,1,0
center_1250_20,center,1250,bayes,654.5968130105855,-9.589599954414247,900.0,600.0,direction,248.62570306326896,1081.6653826391969,1,4.8807549688391605,20.246990534920076,40.493981069840245,1,1,1,0,1,6.094482769985621,20.13443382730554,40.26886765461108,1,1,1,0
center_1250_21,center,1250,bayes,143.67172793302495,-3.221289784061776,900.0,600.0,direction,218.71666591939697,1081.6653826391969,1,7.666431613981574,34.10916772039605,68.21833544079213,1,1,1,0,1,4.728139621791022,29.538399301588434,59.07679860317685,1,1,1,0
center_1250_22,center,1250,bayes,993.1054112220783,-12.911746933592106,900.0,600.0,direction,278.91896747801263,1081.6653826391969,1,5.627046337591406,21.850170249655143,43.700340499310215,1,1,1,0,1,6.31640018170422,22.418989328895425,44.83797865779092,1,1,1,0
center_1250_23,center,1250,bayes,620.0601001632398,-17.92565658239705,900.0,600.0,direction,246.14090924642002,1081.6653826391969,1,13.914744851985525,20.582886144619586,41.16577228923927,1,1,1,0,1,11.959430718961235,20.483501357934554,40.967002715869015,1,1,1,0
center_1250_24,center,1250,bayes,1189.7754768283326,-40.640716915152375,900.0,600.0,direction,294.25753095087333,1081.6653826391969,1,22.07512533837592,31.7787830610435,63.557566122087,1,1,0,0,1,21.768190268418955,30.7864186475432,61.5728372950864,1,1,0,0
center_1250_25,center,1250,bayes,1230.3395995424519,-7.8648812784801505,900.0,600.0,direction,299.1255717524159,1081.6653826391969,1,23.05753940705319,34.22512938070157,68.45025876140313,1,1,0,0,1,22.272055165026984,34.700788051288534,69.40157610257707,1,1,0,0
center_1250_26,center,1250,bayes,935.2772105923966,-19.155764506822194,900.0,600.0,direction,273.7595765213944,1081.6653826391969,1,5.273889412006622,20.143189299435928,40.2802427882798,1,1,1,0,1,6.09264396894178,20.455124064409848,40.91024812881963,1,1,1,0
center_1250_27,center,1250,bayes,261.9247369735169,-8.205701232537699,900.0,600.0,direction,223.6598428047852,1081.6653826391969,1,6.765218063718253,29.821857048383276,59.64371409676661,1,1,1,0,1,5.94733900229114,26.852876348906214,53.70575269781243,1,1,1,0
center_1250_28,center,1250,bayes,787.5294389705444,-7.873123928049711,900.0,600.0,direction,259.5140161108743,1081.6653826391969,1,5.884267261770919,19.58516139139656,39.164356952907504,1,1,1,1,1,5.778393558802602,19.136461715729286,38.27292343145865,1,1,1,1
center_1250_29,center,1250,bayes,1229.5284828224512,-7.162576017091899,900.0,600.0,direction,299.31943217054817,1081.6653826391969,1,24.12963763875366,34.22512938070157,68.45025876140313,1,1,0,0,1,25.57559773494868,34.874950840002015,69.74990168000421,1,1,0,0
center_1250_30,center,1250,bayes,952.6609089071832,-11.211554213363302,900.0,600.0,direction,275.6517763005339,1081.6653826391969,1,11.484594179977485,20.31095497131261,40.62190994262522,1,1,1,0,1,10.468048990483783,21.14012518075699,42.28025036151398,1,1,1,0
center_1250_31,center,1250,bayes,1128.2925436827613,-32.105107831416404,900.0,600.0,direction,290.4754210345101,1081.6653826391969,1,12.069624892121938,27.692629040265984,55.38525808053181,1,1,1,0,1,12.561134334722132,28.255432178345888,56.51086435669194,1,1,1,0
center_1250_32,center,1250,bayes,634.3533674463332,-16.790171929223337,900.0,600.0,direction,247.6947278237745,1081.6653826391969,1,19.0172922922852,20.32217649268395,40.6443529853679,0,0,1,0,1,15.751638090157597,20.25935784518986,40.51871569037962,1,1,1,0
center_1250_33,center,1250,bayes,723.9718933696344,-3.5668895238769776,900.0,600.0,direction,253.08785277044916,1081.6653826391969,1,11.329288240016496,19.781630163842085,39.563260327684254,1,1,1,1,1,13.514757929812172,19.626825765589263,39.25365153117861,1,1,1,1
center_1250_34,center,1250,bayes,1007.9729144180202,-24.215347206475187,900.0,600.0,direction,279.573326146035,1081.6653826391969,1,6.426428250450263,23.284063933216423,46.568127866432924,1,1,1,0,1,7.2854266091411715,22.691214204471905,45.38242840894381,1,1,1,0
center_1250_35,center,1250,bayes,1068.765354510728,-25.277530716747684,900.0,600.0,direction,285.48365682760334,1081.6653826391969,1,6.347561012251092,24.866456095508894,49.73291219101779,1,1,1,0,1,7.002712078320832,25.438098952355126,50.87619790471025,1,1,1,0
center_1250_36,center,1250,bayes,595.043732406552,-13.475711147779206,900.0,600.0,direction,244.41594437649402,1081.6653826391969,1,9.069011500812312,21.025917420917096,42.051834841834285,1,1,1,0,1,12.833007321594122,20.756308277977137,41.512616555954374,1,1,1,0
center_1250_37,center,1250,bayes,71.32402320484542,-0.2843757649152494,900.0,600.0,direction,215.60414145921217,1081.6653826391969,1,11.555156556239663,34.104849734671696,68.1993108017331,1,1,1,0,1,10.755037722269668,31.65408338989899,63.30816677979799,1,1,1,0
center_1250_38,center,1250,bayes,1044.152526861888,-20.25988267778726,900.0,600.0,direction,282.28749117300515,1081.6653826391969,1,9.298817522840013,24.792328795146133,49.58465759029227,1,1,1,0,1,9.296276989196487,23.884452148335836,47.76890429667174,1,1,1,0
center_1250_39,center,1250,bayes,1073.7932946892506,-37.47864932375799,900.0,600.0,direction,284.86345890415305,1081.6653826391969,1,20.87365075222852,24.8547807098367,49.70956141967325,1,1,0,0,1,20.72373802727566,25.122862667100552,50.24572533420125,1,1,0,0
center_1250_40,center,1250,bayes,789.5234770189979,-22.141890142258816,900.0,600.0,direction,259.7133214863188,1081.6653826391969,1,8.759476053906564,19.58516139139656,39.164356952907504,1,1,1,1,1,8.689396115741168,19.125461111615135,38.25092222323019,1,1,1,1
center_1250_41,center,1250,bayes,1021.5169611095006,-5.961420340316829,900.0,600.0,direction,282.3307610269859,1081.6653826391969,1,18.35552880060155,24.792328795146133,49.58465759029227,1,1,1,0,1,18.71687685407087,23.90436166467822,47.80872332935659,1,1,1,0
center_1250_42,center,1250,bayes,268.4513877760097,-1.0047099557219232,900.0,600.0,direction,223.3291045828931,1081.6653826391969,1,13.370195192610742,26.178641628293285,52.35728325658654,1,1,1,0,1,9.858866755770807,27.011108776248143,54.02221755249626,1,1,1,0
center_1250_43,center,1250,bayes,730.2494863484113,-21.654388195276223,900.0,600.0,direction,254.57768197783193,1081.6653826391969,1,10.185283539985697,19.69481885677481,39.389637713549526,1,1,1,1,1,9.169729185185911,19.488959565530454,38.97791913106091,1,1,1,1
center_1250_44,center,1250,bayes,1248.509134015464,-5.845591429653155,900.0,600.0,direction,299.8643212649758,1081.6653826391969,1,17.896078304109146,34.189908703745864,68.37981740749173,1,1,1,0,1,19.15553058573116,35.37289761093058,70.74579522186116,1,1,1,0
center_1250_45,center,1250,bayes,380.4246374336958,-1.284363142696272,900.0,600.0,direction,229.51340163010076,1081.6653826391969,1,7.369015698706809,23.746843371820983,47.493686743641966,1,1,1,0,1,5.213527315959077,24.456388534363555,48.91277706872711,1,1,1,0
center_1250_46,center,1250,bayes,1061.265385353472,-23.557259778080677,900.0,600.0,direction,284.1977522007579,1081.6653826391969,1,7.105523080777747,24.83340919082754,49.66681838165508,1,1,1,0,1,6.47719933868538,24.79211722838356,49.58423445676712,1,1,1,0
center_1250_47,center,1250,bayes,1224.0343351239644,-22.045746833991977,900.0,600.0,direction,297.4133562131043,1081.6653826391969,1,2.336532461861402,32.98927373030198,65.97854746060396,1,1,1,0,1,0.9690506649924607,33.22735663047053,66.45471326094106,1,1,1,0
center_1250_48,center,1250,bayes,797.228463325149,-4.9564911560964315,900.0,600.0,direction,259.70373768176165,1081.6653826391969,1,13.440951595606478,19.58516139139656,39.164356952907504,1,1,1,1,1,12.401351300241066,19.12598450178145,38.2519690035629,1,1,1,1
center_1250_49,center,1250,bayes,1167.295896808764,-12.19439377977339,900.0,600.0,direction,292.83534755298075,1081.6653826391969,1,10.539853169526324,29.04825477412434,58.09650954824868,1,1,1,0,1,10.055781143870401,29.788752822786492,59.57750564557282,1,1,1,0
center_1250_50,center,1250,bayes,1204.9148442282797,-22.876374274083545,900.0,600.0,direction,295.51960713926945,1081.6653826391969,1,5.136922835046918,30.351541448510535,60.70308289702107,1,1,1,0,1,7.8909792556049165,31.722966533267005,63.44593306653401,1,1,1,0
center_1250_51,center,1250,bayes,966.7720899979055,-14.195926601559403,900.0,600.0,direction,276.8401647472091,1081.6653826391969,1,7.7408309901814185,21.728920665109477,43.457841330219026,1,1,1,0,1,8.183464740033152,21.59049234895785,43.1809846979157,1,1,1,0
center_1250_52,center,1250,bayes,780.7482784344768,-25.479143512276824,900.0,600.0,direction,259.3373462263212,1081.6653826391969,1,11.895012507700464,19.587561384781363,39.170816065671474,1,1,1,1,1,12.515605600255004,19.146417351036405,38.29283470207289,1,1,1,1
center_1250_53,center,1250,bayes,930.1325540511192,-21.998611646560512,900.0,600.0,direction,272.6105445884768,1081.6653826391969,1,5.557914462238924,20.075967212307507,40.151934424615014,1,1,1,0,1,5.849407469107949,20.057135072070096,40.11427014414013,1,1,1,0
center_1250_54,center,1250,bayes,1032.0064777556763,-22.690125944266487,900.0,600.0,direction,281.07496550377647,1081.6653826391969,1,8.846477246744788,23.346413882696886,46.6928277653937,1,1,1,0,1,11.606476198992413,23.33814585822353,46.676291716447125,1,1,1,0
center_1250_55,center,1250,bayes,666.5306367028238,-13.00932829912534,900.0,600.0,direction,248.21868730311323,1081.6653826391969,1,10.919095255091712,22.77900610763999,45.55801221527988,1,1,1,0,1,11.209548769303666,20.18820408114565,40.3764081622913,1,1,1,0
center_1250_56,center,1250,bayes,1028.9090399634865,-31.338090700331158,900.0,600.0,direction,281.52105746603235,1081.6653826391969,1,13.122929608774168,23.363708232612158,46.72741646522439,1,1,1,0,1,13.397487338959277,23.536563872398464,47.07312774479693,1,1,1,0
center_1250_57,center,1250,bayes,555.8387737076446,-4.187081596293863,900.0,600.0,direction,240.97323535776113,1081.6653826391969,1,5.675808813509472,21.956619229145584,43.91323845829106,1,1,1,0,1,7.700520393762064,21.382333660242914,42.76466732048593,1,1,1,0
center_1250_58,center,1250,bayes,1189.8826463503485,-18.8792119999789,900.0,600.0,direction,295.5744549932506,1081.6653826391969,1,10.425720353893087,30.351541448510535,60.70308289702107,1,1,1,0,1,8.400404550769805,31.76482030382465,63.5296406076493,1,1,1,0
center_1250_59,center,1250,bayes,216.87974504862774,-1.8726859923353074,900.0,600.0,direction,222.20882630826637,1081.6653826391969,1,20.584311717650348,28.06386691023712,56.12773382047424,1,1,0,0,1,17.139250998742824,27.568143942629373,55.136287885258746,1,1,1,0
center_1250_60,center,1250,bayes,1187.6073698512034,-14.542522418136615,900.0,600.0,direction,294.70732283622635,1081.6653826391969,1,6.617925813615815,31.748105759668587,63.496211519337336,1,1,1,0,1,6.693641588583201,31.114465424809005,62.22893084961818,1,1,1,0
center_1250_61,center,1250,bayes,1167.003472273718,-16.284579258857136,900.0,600.0,direction,292.5454449103358,1081.6653826391969,1,7.430695641871093,29.04825477412434,58.09650954824868,1,1,1,0,1,9.847599741013509,29.59245391353492,59.18490782706984,1,1,1,0
center_1250_62,center,1250,bayes,1202.7470538816303,-0.41356431734524907,900.0,600.0,direction,296.2668645186278,1081.6653826391969,1,21.57732255003479,33.05835814898501,66.11671629797002,1,1,0,0,1,21.573341790442583,32.30179160167945,64.60358320335872,1,1,0,0
center_1250_63,center,1250,bayes,1057.4787727690455,-24.928522182150427,900.0,600.0,direction,283.9713484308815,1081.6653826391969,1,8.404496344131799,24.823746481438913,49.64749296287783,1,1,1,0,1,6.990280743326705,24.681382839442772,49.36276567888569,1,1,1,0
center_1250_64,center,1250,bayes,538.0929774306975,-3.4274494641703575,900.0,600.0,direction,238.2679223529171,1081.6653826391969,1,13.627725039787961,22.77288446159365,45.5457689231873,1,1,1,0,1,15.85852686602908,21.95850237408284,43.91700474816563,1,1,1,0
center_1250_65,center,1250,bayes,1092.7337062315455,-10.221906592232077,900.0,600.0,direction,287.2831930605173,1081.6653826391969,1,9.335167558238217,26.286778296273262,52.57355659254667,1,1,1,0,1,9.18733628362917,26.39376411493728,52.78752822987472,1,1,1,0
center_1250_66,center,1250,bayes,1120.0974551299653,-20.682800355625467,900.0,600.0,direction,288.9017704680625,1081.6653826391969,1,9.386426720771393,26.319046713590943,52.638093427181886,1,1,1,0,1,7.485817314170207,27.309395629466845,54.61879125893369,1,1,1,0
center_1250_67,center,1250,bayes,434.56613703673924,-14.482498913799125,900.0,600.0,direction,233.36660189946016,1081.6653826391969,1,12.059320387128212,25.57200116117884,51.14400232235773,1,1,1,0,1,15.092330134998592,23.223040687824057,46.44608137564811,1,1,1,0
center_1250_68,center,1250,bayes,1097.41004643901,-17.732594329951493,900.0,600.0,direction,288.5843625558479,1081.6653826391969,1,13.496701260758348,26.319046713590943,52.638093427181886,1,1,1,0,1,11.568391608242194,27.125409288272355,54.250818576544866,1,1,1,0
center_1250_69,center,1250,bayes,900.9525310945403,-18.351188150622367,900.0,600.0,direction,269.10591593905036,1081.6653826391969,1,9.58443157798665,19.851222944469463,39.69639901412687,1,1,1,1,1,10.617324451285059,18.91903587212113,37.83807174424232,1,1,1,1
center_1250_70,center,1250,bayes,476.86391277160067,-7.774327758013313,900.0,600.0,direction,235.6829626819933,1081.6653826391969,1,9.829287860718674,19.950403632172204,39.90080726434446,1,1,1,1,1,7.672987822296657,22.587115064032808,45.17423012806557,1,1,1,0
center_1250_71,center,1250,bayes,905.4262215744001,-11.996026066139725,900.0,600.0,direction,270.22399218469025,1081.6653826391969,1,5.3173357652593625,19.865383371074124,39.72471555393307,1,1,1,1,1,4.810097177870375,19.2703768990739,38.5407537981478,1,1,1,1
center_1250_72,center,1250,bayes,787.3441065214254,-11.678850995853463,900.0,600.0,direction,259.30132974603544,1081.6653826391969,1,6.235817822188093,19.587561384781363,39.170816065671474,1,1,1,1,1,3.9405961246913663,19.148470555864943,38.29694111172997,1,1,1,1
center_1250_73,center,1250,bayes,447.3509273272385,-3.4733408343048207,900.0,600.0,direction,232.25239597197194,1081.6653826391969,1,18.68221081267554,21.80338365907135,43.6067673181427,1,1,1,0,1,18.178013292737223,23.555830956721845,47.11166191344363,1,1,1,0
center_1250_74,center,1250,bayes,1176.3463007989253,-21.62143615543741,900.0,600.0,direction,293.26174135074,1081.6653826391969,1,9.783246703871303,30.416123221592958,60.832246443185916,1,1,1,0,1,9.010044220920124,30.081736946414978,60.163473892829785,1,1,1,0
center_1250_75,center,1250,bayes,1171.4593977371192,-29.952266887305772,900.0,600.0,direction,292.89634426349437,1081.6653826391969,1,14.031113106711912,29.04825477412434,58.09650954824868,1,1,1,0,1,12.788373148743233,29.830351616303442,59.660703232606885,1,1,1,0
center_1250_76,center,1250,bayes,775.8176153155812,-9.602001937547959,900.0,600.0,direction,258.0610301008814,1081.6653826391969,1,4.7885341055024835,17.642962298482253,35.283814974124496,1,1,1,1,1,6.7897830273850275,19.224092962248896,38.44818592449779,1,1,1,1
center_1250_77,center,1250,bayes,948.8742554149885,-20.028255877769702,900.0,600.0,direction,274.42638509047237,1081.6653826391969,1,4.071654889335679,21.606810165960738,43.21362033192141,1,1,1,0,1,3.365080009494534,20.69219218789375,41.3843843757875,1,1,1,0
center_1250_78,center,1250,bayes,926.6320050902933,-22.944385094308792,900.0,600.0,direction,271.8792738718574,1081.6653826391969,1,8.994413871113393,20.014481402372464,40.02896280474493,1,1,1,0,1,9.056247371803332,19.810508030780753,39.62101606156156,1,1,1,1
center_1250_79,center,1250,bayes,193.2475364264235,-5.395750384409012,900.0,600.0,direction,219.63374561622098,1081.6653826391969,1,18.851603409971414,35.14484010578804,70.28968021157606,1,1,1,0,1,21.517606430150185,28.98367866875619,57.967357337512404,1,1,0,0
center_1250_80,center,1250,bayes,904.5320943760645,-18.319740332804088,900.0,600.0,direction,270.619899779875,1081.6653826391969,1,3.281876413445733,19.801724973859553,39.59741815046839,1,1,1,1,1,3.3303394039096625,19.3973453642733,38.7946907285466,1,1,1,1
center_1250_81,center,1250,bayes,946.5141104238879,-30.086666998639124,900.0,600.0,direction,274.3021897016929,1081.6653826391969,1,13.323601540900315,21.606810165960738,43.21362033192141,1,1,1,0,1,13.347173530820037,20.64768838726369,41.29537677452745,1,1,1,0
center_1250_82,center,1250,bayes,874.7810017709239,-24.121866570143098,900.0,600.0,direction,266.7271110313751,1081.6653826391969,1,12.512163517512441,19.598920309461487,39.1978406189229,0,0,1,1,1,13.766820827460112,18.889649730681217,37.779299461362434,1,1,1,1
center_1250_83,center,1250,bayes,692.9060819475038,-11.11567754814758,900.0,600.0,direction,250.84883483573688,1081.6653826391969,1,7.5819935040391435,19.997108167273783,39.99421633454757,1,1,1,1,1,5.679020036513292,19.863224105309037,39.726448210618166,1,1,1,1
center_1250_84,center,1250,bayes,1012.6063560269272,-2.7305299993955243,900.0,600.0,direction,280.9934078251876,1081.6653826391969,1,15.596288078656459,23.313835089605504,46.62767017921107,1,1,1,0,1,17.224302346605835,23.302185972816616,46.60437194563316,1,1,1,0
center_1250_85,center,1250,bayes,1109.8605158403957,-32.825466849988445,900.0,600.0,direction,289.12959235221865,1081.6653826391969,1,14.65623171391753,27.692171315859444,55.38434263171904,1,1,1,0,1,14.165774786438062,27.442831234929592,54.88566246985903,1,1,1,0
center_1250_86,center,1250,bayes,879.9189298367918,-13.104175559225107,900.0,600.0,direction,268.3766471316441,1081.6653826391969,1,3.0070650860957584,19.802661200008536,39.59929031758286,1,1,1,1,1,3.625888209705703,18.88135565956014,37.75181167587533,1,1,1,1
center_1250_87,center,1250,bayes,1125.7344039769157,-8.152850460183846,900.0,600.0,direction,290.8329976687921,1081.6653826391969,1,15.899683283036461,27.696214444224115,55.392428888448386,1,1,1,0,1,16.14159921738749,28.478596389559886,56.957192779119616,1,1,1,0
center_1250_88,center,1250,bayes,1191.710769362379,-10.413368186961915,900.0,600.0,direction,295.5304442378412,1081.6653826391969,1,13.716748737773264,30.351541448510535,60.70308289702107,1,1,1,0,1,12.263857031905875,31.73122838916812,63.46245677833624,1,1,1,0
center_1250_89,center,1250,bayes,679.4791324560568,-17.463534810488607,900.0,600.0,direction,250.19378485354866,1081.6653826391969,1,5.923663035285524,20.052463154030164,40.10492630806042,1,1,1,0,1,5.8838339691608095,19.939260150764262,39.87852030152862,1,1,1,1
center_1250_90,center,1250,bayes,846.4098330410419,-9.60734880881963,900.0,600.0,direction,264.7800184887044,1081.6653826391969,1,7.079060151781818,19.373259229384775,38.740617176335306,1,1,1,1,1,5.664234968160331,18.926099744619535,37.85219948923907,1,1,1,1
center_1250_91,center,1250,bayes,1209.7150651277866,-34.32725914311583,900.0,600.0,direction,295.0365621921586,1081.6653826391969,1,20.06977049478773,31.720235867022787,63.44047173404557,1,1,0,0,1,23.102738450534012,31.358572805124087,62.717145610248174,1,1,0,0
center_1250_92,center,1250,bayes,1157.270710546791,-22.62154198823501,900.0,600.0,direction,292.94308591481126,1081.6653826391969,1,4.2061388811557725,29.04825477412434,58.09650954824868,1,1,1,0,1,6.292903864954828,29.862299036200547,59.72459807240093,1,1,1,0
center_1250_93,center,1250,bayes,1076.1377437219228,-10.55457493592502,900.0,600.0,direction,285.80485184904444,1081.6653826391969,1,8.664780429511751,26.273126243192717,52.54625248638559,1,1,1,0,1,8.538529188328404,25.60412770249947,51.20825540499894,1,1,1,0
center_1250_94,center,1250,bayes,597.128636238708,-19.731963457958376,900.0,600.0,direction,243.55754734644597,1081.6653826391969,1,9.693869684756715,21.15654859212682,42.31309718425364,1,1,1,0,1,9.680829727958681,20.901914263757423,41.803828527514945,1,1,1,0
center_1250_95,center,1250,bayes,1164.3297667091551,-18.93091295516347,900.0,600.0,direction,292.7652625725335,1081.6653826391969,1,3.760117536776458,29.04825477412434,58.09650954824868,1,1,1,0,1,3.772053548953213,29.741083867440796,59.48216773488159,1,1,1,0
center_1250_96,center,1250,bayes,1144.2758149958788,-30.868621060368493,900.0,600.0,direction,290.39060222019043,1081.6653826391969,1,19.230505061662992,27.692629040265984,55.38525808053181,0,0,1,0,1,17.119049210043656,28.20295472161058,56.40590944322116,1,1,1,0
center_1250_97,center,1250,bayes,798.4652107429065,-27.565520731135507,900.0,600.0,direction,260.28876953195174,1081.6653826391969,1,14.92337776840592,19.583935443876687,39.161905431303396,1,1,1,1,1,14.421410051998302,19.09506521027507,38.19013042055022,1,1,1,1
center_1250_98,center,1250,bayes,473.1891168695455,-9.963984226491984,900.0,600.0,direction,235.38936543500188,1081.6653826391969,1,4.788117527866892,20.196656002246836,40.39331200449373,1,1,1,0,1,7.085067416537812,22.66374779978234,45.327495599564735,1,1,1,0
center_1250_99,center,1250,bayes,865.1052532224309,-2.8327858320642028,900.0,600.0,direction,266.9965377011261,1081.6653826391969,1,12.132252227761454,19.598920309461487,39.1978406189229,1,1,1,1,1,12.339261666739992,18.886333635790514,37.77266727158096,1,1,1,1
center_1250_0,center,1250,fixed_assumed,409.54020961837415,-10.062635297183384,900.0,450.0,direction,222.45424143769114,1006.2305898749054,1,9.818678097242604,25.52938014280771,51.05876028561542,1,1,1,0,1,9.818678097242602,25.52938014280771,51.05876028561542,1,1,1,0
center_1250_1,center,1250,fixed_assumed,991.8605195561698,-23.431788212433734,900.0,450.0,direction,280.5135837289912,1006.2305898749054,1,7.658849146283895,20.98769543619493,41.975390872389795,1,1,1,0,1,7.658849146284102,20.987695436194933,41.9753908723898,1,1,1,0
center_1250_2,center,1250,fixed_assumed,1053.922060744834,-7.672674810480731,900.0,450.0,direction,289.41623721238506,1006.2305898749054,1,16.25879058114525,24.660977272049315,49.32195454409863,1,1,1,0,1,16.258790581145252,24.66097727204932,49.32195454409864,1,1,1,0
center_1250_3,center,1250,fixed_assumed,1152.245312264729,-13.467362357903376,900.0,450.0,direction,298.0472128174397,1006.2305898749054,1,7.083844489168873,29.65855822414552,59.31711644829104,1,1,1,0,1,7.083844489168884,29.658558224145523,59.317116448291046,1,1,1,0
center_1250_4,center,1250,fixed_assumed,710.6073323963843,-4.105308762997085,900.0,450.0,direction,246.4266847226538,1006.2305898749054,1,14.734758154415642,19.015245717045264,38.03049143409053,1,1,1,1,1,14.734758154415644,19.015245717045264,38.03049143409053,1,1,1,1
center_1250_5,center,1250,fixed_assumed,27.47285837848869,-0.2197352334017848,900.0,450.0,direction,206.54040677241673,1006.2305898749054,1,6.453694484397896,16.02418798873355,32.0483759774671,1,1,1,1,1,6.453694484397896,16.02418798873355,32.0483759774671,1,1,1,1
center_1250_6,center,1250,fixed_assumed,78.29234548399761,-1.5084491394268191,900.0,450.0,direction,208.07066917444715,1006.2305898749054,1,23.922687697842473,36.13686695161099,72.27373390322198,1,1,0,0,1,23.922687697842473,36.13686695161099,72.27373390322198,1,1,0,0
center_1250_7,center,1250,fixed_assumed,331.37288823642257,-8.39010268114985,900.0,450.0,direction,218.53476432557258,1006.2305898749054,1,4.832332354038625,27.58396507997404,55.16793015994808,1,1,1,0,1,4.832332354038621,27.58396507997404,55.16793015994808,1,1,1,0
center_1250_8,center,1250,fixed_assumed,1066.139543687326,-5.515402683085591,900.0,450.0,direction,290.2689367286052,1006.2305898749054,1,15.46188383181361,25.08021442506782,50.16042885013578,1,1,1,0,1,15.461883831813388,25.080214425067823,50.160428850135794,1,1,1,0
center_1250_9,center,1250,fixed_assumed,1045.9634198310227,-6.2901529346702745,900.0,450.0,direction,288.72569408312404,1006.2305898749054,1,18.278952532130877,24.331423398046216,48.66284679609243,1,1,1,0,1,18.278952532130877,24.331423398046216,48.66284679609243,1,1,1,0
center_1250_10,center,1250,fixed_assumed,846.9652670704144,-24.449434559508404,900.0,450.0,direction,263.26489048183976,1006.2305898749054,1,10.093249444194093,17.646801246442507,35.29360249288494,1,1,1,1,1,10.09324944419409,17.646801246442507,35.29360249288495,1,1,1,1
center_1250_11,center,1250,fixed_assumed,648.2116599396167,-17.671586130474676,900.0,450.0,direction,242.37269589142198,1006.2305898749054,1,11.946637736244636,19.64164899547922,39.28329799095854,1,1,1,1,1,11.946637736244634,19.64164899547922,39.28329799095854,1,1,1,1
center_1250_12,center,1250,fixed_assumed,968.6021138215373,-13.302655091223615,900.0,450.0,direction,278.2332388154544,1006.2305898749054,1,3.8485833474192748,20.213869163900952,40.42773832780185,1,1,1,0,1,3.848583347419224,20.213869163900956,40.427738327801855,1,1,1,0
center_1250_13,center,1250,fixed_assumed,557.8555211276849,-11.383086369442806,900.0,450.0,direction,232.44309258803835,1006.2305898749054,1,11.56931189544878,21.858858357837377,43.717716715674754,1,1,1,0,1,11.56931189544878,21.858858357837377,43.717716715674754,1,1,1,0
center_1250_14,center,1250,fixed_assumed,626.4055778613102,-20.16627122419617,900.0,450.0,direction,239.02069196681168,1006.2305898749054,1,10.136490179644094,20.270550219026745,40.54110043805349,1,1,1,0,1,10.136490179644088,20.27055021902675,40.5411004380535,1,1,1,0
center_1250_15,center,1250,fixed_assumed,778.4882351320979,-5.882301690833462,900.0,450.0,direction,255.93540523231263,1006.2305898749054,1,9.151652790518389,18.025033467616073,36.05006693523207,1,1,1,1,1,9.151652790518458,18.025033467616076,36.050066935232074,1,1,1,1
center_1250_16,center,1250,fixed_assumed,408.22491236013167,-4.688632723176816,900.0,450.0,direction,223.1606856399122,1006.2305898749054,1,4.617444078796219,25.203316445399572,50.406632890799145,1,1,1,0,1,4.617444078796119,25.203316445399572,50.406632890799145,1,1,1,0
center_1250_17,center,1250,fixed_assumed,960.7642196653718,-30.614090840703287,900.0,450.0,direction,277.96432435687893,1006.2305898749054,1,14.424937998132034,20.126263244774126,40.25252648954825,1,1,1,0,1,14.424937998131943,20.126263244774133,40.252526489548266,1,1,1,0
center_1250_18,center,1250,fixed_assumed,863.6359722607837,-25.188496341830295,900.0,450.0,direction,266.3606805380284,1006.2305898749054,1,12.06391853695182,17.577116310830117,35.154232621660235,1,1,1,1,1,12.063918536951821,17.57711631083012,35.15423262166024,1,1,1,1
center_1250_19,center,1250,fixed_assumed,1078.4564164753717,-14.98085036070819,900.0,450.0,direction,291.227010519452,1006.2305898749054,1,5.979510409193433,25.568246025021665,51.13649205004333,1,1,1,0,1,5.979510409193439,25.568246025021665,51.13649205004333,1,1,1,0
center_1250_20,center,1250,fixed_assumed,654.5968130105855,-9.589599954414247,900.0,450.0,direction,242.45349258137557,1006.2305898749054,1,4.774613385752609,19.62779165934941,39.25558331869892,1,1,1,1,1,4.774613385752503,19.627791659349413,39.25558331869892,1,1,1,1
center_1250_21,center,1250,fixed_assumed,143.67172793302495,-3.221289784061776,900.0,450.0,direction,211.07369308889207,1006.2305898749054,1,5.365740638130576,33.066203386135165,66.13240677227033,1,1,1,0,1,5.365740638130548,33.066203386135165,66.13240677227033,1,1,1,0
center_1250_22,center,1250,fixed_assumed,993.1054112220783,-12.911746933592106,900.0,450.0,direction,281.6535586119026,1006.2305898749054,1,5.9787326373200615,21.396667749933467,42.793335499866934,1,1,1,0,1,5.978732637320064,21.396667749933467,42.793335499866934,1,1,1,0
center_1250_23,center,1250,fixed_assumed,620.0601001632398,-17.92565658239705,900.0,450.0,direction,239.6226639721873,1006.2305898749054,1,11.96696708413374,20.14954198460631,40.29908396921261,1,1,1,0,1,11.966967084133646,20.14954198460631,40.29908396921262,1,1,1,0
center_1250_24,center,1250,fixed_assumed,1189.7754768283326,-40.640716915152375,900.0,450.0,direction,300.48564026415454,1006.2305898749054,1,23.566251785350975,30.659412250879857,61.31882450175954,1,1,0,0,1,22.98683840561027,31.44302790305278,62.88605580610572,1,1,0,0
center_1250_25,center,1250,fixed_assumed,1230.3395995424519,-7.8648812784801505,900.0,450.0,direction,306.4136684512608,1006.2305898749054,0,,,,0,0,0,0,1,23.73503393834573,36.75766517003303,73.51533034006606,1,1,0,0
center_1250_26,center,1250,fixed_assumed,935.2772105923966,-19.155764506822194,900.0,450.0,direction,274.798747214145,1006.2305898749054,1,4.9272573240848425,19.147462764590887,38.29492552918183,1,1,1,1,1,4.927257324085033,19.14746276459089,38.29492552918184,1,1,1,1
center_1250_27,center,1250,fixed_assumed,261.9247369735169,-8.205701232537699,900.0,450.0,direction,215.71514125148553,1006.2305898749054,1,6.917258227149907,29.369996116280582,58.739992232561164,1,1,1,0,1,6.9172582271499525,29.369996116280582,58.739992232561164,1,1,1,0
center_1250_28,center,1250,fixed_assumed,787.5294389705444,-7.873123928049711,900.0,450.0,direction,256.1957891659915,1006.2305898749054,1,5.891208553012438,18.006230254269145,36.01246050853822,1,1,1,1,1,5.891208553012435,18.00623025426915,36.01246050853822,1,1,1,1
center_1250_29,center,1250,fixed_assumed,1229.5284828224512,-7.162576017091899,900.0,450.0,direction,306.61372494337985,1006.2305898749054,0,,,,0,0,0,0,1,26.935864942144203,36.96625211839523,73.93250423679063,1,1,0,0
center_1250_30,center,1250,fixed_assumed,952.6609089071832,-11.211554213363302,900.0,450.0,direction,277.2412289134057,1006.2305898749054,1,9.034069475549371,19.89430366868333,39.78860733736666,1,1,1,1,1,9.034069475549193,19.894303668683335,39.78860733736667,1,1,1,1
center_1250_31,center,1250,fixed_assumed,1128.2925436827613,-32.105107831416404,900.0,450.0,direction,295.9566978638265,1006.2305898749054,1,12.084501402908435,28.27661260895107,56.55322521790214,1,1,1,0,1,12.084501402908435,28.276612608951073,56.553225217902146,1,1,1,0
center_1250_32,center,1250,fixed_assumed,634.3533674463332,-16.790171929223337,900.0,450.0,direction,241.3520235027292,1006.2305898749054,1,14.623427352986422,19.82181839548962,39.643636790979144,1,1,1,1,1,14.623427352986525,19.821818395489622,39.643636790979144,1,1,1,1
center_1250_33,center,1250,fixed_assumed,723.9718933696344,-3.5668895238769776,900.0,450.0,direction,248.13588622718555,1006.2305898749054,1,13.044854550019874,18.790613821261857,37.581227642523714,1,1,1,1,1,13.044854550019876,18.79061382126186,37.58122764252372,1,1,1,1
center_1250_34,center,1250,fixed_assumed,1007.9729144180202,-24.215347206475187,900.0,450.0,direction,282.58662345545366,1006.2305898749054,1,7.1893692660619966,21.743242247446837,43.48648449489374,1,1,1,0,1,7.189369266062044,21.743242247446844,43.48648449489375,1,1,1,0
center_1250_35,center,1250,fixed_assumed,1068.765354510728,-25.277530716747684,900.0,450.0,direction,289.92851087975146,1006.2305898749054,1,6.529522038386148,24.911174895528866,49.82234979105758,1,1,1,0,1,6.5295220383861405,24.91117489552887,49.82234979105759,1,1,1,0
center_1250_36,center,1250,fixed_assumed,595.043732406552,-13.475711147779206,900.0,450.0,direction,237.50373839668495,1006.2305898749054,1,11.832443864202082,20.59223729420308,41.18447458840606,1,1,1,0,1,11.83244386420219,20.592237294203084,41.18447458840607,1,1,1,0
center_1250_37,center,1250,fixed_assumed,71.32402320484542,-0.2843757649152494,900.0,450.0,direction,208.20364297601668,1006.2305898749054,1,12.369060359510353,35.98672885824354,71.97345771648708,1,1,1,0,1,12.369060359510396,35.986728858243545,71.97345771648709,1,1,1,0
center_1250_38,center,1250,fixed_assumed,1044.152526861888,-20.25988267778726,900.0,450.0,direction,286.2461249846579,1006.2305898749054,1,7.527617256341247,23.21631847232451,46.43263694464909,1,1,1,0,1,7.527617256340806,23.216318472324513,46.4326369446491,1,1,1,0
center_1250_39,center,1250,fixed_assumed,1073.7932946892506,-37.47864932375799,900.0,450.0,direction,289.2356350386827,1006.2305898749054,1,21.031710288564813,24.57394283329428,49.14788566658856,1,1,0,0,1,21.031710288564813,24.573942833294282,49.147885666588564,1,1,0,0
center_1250_40,center,1250,fixed_assumed,789.5234770189979,-22.141890142258816,900.0,450.0,direction,256.612924336702,1006.2305898749054,1,8.565776483647603,17.976961810923246,35.953923621846414,1,1,1,1,1,8.565776483647594,17.976961810923246,35.95392362184642,1,1,1,1
center_1250_41,center,1250,fixed_assumed,1021.5169611095006,-5.961420340316829,900.0,450.0,direction,285.9141949179189,1006.2305898749054,1,17.488625187461793,23.074644216594386,46.14928843318891,1,1,1,0,1,17.488625187461803,23.07464421659439,46.149288433188914,1,1,1,0
center_1250_42,center,1250,fixed_assumed,268.4513877760097,-1.0047099557219232,900.0,450.0,direction,215.28024409901005,1006.2305898749054,1,11.299051623674137,29.672848500294997,59.34569700058999,1,1,1,0,1,11.299051623674137,29.672848500294997,59.34569700058999,1,1,1,0
center_1250_43,center,1250,fixed_assumed,730.2494863484113,-21.654388195276223,900.0,450.0,direction,250.05664784339126,1006.2305898749054,1,9.256261007129043,18.563890911220167,37.12778182244042,1,1,1,1,1,9.2562610071291,18.56389091122017,37.12778182244042,1,1,1,1
center_1250_44,center,1250,fixed_assumed,1248.509134015464,-5.845591429653155,900.0,450.0,direction,307.35402404972996,1006.2305898749054,0,,,,0,0,0,0,1,21.16026783847547,37.757544243580334,75.51508848716067,1,1,0,0
center_1250_45,center,1250,fixed_assumed,380.4246374336958,-1.284363142696272,900.0,450.0,direction,221.32039936579886,1006.2305898749054,1,4.916949534951939,26.079164607579944,52.158329215159945,1,1,1,0,1,4.916949534951942,26.079164607579944,52.158329215159945,1,1,1,0
center_1250_46,center,1250,fixed_assumed,1061.265385353472,-23.557259778080677,900.0,450.0,direction,288.5033193812076,1006.2305898749054,1,6.259845476673563,24.22713330734127,48.45426661468254,1,1,1,0,1,6.259845476673563,24.227133307341273,48.454266614682545,1,1,1,0
center_1250_47,center,1250,fixed_assumed,1224.0343351239644,-22.045746833991977,900.0,450.0,direction,304.3651035255199,1006.2305898749054,1,32.27617721237393,3.303931951064358,6.607701432184428,0,0,0,1,1,0.7151364710810973,34.74145810208489,69.48291620416961,1,1,1,0
center_1250_48,center,1250,fixed_assumed,797.228463325149,-4.9564911560964315,900.0,450.0,direction,256.61616127685545,1006.2305898749054,1,11.636834309200006,17.97673878549337,35.953477570986664,1,1,1,1,1,11.636834309200006,17.97673878549337,35.95347757098667,1,1,1,1
center_1250_49,center,1250,fixed_assumed,1167.295896808764,-12.19439377977339,900.0,450.0,direction,299.28995614692906,1006.2305898749054,1,8.938305628948612,30.54314574128342,61.08629148256668,1,1,1,0,1,8.938305628948811,30.54314574128343,61.086291482566686,1,1,1,0
center_1250_50,center,1250,fixed_assumed,1204.9148442282797,-22.876374274083545,900.0,450.0,direction,302.2508866654414,1006.2305898749054,1,18.85673809885999,24.689650053180614,49.37930010636123,0,0,1,0,1,7.0208160498486,32.86734168372895,65.7346833674579,1,1,1,0
center_1250_51,center,1250,fixed_assumed,966.7720899979055,-14.195926601559403,900.0,450.0,direction,278.82118332396874,1006.2305898749054,1,6.751909325967302,20.408011025617743,40.816022051235485,1,1,1,0,1,6.751909325967409,20.408011025617746,40.81602205123549,1,1,1,0
center_1250_52,center,1250,fixed_assumed,780.7482784344768,-25.479143512276824,900.0,450.0,direction,256.05206641555856,1006.2305898749054,1,12.591434157638892,18.016558100110423,36.033116200220846,1,1,1,1,1,12.591434157638888,18.016558100110423,36.033116200220846,1,1,1,1
center_1250_53,center,1250,fixed_assumed,930.1325540511192,-21.998611646560512,900.0,450.0,direction,273.4898596640065,1006.2305898749054,1,5.7928624092979275,18.768809983429144,37.537619966858344,1,1,1,1,1,5.792862409297918,18.768809983429147,37.53761996685835,1,1,1,1
center_1250_54,center,1250,fixed_assumed,1032.0064777556763,-22.690125944266487,900.0,450.0,direction,284.709079793722,1006.2305898749054,1,9.87563116499138,22.574304446646035,45.14860889329201,1,1,1,0,1,9.87563116499138,22.574304446646043,45.148608893292014,1,1,1,0
center_1250_55,center,1250,fixed_assumed,666.5306367028238,-13.00932829912534,900.0,450.0,direction,242.30919061479545,1006.2305898749054,1,9.096948688311603,19.652581891430867,39.30516378286173,1,1,1,1,1,9.0969486883116,19.652581891430867,39.30516378286174,1,1,1,1
center_1250_56,center,1250,fixed_assumed,1028.9090399634865,-31.338090700331158,900.0,450.0,direction,284.9735829500467,1006.2305898749054,1,13.60485905151783,22.682279297064877,45.364558594129754,1,1,1,0,1,13.604859051517755,22.682279297064888,45.364558594129775,1,1,1,0
center_1250_57,center,1250,fixed_assumed,555.8387737076446,-4.187081596293863,900.0,450.0,direction,233.48713246173273,1006.2305898749054,1,6.374484348346077,21.570997973709922,43.141995947419844,1,1,1,0,1,6.37448434834608,21.570997973709922,43.141995947419844,1,1,1,0
center_1250_58,center,1250,fixed_assumed,1189.8826463503485,-18.8792119999789,900.0,450.0,direction,302.202350884322,1006.2305898749054,1,4.486322580634275,24.82873988458725,49.65747976917463,1,1,1,0,1,8.001518297205772,32.826553337570054,65.6531066751403,1,1,1,0
center_1250_59,center,1250,fixed_assumed,216.87974504862774,-1.8726859923353074,900.0,450.0,direction,214.31068237691318,1006.2305898749054,1,17.727746855440746,30.377462924418328,60.754925848836685,1,1,1,0,1,17.72774685544069,30.377462924418328,60.754925848836685,1,1,1,0
center_1250_60,center,1250,fixed_assumed,1187.6073698512034,-14.542522418136615,900.0,450.0,direction,301.39007705742466,1006.2305898749054,1,8.793043008491885,27.395555042862757,54.79111008572537,1,1,1,0,1,6.644750179720789,32.157858381015146,64.31571676203029,1,1,1,0
center_1250_61,center,1250,fixed_assumed,1167.003472273718,-16.284579258857136,900.0,450.0,direction,298.9171926081296,1006.2305898749054,1,7.773998252575875,30.2725643788999,60.5451287577998,1,1,1,0,1,7.773998252575882,30.272564378899904,60.54512875779981,1,1,1,0
center_1250_62,center,1250,fixed_assumed,1202.7470538816303,-0.41356431734524907,900.0,450.0,direction,303.41537209065405,1006.2305898749054,1,14.453528296593184,13.080883436491513,26.16036560882256,0,0,1,1,1,23.065329691024903,33.875377538848674,67.75075507769718,1,1,0,0
center_1250_63,center,1250,fixed_assumed,1057.4787727690455,-24.928522182150427,900.0,450.0,direction,288.17228515203664,1006.2305898749054,1,7.037996482711534,24.07350265203532,48.14700530407064,1,1,1,0,1,7.03799648271143,24.073502652035323,48.147005304070646,1,1,1,0
center_1250_64,center,1250,fixed_assumed,538.0929774306975,-3.4274494641703575,900.0,450.0,direction,230.62582506181494,1006.2305898749054,1,15.95746777215803,22.396769732695187,44.793539465390424,1,1,1,0,1,15.95746777215835,22.396769732695294,44.79353946539048,1,1,1,0
center_1250_65,center,1250,fixed_assumed,1092.7337062315455,-10.221906592232077,900.0,450.0,direction,292.4780580872787,1006.2305898749054,1,9.40693420644615,26.23418778920554,52.46837557841108,1,1,1,0,1,9.40693420644611,26.234187789205542,52.46837557841124,1,1,1,0
center_1250_66,center,1250,fixed_assumed,1120.0974551299653,-20.682800355625467,900.0,450.0,direction,294.438398267292,1006.2305898749054,1,6.187081818274626,27.34846545325652,54.69693090651304,1,1,1,0,1,6.187081818274626,27.348465453256527,54.69693090651305,1,1,1,0
center_1250_67,center,1250,fixed_assumed,434.56613703673924,-14.482498913799125,900.0,450.0,direction,225.44974318784463,1006.2305898749054,1,16.20390461970285,24.226255518127502,48.45251103625495,1,1,1,0,1,16.20390461970285,24.226255518127502,48.45251103625495,1,1,1,0
center_1250_68,center,1250,fixed_assumed,1097.41004643901,-17.732594329951493,900.0,450.0,direction,293.7444788677665,1006.2305898749054,1,9.860882566280972,26.943665749968176,53.887331499936195,1,1,1,0,1,9.86088256628075,26.94366574996818,53.88733149993621,1,1,1,0
center_1250_69,center,1250,fixed_assumed,900.9525310945403,-18.351188150622367,900.0,450.0,direction,269.13418327181154,1006.2305898749054,1,8.150025224869259,17.603009368695766,35.20601873739148,1,1,1,1,1,8.150025224868935,17.603009368695773,35.20601873739149,1,1,1,1
center_1250_70,center,1250,fixed_assumed,476.86391277160067,-7.774327758013313,900.0,450.0,direction,227.7805918485997,1006.2305898749054,1,7.02247680365519,23.34307803993466,46.68615607986927,1,1,1,0,1,7.02247680365519,23.343078039934664,46.68615607986927,1,1,1,0
center_1250_71,center,1250,fixed_assumed,905.4262215744001,-11.996026066139725,900.0,450.0,direction,270.38891401640916,1006.2305898749054,1,4.395878964041171,17.92508900233759,35.85017800467523,1,1,1,1,1,4.395878964041174,17.92508900233759,35.850178004675236,1,1,1,1
center_1250_72,center,1250,fixed_assumed,787.3441065214254,-11.678850995853463,900.0,450.0,direction,256.02386167931644,1006.2305898749054,1,3.491063701782639,18.0185995808727,36.0371991617454,1,1,1,1,1,3.4910637017826427,18.018599580872706,36.03719916174541,1,1,1,1
center_1250_73,center,1250,fixed_assumed,447.3509273272385,-3.4733408343048207,900.0,450.0,direction,224.1770911735682,1006.2305898749054,1,18.651060287438348,24.75503214173239,49.51006428346483,1,1,1,0,1,18.651060287438458,24.75503214173239,49.51006428346483,1,1,1,0
center_1250_74,center,1250,fixed_assumed,1176.3463007989253,-21.62143615543741,900.0,450.0,direction,299.66200145162276,1006.2305898749054,1,7.673139310251821,30.817844895886772,61.635689791773714,1,1,1,0,1,7.673139310251819,30.817844895886775,61.63568979177372,1,1,1,0
center_1250_75,center,1250,fixed_assumed,1171.4593977371192,-29.952266887305772,900.0,450.0,direction,299.0764949168751,1006.2305898749054,1,13.029156723218428,30.387636396482314,60.7752727929648,1,1,1,0,1,13.029156723218575,30.38763639648232,60.775272792964806,1,1,1,0
center_1250_76,center,1250,fixed_assumed,775.8176153155812,-9.602001937547959,900.0,450.0,direction,254.45522632176827,1006.2305898749054,1,6.158913016033214,18.139821267925534,36.27964253585099,1,1,1,1,1,6.158913016033129,18.139821267925537,36.279642535850996,1,1,1,1
center_1250_77,center,1250,fixed_assumed,948.8742554149885,-20.028255877769702,900.0,450.0,direction,275.8556849158841,1006.2305898749054,1,3.3719392590362696,19.46394701446432,38.927894028928584,1,1,1,1,1,3.371939259036286,19.463947014464328,38.9278940289286,1,1,1,1
center_1250_78,center,1250,fixed_assumed,926.6320050902933,-22.944385094308792,900.0,450.0,direction,272.65424880817034,1006.2305898749054,1,8.19273457126318,18.53434061190234,37.06868122380468,1,1,1,1,1,8.192734571263175,18.534340611902344,37.06868122380469,1,1,1,1
center_1250_79,center,1250,fixed_assumed,193.2475364264235,-5.395750384409012,900.0,450.0,direction,211.84647552666905,1006.2305898749054,1,22.74651332718035,32.372416822662565,64.7448336453251,1,1,0,0,1,22.746513327180352,32.372416822662565,64.7448336453251,1,1,0,0
center_1250_80,center,1250,fixed_assumed,904.5320943760645,-18.319740332804088,900.0,450.0,direction,270.7544008247664,1006.2305898749054,1,3.010336300827959,18.020898789513193,36.04179757902633,1,1,1,1,1,3.0103363008278143,18.020898789513197,36.04179757902634,1,1,1,1
center_1250_81,center,1250,fixed_assumed,946.5141104238879,-30.086666998639124,900.0,450.0,direction,275.6141104267623,1006.2305898749054,1,13.397728231012293,19.390735482125653,38.78147096425136,1,1,1,1,1,13.39772823101228,19.390735482125656,38.78147096425137,1,1,1,1
center_1250_82,center,1250,fixed_assumed,874.7810017709239,-24.121866570143098,900.0,450.0,direction,265.9962642184942,1006.2305898749054,1,11.887155338612732,17.582626992013285,35.16525398402651,1,1,1,1,1,11.88715533861288,17.58262699201329,35.16525398402652,1,1,1,1
center_1250_83,center,1250,fixed_assumed,692.9060819475038,-11.11567754814758,900.0,450.0,direction,245.3836872597327,1006.2305898749054,1,4.838902266055405,19.163432822437375,38.326865644874665,1,1,1,1,1,4.838902266055406,19.163432822437375,38.32686564487476,1,1,1,1
center_1250_84,center,1250,fixed_assumed,1012.6063560269272,-2.7305299993955243,900.0,450.0,direction,284.3785875321016,1006.2305898749054,1,17.170047239538377,22.44080788262404,44.88161576524808,1,1,1,0,1,17.17004723953838,22.44080788262404,44.88161576524808,1,1,1,0
center_1250_85,center,1250,fixed_assumed,1109.8605158403957,-32.825466849988445,900.0,450.0,direction,294.2750175903497,1006.2305898749054,1,13.309773166206785,27.252097835736887,54.50419567147394,1,1,1,0,1,13.309773166206668,27.25209783573689,54.504195671473944,1,1,1,0
center_1250_86,center,1250,fixed_assumed,879.9189298367918,-13.104175559225107,900.0,450.0,direction,267.7696939879222,1006.2305898749054,1,2.944466725563752,17.564104150170785,35.1250386570038,1,1,1,1,1,2.9444667255635313,17.564104150170788,35.12503865700381,1,1,1,1
center_1250_87,center,1250,fixed_assumed,1125.7344039769157,-8.152850460183846,900.0,450.0,direction,296.6987787563217,1006.2305898749054,1,16.508222697405458,28.752736977601558,57.505473955203115,1,1,1,0,1,16.508222697405774,28.75273697760156,57.50547395520312,1,1,1,0
center_1250_88,center,1250,fixed_assumed,1191.710769362379,-10.413368186961915,900.0,450.0,direction,302.34546330398916,1006.2305898749054,1,11.414925562319816,24.188572153124653,48.377144306249306,1,1,1,0,1,13.256784042517626,32.94709694916298,65.8941938983258,1,1,1,0
center_1250_89,center,1250,fixed_assumed,679.4791324560568,-17.463534810488607,900.0,450.0,direction,244.59237048111825,1006.2305898749054,1,5.924990104244923,19.281702479947423,38.563404959894754,1,1,1,1,1,5.924990104244923,19.281702479947423,38.563404959894754,1,1,1,1
center_1250_90,center,1250,fixed_assumed,846.4098330410419,-9.60734880881963,900.0,450.0,direction,263.15328587103994,1006.2305898749054,1,5.533332246347242,17.65028763026236,35.30057526052465,1,1,1,1,1,5.533332246347443,17.650287630262362,35.30057526052466,1,1,1,1
center_1250_91,center,1250,fixed_assumed,1209.7150651277866,-34.32725914311583,900.0,450.0,direction,301.610159082798,1006.2305898749054,1,30.11626676510079,26.65973671185406,53.31947342370797,0,0,0,0,1,23.146076005422742,32.33648017399165,64.67296034798346,1,1,0,0
center_1250_92,center,1250,fixed_assumed,1157.270710546791,-22.62154198823501,900.0,450.0,direction,299.05398305711407,1006.2305898749054,1,5.166589123602338,30.37132429425531,60.74264858851062,1,1,1,0,1,5.166589123602544,30.371324294255313,60.742648588510626,1,1,1,0
center_1250_93,center,1250,fixed_assumed,1076.1377437219228,-10.55457493592502,900.0,450.0,direction,290.64183575853787,1006.2305898749054,1,8.602227490791886,25.26797891987691,50.53595783975382,1,1,1,0,1,8.602227490791881,25.267978919876914,50.53595783975383,1,1,1,0
center_1250_94,center,1250,fixed_assumed,597.128636238708,-19.731963457958376,900.0,450.0,direction,236.79002491067064,1006.2305898749054,1,9.683684727852494,20.75223103630939,41.50446207261877,1,1,1,0,1,9.683684727852494,20.75223103630939,41.50446207261878,1,1,1,0
center_1250_95,center,1250,fixed_assumed,1164.3297667091551,-18.93091295516347,900.0,450.0,direction,299.0485030629969,1006.2305898749054,1,2.9129658977032236,30.367356019020416,60.73471203804083,1,1,1,0,1,2.91296589770305,30.36735601902059,60.73471203804101,1,1,1,0
center_1250_96,center,1250,fixed_assumed,1144.2758149958788,-30.868621060368493,900.0,450.0,direction,296.15397757207904,1006.2305898749054,1,16.802368513368048,28.401697792003425,56.80339558400685,1,1,1,0,1,16.802368513368396,28.401697792003432,56.803395584006864,1,1,1,0
center_1250_97,center,1250,fixed_assumed,798.4652107429065,-27.565520731135507,900.0,450.0,direction,257.47622198662145,1006.2305898749054,1,13.966569019813534,17.9196979695968,35.83939593919367,1,1,1,1,1,13.966569019813516,17.919697969596804,35.83939593919368,1,1,1,1
center_1250_98,center,1250,fixed_assumed,473.1891168695455,-9.963984226491984,900.0,450.0,direction,227.51212294847096,1006.2305898749054,1,7.0989620245048775,23.439549550081228,46.879099100162456,1,1,1,0,1,7.098962024504931,23.439549550081228,46.879099100162456,1,1,1,0
center_1250_99,center,1250,fixed_assumed,865.1052532224309,-2.8327858320642028,900.0,450.0,direction,265.9029500388416,1006.2305898749054,1,12.20535406455575,17.58415305148315,35.16830610296636,1,1,1,1,1,12.20535406455573,17.584153051483153,35.16830610296637,1,1,1,1
center_1250_0,center,1250,fixed_oracle,409.54020961837415,-10.062635297183384,900.0,450.0,direction,222.45424143769114,1006.2305898749054,1,9.818678097242604,25.52938014280771,51.05876028561542,1,1,1,0,1,9.818678097242602,25.52938014280771,51.05876028561542,1,1,1,0
center_1250_1,center,1250,fixed_oracle,991.8605195561698,-23.431788212433734,900.0,450.0,direction,280.5135837289912,1006.2305898749054,1,7.658849146283895,20.98769543619493,41.975390872389795,1,1,1,0,1,7.658849146284102,20.987695436194933,41.9753908723898,1,1,1,0
center_1250_2,center,1250,fixed_oracle,1053.922060744834,-7.672674810480731,900.0,450.0,direction,289.41623721238506,1006.2305898749054,1,16.25879058114525,24.660977272049315,49.32195454409863,1,1,1,0,1,16.258790581145252,24.66097727204932,49.32195454409864,1,1,1,0
center_1250_3,center,1250,fixed_oracle,1152.245312264729,-13.467362357903376,900.0,450.0,direction,298.0472128174397,1006.2305898749054,1,7.083844489168873,29.65855822414552,59.31711644829104,1,1,1,0,1,7.083844489168884,29.658558224145523,59.317116448291046,1,1,1,0
center_1250_4,center,1250,fixed_oracle,710.6073323963843,-4.105308762997085,900.0,450.0,direction,246.4266847226538,1006.2305898749054,1,14.734758154415642,19.015245717045264,38.03049143409053,1,1,1,1,1,14.734758154415644,19.015245717045264,38.03049143409053,1,1,1,1
center_1250_5,center,1250,fixed_oracle,27.47285837848869,-0.2197352334017848,900.0,450.0,direction,206.54040677241673,1006.2305898749054,1,6.453694484397896,16.02418798873355,32.0483759774671,1,1,1,1,1,6.453694484397896,16.02418798873355,32.0483759774671,1,1,1,1
center_1250_6,center,1250,fixed_oracle,78.29234548399761,-1.5084491394268191,900.0,450.0,direction,208.07066917444715,1006.2305898749054,1,23.922687697842473,36.13686695161099,72.27373390322198,1,1,0,0,1,23.922687697842473,36.13686695161099,72.27373390322198,1,1,0,0
center_1250_7,center,1250,fixed_oracle,331.37288823642257,-8.39010268114985,900.0,450.0,direction,218.53476432557258,1006.2305898749054,1,4.832332354038577,27.58396507997404,55.16793015994808,1,1,1,0,1,4.832332354038621,27.58396507997404,55.16793015994808,1,1,1,0
center_1250_8,center,1250,fixed_oracle,1066.139543687326,-5.515402683085591,900.0,450.0,direction,290.2689367286052,1006.2305898749054,1,15.461883831813614,25.08021442506782,50.160428850135794,1,1,1,0,1,15.461883831813388,25.080214425067823,50.160428850135794,1,1,1,0
center_1250_9,center,1250,fixed_oracle,1045.9634198310227,-6.2901529346702745,900.0,450.0,direction,288.72569408312404,1006.2305898749054,1,18.278952532130877,24.331423398046216,48.66284679609243,1,1,1,0,1,18.278952532130877,24.331423398046216,48.66284679609243,1,1,1,0
center_1250_10,center,1250,fixed_oracle,846.9652670704144,-24.449434559508404,900.0,450.0,direction,263.26489048183976,1006.2305898749054,1,10.093249444194093,17.646801246442507,35.29360249288494,1,1,1,1,1,10.09324944419409,17.646801246442507,35.29360249288495,1,1,1,1
center_1250_11,center,1250,fixed_oracle,648.2116599396167,-17.671586130474676,900.0,450.0,direction,242.37269589142198,1006.2305898749054,1,11.946637736244636,19.64164899547922,39.28329799095854,1,1,1,1,1,11.946637736244634,19.64164899547922,39.28329799095854,1,1,1,1
center_1250_12,center,1250,fixed_oracle,968.6021138215373,-13.302655091223615,900.0,450.0,direction,278.2332388154544,1006.2305898749054,1,3.8485833474192748,20.213869163900952,40.42773832780185,1,1,1,0,1,3.848583347419224,20.213869163900956,40.427738327801855,1,1,1,0
center_1250_13,center,1250,fixed_oracle,557.8555211276849,-11.383086369442806,900.0,450.0,direction,232.44309258803835,1006.2305898749054,1,11.56931189544878,21.858858357837377,43.717716715674754,1,1,1,0,1,11.56931189544878,21.858858357837377,43.717716715674754,1,1,1,0
center_1250_14,center,1250,fixed_oracle,626.4055778613102,-20.16627122419617,900.0,450.0,direction,239.02069196681168,1006.2305898749054,1,10.136490179644094,20.270550219026745,40.54110043805349,1,1,1,0,1,10.136490179644088,20.27055021902675,40.5411004380535,1,1,1,0
center_1250_15,center,1250,fixed_oracle,778.4882351320979,-5.882301690833462,900.0,450.0,direction,255.93540523231263,1006.2305898749054,1,9.151652790518389,18.025033467616073,36.05006693523207,1,1,1,1,1,9.151652790518458,18.025033467616076,36.050066935232074,1,1,1,1
center_1250_16,center,1250,fixed_oracle,408.22491236013167,-4.688632723176816,900.0,450.0,direction,223.1606856399122,1006.2305898749054,1,4.617444078796119,25.203316445399572,50.406632890799145,1,1,1,0,1,4.617444078796119,25.203316445399572,50.406632890799145,1,1,1,0
center_1250_17,center,1250,fixed_oracle,960.7642196653718,-30.614090840703287,900.0,450.0,direction,277.96432435687893,1006.2305898749054,1,14.424937998132034,20.126263244774126,40.25252648954825,1,1,1,0,1,14.424937998131943,20.126263244774133,40.252526489548266,1,1,1,0
center_1250_18,center,1250,fixed_oracle,863.6359722607837,-25.188496341830295,900.0,450.0,direction,266.3606805380284,1006.2305898749054,1,12.063918536951821,17.57711631083012,35.154232621660235,1,1,1,1,1,12.063918536951821,17.57711631083012,35.15423262166024,1,1,1,1
center_1250_19,center,1250,fixed_oracle,1078.4564164753717,-14.98085036070819,900.0,450.0,direction,291.227010519452,1006.2305898749054,1,5.979510409193433,25.568246025021665,51.13649205004333,1,1,1,0,1,5.979510409193439,25.568246025021665,51.13649205004333,1,1,1,0
center_1250_20,center,1250,fixed_oracle,654.5968130105855,-9.589599954414247,900.0,450.0,direction,242.45349258137557,1006.2305898749054,1,4.774613385752609,19.62779165934941,39.25558331869892,1,1,1,1,1,4.774613385752503,19.627791659349413,39.25558331869892,1,1,1,1
center_1250_21,center,1250,fixed_oracle,143.67172793302495,-3.221289784061776,900.0,450.0,direction,211.07369308889207,1006.2305898749054,1,5.365740638130576,33.066203386135165,66.13240677227033,1,1,1,0,1,5.365740638130548,33.066203386135165,66.13240677227033,1,1,1,0
center_1250_22,center,1250,fixed_oracle,993.1054112220783,-12.911746933592106,900.0,450.0,direction,281.6535586119026,1006.2305898749054,1,5.9787326373200615,21.396667749933467,42.793335499866934,1,1,1,0,1,5.978732637320064,21.396667749933467,42.793335499866934,1,1,1,0
center_1250_23,center,1250,fixed_oracle,620.0601001632398,-17.92565658239705,900.0,450.0,direction,239.6226639721873,1006.2305898749054,1,11.96696708413365,20.14954198460631,40.29908396921262,1,1,1,0,1,11.966967084133646,20.14954198460631,40.29908396921262,1,1,1,0
center_1250_24,center,1250,fixed_oracle,1189.7754768283326,-40.640716915152375,900.0,450.0,direction,300.48564026415454,1006.2305898749054,1,22.98683840561027,31.443027903052773,62.88605580610572,1,1,0,0,1,22.98683840561027,31.44302790305278,62.88605580610572,1,1,0,0
center_1250_25,center,1250,fixed_oracle,1230.3395995424519,-7.8648812784801505,900.0,450.0,direction,306.4136684512608,1006.2305898749054,1,13.46137865680673,25.308053965795573,50.616107931591145,1,1,1,0,1,23.73503393834573,36.75766517003303,73.51533034006606,1,1,0,0
center_1250_26,center,1250,fixed_oracle,935.2772105923966,-19.155764506822194,900.0,450.0,direction,274.798747214145,1006.2305898749054,1,4.9272573240848425,19.147462764590887,38.29492552918183,1,1,1,1,1,4.927257324085033,19.14746276459089,38.29492552918184,1,1,1,1
center_1250_27,center,1250,fixed_oracle,261.9247369735169,-8.205701232537699,900.0,450.0,direction,215.71514125148553,1006.2305898749054,1,6.917258227149907,29.369996116280582,58.739992232561164,1,1,1,0,1,6.9172582271499525,29.369996116280582,58.739992232561164,1,1,1,0
center_1250_28,center,1250,fixed_oracle,787.5294389705444,-7.873123928049711,900.0,450.0,direction,256.1957891659915,1006.2305898749054,1,5.891208553012402,18.00623025426915,36.01246050853822,1,1,1,1,1,5.891208553012435,18.00623025426915,36.01246050853822,1,1,1,1
center_1250_29,center,1250,fixed_oracle,1229.5284828224512,-7.162576017091899,900.0,450.0,direction,306.61372494337985,1006.2305898749054,1,13.34264987704762,23.250324948824257,46.500649897648515,1,1,1,0,1,26.935864942144203,36.96625211839523,73.93250423679063,1,1,0,0
center_1250_30,center,1250,fixed_oracle,952.6609089071832,-11.211554213363302,900.0,450.0,direction,277.2412289134057,1006.2305898749054,1,9.034069475549371,19.89430366868333,39.78860733736666,1,1,1,1,1,9.034069475549193,19.894303668683335,39.78860733736667,1,1,1,1
center_1250_31,center,1250,fixed_oracle,1128.2925436827613,-32.105107831416404,900.0,450.0,direction,295.9566978638265,1006.2305898749054,1,12.084501402908435,28.27661260895107,56.55322521790214,1,1,1,0,1,12.084501402908435,28.276612608951073,56.553225217902146,1,1,1,0
center_1250_32,center,1250,fixed_oracle,634.3533674463332,-16.790171929223337,900.0,450.0,direction,241.3520235027292,1006.2305898749054,1,14.623427352986422,19.82181839548962,39.643636790979144,1,1,1,1,1,14.623427352986525,19.821818395489622,39.643636790979144,1,1,1,1
center_1250_33,center,1250,fixed_oracle,723.9718933696344,-3.5668895238769776,900.0,450.0,direction,248.13588622718555,1006.2305898749054,1,13.044854550019878,18.790613821261857,37.581227642523714,1,1,1,1,1,13.044854550019876,18.79061382126186,37.58122764252372,1,1,1,1
center_1250_34,center,1250,fixed_oracle,1007.9729144180202,-24.215347206475187,900.0,450.0,direction,282.58662345545366,1006.2305898749054,1,7.1893692660619966,21.74324224744684,43.486484494893745,1,1,1,0,1,7.189369266062044,21.743242247446844,43.48648449489375,1,1,1,0
center_1250_35,center,1250,fixed_oracle,1068.765354510728,-25.277530716747684,900.0,450.0,direction,289.92851087975146,1006.2305898749054,1,6.529522038386144,24.91117489552887,49.82234979105759,1,1,1,0,1,6.5295220383861405,24.91117489552887,49.82234979105759,1,1,1,0
center_1250_36,center,1250,fixed_oracle,595.043732406552,-13.475711147779206,900.0,450.0,direction,237.50373839668495,1006.2305898749054,1,11.832443864202082,20.59223729420308,41.18447458840606,1,1,1,0,1,11.83244386420219,20.592237294203084,41.18447458840607,1,1,1,0
center_1250_37,center,1250,fixed_oracle,71.32402320484542,-0.2843757649152494,900.0,450.0,direction,208.20364297601668,1006.2305898749054,1,12.369060359510353,35.98672885824354,71.97345771648708,1,1,1,0,1,12.369060359510396,35.986728858243545,71.97345771648709,1,1,1,0
center_1250_38,center,1250,fixed_oracle,1044.152526861888,-20.25988267778726,900.0,450.0,direction,286.2461249846579,1006.2305898749054,1,7.527617256341247,23.21631847232451,46.43263694464909,1,1,1,0,1,7.527617256340806,23.216318472324513,46.4326369446491,1,1,1,0
center_1250_39,center,1250,fixed_oracle,1073.7932946892506,-37.47864932375799,900.0,450.0,direction,289.2356350386827,1006.2305898749054,1,21.03171028856481,24.57394283329428,49.14788566658856,1,1,0,0,1,21.031710288564813,24.573942833294282,49.147885666588564,1,1,0,0
center_1250_40,center,1250,fixed_oracle,789.5234770189979,-22.141890142258816,900.0,450.0,direction,256.612924336702,1006.2305898749054,1,8.565776483647603,17.976961810923246,35.953923621846414,1,1,1,1,1,8.565776483647594,17.976961810923246,35.95392362184642,1,1,1,1
center_1250_41,center,1250,fixed_oracle,1021.5169611095006,-5.961420340316829,900.0,450.0,direction,285.9141949179189,1006.2305898749054,1,17.488625187461793,23.074644216594386,46.149288433188914,1,1,1,0,1,17.488625187461803,23.07464421659439,46.149288433188914,1,1,1,0
center_1250_42,center,1250,fixed_oracle,268.4513877760097,-1.0047099557219232,900.0,450.0,direction,215.28024409901005,1006.2305898749054,1,11.299051623674137,29.672848500294997,59.34569700058999,1,1,1,0,1,11.299051623674137,29.672848500294997,59.34569700058999,1,1,1,0
center_1250_43,center,1250,fixed_oracle,730.2494863484113,-21.654388195276223,900.0,450.0,direction,250.05664784339126,1006.2305898749054,1,9.256261007129043,18.563890911220167,37.12778182244042,1,1,1,1,1,9.2562610071291,18.56389091122017,37.12778182244042,1,1,1,1
center_1250_44,center,1250,fixed_oracle,1248.509134015464,-5.845591429653155,900.0,450.0,direction,307.35402404972996,1006.2305898749054,1,10.310918065200982,15.610715149999796,31.219461487132637,1,1,1,1,1,21.16026783847547,37.757544243580334,75.51508848716067,1,1,0,0
center_1250_45,center,1250,fixed_oracle,380.4246374336958,-1.284363142696272,900.0,450.0,direction,221.32039936579886,1006.2305898749054,1,4.916949534951939,26.079164607579944,52.158329215159945,1,1,1,0,1,4.916949534951942,26.079164607579944,52.158329215159945,1,1,1,0
center_1250_46,center,1250,fixed_oracle,1061.265385353472,-23.557259778080677,900.0,450.0,direction,288.5033193812076,1006.2305898749054,1,6.259845476673563,24.22713330734127,48.45426661468254,1,1,1,0,1,6.259845476673563,24.227133307341273,48.454266614682545,1,1,1,0
center_1250_47,center,1250,fixed_oracle,1224.0343351239644,-22.045746833991977,900.0,450.0,direction,304.3651035255199,1006.2305898749054,1,1.2876564632014793,34.27636732931306,68.55273465862612,1,1,1,0,1,0.7151364710810973,34.74145810208489,69.48291620416961,1,1,1,0
center_1250_48,center,1250,fixed_oracle,797.228463325149,-4.9564911560964315,900.0,450.0,direction,256.61616127685545,1006.2305898749054,1,11.636834309200006,17.97673878549337,35.953477570986664,1,1,1,1,1,11.636834309200006,17.97673878549337,35.95347757098667,1,1,1,1
center_1250_49,center,1250,fixed_oracle,1167.295896808764,-12.19439377977339,900.0,450.0,direction,299.28995614692906,1006.2305898749054,1,8.93830562894874,30.543145741283425,61.08629148256668,1,1,1,0,1,8.938305628948811,30.54314574128343,61.086291482566686,1,1,1,0
center_1250_50,center,1250,fixed_oracle,1204.9148442282797,-22.876374274083545,900.0,450.0,direction,302.2508866654414,1006.2305898749054,1,7.020816049849265,32.867341683728945,65.73468336745789,1,1,1,0,1,7.0208160498486,32.86734168372895,65.7346833674579,1,1,1,0
center_1250_51,center,1250,fixed_oracle,966.7720899979055,-14.195926601559403,900.0,450.0,direction,278.82118332396874,1006.2305898749054,1,6.751909325967302,20.408011025617743,40.816022051235485,1,1,1,0,1,6.751909325967409,20.408011025617746,40.81602205123549,1,1,1,0
center_1250_52,center,1250,fixed_oracle,780.7482784344768,-25.479143512276824,900.0,450.0,direction,256.05206641555856,1006.2305898749054,1,12.591434157638892,18.016558100110423,36.033116200220846,1,1,1,1,1,12.591434157638888,18.016558100110423,36.033116200220846,1,1,1,1
center_1250_53,center,1250,fixed_oracle,930.1325540511192,-21.998611646560512,900.0,450.0,direction,273.4898596640065,1006.2305898749054,1,5.7928624092979275,18.768809983429144,37.537619966858344,1,1,1,1,1,5.792862409297918,18.768809983429147,37.53761996685835,1,1,1,1
center_1250_54,center,1250,fixed_oracle,1032.0064777556763,-22.690125944266487,900.0,450.0,direction,284.709079793722,1006.2305898749054,1,9.875631164991585,22.57430444664604,45.14860889329201,1,1,1,0,1,9.87563116499138,22.574304446646043,45.148608893292014,1,1,1,0
center_1250_55,center,1250,fixed_oracle,666.5306367028238,-13.00932829912534,900.0,450.0,direction,242.30919061479545,1006.2305898749054,1,9.096948688311825,19.652581891430867,39.30516378286173,1,1,1,1,1,9.0969486883116,19.652581891430867,39.30516378286174,1,1,1,1
center_1250_56,center,1250,fixed_oracle,1028.9090399634865,-31.338090700331158,900.0,450.0,direction,284.9735829500467,1006.2305898749054,1,13.60485905151783,22.682279297064877,45.364558594129754,1,1,1,0,1,13.604859051517755,22.682279297064888,45.364558594129775,1,1,1,0
center_1250_57,center,1250,fixed_oracle,555.8387737076446,-4.187081596293863,900.0,450.0,direction,233.48713246173273,1006.2305898749054,1,6.374484348346077,21.570997973709922,43.141995947419844,1,1,1,0,1,6.37448434834608,21.570997973709922,43.141995947419844,1,1,1,0
center_1250_58,center,1250,fixed_oracle,1189.8826463503485,-18.8792119999789,900.0,450.0,direction,302.202350884322,1006.2305898749054,1,8.001518297205552,32.826553337570054,65.65310667514028,1,1,1,0,1,8.001518297205772,32.826553337570054,65.6531066751403,1,1,1,0
center_1250_59,center,1250,fixed_oracle,216.87974504862774,-1.8726859923353074,900.0,450.0,direction,214.31068237691318,1006.2305898749054,1,17.72774685544069,30.377462924418328,60.754925848836685,1,1,1,0,1,17.72774685544069,30.377462924418328,60.754925848836685,1,1,1,0
center_1250_60,center,1250,fixed_oracle,1187.6073698512034,-14.542522418136615,900.0,450.0,direction,301.39007705742466,1006.2305898749054,1,6.64475017972075,32.157858381015146,64.31571676203029,1,1,1,0,1,6.644750179720789,32.157858381015146,64.31571676203029,1,1,1,0
center_1250_61,center,1250,fixed_oracle,1167.003472273718,-16.284579258857136,900.0,450.0,direction,298.9171926081296,1006.2305898749054,1,7.773998252576254,30.2725643788999,60.5451287577998,1,1,1,0,1,7.773998252575882,30.272564378899904,60.54512875779981,1,1,1,0
center_1250_62,center,1250,fixed_oracle,1202.7470538816303,-0.41356431734524907,900.0,450.0,direction,303.41537209065405,1006.2305898749054,1,23.0653296910249,33.875377538848674,67.75075507769716,1,1,0,0,1,23.065329691024903,33.875377538848674,67.75075507769718,1,1,0,0
center_1250_63,center,1250,fixed_oracle,1057.4787727690455,-24.928522182150427,900.0,450.0,direction,288.17228515203664,1006.2305898749054,1,7.037996482711534,24.07350265203532,48.14700530407064,1,1,1,0,1,7.03799648271143,24.073502652035323,48.147005304070646,1,1,1,0
center_1250_64,center,1250,fixed_oracle,538.0929774306975,-3.4274494641703575,900.0,450.0,direction,230.62582506181494,1006.2305898749054,1,15.95746777215803,22.396769732695187,44.793539465390424,1,1,1,0,1,15.95746777215835,22.396769732695294,44.79353946539048,1,1,1,0
center_1250_65,center,1250,fixed_oracle,1092.7337062315455,-10.221906592232077,900.0,450.0,direction,292.4780580872787,1006.2305898749054,1,9.40693420644615,26.23418778920554,52.468375578411234,1,1,1,0,1,9.40693420644611,26.234187789205542,52.46837557841124,1,1,1,0
center_1250_66,center,1250,fixed_oracle,1120.0974551299653,-20.682800355625467,900.0,450.0,direction,294.438398267292,1006.2305898749054,1,6.187081818274626,27.34846545325652,54.69693090651304,1,1,1,0,1,6.187081818274626,27.348465453256527,54.69693090651305,1,1,1,0
center_1250_67,center,1250,fixed_oracle,434.56613703673924,-14.482498913799125,900.0,450.0,direction,225.44974318784463,1006.2305898749054,1,16.20390461970285,24.226255518127502,48.45251103625495,1,1,1,0,1,16.20390461970285,24.226255518127502,48.45251103625495,1,1,1,0
center_1250_68,center,1250,fixed_oracle,1097.41004643901,-17.732594329951493,900.0,450.0,direction,293.7444788677665,1006.2305898749054,1,9.860882566280972,26.943665749968176,53.887331499936195,1,1,1,0,1,9.86088256628075,26.94366574996818,53.88733149993621,1,1,1,0
center_1250_69,center,1250,fixed_oracle,900.9525310945403,-18.351188150622367,900.0,450.0,direction,269.13418327181154,1006.2305898749054,1,8.150025224869042,17.60300936869577,35.20601873739148,1,1,1,1,1,8.150025224868935,17.603009368695773,35.20601873739149,1,1,1,1
center_1250_70,center,1250,fixed_oracle,476.86391277160067,-7.774327758013313,900.0,450.0,direction,227.7805918485997,1006.2305898749054,1,7.02247680365519,23.34307803993466,46.68615607986927,1,1,1,0,1,7.02247680365519,23.343078039934664,46.68615607986927,1,1,1,0
center_1250_71,center,1250,fixed_oracle,905.4262215744001,-11.996026066139725,900.0,450.0,direction,270.38891401640916,1006.2305898749054,1,4.395878964041171,17.92508900233759,35.85017800467523,1,1,1,1,1,4.395878964041174,17.92508900233759,35.850178004675236,1,1,1,1
center_1250_72,center,1250,fixed_oracle,787.3441065214254,-11.678850995853463,900.0,450.0,direction,256.02386167931644,1006.2305898749054,1,3.491063701782546,18.018599580872703,36.037199161745406,1,1,1,1,1,3.4910637017826427,18.018599580872706,36.03719916174541,1,1,1,1
center_1250_73,center,1250,fixed_oracle,447.3509273272385,-3.4733408343048207,900.0,450.0,direction,224.1770911735682,1006.2305898749054,1,18.651060287438348,24.75503214173239,49.51006428346483,1,1,1,0,1,18.651060287438458,24.75503214173239,49.51006428346483,1,1,1,0
center_1250_74,center,1250,fixed_oracle,1176.3463007989253,-21.62143615543741,900.0,450.0,direction,299.66200145162276,1006.2305898749054,1,7.673139310251821,30.817844895886772,61.635689791773714,1,1,1,0,1,7.673139310251819,30.817844895886775,61.63568979177372,1,1,1,0
center_1250_75,center,1250,fixed_oracle,1171.4593977371192,-29.952266887305772,900.0,450.0,direction,299.0764949168751,1006.2305898749054,1,13.029156723218428,30.387636396482314,60.7752727929648,1,1,1,0,1,13.029156723218575,30.38763639648232,60.775272792964806,1,1,1,0
center_1250_76,center,1250,fixed_oracle,775.8176153155812,-9.602001937547959,900.0,450.0,direction,254.45522632176827,1006.2305898749054,1,6.158913016033214,18.139821267925534,36.27964253585099,1,1,1,1,1,6.158913016033129,18.139821267925537,36.279642535850996,1,1,1,1
center_1250_77,center,1250,fixed_oracle,948.8742554149885,-20.028255877769702,900.0,450.0,direction,275.8556849158841,1006.2305898749054,1,3.3719392590362696,19.463947014464324,38.92789402892859,1,1,1,1,1,3.371939259036286,19.463947014464328,38.9278940289286,1,1,1,1
center_1250_78,center,1250,fixed_oracle,926.6320050902933,-22.944385094308792,900.0,450.0,direction,272.65424880817034,1006.2305898749054,1,8.19273457126318,18.53434061190234,37.06868122380468,1,1,1,1,1,8.192734571263175,18.534340611902344,37.06868122380469,1,1,1,1
center_1250_79,center,1250,fixed_oracle,193.2475364264235,-5.395750384409012,900.0,450.0,direction,211.84647552666905,1006.2305898749054,1,22.74651332718035,32.372416822662565,64.7448336453251,1,1,0,0,1,22.746513327180352,32.372416822662565,64.7448336453251,1,1,0,0
center_1250_80,center,1250,fixed_oracle,904.5320943760645,-18.319740332804088,900.0,450.0,direction,270.7544008247664,1006.2305898749054,1,3.010336300827959,18.020898789513193,36.04179757902633,1,1,1,1,1,3.0103363008278143,18.020898789513197,36.04179757902634,1,1,1,1
center_1250_81,center,1250,fixed_oracle,946.5141104238879,-30.086666998639124,900.0,450.0,direction,275.6141104267623,1006.2305898749054,1,13.397728231012293,19.390735482125653,38.78147096425136,1,1,1,1,1,13.39772823101228,19.390735482125656,38.78147096425137,1,1,1,1
center_1250_82,center,1250,fixed_oracle,874.7810017709239,-24.121866570143098,900.0,450.0,direction,265.9962642184942,1006.2305898749054,1,11.887155338612585,17.582626992013285,35.16525398402651,1,1,1,1,1,11.88715533861288,17.58262699201329,35.16525398402652,1,1,1,1
center_1250_83,center,1250,fixed_oracle,692.9060819475038,-11.11567754814758,900.0,450.0,direction,245.3836872597327,1006.2305898749054,1,4.838902266055406,19.163432822437375,38.32686564487475,1,1,1,1,1,4.838902266055406,19.163432822437375,38.32686564487476,1,1,1,1
center_1250_84,center,1250,fixed_oracle,1012.6063560269272,-2.7305299993955243,900.0,450.0,direction,284.3785875321016,1006.2305898749054,1,17.170047239538377,22.44080788262404,44.88161576524808,1,1,1,0,1,17.17004723953838,22.44080788262404,44.88161576524808,1,1,1,0
center_1250_85,center,1250,fixed_oracle,1109.8605158403957,-32.825466849988445,900.0,450.0,direction,294.2750175903497,1006.2305898749054,1,13.309773166206625,27.25209783573689,54.50419567147394,1,1,1,0,1,13.309773166206668,27.25209783573689,54.504195671473944,1,1,1,0
center_1250_86,center,1250,fixed_oracle,879.9189298367918,-13.104175559225107,900.0,450.0,direction,267.7696939879222,1006.2305898749054,1,2.944466725563752,17.564104150170785,35.125038657003806,1,1,1,1,1,2.9444667255635313,17.564104150170788,35.12503865700381,1,1,1,1
center_1250_87,center,1250,fixed_oracle,1125.7344039769157,-8.152850460183846,900.0,450.0,direction,296.6987787563217,1006.2305898749054,1,16.508222697405767,28.75273697760156,57.50547395520312,1,1,1,0,1,16.508222697405774,28.75273697760156,57.50547395520312,1,1,1,0
center_1250_88,center,1250,fixed_oracle,1191.710769362379,-10.413368186961915,900.0,450.0,direction,302.34546330398916,1006.2305898749054,1,13.256784042517364,32.947096949162976,65.89419389832578,1,1,1,0,1,13.256784042517626,32.94709694916298,65.8941938983258,1,1,1,0
center_1250_89,center,1250,fixed_oracle,679.4791324560568,-17.463534810488607,900.0,450.0,direction,244.59237048111825,1006.2305898749054,1,5.924990104244923,19.281702479947423,38.563404959894754,1,1,1,1,1,5.924990104244923,19.281702479947423,38.563404959894754,1,1,1,1
center_1250_90,center,1250,fixed_oracle,846.4098330410419,-9.60734880881963,900.0,450.0,direction,263.15328587103994,1006.2305898749054,1,5.533332246347242,17.65028763026236,35.30057526052465,1,1,1,1,1,5.533332246347443,17.650287630262362,35.30057526052466,1,1,1,1
center_1250_91,center,1250,fixed_oracle,1209.7150651277866,-34.32725914311583,900.0,450.0,direction,301.610159082798,1006.2305898749054,1,23.14607600542256,32.336480173991646,64.67296034798346,1,1,0,0,1,23.146076005422742,32.33648017399165,64.67296034798346,1,1,0,0
center_1250_92,center,1250,fixed_oracle,1157.270710546791,-22.62154198823501,900.0,450.0,direction,299.05398305711407,1006.2305898749054,1,5.166589123602338,30.37132429425531,60.74264858851062,1,1,1,0,1,5.166589123602544,30.371324294255313,60.742648588510626,1,1,1,0
center_1250_93,center,1250,fixed_oracle,1076.1377437219228,-10.55457493592502,900.0,450.0,direction,290.64183575853787,1006.2305898749054,1,8.602227490791886,25.26797891987691,50.53595783975382,1,1,1,0,1,8.602227490791881,25.267978919876914,50.53595783975383,1,1,1,0
center_1250_94,center,1250,fixed_oracle,597.128636238708,-19.731963457958376,900.0,450.0,direction,236.79002491067064,1006.2305898749054,1,9.683684727852494,20.75223103630939,41.50446207261877,1,1,1,0,1,9.683684727852494,20.75223103630939,41.50446207261878,1,1,1,0
center_1250_95,center,1250,fixed_oracle,1164.3297667091551,-18.93091295516347,900.0,450.0,direction,299.0485030629969,1006.2305898749054,1,2.9129658977034056,30.367356019020583,60.734712038040996,1,1,1,0,1,2.91296589770305,30.36735601902059,60.73471203804101,1,1,1,0
center_1250_96,center,1250,fixed_oracle,1144.2758149958788,-30.868621060368493,900.0,450.0,direction,296.15397757207904,1006.2305898749054,1,16.802368513368048,28.401697792003425,56.80339558400685,1,1,1,0,1,16.802368513368396,28.401697792003432,56.803395584006864,1,1,1,0
center_1250_97,center,1250,fixed_oracle,798.4652107429065,-27.565520731135507,900.0,450.0,direction,257.47622198662145,1006.2305898749054,1,13.966569019813534,17.9196979695968,35.83939593919367,1,1,1,1,1,13.966569019813516,17.919697969596804,35.83939593919368,1,1,1,1
center_1250_98,center,1250,fixed_oracle,473.1891168695455,-9.963984226491984,900.0,450.0,direction,227.51212294847096,1006.2305898749054,1,7.098962024504769,23.439549550081228,46.879099100162456,1,1,1,0,1,7.098962024504931,23.439549550081228,46.879099100162456,1,1,1,0
center_1250_99,center,1250,fixed_oracle,865.1052532224309,-2.8327858320642028,900.0,450.0,direction,265.9029500388416,1006.2305898749054,1,12.20535406455575,17.58415305148315,35.16830610296636,1,1,1,1,1,12.20535406455573,17.584153051483153,35.16830610296637,1,1,1,1
center_1450_0,center,1450,bayes,804.607059176784,-4.481634418224601,900.0,600.0,direction,260.82281735626106,1081.6653826391969,1,11.448191465186826,19.584630932945327,39.163296197587876,1,1,1,1,1,10.107858416630007,19.06866070299772,38.13732140599544,1,1,1,1
center_1450_1,center,1450,bayes,968.7905386000151,-24.23694866032397,900.0,600.0,direction,276.3388147633086,1081.6653826391969,1,7.102908260045711,21.706683462417438,43.413366924834875,1,1,1,0,1,7.096828297862861,21.398517614929307,42.797035229858615,1,1,1,0
center_1450_2,center,1450,bayes,779.1721633084451,-21.463369167650878,900.0,600.0,direction,259.5993243246182,1081.6653826391969,1,11.035648276874285,19.58516139139656,39.164356952907504,1,1,1,1,1,11.24178081269179,19.13172326573914,38.26344653147828,1,1,1,1
center_1450_3,center,1450,bayes,955.3986200846514,-8.891848483144036,900.0,600.0,direction,274.2616844510956,1081.6653826391969,1,11.924294201826207,21.606810165960738,43.21362033192141,1,1,1,0,1,12.037363430646828,20.633208688738815,41.266417377477566,1,1,1,0
center_1450_4,center,1450,bayes,698.8541398507314,-15.726753955572326,900.0,600.0,direction,252.8883591193205,1081.6653826391969,1,12.214997574874738,19.817196385515686,39.63439277103137,1,1,1,1,1,12.899114588581336,19.646446287766533,39.292892575532974,1,1,1,1
center_1450_5,center,1450,bayes,216.7875331876591,-0.3018076602522707,900.0,600.0,direction,221.29860747071794,1081.6653826391969,1,3.005712473166657,29.06663301534724,58.13326603069448,1,1,1,0,1,5.013152288027973,28.0459761339909,56.0919522679818,1,1,1,0
center_1450_6,center,1450,bayes,1348.2787780636622,-9.425279124792125,900.0,600.0,direction,306.0119421535869,1081.6653826391969,1,16.774248305289937,41.438512924771985,82.87702584954415,1,1,1,0,1,16.11740190770483,41.999467686433654,83.99893537286731,1,1,1,0
center_1450_7,center,1450,bayes,200.51947978085653,-0.28595993921987645,900.0,600.0,direction,221.27308334222357,1081.6653826391969,1,16.093280203635935,29.06663301534724,58.13326603069448,1,1,1,0,1,11.956573644339835,28.05971695860955,56.11943391721907,1,1,1,0
center_1450_8,center,1450,bayes,1146.4307250859972,-8.110624406655376,900.0,600.0,direction,292.24695269366805,1081.6653826391969,1,14.204239941389078,29.05452204204469,58.10904408408923,1,1,1,0,1,14.713618786036024,29.39274272124964,58.78548544249944,1,1,1,0
center_1450_9,center,1450,bayes,1072.7536815058227,-25.680237013713526,900.0,600.0,direction,284.96680586754803,1081.6653826391969,1,10.823792618523596,24.8547807098367,49.70956141967325,1,1,1,0,1,9.670809698385552,25.17491006504099,50.349820130082136,1,1,1,0
center_1450_10,center,1450,bayes,633.7937969217172,-19.517866736885203,900.0,600.0,direction,246.83999066148883,1081.6653826391969,1,10.051087449671037,20.489798059645643,40.97959611929129,1,1,1,0,1,9.809765107202178,20.380190221422602,40.760380442845204,1,1,1,0
center_1450_11,center,1450,bayes,663.5790945549662,-14.629425631236288,900.0,600.0,direction,248.4595824788979,1081.6653826391969,1,8.560021746085765,22.77900610763999,45.55801221527988,1,1,1,0,1,6.183466424582578,20.15622230722696,40.31244461445392,1,1,1,0
center_1450_12,center,1450,bayes,1308.8579720584526,-39.22020156885258,900.0,600.0,direction,303.2770452793746,1081.6653826391969,1,15.861457491341298,37.87663868296023,75.75327736592045,1,1,1,0,1,15.843397411685428,38.801698570288025,77.60339714057623,1,1,1,0
center_1450_13,center,1450,bayes,1180.9066191842294,-34.34985576214074,900.0,600.0,direction,293.022231657577,1081.6653826391969,1,19.733101485408024,30.416123221592958,60.832246443185916,1,1,1,0,1,21.508363869985693,29.916534008947252,59.833068017894504,1,1,0,0
center_1450_14,center,1450,bayes,1183.622317845048,-13.017493775171141,900.0,600.0,direction,295.63010620524494,1081.6653826391969,1,18.380851891259674,30.351541448510535,60.70308289702107,1,1,1,0,1,17.194835370578506,31.807388010609927,63.61477602121968,1,1,1,0
center_1450_15,center,1450,bayes,1270.8359753528289,-11.46056108045861,900.0,600.0,direction,302.0852695407877,1081.6653826391969,1,25.228943169223932,36.649799828193025,73.29959965638622,0,0,0,0,1,23.56970316829221,37.53972451636413,75.07944903272826,1,1,0,0
center_1450_16,center,1450,bayes,1419.1526985511234,-39.47603166463326,900.0,600.0,direction,309.21303126068386,1081.6653826391969,1,17.82137961927746,44.77877590974807,89.55755181949614,1,1,1,0,1,16.22311273362553,46.376799110909936,92.75359822181987,1,1,1,0
center_1450_17,center,1450,bayes,784.2476610874453,-18.767884137938495,900.0,600.0,direction,259.0343398580879,1081.6653826391969,1,5.892158155312084,19.587561384781363,39.170816065671474,1,1,1,1,1,6.346702338848443,19.163940955706998,38.327881911413996,1,1,1,1
center_1450_18,center,1450,bayes,1434.6187219331518,-40.879378288336326,900.0,600.0,direction,309.85424051826794,1081.6653826391969,1,21.762561996413996,45.94020856349679,91.8804171269934,1,1,0,0,1,19.108383513231868,47.35025475792849,94.70050951585698,1,1,1,0
center_1450_19,center,1450,bayes,1237.443340203087,-32.55207187552051,900.0,600.0,direction,298.0210343981072,1081.6653826391969,1,11.030688906200705,34.303300501276595,68.60660100255336,1,1,1,0,1,12.098569652202979,33.7373242531069,67.47464850621364,1,1,1,0
center_1450_20,center,1450,bayes,1302.9379250236977,-0.026465319826475313,900.0,600.0,direction,304.3245955070653,1081.6653826391969,1,31.240696395632092,39.08968227843107,78.17936455686197,1,1,0,0,1,33.53694872698105,39.974252555721975,79.94850511144377,1,1,0,0
center_1450_21,center,1450,bayes,863.1382737727783,-4.187971930836186,900.0,600.0,direction,265.64164650455535,1081.6653826391969,1,12.78191287260468,19.41436266322392,38.82872532644784,1,1,1,1,1,14.676256522655057,18.90725868907049,37.81451737814098,1,1,1,1
center_1450_22,center,1450,bayes,902.5861578240666,-17.17150589612745,900.0,600.0,direction,270.2977743578231,1081.6653826391969,1,1.7125047014075963,19.865383371074124,39.72471555393307,1,1,1,1,1,1.5026426924639662,19.293935721207923,38.58787144241591,1,1,1,1
center_1450_23,center,1450,bayes,475.25403032381746,-0.5241224724441762,900.0,600.0,direction,234.67583128361855,1081.6653826391969,1,7.884995788438279,24.270342485180112,48.540684970360225,1,1,1,0,1,9.695788315255632,22.854693310121114,45.70938662024223,1,1,1,0
center_1450_24,center,1450,bayes,701.9652429004807,-13.363875555872523,900.0,600.0,direction,252.58359741322556,1081.6653826391969,1,8.65120505856756,19.817196385515686,39.63439277103137,1,1,1,1,1,5.871215119294349,19.67695713826373,39.35391427652737,1,1,1,1
center_1450_25,center,1450,bayes,1363.6288192136208,-19.7704046057552,900.0,600.0,direction,307.62109755477053,1081.6653826391969,1,20.322688208446827,42.46388115915665,84.92776231831311,1,1,0,0,1,19.45714088852124,44.10502777452703,88.21005554905406,1,1,1,0
center_1450_26,center,1450,bayes,1141.2724258467965,-30.16153343015455,900.0,600.0,direction,290.64453453555547,1081.6653826391969,1,11.230576815358278,27.696214444224115,55.392428888448386,1,1,1,0,1,12.295951107437537,28.360585216669143,56.72117043333844,1,1,1,0
center_1450_27,center,1450,bayes,1165.1716498686455,-5.066222195851923,900.0,600.0,direction,293.7910523423561,1081.6653826391969,1,18.169880786101338,30.397212879261826,60.79442575852365,1,1,1,0,1,18.250227388964287,30.45267593125224,60.90535186250448,1,1,1,0
center_1450_28,center,1450,bayes,827.6847469884025,-3.044352952656314,900.0,600.0,direction,262.5823930306649,1081.6653826391969,1,13.669340800052295,19.560014900230655,39.11407163044062,1,1,1,1,1,13.585710197934505,18.99381120620551,37.987622412411106,1,1,1,1
center_1450_29,center,1450,bayes,411.1586376951111,-5.24966422837256,900.0,600.0,direction,231.58696815757392,1081.6653826391969,1,7.673563901785621,22.22090696475688,44.44181392951376,1,1,1,0,1,7.342296799467426,23.76350029083548,47.52700058167096,1,1,1,0
center_1450_30,center,1450,bayes,977.8256472247524,-3.1568530995991457,900.0,600.0,direction,278.30400708017726,1081.6653826391969,1,18.539029717968052,23.233602705500022,46.467205411000045,1,1,1,0,1,19.145818931751734,22.16826685378523,44.33653370757046,1,1,1,0
center_1450_31,center,1450,bayes,97.90091921821003,-1.1164950920469043,900.0,600.0,direction,216.47555266656613,1081.6653826391969,1,18.341239455070884,38.507420261175405,77.01484052235081,1,1,1,0,1,11.535745537039364,31.02248444877388,62.04496889754775,1,1,1,0
center_1450_32,center,1450,bayes,1436.3303454543836,-41.655071537141666,900.0,600.0,direction,309.3874643997114,1081.6653826391969,1,32.36796385665291,44.77877590974807,89.55755181949614,1,1,0,0,1,27.255007489023335,46.638141755982936,93.27628351196587,1,1,0,0
center_1450_33,center,1450,bayes,1308.5425016776187,-15.74636541843567,900.0,600.0,direction,303.58240129025154,1081.6653826391969,1,11.296310143047693,39.15004312806499,78.30008625613017,1,1,1,0,1,9.93490979264983,39.13716435464077,78.27432870928172,1,1,1,0
center_1450_34,center,1450,bayes,521.174017887389,-6.213375325166015,900.0,600.0,direction,237.09673129798298,1081.6653826391969,1,12.772433052915149,23.345362764617715,46.69072552923543,1,1,1,0,1,15.410202139147673,22.233319797894204,44.46663959578846,1,1,1,0
center_1450_35,center,1450,bayes,1426.7746235609125,-41.30934716375862,900.0,600.0,direction,310.156891551269,1081.6653826391969,1,15.801297645485462,45.817038689341715,91.63407737868343,1,1,1,0,1,15.805696666818672,47.8221623393879,95.6443246787758,1,1,1,0
center_1450_36,center,1450,bayes,1392.6680350127087,-37.306632907947524,900.0,600.0,direction,307.08279939385574,1081.6653826391969,1,22.779054283367667,42.56982077972026,85.13964155944052,1,1,0,0,1,23.430045870726044,43.38044400542979,86.76088801085957,1,1,0,0
center_1450_37,center,1450,bayes,1421.8597079306812,-18.559463675906848,900.0,600.0,direction,310.4867955536132,1081.6653826391969,1,9.704551855088967,45.817038689341715,91.63407737868343,1,1,1,0,1,15.229813674122278,48.34595670052925,96.6919134010585,1,1,1,0
center_1450_38,center,1450,bayes,1017.9069159349191,-17.237506650520853,900.0,600.0,direction,280.5340745736897,1081.6653826391969,1,2.233739492398399,23.313835089605504,46.62767017921107,1,1,1,0,1,2.7328135193991323,23.101455138691474,46.20291027738302,1,1,1,0
center_1450_39,center,1450,bayes,677.6654223291187,-15.656197183695983,900.0,600.0,direction,249.57772132204323,1081.6653826391969,1,6.738574831367043,20.11239910645202,40.22479821290414,1,1,1,0,1,7.035634044534701,20.013699724727747,40.027399449455494,1,1,1,0
center_1450_40,center,1450,bayes,213.57699879751806,-1.119168481452341,900.0,600.0,direction,220.2651327752368,1081.6653826391969,1,27.586429230974193,23.83929013644201,47.671318594172064,0,0,0,0,1,25.91729985032735,28.61792126819596,57.23584253639192,1,1,0,0
center_1450_41,center,1450,bayes,1307.9330086652396,-33.265633416401755,900.0,600.0,direction,302.83835060395756,1081.6653826391969,1,11.817895996061834,37.930898185664766,75.86179637132953,1,1,1,0,1,11.126965633078154,38.32855157019975,76.65710314039933,1,1,1,0
center_1450_42,center,1450,bayes,1271.1442932002897,-27.06081917537768,900.0,600.0,direction,301.4662827046764,1081.6653826391969,1,7.985189661576637,35.409705279887724,70.81941055977545,1,1,1,0,1,11.547216916733285,36.91260459172147,73.82520918344294,1,1,1,0
center_1450_43,center,1450,bayes,369.8651247094379,-6.005561092429946,900.0,600.0,direction,228.03069391203957,1081.6653826391969,1,7.655396653149413,25.064917535115384,50.12983507023071,1,1,1,0,1,15.198125476251294,24.99770283153726,49.99540566307458,1,1,1,0
center_1450_44,center,1450,bayes,1386.8142129886587,-29.060766399904605,900.0,600.0,direction,308.4081624500161,1081.6653826391969,1,6.039971488049851,43.68305849630063,87.36611699260126,1,1,1,0,1,10.490615554307281,45.20331357954137,90.40662715908275,1,1,1,0
center_1450_45,center,1450,bayes,1109.1558785878444,-14.28704025641846,900.0,600.0,direction,288.2741894197155,1081.6653826391969,1,6.907092108988199,27.697958236065226,55.39591647213045,1,1,1,0,1,6.7233468266572265,26.947742050784495,53.89548410156884,1,1,1,0
center_1450_46,center,1450,bayes,1248.617535428337,-39.81845639969819,900.0,600.0,direction,297.68204865870916,1081.6653826391969,1,28.041132207728293,34.34641625819282,68.69283251638547,1,1,0,0,1,28.21683411095998,33.45113914946109,66.90227829892218,1,1,0,0
center_1450_47,center,1450,bayes,955.4298784295144,-17.629930765536223,900.0,600.0,direction,274.99207574800397,1081.6653826391969,1,4.4288443226037435,21.62519394460749,43.25038788921505,1,1,1,0,1,1.445187712468554,20.896961648558275,41.79392329711661,1,1,1,0
center_1450_48,center,1450,bayes,1212.940936805096,-35.09529658768142,900.0,600.0,direction,295.3668845393396,1081.6653826391969,1,23.06882866128216,31.720235867022787,63.44047173404557,1,1,0,0,1,22.545067903736186,31.60694304734954,63.21388609469925,1,1,0,0
center_1450_49,center,1450,bayes,940.0318776462663,-10.560960901970299,900.0,600.0,direction,273.20290906011456,1081.6653826391969,1,7.931879967397742,20.107723115484085,40.215446230968105,1,1,1,0,1,7.934498024393997,20.260680730967227,40.521361461934454,1,1,1,0
center_1450_50,center,1450,bayes,290.58416617928225,-4.166564095967135,900.0,600.0,direction,224.4159716795314,1081.6653826391969,1,11.425966282188035,31.520978350705803,63.041956701411664,1,1,1,0,1,8.06108207036074,26.501281017729706,53.00256203545941,1,1,1,0
center_1450_51,center,1450,bayes,1177.4930211604706,-9.412583401723447,900.0,600.0,direction,293.59015861948006,1081.6653826391969,1,11.962037885316393,30.397212879261826,60.79442575852365,1,1,1,0,1,12.838953338879167,30.31093224916613,60.621864498332094,1,1,1,0
center_1450_52,center,1450,bayes,1311.2442437875372,-14.013884817300179,900.0,600.0,direction,303.4974488326528,1081.6653826391969,1,9.776639837974827,37.87663868296023,75.75327736592045,1,1,1,0,1,9.705911144627215,39.04332230294921,78.08664460589858,1,1,1,0
center_1450_53,center,1450,bayes,885.7570879079675,-1.0039066660711036,900.0,600.0,direction,268.06537543521387,1081.6653826391969,1,14.905183500987434,19.802661200008536,39.59929031758286,1,1,1,1,1,15.76910178577081,18.880564073013574,37.75460041058494,1,1,1,1
center_1450_54,center,1450,bayes,1000.704495187339,-12.72337369130096,900.0,600.0,direction,280.3311102745424,1081.6653826391969,1,11.956127347311359,23.298588674425222,46.597177348850444,0,0,1,0,1,13.359921137028026,23.013717896254743,46.027435792509415,1,1,1,0
center_1450_55,center,1450,bayes,1155.9525137289165,-32.94764950864902,900.0,600.0,direction,291.27516407695015,1081.6653826391969,1,18.907264556337527,29.068893194716463,58.13778638943309,1,1,1,0,1,18.81496211450284,28.75894408993479,57.51788817986975,1,1,1,0
center_1450_56,center,1450,bayes,1294.8019475993806,-41.0340383294363,900.0,600.0,direction,300.89736781866134,1081.6653826391969,1,30.069343914617,35.450209192697756,70.90041838539551,1,1,0,0,1,28.200990379484985,36.35239941218098,72.70479882436196,1,1,0,0
center_1450_57,center,1450,bayes,999.3127291713157,-0.7124856585350956,900.0,600.0,direction,278.62330514992175,1081.6653826391969,1,17.193329209200556,21.850170249655143,43.700340499310215,1,1,1,0,1,17.69771483366425,22.297837870164088,44.595675740328176,1,1,1,0
center_1450_58,center,1450,bayes,873.3694996952655,-9.86705963618183,900.0,600.0,direction,267.618862661364,1081.6653826391969,1,6.46835452510165,19.779822869797176,39.55362061393678,1,1,1,1,1,5.403654172914945,18.881375236230717,37.760547684484486,1,1,1,1
center_1450_59,center,1450,bayes,888.9817169384094,-1.7379599985141265,900.0,600.0,direction,268.3337422209071,1081.6653826391969,1,15.396462514822732,19.802661200008536,39.59929031758286,1,1,1,1,1,15.314329196328591,18.881180300896585,37.75212983789578,1,1,1,1
center_1450_60,center,1450,bayes,1375.0105138883848,-41.96698131401576,900.0,600.0,direction,307.1460869715701,1081.6653826391969,1,17.41823836232572,42.56982077972026,85.13964155944052,1,1,1,0,1,17.373922853882018,43.46454857378373,86.92909714756746,1,1,1,0
center_1450_61,center,1450,bayes,1236.956584744796,-34.8462324636874,900.0,600.0,direction,298.0237604738785,1081.6653826391969,1,13.129871935901821,34.303300501276595,68.60660100255336,1,1,1,0,1,13.943045241485073,33.73964338662954,67.47928677325908,1,1,1,0
center_1450_62,center,1450,bayes,1370.0104082376017,-31.669429893169397,900.0,600.0,direction,306.63448882878015,1081.6653826391969,1,8.38176800117406,41.33808256881652,82.67616513763285,1,1,1,0,1,8.661536972307855,42.79274665768123,85.58549331536246,1,1,1,0
center_1450_63,center,1450,bayes,1380.5394724801795,-27.30202751947753,900.0,600.0,direction,306.5488223118616,1081.6653826391969,1,15.029451728244,41.33808256881652,82.67616513763285,1,1,1,0,1,17.03285524055359,42.68203200832668,85.36406401665336,1,1,1,0
center_1450_64,center,1450,bayes,799.3925059682921,-4.7186500584776025,900.0,600.0,direction,260.5680205767909,1081.6653826391969,1,9.297096286261278,19.584630932945327,39.163296197587876,1,1,1,1,1,9.123638748844751,19.081042524394604,38.16208504878921,1,1,1,1
center_1450_65,center,1450,bayes,441.2838162542923,-9.341153461886046,900.0,600.0,direction,232.96848692657434,1081.6653826391969,1,2.9274459506252346,21.422722719675683,42.84544543935142,1,1,1,0,1,2.0247668131229237,23.33985214183873,46.679704283677516,1,1,1,0
center_1450_66,center,1450,bayes,1429.4943615463383,-19.614629977750834,900.0,600.0,direction,310.07823178472586,1081.6653826391969,1,6.068232097810902,45.817038689341715,91.63407737868343,1,1,1,0,1,6.347164726807421,47.698727857655854,95.39745571531152,1,1,1,0
center_1450_67,center,1450,bayes,1336.1711684784598,-15.31219147108532,900.0,600.0,direction,306.10535875370374,1081.6653826391969,1,21.84726706929003,41.438512924771985,82.87702584954415,1,1,0,0,1,21.930799191506825,42.11685120506061,84.23370241012123,1,1,0,0
center_1450_68,center,1450,bayes,1395.0702104131526,-7.175308354828458,900.0,600.0,direction,309.38194412335224,1081.6653826391969,1,22.46919113375495,44.77877590974807,89.55755181949614,1,1,0,0,1,26.526328499953678,46.62983176041365,93.25966352082712,1,1,0,0
center_1450_69,center,1450,bayes,991.9572466288803,-15.974733064590529,900.0,600.0,direction,278.19569476287063,1081.6653826391969,1,2.899594933629688,23.233602705500022,46.467205411000045,1,1,1,0,1,3.0887144001587328,22.124608666926484,44.2492173338529,1,1,1,0
center_1450_70,center,1450,bayes,792.5702875062842,-8.273262636657652,900.0,600.0,direction,259.9502049318584,1081.6653826391969,1,7.76570607224096,19.58516139139656,39.164356952907504,1,1,1,1,1,5.535580080291203,19.112703424342218,38.22540684868452,1,1,1,1
center_1450_71,center,1450,bayes,562.2986909082698,-6.905763049306849,900.0,600.0,direction,240.05006538233596,1081.6653826391969,1,12.3710115677497,22.150919799773828,44.301839599547655,1,1,1,0,1,13.887919933748414,21.570127034581372,43.140254069162744,1,1,1,0
center_1450_72,center,1450,bayes,486.57555402284214,-4.73955268129963,900.0,600.0,direction,235.73255210758424,1081.6653826391969,1,3.4421715955530403,19.950403632172204,39.90080726434446,1,1,1,1,1,3.6022004167969497,22.574281127329357,45.148562254658714,1,1,1,0
center_1450_73,center,1450,bayes,752.2833657793836,-23.935543847881853,900.0,600.0,direction,257.43343354480805,1081.6653826391969,1,14.116105114636074,17.602125263786252,35.202241480062256,1,1,1,1,1,15.294518496686925,19.266035340988864,38.53207068197773,1,1,1,1
center_1450_74,center,1450,bayes,918.3324776786756,-22.454836038712557,900.0,600.0,direction,271.38851946866,1081.6653826391969,1,7.751905317312612,21.25134186008345,42.5026837201669,1,1,1,0,1,7.007829808491357,19.647797667933588,39.29559533586711,1,1,1,1
center_1450_75,center,1450,bayes,732.5314532573568,-8.497781786323793,900.0,600.0,direction,253.96845296230396,1081.6653826391969,1,10.475604773039104,19.749481352610736,39.498962705221565,0,0,1,1,1,9.600118133277707,19.543505448803455,39.087010897607,1,1,1,1
center_1450_76,center,1450,bayes,422.27412264861823,-11.934255457298814,900.0,600.0,direction,232.23795806832464,1081.6653826391969,1,8.289442437943665,21.80338365907135,43.6067673181427,1,1,1,0,1,8.525072645561831,23.560264631277498,47.12052926255505,1,1,1,0
center_1450_77,center,1450,bayes,893.9792279825828,-19.715567746108235,900.0,600.0,direction,269.1353799299538,1081.6653826391969,1,4.695452659017574,19.851222944469463,39.69639901412687,1,1,1,1,1,4.980014928149021,18.92816053876447,37.85632107752894,1,1,1,1
center_1450_78,center,1450,bayes,1167.1662196087937,-18.495374240888903,900.0,600.0,direction,294.16897983676745,1081.6653826391969,1,12.75618174556427,31.7787830610435,63.557566122087,1,1,1,0,1,12.305674818219957,30.722563174151,61.445126348302,1,1,1,0
center_1450_79,center,1450,bayes,608.1393667153084,-12.063397135256634,900.0,600.0,direction,243.90826903617364,1081.6653826391969,1,12.1234437834546,21.15654859212682,42.31309718425364,1,1,1,0,1,7.525349978403646,20.841611365776156,41.683222731552306,1,1,1,0
center_1450_80,center,1450,bayes,453.14160730515255,-3.985571571634366,900.0,600.0,direction,233.38664576432575,1081.6653826391969,1,9.476238897585294,25.57200116117884,51.14400232235773,1,1,1,0,1,5.999114194265124,23.21722008242827,46.43444016485659,1,1,1,0
center_1450_81,center,1450,bayes,1217.4292437788738,-28.657245873475294,900.0,600.0,direction,297.3849901897838,1081.6653826391969,1,8.116419354239877,32.98927373030198,65.97854746060396,1,1,1,0,1,8.66188963938649,33.20388750368302,66.40777500736621,1,1,1,0
center_1450_82,center,1450,bayes,1260.5093802876424,-10.28455951156723,900.0,600.0,direction,300.0361368494726,1081.6653826391969,1,12.768673566448456,35.49321684280188,70.98643368560376,1,1,1,0,1,12.206383116409068,35.53253908249977,71.06507816499935,1,1,1,0
center_1450_83,center,1450,bayes,743.1928539601389,-8.497903033497991,900.0,600.0,direction,255.42185941136051,1081.6653826391969,1,4.810254139031563,19.67201779238364,39.34403558476728,1,1,1,1,1,5.035922840492505,19.41749527454951,38.83499054909902,1,1,1,1
center_1450_84,center,1450,bayes,1289.4465447096668,-12.04580231799843,900.0,600.0,direction,302.72110250773227,1081.6653826391969,1,16.573834500966143,37.930898185664766,75.86179637132953,1,1,1,0,1,16.228851916558718,38.20381942712131,76.40763885424279,1,1,1,0
center_1450_85,center,1450,bayes,1147.9200748741473,-27.8360891131726,900.0,600.0,direction,291.79873517619313,1081.6653826391969,1,7.584241975567023,29.058636770958657,58.117273541917314,1,1,1,0,1,7.452841469327007,29.0973447456237,58.1946894912474,1,1,1,0
center_1450_86,center,1450,bayes,746.2735721573291,-2.435404759805659,900.0,600.0,direction,255.62102413321247,1081.6653826391969,1,10.347806047746477,19.59070116594447,39.181402331889025,1,1,1,1,1,10.900628691391125,19.401324166822906,38.80264833364581,1,1,1,1
center_1450_87,center,1450,bayes,1226.3036624357658,-13.371827009462383,900.0,600.0,direction,298.68575419617713,1081.6653826391969,1,17.36628702166726,34.26289962844007,68.52579925687995,1,1,1,0,1,17.14108614181689,34.31134421188804,68.62268842377608,1,1,1,0
center_1450_88,center,1450,bayes,1018.1810626445972,-15.732303250660856,900.0,600.0,direction,279.9500471007372,1081.6653826391969,1,11.26160364346315,23.284063933216423,46.568127866432924,1,1,1,0,1,9.672607952702228,22.850552134249682,45.70110426849944,1,1,1,0
center_1450_89,center,1450,bayes,673.6189202094082,-17.23754659476233,900.0,600.0,direction,250.4299498771354,1081.6653826391969,1,7.750461643297338,20.052463154030164,40.10492630806042,1,1,1,0,1,10.305151503634718,19.911479757765164,39.82295951553043,1,1,1,1
center_1450_90,center,1450,bayes,504.6548823711293,-7.647839770410837,900.0,600.0,direction,237.1894135417388,1081.6653826391969,1,4.044195324450227,23.345362764617715,46.69072552923543,1,1,1,0,1,2.7887310521091635,22.21098236809843,44.42196473619692,1,1,1,0
center_1450_91,center,1450,bayes,525.000209662005,-0.332857247116825,900.0,600.0,direction,237.91307669788165,1081.6653826391969,1,11.417261126022726,23.07276238272134,46.14552476544263,1,1,1,0,1,10.908974104315377,22.04007519699511,44.08015039399022,1,1,1,0
center_1450_92,center,1450,bayes,1059.1285346584764,-7.55173298742156,900.0,600.0,direction,285.27858571381114,1081.6653826391969,1,14.722870594003664,24.866456095508894,49.73291219101779,1,1,1,0,1,15.418302736751569,25.33309200212779,50.666184004255726,1,1,1,0
center_1450_93,center,1450,bayes,1376.071018973477,-19.175183488944935,900.0,600.0,direction,308.01771906087424,1081.6653826391969,1,16.190574733517508,43.68305849630063,87.36611699260126,1,1,1,0,1,14.586221860139942,44.652578293131334,89.30515658626285,1,1,1,0
center_1450_94,center,1450,bayes,964.8006585136611,-2.7796900248617424,900.0,600.0,direction,276.21153149120136,1081.6653826391969,1,15.086726898582679,21.706683462417438,43.413366924834875,1,1,1,0,1,14.585747309881024,21.35024222616466,42.70048445232932,1,1,1,0
center_1450_95,center,1450,bayes,1414.440540253729,-16.933946842897704,900.0,600.0,direction,308.9729268827805,1081.6653826391969,1,16.012496714104365,43.57208914990555,87.1441782998111,0,0,1,0,1,11.281932491188481,46.021216047424446,92.04243209484889,1,1,1,0
center_1450_96,center,1450,bayes,841.227553654623,-8.937538685333704,900.0,600.0,direction,264.1231001520079,1081.6653826391969,1,6.3301057382235815,18.00207518029413,35.998666754098274,1,1,1,1,1,7.2259843739973535,18.943370299815847,37.886740599631615,1,1,1,1
center_1450_97,center,1450,bayes,1267.7351160807564,-24.100229299687417,900.0,600.0,direction,301.08715760589206,1081.6653826391969,1,10.23828469652763,35.409705279887724,70.81941055977545,1,1,1,0,1,8.560851207344388,36.537598576272316,73.07519715254463,1,1,1,0
center_1450_98,center,1450,bayes,816.4224992869056,-10.879051477776043,900.0,600.0,direction,261.9778420009226,1081.6653826391969,1,8.022468900356486,19.591475109307584,39.176982465509916,1,1,1,1,1,4.472054851118931,19.01743955152211,38.0348791030443,1,1,1,1
center_1450_99,center,1450,bayes,1030.7267228825806,-20.20576179023947,900.0,600.0,direction,280.980463336642,1081.6653826391969,1,15.083990724847395,23.313835089605504,46.62767017921107,1,1,1,0,1,10.655271553083134,23.296487480216673,46.592974960433345,1,1,1,0
center_1450_0,center,1450,fixed_assumed,804.607059176784,-4.481634418224601,900.0,450.0,direction,257.9367197875566,1006.2305898749054,1,10.123836472593226,17.890958909200723,35.781917818401446,1,1,1,1,1,10.123836472593231,17.890958909200727,35.78191781840145,1,1,1,1
center_1450_1,center,1450,fixed_assumed,968.7905386000151,-24.23694866032397,900.0,450.0,direction,278.3037133793052,1006.2305898749054,1,7.143531476517117,20.236950605070415,40.47390121014083,1,1,1,0,1,7.1435314765171185,20.23695060507042,40.47390121014084,1,1,1,0
center_1450_2,center,1450,fixed_assumed,779.1721633084451,-21.463369167650878,900.0,450.0,direction,256.22724680184456,1006.2305898749054,1,10.538933040247718,18.003986410622613,36.0079728212453,1,1,1,1,1,10.538933040247793,18.00398641062269,36.00797282124538,1,1,1,1
center_1450_3,center,1450,fixed_assumed,955.3986200846514,-8.891848483144036,900.0,450.0,direction,275.9466575458014,1006.2305898749054,1,10.174040221486711,19.491654335693777,38.9833086713875,1,1,1,1,1,10.174040221486713,19.491654335693784,38.98330867138751,1,1,1,1
center_1450_4,center,1450,fixed_assumed,698.8541398507314,-15.726753955572326,900.0,450.0,direction,247.62020157290596,1006.2305898749054,1,11.138127090206666,18.85606162608871,37.71212325217751,1,1,1,1,1,11.138127090206662,18.856061626088714,37.71212325217752,1,1,1,1
center_1450_5,center,1450,fixed_assumed,216.7875331876591,-0.3018076602522707,900.0,450.0,direction,213.38325537965164,1006.2305898749054,1,6.052982256472413,31.092026085501395,62.18405217100279,1,1,1,0,1,6.052982256472414,31.092026085501395,62.18405217100279,1,1,1,0
center_1450_6,center,1450,fixed_assumed,1348.2787780636622,-9.425279124792125,900.0,450.0,direction,313.9710741355079,1006.2305898749054,0,,,,0,0,0,0,1,18.295072833863877,46.48765293504322,92.97530587008625,1,1,1,0
center_1450_7,center,1450,fixed_assumed,200.51947978085653,-0.28595993921987645,900.0,450.0,direction,213.4084194954928,1006.2305898749054,1,11.92107711105732,31.072085996913735,62.1441719938275,1,1,1,0,1,11.92107711105732,31.072085996913735,62.1441719938275,1,1,1,0
center_1450_8,center,1450,fixed_assumed,1146.4307250859972,-8.110624406655376,900.0,450.0,direction,298.4642657236604,1006.2305898749054,1,15.50692797498277,29.949898285710923,59.899796571421845,1,1,1,0,1,15.506927974982776,29.94989828571093,59.89979657142186,1,1,1,0
center_1450_9,center,1450,fixed_assumed,1072.7536815058227,-25.680237013713526,900.0,450.0,direction,289.4912880335392,1006.2305898749054,1,9.298689119165033,24.697323560567405,49.39464712113481,1,1,1,0,1,9.298689119165338,24.697323560567412,49.394647121134824,1,1,1,0
center_1450_10,center,1450,fixed_assumed,633.7937969217172,-19.517866736885203,900.0,450.0,direction,240.54086492652343,1006.2305898749054,1,10.268279067291122,19.97193487086594,39.94386974173197,1,1,1,1,1,10.268279067291123,19.97193487086594,39.94386974173198,1,1,1,1
center_1450_11,center,1450,fixed_assumed,663.5790945549662,-14.629425631236288,900.0,450.0,direction,242.53041973410538,1006.2305898749054,1,5.029636318105439,19.61465236416722,39.229304728334434,1,1,1,1,1,5.029636318105435,19.61465236416722,39.22930472833444,1,1,1,1
center_1450_12,center,1450,fixed_assumed,1308.8579720584526,-39.22020156885258,900.0,450.0,direction,310.5599063900828,1006.2305898749054,0,,,,0,0,0,0,1,16.05297320356537,41.5762279620183,83.1524559240366,1,1,1,0
center_1450_13,center,1450,fixed_assumed,1180.9066191842294,-34.34985576214074,900.0,450.0,direction,299.249513336956,1006.2305898749054,1,21.569725035521838,30.51356610397557,61.02713220795114,1,1,0,0,1,21.569725035521838,30.513566103975577,61.027132207951155,1,1,0,0
center_1450_14,center,1450,fixed_assumed,1183.622317845048,-13.017493775171141,900.0,450.0,direction,302.29137108824915,1006.2305898749054,1,8.386486642264554,24.5750384076367,49.15007681527352,1,1,1,0,1,17.08798241559954,32.90143705567609,65.80287411135218,1,1,1,0
center_1450_15,center,1450,fixed_assumed,1270.8359753528289,-11.46056108045861,900.0,450.0,direction,309.6353073289535,1006.2305898749054,0,,,,0,0,0,0,1,24.880282758981856,40.40443329917856,80.80886659835693,1,1,0,0
center_1450_16,center,1450,fixed_assumed,1419.1526985511234,-39.47603166463326,900.0,450.0,direction,316.8272473015723,1006.2305898749054,0,,,,0,0,0,0,1,18.003184834782655,51.47050824888225,102.94101649776428,1,1,1,0
center_1450_17,center,1450,fixed_assumed,784.2476610874453,-18.767884137938495,900.0,450.0,direction,255.75962804867095,1006.2305898749054,1,5.741125476628144,18.037959960782164,36.07591992156433,1,1,1,1,1,5.741125476628189,18.037959960782167,36.07591992156433,1,1,1,1
center_1450_18,center,1450,fixed_assumed,1434.6187219331518,-40.879378288336326,900.0,450.0,direction,317.461815134371,1006.2305898749054,0,,,,0,0,0,0,1,21.397427514908617,52.70850542577173,105.41701085154347,1,1,0,0
center_1450_19,center,1450,fixed_assumed,1237.443340203087,-32.55207187552051,900.0,450.0,direction,304.9074179188268,1006.2305898749054,0,,,,0,0,0,0,1,12.91641581464933,35.25482452707731,70.50964905415444,1,1,1,0
center_1450_20,center,1450,fixed_assumed,1302.9379250236977,-0.026465319826475313,900.0,450.0,direction,312.2820594727853,1006.2305898749054,0,,,,0,0,0,0,1,37.56940767900002,43.931739203407226,87.86347840681464,1,1,0,0
center_1450_21,center,1450,fixed_assumed,863.1382737727783,-4.187971930836186,900.0,450.0,direction,264.4930207901307,1006.2305898749054,1,13.39143117931487,17.612933832776456,35.225867665552904,1,1,1,1,1,13.391431179314875,17.61293383277646,35.22586766555292,1,1,1,1
center_1450_22,center,1450,fixed_assumed,902.5861578240666,-17.17150589612745,900.0,450.0,direction,270.3748605098309,1006.2305898749054,1,1.4576041788994096,17.921423315481743,35.84284663096354,1,1,1,1,1,1.457604178899347,17.92142331548175,35.84284663096355,1,1,1,1
center_1450_23,center,1450,fixed_assumed,475.25403032381746,-0.5241224724441762,900.0,450.0,direction,226.6342670179238,1006.2305898749054,1,10.884499635533622,23.764321330560954,47.52864266112191,1,1,1,0,1,10.884499635533622,23.764321330560954,47.52864266112191,1,1,1,0
center_1450_24,center,1450,fixed_assumed,701.9652429004807,-13.363875555872523,900.0,450.0,direction,247.33600126572688,1006.2305898749054,1,4.93250722059464,18.892981725114616,37.78596345022914,1,1,1,1,1,4.932507220594748,18.89298172511462,37.78596345022915,1,1,1,1
center_1450_25,center,1450,fixed_assumed,1363.6288192136208,-19.7704046057552,900.0,450.0,direction,315.4452151897324,1006.2305898749054,0,,,,0,0,0,0,1,20.532691091988884,48.946091755537694,97.8921835110752,1,1,0,0
center_1450_26,center,1450,fixed_assumed,1141.2724258467965,-30.16153343015455,900.0,450.0,direction,296.3726889547027,1006.2305898749054,1,12.597715799836141,28.541625413848504,57.08325082769701,1,1,1,0,1,12.597715799836001,28.54162541384851,57.08325082769702,1,1,1,0
center_1450_27,center,1450,fixed_assumed,1165.1716498686455,-5.066222195851923,900.0,450.0,direction,300.35529094936425,1006.2305898749054,1,19.31072925951212,31.155639117214566,62.311278234429295,1,1,1,0,1,19.45771787356553,31.342485533424306,62.684971066848775,1,1,1,0
center_1450_28,center,1450,fixed_assumed,827.6847469884025,-3.044352952656314,900.0,450.0,direction,260.35139141745475,1006.2305898749054,1,13.055249825837981,17.76042144337792,35.52084288675584,1,1,1,1,1,13.055249825837812,17.760421443377922,35.520842886755844,1,1,1,1
center_1450_29,center,1450,fixed_assumed,411.1586376951111,-5.24966422837256,900.0,450.0,direction,223.4759207153665,1006.2305898749054,1,6.632426063494427,25.061709604582276,50.12341920916455,1,1,1,0,1,6.632426063494482,25.061709604582276,50.12341920916455,1,1,1,0
center_1450_30,center,1450,fixed_assumed,977.8256472247524,-3.1568530995991457,900.0,450.0,direction,280.69669709549305,1006.2305898749054,1,17.939855521702622,21.05235137553774,42.10470275107554,1,1,1,0,1,17.93985552170304,21.052351375537746,42.10470275107556,1,1,1,0
center_1450_31,center,1450,fixed_assumed,97.90091921821003,-1.1164950920469043,900.0,450.0,direction,208.98085823345855,1006.2305898749054,1,13.054397685035754,35.13727548801513,70.27455097603026,1,1,1,0,1,13.054397685035754,35.13727548801513,70.27455097603026,1,1,1,0
center_1450_32,center,1450,fixed_assumed,1436.3303454543836,-41.655071537141666,900.0,450.0,direction,316.985199499108,1006.2305898749054,0,,,,0,0,0,0,1,30.21157269434181,51.77380275214952,103.54760550429924,1,1,0,0
center_1450_33,center,1450,fixed_assumed,1308.5425016776187,-15.74636541843567,900.0,450.0,direction,311.27499321078744,1006.2305898749054,0,,,,0,0,0,0,1,11.301038633412684,42.52578610116914,85.05157220233848,1,1,1,0
center_1450_34,center,1450,fixed_assumed,521.174017887389,-6.213375325166015,900.0,450.0,direction,229.39298551095555,1006.2305898749054,1,14.868411564019727,22.79032757293305,45.58065514586605,1,1,1,0,1,14.868411564019727,22.79032757293305,45.58065514586605,1,1,1,0
center_1450_35,center,1450,fixed_assumed,1426.7746235609125,-41.30934716375862,900.0,450.0,direction,317.7521514218855,1006.2305898749054,0,,,,0,0,0,0,1,15.702459438354795,53.292676651815626,106.58535330363107,1,1,1,0
center_1450_36,center,1450,fixed_assumed,1392.6680350127087,-37.306632907947524,900.0,450.0,direction,314.69054730069803,1006.2305898749054,0,,,,0,0,0,0,1,25.373258637135464,47.65917083040082,95.31834166080145,1,1,0,0
center_1450_37,center,1450,fixed_assumed,1421.8597079306812,-18.559463675906848,900.0,450.0,direction,318.41394199177705,1006.2305898749054,0,,,,0,0,0,0,1,17.50422784143084,54.66796387429357,109.33592774858714,1,1,1,0
center_1450_38,center,1450,fixed_assumed,1017.9069159349191,-17.237506650520853,900.0,450.0,direction,283.8823588601515,1006.2305898749054,1,2.016370265346802,22.24326300348859,44.48652600697718,1,1,1,0,1,2.0163702653463824,22.243263003488597,44.48652600697719,1,1,1,0
center_1450_39,center,1450,fixed_assumed,677.6654223291187,-15.656197183695983,900.0,450.0,direction,243.91126521127333,1006.2305898749054,1,5.753713062487994,19.387653293388233,38.77530658677656,1,1,1,1,1,5.753713062487755,19.387653293388237,38.77530658677656,1,1,1,1
center_1450_40,center,1450,fixed_assumed,213.57699879751806,-1.119168481452341,900.0,450.0,direction,212.36865616145357,1006.2305898749054,1,28.703949394840503,31.92310176121706,63.84620352243409,1,1,0,0,1,28.703949394840503,31.92310176121706,63.84620352243412,1,1,0,0
center_1450_41,center,1450,fixed_assumed,1307.9330086652396,-33.265633416401755,900.0,450.0,direction,310.21808417317754,1006.2305898749054,0,,,,0,0,0,0,1,12.051357809113785,41.13586553933409,82.27173107866818,1,1,1,0
center_1450_42,center,1450,fixed_assumed,1271.1442932002897,-27.06081917537768,900.0,450.0,direction,308.72811379022255,1006.2305898749054,0,,,,0,0,0,0,1,9.871024818296664,39.31213147815292,78.62426295630584,1,1,1,0
center_1450_43,center,1450,fixed_assumed,369.8651247094379,-6.005561092429946,900.0,450.0,direction,219.91128839358873,1006.2305898749054,1,15.34627275793718,26.811339478488517,53.622678956976976,1,1,1,0,1,15.34627275793718,26.811339478488517,53.622678956976976,1,1,1,0
center_1450_44,center,1450,fixed_assumed,1386.8142129886587,-29.060766399904605,900.0,450.0,direction,316.13270631740994,1006.2305898749054,0,,,,0,0,0,0,1,9.553486199277906,50.17358456645906,100.34716913291832,1,1,1,0
center_1450_45,center,1450,fixed_assumed,1109.1558785878444,-14.28704025641846,900.0,450.0,direction,293.7222282868591,1006.2305898749054,1,5.830731614438656,26.930878412618373,53.861756825236746,1,1,1,0,1,5.830731614438481,26.93087841261838,53.86175682523676,1,1,1,0
center_1450_46,center,1450,fixed_assumed,1248.617535428337,-39.81845639969819,900.0,450.0,direction,304.5379565168956,1006.2305898749054,1,62.71667079509572,1.5426616773233963,3.0852474946833026,0,0,0,1,1,29.28331328122275,34.90356037502654,69.80712075005307,1,1,0,0
center_1450_47,center,1450,fixed_assumed,955.4298784295144,-17.629930765536223,900.0,450.0,direction,276.623677534532,1006.2305898749054,1,1.1972642547251198,19.700251616588343,39.400503233176686,1,1,1,1,1,1.1972642547251127,19.700251616588353,39.40050323317671,1,1,1,1
center_1450_48,center,1450,fixed_assumed,1212.940936805096,-35.09529658768142,900.0,450.0,direction,301.96183576356503,1006.2305898749054,1,31.671213076653782,25.543821808486413,51.08764361697269,0,0,0,0,1,22.87503446990592,32.62583173929385,65.25166347858753,1,1,0,0
center_1450_49,center,1450,fixed_assumed,940.0318776462663,-10.560960901970299,900.0,450.0,direction,274.41929234018795,1006.2305898749054,1,6.997187159511593,19.036214432786494,38.07242886557299,1,1,1,1,1,6.997187159511715,19.0362144327865,38.072428865573,1,1,1,1
center_1450_50,center,1450,fixed_assumed,290.58416617928225,-4.166564095967135,900.0,450.0,direction,216.35908476244674,1006.2305898749054,1,8.631079367645835,28.935774283627257,57.871548567254536,1,1,1,0,1,8.631079367645892,28.935774283627257,57.871548567254536,1,1,1,0
center_1450_51,center,1450,fixed_assumed,1177.4930211604706,-9.412583401723447,900.0,450.0,direction,300.24093604429316,1006.2305898749054,1,11.749920224860276,31.254781999444543,62.509563998889085,1,1,1,0,1,11.749920224860277,31.25478199944455,62.5095639988891,1,1,1,0
center_1450_52,center,1450,fixed_assumed,1311.2442437875372,-14.013884817300179,900.0,450.0,direction,311.23449919946137,1006.2305898749054,0,,,,0,0,0,0,1,10.722631060539426,42.470962832336085,84.94192566467198,1,1,1,0
center_1450_53,center,1450,fixed_assumed,885.7570879079675,-1.0039066660711036,900.0,450.0,direction,267.61412129706054,1006.2305898749054,1,15.24074104369134,17.56461721013149,35.12721652981789,1,1,1,1,1,15.240741043691267,17.56461721013149,35.1272165298179,1,1,1,1
center_1450_54,center,1450,fixed_assumed,1000.704495187339,-12.72337369130096,900.0,450.0,direction,283.275743294469,1006.2305898749054,1,11.293634680832808,22.00638180310847,44.01276360621688,1,1,1,0,1,11.29363468083281,22.006381803108475,44.012763606216886,1,1,1,0
center_1450_55,center,1450,fixed_assumed,1155.9525137289165,-32.94764950864902,900.0,450.0,direction,297.1803395038113,1006.2305898749054,1,18.799519439496848,29.070056783442197,58.140113566884395,1,1,1,0,1,18.79951943949684,29.070056783442197,58.140113566884395,1,1,1,0
center_1450_56,center,1450,fixed_assumed,1294.8019475993806,-41.0340383294363,900.0,450.0,direction,308.0691911096046,1006.2305898749054,0,,,,0,0,0,0,1,29.953963474418927,38.55222405266178,77.10444810532337,1,1,0,0
center_1450_57,center,1450,fixed_assumed,999.3127291713157,-0.7124856585350956,900.0,450.0,direction,281.66212983290603,1006.2305898749054,1,17.081171922819113,21.399801972973595,42.79960394594719,1,1,1,0,1,17.08117192281907,21.3998019729736,42.7996039459472,1,1,1,0
center_1450_58,center,1450,fixed_assumed,873.3694996952655,-9.86705963618183,900.0,450.0,direction,266.80490892277834,1006.2305898749054,1,5.247186579237357,17.571364414155166,35.142728828310275,1,1,1,1,1,5.2471865792373915,17.57136441415517,35.14272882831028,1,1,1,1
center_1450_59,center,1450,fixed_assumed,888.9817169384094,-1.7379599985141265,900.0,450.0,direction,267.9855375801532,1006.2305898749054,1,14.694589389098411,17.56382139843182,35.122446314973885,1,1,1,1,1,14.694589389098407,17.563821398431823,35.12244631497389,1,1,1,1
center_1450_60,center,1450,fixed_assumed,1375.0105138883848,-41.96698131401576,900.0,450.0,direction,314.6426349432981,1006.2305898749054,0,,,,0,0,0,0,1,18.081654780065964,47.579513615382844,95.15902723076589,1,1,1,0
center_1450_61,center,1450,fixed_assumed,1236.956584744796,-34.8462324636874,900.0,450.0,direction,304.86417217846036,1006.2305898749054,0,,,,0,0,0,0,1,14.890302747064853,35.21336817793723,70.42673635587428,1,1,1,0
center_1450_62,center,1450,fixed_assumed,1370.0104082376017,-31.669429893169397,900.0,450.0,direction,314.28052334677665,1006.2305898749054,0,,,,0,0,0,0,1,9.440229871007997,46.98512253537798,93.97024507075596,1,1,1,0
center_1450_63,center,1450,fixed_assumed,1380.5394724801795,-27.30202751947753,900.0,450.0,direction,314.2888595010738,1006.2305898749054,0,,,,0,0,0,0,1,16.781078068634955,46.998655937948044,93.99731187589609,1,1,1,0
center_1450_64,center,1450,fixed_assumed,799.3925059682921,-4.7186500584776025,900.0,450.0,direction,257.53801214820925,1006.2305898749054,1,9.25521595899955,17.91576911274555,35.8315382254911,1,1,1,1,1,9.255215958999583,17.915769112745554,35.83153822549111,1,1,1,1
center_1450_65,center,1450,fixed_assumed,441.2838162542923,-9.341153461886046,900.0,450.0,direction,224.98017479835784,1006.2305898749054,1,2.108192566213203,24.41730683946472,48.83461367892944,1,1,1,0,1,2.1081925662131837,24.41730683946472,48.83461367892944,1,1,1,0
center_1450_66,center,1450,fixed_assumed,1429.4943615463383,-19.614629977750834,900.0,450.0,direction,317.9923569398672,1006.2305898749054,0,,,,0,0,0,0,1,6.173173589597888,53.78471057344937,107.56942114689853,1,1,1,0
center_1450_67,center,1450,fixed_assumed,1336.1711684784598,-15.31219147108532,900.0,450.0,direction,313.9225185622775,1006.2305898749054,0,,,,0,0,0,0,1,23.621210786181532,46.41045382792524,92.82090765585066,1,1,0,0
center_1450_68,center,1450,fixed_assumed,1395.0702104131526,-7.175308354828458,900.0,450.0,direction,317.4682061586663,1006.2305898749054,0,,,,0,0,0,0,1,30.808354569762166,52.72124220102897,105.44248440205774,1,1,0,0
center_1450_69,center,1450,fixed_assumed,991.9572466288803,-15.974733064590529,900.0,450.0,direction,280.8683906486646,1006.2305898749054,1,2.3973970313276762,21.113330699222065,42.226661398444065,1,1,1,0,1,2.3973970313276807,21.11333069922207,42.22666139844408,1,1,1,0
center_1450_70,center,1450,fixed_assumed,792.5702875062842,-8.273262636657652,900.0,450.0,direction,256.77295778653826,1006.2305898749054,1,5.631933917982769,17.966010751316112,35.93202150263215,1,1,1,1,1,5.631933917982774,17.966010751316112,35.93202150263216,1,1,1,1
center_1450_71,center,1450,fixed_assumed,562.2986909082698,-6.905763049306849,900.0,450.0,direction,232.67470383038875,1006.2305898749054,1,13.107685214992967,21.79371167321744,43.58742334643488,1,1,1,0,1,13.10768521499297,21.79371167321744,43.58742334643488,1,1,1,0
center_1450_72,center,1450,fixed_assumed,486.57555402284214,-4.73955268129963,900.0,450.0,direction,227.81524139618276,1006.2305898749054,1,3.994760508247391,23.3307221707544,46.6614443415088,1,1,1,0,1,3.994760508247391,23.3307221707544,46.6614443415088,1,1,1,0
center_1450_73,center,1450,fixed_assumed,752.2833657793836,-23.935543847881853,900.0,450.0,direction,253.44170200288588,1006.2305898749054,1,14.580628044027412,18.2263185853457,36.4526371706914,1,1,1,1,1,14.580628044027335,18.226318585345705,36.45263717069141,1,1,1,1
center_1450_74,center,1450,fixed_assumed,918.3324776786756,-22.454836038712557,900.0,450.0,direction,271.92364817769135,1006.2305898749054,1,6.747626541364684,18.333750893111077,36.667501786222154,1,1,1,1,1,6.7476265413647205,18.333750893111084,36.66750178622217,1,1,1,1
center_1450_75,center,1450,fixed_assumed,732.5314532573568,-8.497781786323793,900.0,450.0,direction,249.2912615101404,1006.2305898749054,1,8.595871737919687,18.651066430542635,37.30213286108527,1,1,1,1,1,8.595871737919587,18.651066430542638,37.302132861085276,1,1,1,1
center_1450_76,center,1450,fixed_assumed,422.27412264861823,-11.934255457298814,900.0,450.0,direction,224.253661595208,1006.2305898749054,1,9.3576807191582,24.722218913648327,49.44443782729665,1,1,1,0,1,9.357680719158294,24.722218913648383,49.44443782729671,1,1,1,0
center_1450_77,center,1450,fixed_assumed,893.9792279825828,-19.715567746108235,900.0,450.0,direction,268.95764072186216,1006.2305898749054,1,4.572918372216296,17.56872926911369,35.11703108281319,1,1,1,1,1,4.572918372216288,17.56872926911369,35.117031082813206,1,1,1,1
center_1450_78,center,1450,fixed_assumed,1167.1662196087937,-18.495374240888903,900.0,450.0,direction,300.501063675441,1006.2305898749054,1,10.059293991688712,30.60106495577426,61.20212991154852,1,1,1,0,1,11.159922549658777,31.45496499665009,62.90992999330018,1,1,1,0
center_1450_79,center,1450,fixed_assumed,608.1393667153084,-12.063397135256634,900.0,450.0,direction,237.12386951737622,1006.2305898749054,1,6.24948896901385,20.67668500490236,41.35337000980462,1,1,1,0,1,6.249488969013849,20.67668500490236,41.35337000980462,1,1,1,0
center_1450_80,center,1450,fixed_assumed,453.14160730515255,-3.985571571634366,900.0,450.0,direction,225.33580851503925,1006.2305898749054,1,6.68913369715824,24.272186822229703,48.54437364445935,1,1,1,0,1,6.689133697158241,24.272186822229703,48.544373644459355,1,1,1,0
center_1450_81,center,1450,fixed_assumed,1217.4292437788738,-28.657245873475294,900.0,450.0,direction,304.14530028017464,1006.2305898749054,1,31.583305170713977,5.556640814193709,11.113008382104843,0,0,0,1,1,7.597920685362633,34.53734917766991,69.07469835533982,1,1,1,0
center_1450_82,center,1450,fixed_assumed,1260.5093802876424,-10.28455951156723,900.0,450.0,direction,307.5339626162475,1006.2305898749054,0,,,,0,0,0,0,1,12.770759006895577,37.95462604066005,75.90925208131993,1,1,1,0
center_1450_83,center,1450,fixed_assumed,743.1928539601389,-8.497903033497991,900.0,450.0,direction,250.99154205226955,1006.2305898749054,1,5.092711488698625,18.462954291181706,36.9259085823635,1,1,1,1,1,5.092711488698565,18.46295429118171,36.9259085823635,1,1,1,1
center_1450_84,center,1450,fixed_assumed,1289.4465447096668,-12.04580231799843,900.0,450.0,direction,310.3790646803063,1006.2305898749054,0,,,,0,0,0,0,1,18.01713172214967,41.34218775977007,82.68437551953996,1,1,1,0
center_1450_85,center,1450,fixed_assumed,1147.9200748741473,-27.8360891131726,900.0,450.0,direction,297.672702569616,1006.2305898749054,1,7.467293077455633,29.401529807841303,58.803059615682436,1,1,1,0,1,7.467293077455626,29.401529807841307,58.80305961568245,1,1,1,0
center_1450_86,center,1450,fixed_assumed,746.2735721573291,-2.435404759805659,900.0,450.0,direction,251.16948970608266,1006.2305898749054,1,11.17633734921685,18.444421170610035,36.88884234122007,1,1,1,1,1,11.176337349216938,18.44442117061004,36.88884234122008,1,1,1,1
center_1450_87,center,1450,fixed_assumed,1226.3036624357658,-13.371827009462383,900.0,450.0,direction,305.8264926886268,1006.2305898749054,0,,,,0,0,0,0,1,17.671199546293117,36.15788317651651,72.31576635303303,1,1,1,0
center_1450_88,center,1450,fixed_assumed,1018.1810626445972,-15.732303250660856,900.0,450.0,direction,283.32352732310534,1006.2305898749054,1,7.332364388346019,22.02486076892892,44.04972153785784,1,1,1,0,1,7.332364388346021,22.024860768928924,44.04972153785785,1,1,1,0
center_1450_89,center,1450,fixed_assumed,673.6189202094082,-17.23754659476233,900.0,450.0,direction,244.72058153038765,1006.2305898749054,1,9.800821639629076,19.2621913674456,38.52438273489129,1,1,1,1,1,9.800821639629076,19.262191367445602,38.52438273489129,1,1,1,1
center_1450_90,center,1450,fixed_assumed,504.6548823711293,-7.647839770410837,900.0,450.0,direction,229.4155396924331,1006.2305898749054,1,2.2885781299188324,22.782908206440194,45.56581641288039,1,1,1,0,1,2.28857812991862,22.782908206440194,45.56581641288039,1,1,1,0
center_1450_91,center,1450,fixed_assumed,525.000209662005,-0.332857247116825,900.0,450.0,direction,230.11944411174625,1006.2305898749054,1,12.02446595527232,22.555501921095264,45.11100384219053,1,1,1,0,1,12.024465955272484,22.555501921095267,45.111003842190534,1,1,1,0
center_1450_92,center,1450,fixed_assumed,1059.1285346584764,-7.55173298742156,900.0,450.0,direction,289.77828610085174,1006.2305898749054,1,15.116781438528577,24.83728928636706,49.67457857273398,1,1,1,0,1,15.116781438528728,24.837289286367064,49.674578572733985,1,1,1,0
center_1450_93,center,1450,fixed_assumed,1376.071018973477,-19.175183488944935,900.0,450.0,direction,315.87975990476417,1006.2305898749054,0,,,,0,0,0,0,1,16.10000367569775,49.71563012429282,99.43126024858584,1,1,1,0
center_1450_94,center,1450,fixed_assumed,964.8006585136611,-2.7796900248617424,900.0,450.0,direction,278.2203411109517,1006.2305898749054,1,14.6185818935358,20.209650510719786,40.41930102143957,1,1,1,0,1,14.618581893535808,20.209650510719793,40.41930102143959,1,1,1,0
center_1450_95,center,1450,fixed_assumed,1414.440540253729,-16.933946842897704,900.0,450.0,direction,316.92075597780115,1006.2305898749054,0,,,,0,0,0,0,1,9.714531889269855,51.64967789883917,103.29935579767834,1,1,1,0
center_1450_96,center,1450,fixed_assumed,841.227553654623,-8.937538685333704,900.0,450.0,direction,262.33831552833084,1006.2305898749054,1,6.792723106203886,17.67782330351859,35.35564660703718,1,1,1,1,1,6.792723106204021,17.677823303518593,35.355646607037194,1,1,1,1
center_1450_97,center,1450,fixed_assumed,1267.7351160807564,-24.100229299687417,900.0,450.0,direction,308.37841504837576,1006.2305898749054,0,,,,0,0,0,0,1,7.6673430743088185,38.905442433494834,77.81088486698985,1,1,1,0
center_1450_98,center,1450,fixed_assumed,816.4224992869056,-10.879051477776043,900.0,450.0,direction,259.48987627063923,1006.2305898749054,1,4.195528734970551,17.803149524394833,35.6062990487896,1,1,1,1,1,4.195528734970329,17.803149524394836,35.60629904878961,1,1,1,1
center_1450_99,center,1450,fixed_assumed,1030.7267228825806,-20.20576179023947,900.0,450.0,direction,284.6149173327233,1006.2305898749054,1,8.55863467474401,22.536109920162648,45.07221984032523,1,1,1,0,1,8.55863467474401,22.53610992016265,45.07221984032523,1,1,1,0
center_1450_0,center,1450,fixed_oracle,804.607059176784,-4.481634418224601,1050.0,600.0,direction,247.69569094978783,1209.3386622447824,1,11.322396094549799,22.650502176330647,45.301004352661295,1,1,1,0,1,11.322396094549799,22.650502176330647,45.301004352661295,1,1,1,0
center_1450_1,center,1450,fixed_oracle,968.7905386000151,-24.23694866032397,1050.0,600.0,direction,262.6380216626352,1209.3386622447824,1,7.625494770249891,21.233417689280504,42.46683537856101,1,1,1,0,1,7.625494770249891,21.233417689280504,42.46683537856101,1,1,1,0
center_1450_2,center,1450,fixed_oracle,779.1721633084451,-21.463369167650878,1050.0,600.0,direction,247.05466067143036,1209.3386622447824,1,13.390177882459263,22.75118796726198,45.50237593452396,1,1,1,0,1,13.390177882459263,22.75118796726198,45.50237593452396,1,1,1,0
center_1450_3,center,1450,fixed_oracle,955.3986200846514,-8.891848483144036,1050.0,600.0,direction,260.23183638393107,1209.3386622447824,1,13.908357460579156,21.35219338489176,42.70438676978352,1,1,1,0,1,13.908357460579156,21.35219338489176,42.70438676978352,1,1,1,0
center_1450_4,center,1450,fixed_oracle,698.8541398507314,-15.726753955572326,1050.0,600.0,direction,241.28366539240122,1209.3386622447824,1,15.808166853670649,23.83777635910539,47.67555271821069,1,1,1,0,1,15.808166853670649,23.83777635910539,47.67555271821069,1,1,1,0
center_1450_5,center,1450,fixed_oracle,216.7875331876591,-0.3018076602522707,1050.0,600.0,direction,215.7660776735065,1209.3386622447824,1,5.666872352451955,35.256329353416646,70.51265870683329,1,1,1,0,1,5.666872352451955,35.256329353416646,70.51265870683329,1,1,1,0
center_1450_6,center,1450,fixed_oracle,1348.2787780636622,-9.425279124792125,1050.0,600.0,direction,295.75372581263264,1209.3386622447824,1,15.003335163060559,34.70290461979277,69.4058092395857,1,1,1,0,1,15.003335163060559,34.70290461979277,69.4058092395857,1,1,1,0
center_1450_7,center,1450,fixed_oracle,200.51947978085653,-0.28595993921987645,1050.0,600.0,direction,215.88424099664343,1209.3386622447824,1,15.152643059549792,35.15935765079443,70.31871530158887,1,1,1,0,1,15.152643059549792,35.15935765079443,70.31871530158887,1,1,1,0
center_1450_8,center,1450,fixed_oracle,1146.4307250859972,-8.110624406655376,1050.0,600.0,direction,279.19780729835225,1209.3386622447824,1,13.007298249383796,24.930550147718773,49.86110029543741,1,1,1,0,1,13.007298249383796,24.930550147718773,49.86110029543741,1,1,1,0
center_1450_9,center,1450,fixed_oracle,1072.7536815058227,-25.680237013713526,1050.0,600.0,direction,271.6144086304147,1209.3386622447824,1,8.45819680660564,21.99200390834074,43.98400781668148,1,1,1,0,1,8.458196806605635,21.992003908340745,43.98400781668149,1,1,1,0
center_1450_10,center,1450,fixed_oracle,633.7937969217172,-19.517866736885203,1050.0,600.0,direction,236.19903437462813,1209.3386622447824,1,11.094735710847598,25.105547194347803,50.21109438869549,1,1,1,0,1,11.094735710847667,25.105547194347803,50.2110943886955,1,1,1,0
center_1450_11,center,1450,fixed_oracle,663.5790945549662,-14.629425631236288,1050.0,600.0,direction,237.3413200627803,1209.3386622447824,1,6.7195670675495265,24.79194917306721,49.58389834613442,1,1,1,0,1,6.7195670675495265,24.79194917306721,49.58389834613442,1,1,1,0
center_1450_12,center,1450,fixed_oracle,1308.8579720584526,-39.22020156885258,1050.0,600.0,direction,292.71918326768997,1209.3386622447824,1,16.15171973162839,32.41669905236117,64.83339810472233,1,1,1,0,1,16.15171973162839,32.41669905236117,64.83339810472233,1,1,1,0
center_1450_13,center,1450,fixed_oracle,1180.9066191842294,-34.34985576214074,1050.0,600.0,direction,280.7972977240957,1209.3386622447824,1,18.27888567679792,25.64221861790386,51.28443723580772,1,1,1,0,1,18.27888567679792,25.64221861790386,51.28443723580772,1,1,1,0
center_1450_14,center,1450,fixed_oracle,1183.622317845048,-13.017493775171141,1050.0,600.0,direction,283.0984216374097,1209.3386622447824,1,13.955826538822084,26.734177262711867,53.46835452542359,1,1,1,0,1,13.955826538822084,26.734177262711867,53.46835452542359,1,1,1,0
center_1450_15,center,1450,fixed_oracle,1270.8359753528289,-11.46056108045861,1050.0,600.0,direction,290.7072408186363,1209.3386622447824,1,18.924992078753043,31.05033836861654,62.100676737233236,1,1,1,0,1,18.924992078753043,31.05033836861654,62.100676737233236,1,1,1,0
center_1450_16,center,1450,fixed_oracle,1419.1526985511234,-39.47603166463326,1050.0,600.0,direction,300.13864189889284,1209.3386622447824,1,15.283035692149049,38.586388279975765,77.17277655995153,1,1,1,0,1,15.283035692149049,38.586388279975765,77.17277655995153,1,1,1,0
center_1450_17,center,1450,fixed_oracle,784.2476610874453,-18.767884137938495,1050.0,600.0,direction,246.38728090133264,1209.3386622447824,1,6.09601254645364,22.860022170225513,45.72004434045112,1,1,1,0,1,6.09601254645364,22.860022170225513,45.72004434045112,1,1,1,0
center_1450_18,center,1450,fixed_oracle,1434.6187219331518,-40.879378288336326,1050.0,600.0,direction,300.989271493482,1209.3386622447824,1,19.628248913500794,36.57888287219306,73.15776574438613,1,1,1,0,1,17.499039945093514,39.433870627900276,78.86774125580038,1,1,1,0
center_1450_19,center,1450,fixed_oracle,1237.443340203087,-32.55207187552051,1050.0,600.0,direction,286.4488172773275,1209.3386622447824,1,11.203552703140593,28.487398270497852,56.974796540995705,1,1,1,0,1,11.203552703140593,28.487398270497852,56.974796540995705,1,1,1,0
center_1450_20,center,1450,fixed_oracle,1302.9379250236977,-0.026465319826475313,1050.0,600.0,direction,293.29950223406695,1209.3386622447824,1,28.426171827374322,32.831880589884825,65.6637611797698,1,1,0,0,1,28.426171827374322,32.831880589884825,65.6637611797698,1,1,0,0
center_1450_21,center,1450,fixed_oracle,863.1382737727783,-4.187971930836186,1050.0,600.0,direction,251.94729512484972,1209.3386622447824,1,17.24152593962957,22.07308974808965,44.1461794961793,1,1,1,0,1,17.24152593962957,22.07308974808965,44.1461794961793,1,1,1,0
center_1450_22,center,1450,fixed_oracle,902.5861578240666,-17.17150589612745,1050.0,600.0,direction,256.62405831761896,1209.3386622447824,1,1.8108245597178554,21.604697534562465,43.20939506912485,1,1,1,0,1,1.8108245597178554,21.604697534562465,43.20939506912485,1,1,1,0
center_1450_23,center,1450,fixed_oracle,475.25403032381746,-0.5241224724441762,1050.0,600.0,direction,226.20381249232042,1209.3386622447824,1,11.105341855700852,28.759024524369835,57.51804904873961,1,1,1,0,1,11.105341855700898,28.759024524369835,57.51804904873961,1,1,1,0
center_1450_24,center,1450,fixed_oracle,701.9652429004807,-13.363875555872523,1050.0,600.0,direction,240.90570556278348,1209.3386622447824,1,7.185691061206478,23.921200283931118,47.842400567862136,1,1,1,0,1,7.185691061206478,23.921200283931118,47.842400567862136,1,1,1,0
center_1450_25,center,1450,fixed_oracle,1363.6288192136208,-19.7704046057552,1050.0,600.0,direction,297.6634548064719,1209.3386622447824,1,15.185703717031577,36.30124245370296,72.60248490740608,1,1,1,0,1,15.185703717031577,36.30124245370296,72.60248490740608,1,1,1,0
center_1450_26,center,1450,fixed_oracle,1141.2724258467965,-30.16153343015455,1050.0,600.0,direction,277.935387237024,1209.3386622447824,1,11.01122197055883,24.39391585788071,48.78783171576142,1,1,1,0,1,11.01122197055883,24.39391585788071,48.78783171576142,1,1,1,0
center_1450_27,center,1450,fixed_oracle,1165.1716498686455,-5.066222195851923,1050.0,600.0,direction,280.90258034360465,1209.3386622447824,1,16.347210278447818,25.690372517845972,51.380745035691945,1,1,1,0,1,16.347210278447818,25.690372517845972,51.380745035691945,1,1,1,0
center_1450_28,center,1450,fixed_oracle,827.6847469884025,-3.044352952656314,1050.0,600.0,direction,249.18382129090594,1209.3386622447824,1,15.815421357268493,22.430899197042155,44.861798394084396,1,1,1,0,1,15.815421357268493,22.430899197042155,44.861798394084396,1,1,1,0
center_1450_29,center,1450,fixed_oracle,411.1586376951111,-5.24966422837256,1050.0,600.0,direction,223.96703452429313,1209.3386622447824,1,9.217764199098513,29.860846928078594,59.72169385615719,1,1,1,0,1,9.217764199098399,29.860846928078594,59.72169385615719,1,1,1,0
center_1450_30,center,1450,fixed_oracle,977.8256472247524,-3.1568530995991457,1050.0,600.0,direction,264.12810006729944,1209.3386622447824,1,16.191825163193073,21.17917424124857,42.35834848249721,1,1,1,0,1,16.191825163193073,21.17917424124857,42.35834848249721,1,1,1,0
center_1450_31,center,1450,fixed_oracle,97.90091921821003,-1.1164950920469043,1050.0,600.0,direction,211.893232758168,1209.3386622447824,1,14.453788434736053,38.85769833037673,77.71539666075346,1,1,1,0,1,14.453788434736053,38.85769833037673,77.71539666075346,1,1,1,0
center_1450_32,center,1450,fixed_oracle,1436.3303454543836,-41.655071537141666,1050.0,600.0,direction,300.5482242555264,1209.3386622447824,1,23.386555219902057,38.85016143003424,77.70032286006831,1,1,0,0,1,23.254529524018007,38.99023463183643,77.98046926367286,1,1,0,0
center_1450_33,center,1450,fixed_oracle,1308.5425016776187,-15.74636541843567,1050.0,600.0,direction,292.7952558870494,1209.3386622447824,1,8.551202707100837,32.470564954078895,64.94112990815763,1,1,1,0,1,8.551202707100837,32.470564954078895,64.94112990815763,1,1,1,0
center_1450_34,center,1450,fixed_oracle,521.174017887389,-6.213375325166015,1050.0,600.0,direction,227.99862530690174,1209.3386622447824,1,19.58572757998419,27.96187570452292,55.92375140904579,1,1,1,0,1,19.58572757998419,27.96187570452292,55.92375140904579,1,1,1,0
center_1450_35,center,1450,fixed_oracle,1426.7746235609125,-41.30934716375862,1050.0,600.0,direction,301.1916348398552,1209.3386622447824,1,16.230786714461907,35.57021928427237,71.1404385685449,1,1,1,0,1,16.04519905642291,39.64053477380167,79.28106954760334,1,1,1,0
center_1450_36,center,1450,fixed_oracle,1392.6680350127087,-37.306632907947524,1050.0,600.0,direction,297.6431881384124,1209.3386622447824,1,19.63454265159153,36.283566126310234,72.56713225262047,1,1,1,0,1,19.63454265159153,36.283566126310234,72.56713225262047,1,1,1,0
center_1450_37,center,1450,fixed_oracle,1421.8597079306812,-18.559463675906848,1050.0,600.0,direction,301.34653649450496,1209.3386622447824,1,7.515336879769568,34.8145585488573,69.62911709771475,1,1,1,0,1,12.13942115241821,39.80007511873569,79.60015023747138,1,1,1,0
center_1450_38,center,1450,fixed_oracle,1017.9069159349191,-17.237506650520853,1050.0,600.0,direction,266.74311781243784,1209.3386622447824,1,3.374184969211693,21.119037084477732,42.23807416895547,1,1,1,0,1,3.374184969211693,21.119037084477732,42.23807416895547,1,1,1,0
center_1450_39,center,1450,fixed_oracle,677.6654223291187,-15.656197183695983,1050.0,600.0,direction,238.26953667577686,1209.3386622447824,1,7.487643113802468,24.549940780239265,49.09988156047853,1,1,1,0,1,7.487643113802468,24.549940780239265,49.09988156047853,1,1,1,0
center_1450_40,center,1450,fixed_oracle,213.57699879751806,-1.119168481452341,1050.0,600.0,direction,214.75961125751903,1209.3386622447824,1,32.78729390961782,36.110828533919836,72.2216570678397,1,1,0,0,1,32.78729390961785,36.110828533919836,72.2216570678397,1,1,0,0
center_1450_41,center,1450,fixed_oracle,1307.9330086652396,-33.265633416401755,1050.0,600.0,direction,292.21115645315433,1209.3386622447824,1,10.505726950488047,32.06120820892517,64.12241641785052,1,1,1,0,1,10.505726950488047,32.06120820892517,64.12241641785052,1,1,1,0
center_1450_42,center,1450,fixed_oracle,1271.1442932002897,-27.06081917537768,1050.0,600.0,direction,290.27198907906353,1209.3386622447824,1,10.345769893114948,30.768823676747136,61.53764735349427,1,1,1,0,1,10.345769893114948,30.768823676747136,61.53764735349427,1,1,1,0
center_1450_43,center,1450,fixed_oracle,369.8651247094379,-6.005561092429946,1050.0,600.0,direction,220.91148416275144,1209.3386622447824,1,19.4068499465627,31.591665467013538,63.18333093402713,1,1,1,0,1,19.40684994656287,31.591665467013538,63.18333093402713,1,1,1,0
center_1450_44,center,1450,fixed_oracle,1386.8142129886587,-29.060766399904605,1050.0,600.0,direction,298.83844506120795,1209.3386622447824,1,8.994238284231098,37.353980264347065,74.70796052869396,1,1,1,0,1,8.994238284231292,37.353980264347065,74.70796052869396,1,1,1,0
center_1450_45,center,1450,fixed_oracle,1109.1558785878444,-14.28704025641846,1050.0,600.0,direction,274.97184628603407,1209.3386622447824,1,7.157372616318516,23.212814955198013,46.425629910396026,1,1,1,0,1,7.157372616318516,23.212814955198013,46.425629910396026,1,1,1,0
center_1450_46,center,1450,fixed_oracle,1248.617535428337,-39.81845639969819,1050.0,600.0,direction,286.3432353398913,1209.3386622447824,1,23.92814250935634,28.428889999190712,56.857779998381424,1,1,0,0,1,23.92814250935634,28.428889999190712,56.857779998381424,1,1,0,0
center_1450_47,center,1450,fixed_oracle,955.4298784295144,-17.629930765536223,1050.0,600.0,direction,261.1583521749804,1209.3386622447824,1,2.0388413997163384,21.301850460327557,42.60370092065519,1,1,1,0,1,2.0388413997163384,21.301850460327557,42.60370092065519,1,1,1,0
center_1450_48,center,1450,fixed_oracle,1212.940936805096,-35.09529658768142,1050.0,600.0,direction,283.5247962833635,1209.3386622447824,1,19.04715592109728,26.94601942422009,53.89203884844004,1,1,1,0,1,19.04715592109728,26.94601942422009,53.89203884844004,1,1,1,0
center_1450_49,center,1450,fixed_oracle,940.0318776462663,-10.560960901970299,1050.0,600.0,direction,259.24156123930106,1209.3386622447824,1,9.21414631510517,21.412470090424936,42.824940180849794,1,1,1,0,1,9.21414631510517,21.412470090424936,42.824940180849794,1,1,1,0
center_1450_50,center,1450,fixed_oracle,290.58416617928225,-4.166564095967135,1050.0,600.0,direction,218.1684168247179,1209.3386622447824,1,10.217744635397734,33.41131630592465,66.82263261184936,1,1,1,0,1,10.217744635397734,33.41131630592465,66.82263261184936,1,1,1,0
center_1450_51,center,1450,fixed_oracle,1177.4930211604706,-9.412583401723447,1050.0,600.0,direction,280.9244687452847,1209.3386622447824,1,13.428931793250344,25.7004047100344,51.40080942006867,1,1,1,0,1,13.428931793250344,25.700404710034405,51.400809420068676,1,1,1,0
center_1450_52,center,1450,fixed_oracle,1311.2442437875372,-14.013884817300179,1050.0,600.0,direction,292.7329848780873,1209.3386622447824,1,9.295535113072763,32.426459377598725,64.85291875519745,1,1,1,0,1,9.295535113072768,32.426459377598725,64.85291875519745,1,1,1,0
center_1450_53,center,1450,fixed_oracle,885.7570879079675,-1.0039066660711036,1050.0,600.0,direction,254.13830624606658,1209.3386622447824,1,17.70269988096535,21.833018378881317,43.666036757762555,1,1,1,0,1,17.70269988096535,21.833018378881317,43.666036757762555,1,1,1,0
center_1450_54,center,1450,fixed_oracle,1000.704495187339,-12.72337369130096,1050.0,600.0,direction,266.3979569216428,1209.3386622447824,1,11.156360684228968,21.12443564355997,42.24887128712001,1,1,1,0,1,11.156360684228968,21.12443564355997,42.24887128712001,1,1,1,0
center_1450_55,center,1450,fixed_oracle,1155.9525137289165,-32.94764950864902,1050.0,600.0,direction,278.76059325458993,1209.3386622447824,1,16.142462339306114,24.742282166577812,49.484564333155625,1,1,1,0,1,16.142462339306114,24.742282166577812,49.484564333155625,1,1,1,0
center_1450_56,center,1450,fixed_oracle,1294.8019475993806,-41.0340383294363,1050.0,600.0,direction,290.1703181021479,1209.3386622447824,1,24.030097094105674,30.70375121631519,61.40750243263023,1,1,0,0,1,24.030097094105674,30.70375121631519,61.40750243263023,1,1,0,0
center_1450_57,center,1450,fixed_oracle,999.3127291713157,-0.7124856585350956,1050.0,600.0,direction,264.41268706787804,1209.3386622447824,1,19.15738717786338,21.170472553575234,42.34094510715053,1,1,1,0,1,19.157387177863388,21.170472553575237,42.34094510715054,1,1,1,0
center_1450_58,center,1450,fixed_oracle,873.3694996952655,-9.86705963618183,1050.0,600.0,direction,253.96701295644965,1209.3386622447824,1,5.115015546351201,21.85045083014795,43.700901660295905,1,1,1,0,1,5.115015546351201,21.85045083014795,43.700901660295905,1,1,1,0
center_1450_59,center,1450,fixed_oracle,888.9817169384094,-1.7379599985141265,1050.0,600.0,direction,254.40202703131732,1209.3386622447824,1,17.28720318319034,21.80661454640268,43.613229092805355,1,1,1,0,1,17.28720318319034,21.80661454640268,43.613229092805355,1,1,1,0
center_1450_60,center,1450,fixed_oracle,1375.0105138883848,-41.96698131401576,1050.0,600.0,direction,297.49910382793814,1209.3386622447824,1,17.496774045931,36.15835541693359,72.31671083386735,1,1,1,0,1,17.496774045931,36.15835541693359,72.31671083386735,1,1,1,0
center_1450_61,center,1450,fixed_oracle,1236.956584744796,-34.8462324636874,1050.0,600.0,direction,286.4750254008182,1209.3386622447824,1,13.226031090795432,28.501956392486168,57.00391278497219,1,1,1,0,1,13.226031090795432,28.501956392486168,57.00391278497219,1,1,1,0
center_1450_62,center,1450,fixed_oracle,1370.0104082376017,-31.669429893169397,1050.0,600.0,direction,296.84967370073656,1209.3386622447824,1,8.063483520048443,35.60378954307337,71.20757908614657,1,1,1,0,1,8.063483520048443,35.60378954307337,71.20757908614657,1,1,1,0
center_1450_63,center,1450,fixed_oracle,1380.5394724801795,-27.30202751947753,1050.0,600.0,direction,296.88095351691425,1209.3386622447824,1,13.733661016870132,35.63013845866793,71.26027691733603,1,1,1,0,1,13.733661016870132,35.63013845866793,71.26027691733603,1,1,1,0
center_1450_64,center,1450,fixed_oracle,799.3925059682921,-4.7186500584776025,1050.0,600.0,direction,247.50375095833175,1209.3386622447824,1,9.660702316460855,22.680258755228476,45.36051751045704,1,1,1,0,1,9.660702316460855,22.680258755228476,45.36051751045704,1,1,1,0
center_1450_65,center,1450,fixed_oracle,441.2838162542923,-9.341153461886046,1050.0,600.0,direction,224.9705682988069,1209.3386622447824,1,2.1438306177751723,29.350706549506153,58.70141309901225,1,1,1,0,1,2.1438306177751723,29.350706549506153,58.70141309901225,1,1,1,0
center_1450_66,center,1450,fixed_oracle,1429.4943615463383,-19.614629977750834,1050.0,600.0,direction,301.04869549872524,1209.3386622447824,1,8.563488548557777,36.28030107486621,72.56060214973242,1,1,1,0,1,6.235401719539951,39.49435223787914,78.98870447575828,1,1,1,0
center_1450_67,center,1450,fixed_oracle,1336.1711684784598,-15.31219147108532,1050.0,600.0,direction,295.7163285090917,1209.3386622447824,1,17.350370445530835,34.67291054783482,69.3458210956698,1,1,1,0,1,17.350370445530647,34.672910547834825,69.3458210956698,1,1,1,0
center_1450_68,center,1450,fixed_oracle,1395.0702104131526,-7.175308354828458,1050.0,600.0,direction,299.7997652174115,1209.3386622447824,1,22.532233459967507,38.258031580620674,76.51606316124152,1,1,0,0,1,22.532233459967507,38.258031580620674,76.51606316124152,1,1,0,0
center_1450_69,center,1450,fixed_oracle,991.9572466288803,-15.974733064590529,1050.0,600.0,direction,264.3218297787463,1209.3386622447824,1,3.779884101093588,21.173193118037464,42.346386236074984,1,1,1,0,1,3.779884101093588,21.173193118037464,42.346386236074984,1,1,1,0
center_1450_70,center,1450,fixed_oracle,792.5702875062842,-8.273262636657652,1050.0,600.0,direction,247.02740809550903,1209.3386622447824,1,5.994871119795014,22.755551558333163,45.511103116666234,1,1,1,0,1,5.994871119795014,22.755551558333163,45.511103116666234,1,1,1,0
center_1450_71,center,1450,fixed_oracle,562.2986909082698,-6.905763049306849,1050.0,600.0,direction,230.35810315833695,1209.3386622447824,1,17.575057242309175,27.017829178464698,54.035658356929396,1,1,1,0,1,17.575057242309175,27.017829178464698,54.035658356929396,1,1,1,0
center_1450_72,center,1450,fixed_oracle,486.57555402284214,-4.73955268129963,1050.0,600.0,direction,227.116212262139,1209.3386622447824,1,3.721676811673761,28.344716712914696,56.68943342582939,1,1,1,0,1,3.721676811673761,28.344716712914696,56.68943342582939,1,1,1,0
center_1450_73,center,1450,fixed_oracle,752.2833657793836,-23.935543847881853,1050.0,600.0,direction,245.24438252469008,1209.3386622447824,1,18.23715932460558,23.056157735780204,46.1123154715605,1,1,1,0,1,18.23715932460558,23.056157735780204,46.1123154715605,1,1,1,0
center_1450_74,center,1450,fixed_oracle,918.3324776786756,-22.454836038712557,1050.0,600.0,direction,257.7578551687306,1209.3386622447824,1,7.087524234100789,21.515494248543753,43.03098849708758,1,1,1,0,1,7.087524234100789,21.515494248543753,43.03098849708758,1,1,1,0
center_1450_75,center,1450,fixed_oracle,732.5314532573568,-8.497781786323793,1050.0,600.0,direction,241.804050440469,1209.3386622447824,1,11.770972603716661,23.72554559371623,47.45109118743246,1,1,1,0,1,11.770972603716661,23.72554559371623,47.45109118743246,1,1,1,0
center_1450_76,center,1450,fixed_oracle,422.27412264861823,-11.934255457298814,1050.0,600.0,direction,224.48663257706878,1209.3386622447824,1,10.325153405937794,29.593385066100495,59.18677013220099,1,1,1,0,1,10.325153405937794,29.593385066100495,59.18677013220099,1,1,1,0
center_1450_77,center,1450,fixed_oracle,893.9792279825828,-19.715567746108235,1050.0,600.0,direction,255.56079714657173,1209.3386622447824,1,5.20527632871581,21.6967763262687,43.393552652537394,1,1,1,0,1,5.20527632871581,21.6967763262687,43.393552652537394,1,1,1,0
center_1450_78,center,1450,fixed_oracle,1167.1662196087937,-18.495374240888903,1050.0,600.0,direction,281.5333501285141,1209.3386622447824,1,10.20623590222706,25.982400683608386,51.96480136721677,1,1,1,0,1,10.20623590222706,25.982400683608386,51.96480136721677,1,1,1,0
center_1450_79,center,1450,fixed_oracle,608.1393667153084,-12.063397135256634,1050.0,600.0,direction,233.5760117449403,1209.3386622447824,1,9.011120214166201,25.89647655271652,51.79295310543304,1,1,1,0,1,9.011120214166201,25.89647655271652,51.79295310543304,1,1,1,0
center_1450_80,center,1450,fixed_oracle,453.14160730515255,-3.985571571634366,1050.0,600.0,direction,225.22256732226273,1209.3386622447824,1,7.180337619213447,29.22672714952201,58.45345429904402,1,1,1,0,1,7.180337619213447,29.22672714952201,58.45345429904402,1,1,1,0
center_1450_81,center,1450,fixed_oracle,1217.4292437788738,-28.657245873475294,1050.0,600.0,direction,285.5076311812418,1209.3386622447824,1,8.914349932598663,27.973644442471855,55.94728888494371,1,1,1,0,1,8.914349932598933,27.973644442471855,55.94728888494371,1,1,1,0
center_1450_82,center,1450,fixed_oracle,1260.5093802876424,-10.28455951156723,1050.0,600.0,direction,288.49597536022554,1209.3386622447824,1,12.172045974708164,29.668023160013682,59.336046320027364,1,1,1,0,1,12.172045974708164,29.668023160013682,59.336046320027364,1,1,1,0
center_1450_83,center,1450,fixed_oracle,743.1928539601389,-8.497903033497991,1050.0,600.0,direction,243.11489726141247,1209.3386622447824,1,5.809697858205907,23.455960931974182,46.91192186394827,1,1,1,0,1,5.809697858205907,23.455960931974182,46.91192186394827,1,1,1,0
center_1450_84,center,1450,fixed_oracle,1289.4465447096668,-12.04580231799843,1050.0,600.0,direction,291.61897780129226,1209.3386622447824,1,13.60376186689575,31.65592265084064,63.31184530168144,1,1,1,0,1,13.60376186689575,31.65592265084064,63.31184530168144,1,1,1,0
center_1450_85,center,1450,fixed_oracle,1147.9200748741473,-27.8360891131726,1050.0,600.0,direction,279.1153347987202,1209.3386622447824,1,7.770418173127195,24.89483694908833,49.789673898176794,1,1,1,0,1,7.77041817312713,24.894836949088333,49.789673898176794,1,1,1,0
center_1450_86,center,1450,fixed_oracle,746.2735721573291,-2.435404759805659,1050.0,600.0,direction,243.1803770039296,1209.3386622447824,1,11.970262080386112,23.442975596768562,46.88595119353713,1,1,1,0,1,11.970262080386112,23.442975596768562,46.88595119353713,1,1,1,0
center_1450_87,center,1450,fixed_oracle,1226.3036624357658,-13.371827009462383,1050.0,600.0,direction,286.70994411939176,1209.3386622447824,1,13.837708437071107,28.63307296585271,57.26614593170542,1,1,1,0,1,13.837708437071107,28.63307296585271,57.26614593170542,1,1,1,0
center_1450_88,center,1450,fixed_oracle,1018.1810626445972,-15.732303250660856,1050.0,600.0,direction,266.1268519526495,1209.3386622447824,1,10.429738546976859,21.129215636159174,42.25843127231835,1,1,1,0,1,10.429738546976859,21.129215636159174,42.25843127231835,1,1,1,0
center_1450_89,center,1450,fixed_oracle,673.6189202094082,-17.23754659476233,1050.0,600.0,direction,239.19707885572745,1209.3386622447824,1,12.666134372690244,24.319096201119127,48.638192402238346,1,1,1,0,1,12.666134372690244,24.319096201119127,48.638192402238346,1,1,1,0
center_1450_90,center,1450,fixed_oracle,504.6548823711293,-7.647839770410837,1050.0,600.0,direction,228.33107290587347,1209.3386622447824,1,3.393670404212015,27.82200752437992,55.64401504875989,1,1,1,0,1,3.3936704042121826,27.82200752437992,55.64401504875989,1,1,1,0
center_1450_91,center,1450,fixed_oracle,525.000209662005,-0.332857247116825,1050.0,600.0,direction,228.7339989232976,1209.3386622447824,1,12.576873673490772,27.655592852777232,55.31118570555441,1,1,1,0,1,12.576873673490772,27.655592852777232,55.31118570555441,1,1,1,0
center_1450_92,center,1450,fixed_oracle,1059.1285346584764,-7.55173298742156,1050.0,600.0,direction,271.4623113456995,1209.3386622447824,1,13.259748820245358,21.939339109525026,43.87867821904994,1,1,1,0,1,13.259748820245358,21.939339109525026,43.87867821904994,1,1,1,0
center_1450_93,center,1450,fixed_oracle,1376.071018973477,-19.175183488944935,1050.0,600.0,direction,298.2340378160892,1209.3386622447824,1,11.452610198474927,36.805515928868736,73.6110318577373,1,1,1,0,1,11.452610198474929,36.805515928868736,73.6110318577373,1,1,1,0
center_1450_94,center,1450,fixed_oracle,964.8006585136611,-2.7796900248617424,1050.0,600.0,direction,262.0304988667597,1209.3386622447824,1,13.884008207668122,21.259746083940477,42.51949216788095,1,1,1,0,1,13.884008207668122,21.259746083940477,42.51949216788095,1,1,1,0
center_1450_95,center,1450,fixed_oracle,1414.440540253729,-16.933946842897704,1050.0,600.0,direction,299.7208948937536,1209.3386622447824,1,10.658776923588833,38.18234640269749,76.36469280539481,1,1,1,0,1,10.658776923588833,38.18234640269749,76.36469280539481,1,1,1,0
center_1450_96,center,1450,fixed_oracle,841.227553654623,-8.937538685333704,1050.0,600.0,direction,250.71187771967007,1209.3386622447824,1,8.453513451128728,22.225239985491463,44.450479970982926,1,1,1,0,1,8.453513451128904,22.225239985491463,44.450479970982926,1,1,1,0
center_1450_97,center,1450,fixed_oracle,1267.7351160807564,-24.100229299687417,1050.0,600.0,direction,289.8123041311901,1209.3386622447824,1,7.2482595484724675,30.476647690207717,60.95329538041528,1,1,1,0,1,7.2482595484724675,30.476647690207717,60.95329538041528,1,1,1,0
center_1450_98,center,1450,fixed_oracle,816.4224992869056,-10.879051477776043,1050.0,600.0,direction,248.8434024768909,1209.3386622447824,1,5.282280265926889,22.479422809157057,44.958845618314115,1,1,1,0,1,5.282280265926795,22.479422809157057,44.958845618314115,1,1,1,0
center_1450_99,center,1450,fixed_oracle,1030.7267228825806,-20.20576179023947,1050.0,600.0,direction,267.29798081660164,1209.3386622447824,1,10.411940024871198,21.11225515163748,42.22393926529521,1,1,1,0,1,10.411940024871198,21.11225515163748,42.22393926529521,1,1,1,0
offset_1050_0,offset,1050,bayes,212.01018989117313,-66.12459206319068,450.0,450.0,direction,244.6266972864906,1030.7764064044152,1,12.85274232974808,17.664677118345825,35.32935423669166,1,1,1,1,1,13.254606236232014,18.243692503770717,36.48738500754144,1,1,1,1
offset_1050_1,offset,1050,bayes,387.1581592698388,-168.04599438990778,450.0,450.0,direction,264.0003690275272,1030.7764064044152,1,7.061738407113994,21.77479002351923,43.54958004703843,1,1,1,0,1,6.2765103106015605,20.565341676751473,41.130683353502974,1,1,1,0
offset_1050_2,offset,1050,bayes,4.096218444196666,101.89575991413847,450.0,450.0,direction,218.1971587656468,1030.7764064044152,1,8.150988001206658,23.400216048765795,46.80043209753159,1,1,1,0,1,8.153703474788747,24.13854481760497,48.27708963520994,1,1,1,0
offset_1050_3,offset,1050,bayes,238.4069544720793,-57.22262802068457,450.0,450.0,direction,247.39090670906518,1030.7764064044152,1,11.871766252940366,19.63481511289596,39.269630225791936,1,1,1,1,1,12.10811541924658,18.415759217482147,36.8315184349643,1,1,1,1
offset_1050_4,offset,1050,bayes,4.491641983975114,75.53986067501432,450.0,450.0,direction,219.67903664421115,1030.7764064044152,1,13.212832109275174,24.776892745555745,49.55378549111149,1,1,1,0,1,13.259197642131419,23.453410844308813,46.90682168861763,1,1,1,0
offset_1050_5,offset,1050,bayes,221.89747088994795,-63.772311594620305,450.0,450.0,direction,245.99322984310555,1030.7764064044152,1,3.979427207156635,17.621687250821644,35.2413920973149,1,1,1,1,1,3.3025015880294557,18.32302141892406,36.64604283784812,1,1,1,1
offset_1050_6,offset,1050,bayes,140.6622470307775,-3.8639789822000807,450.0,450.0,direction,235.81178583380398,1030.7764064044152,1,1.2938673565544372,18.193429437650636,36.381316980450855,1,1,1,1,1,0.8974267563047569,17.99246331434521,35.9771887975557,1,1,1,1
offset_1050_7,offset,1050,bayes,185.1512064421753,-23.82627390556513,450.0,450.0,direction,240.1701575140182,1030.7764064044152,1,9.756414734479478,17.894817957968723,35.789635915937446,1,1,1,1,1,9.843765089111745,18.06026764835402,36.12053529670804,1,1,1,1
offset_1050_8,offset,1050,bayes,429.7325012391734,-208.93490265629003,450.0,450.0,direction,268.6971769602755,1030.7764064044152,1,7.320538234236824,19.51550510528226,39.03101021056449,1,1,1,1,1,5.602063033795675,21.619218436363507,43.23843687272701,1,1,1,0
offset_1050_9,offset,1050,bayes,425.1747006765221,-197.97887201335737,450.0,450.0,direction,268.14142145521987,1030.7764064044152,1,8.77992372509409,19.323634085300863,38.647268170601755,1,1,1,1,1,7.89264376858232,21.481284876161446,42.962569752322864,1,1,1,0
offset_1050_10,offset,1050,bayes,-12.65931237208224,93.03921340288298,450.0,450.0,direction,218.00197777994808,1030.7764064044152,1,12.871938556824691,23.400216048765795,46.80043209753159,1,1,1,0,1,10.59605624789356,24.231517902302862,48.463035804605724,1,1,1,0
offset_1050_11,offset,1050,bayes,391.9201969998848,-183.61367128868227,450.0,450.0,direction,264.33782883335965,1030.7764064044152,1,10.075448097440482,21.77479002351923,43.54958004703843,1,1,1,0,1,8.22794422903187,20.63306220165082,41.26612440330164,1,1,1,0
offset_1050_12,offset,1050,bayes,223.54863620880337,-47.62694352031997,450.0,450.0,direction,245.18594819045256,1030.7764064044152,1,11.049282912032993,17.64190748706223,35.28381497412446,1,1,1,1,1,11.083795952138704,18.27481815239501,36.54963630479002,1,1,1,1
offset_1050_13,offset,1050,bayes,520.2180341249998,-274.6856108975561,450.0,450.0,direction,276.092173542698,1030.7764064044152,1,9.742687097476217,28.008270554548762,56.01654110909758,1,1,1,0,1,7.4418872949794865,23.866135445809746,47.732270891619606,1,1,1,0
offset_1050_14,offset,1050,bayes,413.40072838983764,-198.91909935826453,450.0,450.0,direction,266.5753318651469,1030.7764064044152,1,5.003213414341209,22.213164888311734,44.42632977662346,1,1,1,0,1,6.3160419160881105,21.112432803218663,42.22486560643733,1,1,1,0
offset_1050_15,offset,1050,bayes,215.14278825608903,-54.847059907838116,450.0,450.0,direction,245.3014329196168,1030.7764064044152,1,2.5003243279918266,17.64190748706223,35.28381497412446,1,1,1,1,1,2.80761876509096,18.28147594431856,36.56295188863713,1,1,1,1
offset_1050_16,offset,1050,bayes,384.7764179341329,-164.15908801869926,450.0,450.0,direction,264.1517669631035,1030.7764064044152,1,11.067930951168778,21.77479002351923,43.54958004703843,1,1,1,0,1,10.874104011540123,20.5955803903868,41.1911607807736,1,1,1,0
offset_1050_17,offset,1050,bayes,234.86919843041107,-78.47099603358674,450.0,450.0,direction,248.12582444719618,1030.7764064044152,1,7.928009720868859,17.553058205382577,35.10611641076515,1,1,1,1,1,7.864695359861626,18.469323775762053,36.9386475515241,1,1,1,1
offset_1050_18,offset,1050,bayes,43.25535562981838,52.81742321036961,450.0,450.0,direction,224.8052894786039,1030.7764064044152,1,10.404900720414165,21.728920665109428,43.457841330218855,1,1,1,0,1,11.539043805921727,21.3346440168088,42.6692880336176,1,1,1,0
offset_1050_19,offset,1050,bayes,380.8788705368727,-167.24220815853397,450.0,450.0,direction,263.64997445371154,1030.7764064044152,1,3.611383757802741,21.344432734647715,42.6888654692954,1,1,1,0,1,4.100626938139194,20.49624414145756,40.9924882829151,1,1,1,0
offset_1050_20,offset,1050,bayes,332.36403649871465,-125.35373454867795,450.0,450.0,direction,258.32436765096884,1030.7764064044152,1,9.698685080809469,20.193945919949225,40.387891839898444,1,1,1,0,1,10.207482869535836,19.58751863762101,39.17503727524202,1,1,1,1
offset_1050_21,offset,1050,bayes,686.5189620917392,-384.7760760664296,450.0,450.0,direction,285.4725646837414,1030.7764064044152,1,16.874240632302854,29.58561925299796,59.17123850599588,1,1,1,0,1,7.43605218392211,28.26122380902348,56.52244761804696,1,1,1,0
offset_1050_22,offset,1050,bayes,476.05458877246485,-238.68320004163974,450.0,450.0,direction,271.2894349361715,1030.7764064044152,1,12.147250177669946,20.464624125046107,40.929248250092215,1,1,1,0,1,13.284257101014587,22.31507888329188,44.63015776658373,1,1,1,0
offset_1050_23,offset,1050,bayes,64.75689673985346,49.192173198389696,450.0,450.0,direction,225.5374040055218,1030.7764064044152,1,4.504189963528363,20.310954971312533,40.62190994262507,1,1,1,0,1,6.159567949443513,21.06002746173889,42.120054923477774,1,1,1,0
offset_1050_24,offset,1050,bayes,793.266879624573,-459.717196070227,450.0,450.0,direction,290.73245027009403,1030.7764064044152,1,9.229332015722157,33.548148991822785,67.08607889247436,1,1,1,0,1,2.479625864743631,31.944819440427693,63.88963888085539,1,1,1,0
offset_1050_25,offset,1050,bayes,301.5991255612946,-128.2659733876821,450.0,450.0,direction,256.4414160320376,1030.7764064044152,1,10.80259773117605,20.2469905349201,40.4939810698402,1,1,1,0,1,11.736401519447874,19.32418018305763,38.64836036611526,1,1,1,1
offset_1050_26,offset,1050,bayes,1.1750577496482038,107.24459100446313,450.0,450.0,direction,218.20396994266906,1030.7764064044152,1,12.495576563414184,23.400216048765795,46.80043209753159,1,1,1,0,1,11.908444669228288,24.135312154151233,48.270624308302466,1,1,1,0
offset_1050_27,offset,1050,bayes,657.7117160477419,-365.6690779567917,450.0,450.0,direction,284.29034116350294,1030.7764064044152,1,2.9459241565577408,28.06386691023717,56.127733820474305,1,1,1,0,1,0.7448910371229608,27.577532006688646,55.15506401337741,1,1,1,0
offset_1050_28,offset,1050,bayes,258.0248321032759,-97.82562603422963,450.0,450.0,direction,251.4378092236731,1030.7764064044152,1,11.38169410556215,19.61485555444312,39.22971110888622,1,1,1,1,1,11.560572115592548,18.753283415194645,37.50656683038932,1,1,1,1
offset_1050_29,offset,1050,bayes,752.8125564093515,-432.94632244451134,450.0,450.0,direction,288.35364215158745,1030.7764064044152,1,13.58568365343707,30.928527658285475,61.84763418743487,1,1,1,0,1,16.83566477946088,30.134972800855977,60.26994560171187,1,1,1,0
offset_1050_30,offset,1050,bayes,654.0939914766681,-358.11054910091025,450.0,450.0,direction,284.6163620488878,1030.7764064044152,1,22.701978216604896,28.89161123919543,57.781169696009556,1,1,0,0,1,14.928848509631035,27.761571608629836,55.52314321725967,1,1,1,0
offset_1050_31,offset,1050,bayes,401.3596146861593,-183.37576817372167,450.0,450.0,direction,265.5387561161756,1030.7764064044152,1,3.2707374146144677,18.696772644320163,37.39354528864037,1,1,1,1,1,1.7728972959623086,20.883650887275344,41.76730177455069,1,1,1,0
offset_1050_32,offset,1050,bayes,15.68515748469099,102.61061166766387,450.0,450.0,direction,218.0729266449657,1030.7764064044152,1,17.441584981922826,23.400216048765795,46.80043209753159,1,1,1,0,1,18.88658687398874,24.197646182527862,48.395292365055724,1,1,1,0
offset_1050_33,offset,1050,bayes,2.4084611020660986,101.72753606647643,450.0,450.0,direction,218.63761735548127,1030.7764064044152,1,9.438455415945604,23.381648157301537,46.763296314603075,1,1,1,0,1,8.791634983013777,23.931116613269502,47.862233226539,1,1,1,0
offset_1050_34,offset,1050,bayes,609.1261975105235,-327.67789337553074,450.0,450.0,direction,280.85188209445965,1030.7764064044152,1,13.705398424866681,28.88708429798546,57.77416859597092,0,0,1,0,1,11.276936243216193,25.823955323603766,51.64791064720757,1,1,1,0
offset_1050_35,offset,1050,bayes,416.7866495493419,-187.1619958147894,450.0,450.0,direction,267.5816983265937,1030.7764064044152,1,18.341261851039366,22.825987822408646,45.65197564481726,1,1,1,0,1,14.640500922530187,21.34615116558203,42.69230233116401,1,1,1,0
offset_1050_36,offset,1050,bayes,305.53788582607945,-126.78896946686052,450.0,450.0,direction,255.07364302688188,1030.7764064044152,1,11.46700832866005,17.573244622536315,35.146489245072615,1,1,1,1,1,13.602455838359143,19.150115485658443,38.30023097131687,1,1,1,1
offset_1050_37,offset,1050,bayes,309.85908790012843,-118.91866498780888,450.0,450.0,direction,256.3605869342785,1030.7764064044152,1,2.698770525715104,20.2469905349201,40.4939810698402,1,1,1,0,1,3.902398290677749,19.313499007174215,38.62699801434845,1,1,1,1
offset_1050_38,offset,1050,bayes,586.0025412092245,-315.3118875050386,450.0,450.0,direction,280.383676926992,1030.7764064044152,1,0.6573911649945524,26.621283457468653,53.242566914937306,1,1,1,0,1,5.915462696158022,25.60922396942538,51.2184479388508,1,1,1,0
offset_1050_39,offset,1050,bayes,527.7332615249371,-274.63516995467467,450.0,450.0,direction,276.41901402796486,1030.7764064044152,1,2.308994630037289,28.008270554548762,56.01654110909758,1,1,1,0,1,4.974576390668391,23.985853005052654,47.97170601010535,1,1,1,0
offset_1050_40,offset,1050,bayes,354.0512313303722,-152.10070365186772,450.0,450.0,direction,260.7297654202697,1030.7764064044152,1,1.5405500678582817,17.93543165208944,35.87086330417888,1,1,1,1,1,2.1271934192816317,19.966428057030356,39.93285611406071,1,1,1,1
offset_1050_41,offset,1050,bayes,11.657082572565741,82.33962984132086,450.0,450.0,direction,220.37799249937268,1030.7764064044152,1,5.964277754440703,23.31383508960547,46.627670179210945,1,1,1,0,1,5.803430039725394,23.142451634622148,46.284903269244296,1,1,1,0
offset_1050_42,offset,1050,bayes,101.13665527182502,8.440430525369948,450.0,450.0,direction,231.3095303996544,1030.7764064044152,1,13.39183557307756,18.57676043482276,37.15352086964552,1,1,1,1,1,13.244942989039023,19.095747556399395,38.19149511279877,1,1,1,1
offset_1050_43,offset,1050,bayes,197.23093608693648,-36.80409331537123,450.0,450.0,direction,242.24845777047102,1030.7764064044152,1,5.500296652663264,19.301688924985086,38.60337784997017,1,1,1,1,1,5.260904827280534,18.131691095922513,36.263382191845025,1,1,1,1
offset_1050_44,offset,1050,bayes,-6.963457095944932,99.07462963772991,450.0,450.0,direction,217.61534675172626,1030.7764064044152,1,1.9967012634507717,24.80655434736589,49.61310869473178,1,1,1,0,1,0.8976192705039413,24.41763564254217,48.83527128508434,1,1,1,0
offset_1050_45,offset,1050,bayes,252.69496087988125,-76.86810254127084,450.0,450.0,direction,250.0399909135803,1030.7764064044152,1,9.827511247361631,19.749481352610758,39.498962705221516,1,1,1,1,1,8.035626025786748,18.624781876247756,37.24956375249552,1,1,1,1
offset_1050_46,offset,1050,bayes,164.92632400523632,-10.990891422497214,450.0,450.0,direction,238.77083586621336,1030.7764064044152,1,9.290452754421297,19.38931131890981,38.77862263781962,1,1,1,1,1,9.273872818570549,18.025813466301653,36.051626932603305,1,1,1,1
offset_1050_47,offset,1050,bayes,297.8838134196948,-122.37208956177619,450.0,450.0,direction,254.46007177628613,1030.7764064044152,1,12.77698186233049,19.9610130213396,39.9220260426792,0,0,1,1,1,12.239994394834117,19.076558574000455,38.15311714800091,1,1,1,1
offset_1050_48,offset,1050,bayes,705.9526346541651,-399.84077045869304,450.0,450.0,direction,287.2461811263939,1030.7764064044152,1,15.336650540062589,27.584231994859334,55.16507200947477,1,1,1,0,1,11.62884474603871,29.377218377434794,58.75443675486967,1,1,1,0
offset_1050_49,offset,1050,bayes,384.25791050249467,-185.22744291934987,450.0,450.0,direction,263.13444039063563,1030.7764064044152,1,18.28161533243643,18.248951373644882,36.49790274728972,0,0,1,1,1,19.424525569489923,20.39680194967846,40.793603899356924,1,1,1,0
offset_1050_50,offset,1050,bayes,218.06353932061108,-60.78754261056298,450.0,450.0,direction,246.2593147479457,1030.7764064044152,1,6.256902053899863,19.441970199541448,38.8839403990829,1,1,1,1,1,7.115430917028176,18.33976423482581,36.67952846965163,1,1,1,1
offset_1050_51,offset,1050,bayes,173.38369873681665,-10.468460927764852,450.0,450.0,direction,239.28363574207708,1030.7764064044152,1,12.874107387520734,17.963556843260125,35.92711368652025,1,1,1,1,1,13.287786365186392,18.037175612222182,36.074351224444364,1,1,1,1
offset_1050_52,offset,1050,bayes,244.38577060808882,-78.8870471758708,450.0,450.0,direction,249.3197114441513,1030.7764064044152,1,6.197649439693277,17.53083657829417,35.06167315658832,1,1,1,1,1,5.990322329091901,18.563545272138377,37.12709054427674,1,1,1,1
offset_1050_53,offset,1050,bayes,179.26807101419513,-33.62975820288813,450.0,450.0,direction,239.76353627947455,1030.7764064044152,1,11.237037486930763,17.92870362143202,35.85740724286404,0,0,1,1,1,10.066795173250743,18.04913220667128,36.098264413342555,1,1,1,1
offset_1050_54,offset,1050,bayes,4.564177203834447,88.42542391624761,450.0,450.0,direction,219.53600203675694,1030.7764064044152,1,8.083077530923115,24.776892745555745,49.55378549111149,1,1,1,0,1,5.847629515373185,23.517986378423878,47.035972756847755,1,1,1,0
offset_1050_55,offset,1050,bayes,397.02147494175705,-183.5182284506041,450.0,450.0,direction,264.90894967774994,1030.7764064044152,1,5.657219536889001,21.956619229145513,43.913238458291055,1,1,1,0,1,4.231646181261671,20.75034293741531,41.500685874830644,1,1,1,0
offset_1050_56,offset,1050,bayes,238.01721403652243,-74.02541373713791,450.0,450.0,direction,247.6418315510168,1030.7764064044152,1,2.7218253123710077,19.49208955954603,38.98417911909206,1,1,1,1,1,4.284765760335508,18.43367206256148,36.867344125122976,1,1,1,1
offset_1050_57,offset,1050,bayes,268.9926873657299,-80.5575330959739,450.0,450.0,direction,250.28970323311773,1030.7764064044152,1,11.920908849183144,19.749481352610758,39.498962705221516,1,1,1,1,1,11.644712950228701,18.64679550381792,37.29359100763583,1,1,1,1
offset_1050_58,offset,1050,bayes,104.4640495568658,11.596396695001431,450.0,450.0,direction,232.11721237353004,1030.7764064044152,1,9.81156815547883,18.48712988555435,36.9742597711087,1,1,1,1,1,9.131552766786198,18.84604012605663,37.69208025211326,1,1,1,1
offset_1050_59,offset,1050,bayes,124.48601111179926,17.0954907303975,450.0,450.0,direction,233.65023053722308,1030.7764064044152,1,10.107469205809208,18.35652948785536,36.71305897571072,1,1,1,1,1,9.184368383488916,18.386893258108344,36.77378651621669,1,1,1,1
offset_1050_60,offset,1050,bayes,532.2306818707948,-271.1318742530647,450.0,450.0,direction,275.51797569991754,1030.7764064044152,1,7.336694458564725,23.18641082617001,46.372821652340036,1,1,1,0,1,12.814728586479104,23.66053337542129,47.321066750842604,1,1,1,0
offset_1050_61,offset,1050,bayes,455.31517075150686,-222.33046332324938,450.0,450.0,direction,270.3003485719567,1030.7764064044152,1,4.249761570337494,19.950403632172247,39.90080726434449,1,1,1,1,1,1.4737358646331045,22.039012288983884,44.078024577967746,1,1,1,0
offset_1050_62,offset,1050,bayes,241.04151037167844,-85.09390643289572,450.0,450.0,direction,248.55122512622694,1030.7764064044152,1,9.693297288301107,17.54089862210399,35.08179724420798,1,1,1,1,1,10.179530077839043,18.501865654339355,37.00373130867871,1,1,1,1
offset_1050_63,offset,1050,bayes,189.91491270812867,-20.602010679822,450.0,450.0,direction,240.35801157825395,1030.7764064044152,1,15.472354296271588,17.894817957968723,35.789635915937446,1,1,1,1,1,14.82517349582022,18.065724130638387,36.13144826127677,1,1,1,1
offset_1050_64,offset,1050,bayes,70.12925278094781,53.25887523279221,450.0,450.0,direction,225.98303136858038,1030.7764064044152,1,8.949319942284406,20.310954971312533,40.62190994262507,1,1,1,0,1,7.209205835791423,20.89593694999428,41.79187389998856,1,1,1,0
offset_1050_65,offset,1050,bayes,481.537498056664,-235.3566298987795,450.0,450.0,direction,271.74441751029104,1030.7764064044152,1,10.955236567045723,24.561150028482803,49.12230005696561,1,1,1,0,1,10.419446754397079,22.44667062708719,44.89334125417436,1,1,1,0
offset_1050_66,offset,1050,bayes,221.60721428464512,-47.24466653276244,450.0,450.0,direction,246.15030408060343,1030.7764064044152,1,14.560902295191687,19.441970199541448,38.8839403990829,0,0,1,1,1,14.49691787738618,18.33285346247846,36.66570692495692,1,1,1,1
offset_1050_67,offset,1050,bayes,249.7727971084031,-82.73638237086243,450.0,450.0,direction,250.1372825365754,1030.7764064044152,1,8.563974991362699,19.749481352610758,39.498962705221516,1,1,1,1,1,7.622166472832941,18.633310446661156,37.266620893322326,1,1,1,1
offset_1050_68,offset,1050,bayes,540.1888905411529,-289.03394867015675,450.0,450.0,direction,277.57942061387797,1030.7764064044152,1,13.608241310060933,25.06491753511537,50.12983507023074,1,1,1,0,1,8.457342436070542,24.42728226564024,48.85456453128045,1,1,1,0
offset_1050_69,offset,1050,bayes,201.36774292593316,-39.48325296498302,450.0,450.0,direction,242.4498259810617,1030.7764064044152,1,9.110247698084308,19.301688924985086,38.60337784997017,0,1,1,1,1,7.126811298720316,18.13991182592999,36.27982365185998,1,1,1,1
offset_1050_70,offset,1050,bayes,153.91475821146628,-9.462217478100854,450.0,450.0,direction,238.09124652948296,1030.7764064044152,1,10.745231333616628,19.50498642245594,39.009972844911886,1,1,1,1,1,9.209091942013357,18.01299924111531,36.02599848223062,1,1,1,1
offset_1050_71,offset,1050,bayes,98.82308422734889,41.62209302389738,450.0,450.0,direction,228.58717549689587,1030.7764064044152,1,15.801340090469536,20.10772311548395,40.21544623096791,1,1,1,0,1,15.586772124167705,19.98054105355721,39.96108210711442,1,1,1,1
offset_1050_72,offset,1050,bayes,374.4857163426244,-179.02562103698244,450.0,450.0,direction,263.25464281533374,1030.7764064044152,1,10.855130439072168,18.248951373644882,36.49790274728972,1,1,1,1,1,10.831209743143017,20.4197539616676,40.839507923335255,1,1,1,0
offset_1050_73,offset,1050,bayes,48.26572051812309,80.07143475028386,450.0,450.0,direction,223.43749251892243,1030.7764064044152,1,15.668554804842419,21.7997416588744,43.59948331774879,1,1,1,0,1,16.112139654567816,21.865226542734476,43.730453085468945,1,1,1,0
offset_1050_74,offset,1050,bayes,305.0796254911784,-113.62560324309987,450.0,450.0,direction,255.2765171510774,1030.7764064044152,1,3.9392808342744754,17.573244622536315,35.146489245072615,1,1,1,1,1,4.024639191068821,19.175046420508192,38.35009284101637,1,1,1,1
offset_1050_75,offset,1050,bayes,489.92432213646777,-244.5487835526717,450.0,450.0,direction,272.81855894834996,1030.7764064044152,1,4.604275751899795,24.512078789815032,49.02415757963003,1,1,1,0,1,5.519970241619448,22.769342659958056,45.53868531991608,1,1,1,0
offset_1050_76,offset,1050,bayes,444.8151166507403,-216.63773779597807,450.0,450.0,direction,269.9383714518793,1030.7764064044152,1,3.4375682377518313,23.951563416666247,47.903126833332465,1,1,1,0,1,5.4359770235564415,21.941302249057145,43.8826044981143,1,1,1,0
offset_1050_77,offset,1050,bayes,257.7436719015302,-71.61427263896024,450.0,450.0,direction,249.58822863600153,1030.7764064044152,1,11.11948415357449,19.68669535486423,39.37339070972844,1,1,1,1,1,11.054663839873072,18.585983585128005,37.171967170255996,1,1,1,1
offset_1050_78,offset,1050,bayes,325.999940159315,-129.35338165378613,450.0,450.0,direction,257.23604710132,1030.7764064044152,1,5.00553293922296,20.25531013692093,40.51062027384185,1,1,1,0,1,6.7806797517259465,19.4318860584955,38.86377211699101,1,1,1,1
offset_1050_79,offset,1050,bayes,77.16695342927426,61.49581537047811,450.0,450.0,direction,225.96141721363563,1030.7764064044152,1,18.503993078002345,20.310954971312533,40.62190994262507,1,1,1,0,1,17.638925910598733,20.90384332616646,41.80768665233292,1,1,1,0
offset_1050_80,offset,1050,bayes,440.97561956736746,-217.7602453200771,450.0,450.0,direction,268.35603482350683,1030.7764064044152,1,16.627173211468644,19.323634085300863,38.647268170601755,1,1,1,1,1,14.710634357479089,21.53410086593304,43.06820173186614,1,1,1,0
offset_1050_81,offset,1050,bayes,79.4219582913621,34.75307884915924,450.0,450.0,direction,228.855273885281,1030.7764064044152,1,4.789814609782038,20.10772311548395,40.21544623096791,1,1,1,0,1,7.052102368692162,19.890289199326194,39.78057839865239,1,1,1,1
offset_1050_82,offset,1050,bayes,112.84243217787628,11.17539639526808,450.0,450.0,direction,233.44355815481154,1030.7764064044152,1,8.756108377665871,18.399517738969397,36.799035477938794,1,1,1,1,1,10.082517997440778,18.447700377257195,36.89540075451439,1,1,1,1
offset_1050_83,offset,1050,bayes,417.0949945201887,-206.49142387580014,450.0,450.0,direction,267.05469295898087,1030.7764064044152,1,8.681588647261108,22.818344126688686,45.63668825337734,1,1,1,0,1,10.050633819520181,21.22230142189861,42.44460284379725,1,1,1,0
offset_1050_84,offset,1050,bayes,506.7868426410484,-251.1696754867447,450.0,450.0,direction,275.3177476696671,1030.7764064044152,1,17.14135200478713,22.68003267608199,45.36006535216404,1,1,1,0,1,18.33134265226005,23.590223010862143,47.18044602172426,1,1,1,0
offset_1050_85,offset,1050,bayes,146.17878790013674,-23.006667594241605,450.0,450.0,direction,236.99641865082245,1030.7764064044152,1,14.332474786156116,19.24542444208077,38.49084888416154,1,1,1,1,1,13.488430669496438,17.99771342825152,35.995426786185206,1,1,1,1
offset_1050_86,offset,1050,bayes,202.68318706212108,-36.65622450918232,450.0,450.0,direction,242.94824143432254,1030.7764064044152,1,8.255697199576574,19.53264565035527,39.06529130071054,1,1,1,1,1,8.06527957959553,18.161257053246334,36.32251410649267,1,1,1,1
offset_1050_87,offset,1050,bayes,339.27588166821226,-146.05769916179162,450.0,450.0,direction,260.1770423583183,1030.7764064044152,1,7.590775195910921,17.87416275983862,35.74832551967722,1,1,1,1,1,7.704543477700503,19.87495792239734,39.74991584479468,1,1,1,1
offset_1050_88,offset,1050,bayes,332.61104608037397,-132.9747674953059,450.0,450.0,direction,258.00423513398425,1030.7764064044152,1,5.596371589789988,20.193945919949225,40.387891839898444,1,1,1,0,1,6.199645310802193,19.540747938018505,39.08149587603704,1,1,1,1
offset_1050_89,offset,1050,bayes,223.5073982978604,-45.894849916821045,450.0,450.0,direction,245.83508998315796,1030.7764064044152,1,14.065313549038873,17.621687250821644,35.2413920973149,1,1,1,1,1,13.956508966246762,18.31327228504245,36.6265445700849,1,1,1,1
offset_1050_90,offset,1050,bayes,14.820817132940874,89.96721250270912,450.0,450.0,direction,220.32968127655624,1030.7764064044152,1,7.958116176811276,23.31383508960547,46.627670179210945,1,1,1,0,1,7.387822622941132,23.163702774976315,46.32740554995263,1,1,1,0
offset_1050_91,offset,1050,bayes,573.3886800739037,-308.59776241108415,450.0,450.0,direction,279.90018961863746,1030.7764064044152,1,11.77451273558418,26.545784554019086,53.09156910803825,1,1,1,0,1,11.009974440548335,25.39296430868925,50.7859286173785,1,1,1,0
offset_1050_92,offset,1050,bayes,179.4658253929041,-31.893879366252577,450.0,450.0,direction,240.67152006447438,1030.7764064044152,1,1.4917070564587553,17.86194633270879,35.72389266541758,1,1,1,1,1,1.3468679908966195,18.075270678232357,36.150541356464714,1,1,1,1
offset_1050_93,offset,1050,bayes,389.2731790548869,-173.91934458214058,450.0,450.0,direction,264.7113430067232,1030.7764064044152,1,6.751489333615705,21.956619229145513,43.913238458291055,1,1,1,0,1,5.784829554829293,20.70938053692378,41.41876107384756,1,1,1,0
offset_1050_94,offset,1050,bayes,736.0457241553604,-419.2060805386102,450.0,450.0,direction,288.97545351486485,1030.7764064044152,1,12.225811679837783,33.66897835528482,67.33795671056954,1,1,1,0,1,21.795349882336676,30.582922148111834,61.16584429622375,1,1,0,0
offset_1050_95,offset,1050,bayes,672.3717000241763,-374.8341124215621,450.0,450.0,direction,284.5826727883339,1030.7764064044152,1,2.1850350379800676,28.89161123919543,57.781169696009556,1,1,1,0,1,10.793018366694227,27.74239852801412,55.484797056028285,1,1,1,0
offset_1050_96,offset,1050,bayes,362.0343365605983,-159.00295230376673,450.0,450.0,direction,261.23571733789043,1030.7764064044152,1,8.302027673995383,20.998412314466982,41.99682462893397,1,1,1,0,1,6.673781492369398,20.052542307585128,40.105084615170306,1,1,1,0
offset_1050_97,offset,1050,bayes,272.36731397669075,-94.57997910627495,450.0,450.0,direction,252.60377996049425,1030.7764064044152,1,7.986441180552279,19.167016233320073,38.33403246664013,1,1,1,1,1,7.499610457215626,18.870479933036325,37.740959866072636,1,1,1,1
offset_1050_98,offset,1050,bayes,104.12203258759325,28.013905009174323,450.0,450.0,direction,231.17529352580235,1030.7764064044152,1,7.0439294515882604,18.57676043482276,37.15352086964552,1,1,1,1,1,6.51118839094504,19.137792340224227,38.27558468044845,1,1,1,1
offset_1050_99,offset,1050,bayes,765.6064292846431,-439.5393528725948,450.0,450.0,direction,288.95508725747334,1030.7764064044152,1,23.65986187528295,33.66897835528482,67.33795671056954,1,1,0,0,1,14.659234139092217,30.567982272858885,61.13596454571786,1,1,1,0
offset_1050_0,offset,1050,fixed_assumed,212.01018989117313,-66.12459206319068,-150.0,-450.0,direction,46.060672684998444,1001.2492197250393,1,12.85092868895588,17.68637552113194,35.372751042263886,1,1,1,1,1,12.850928688955957,17.686375521131914,35.37275104226386,1,1,1,1
offset_1050_1,offset,1050,fixed_assumed,387.1581592698388,-168.04599438990778,-150.0,-450.0,direction,27.501106302060187,1001.2492197250393,1,6.797859962582558,19.696908604276327,39.393817208552655,1,1,1,1,1,6.797859962582558,19.696908604276327,39.393817208552655,1,1,1,1
offset_1050_2,offset,1050,fixed_assumed,4.096218444196666,101.89575991413847,-150.0,-450.0,direction,74.61862561127995,1001.2492197250393,1,7.558056144695801,24.810899541109766,49.62179908221952,1,1,1,0,1,7.558056144695816,24.81089954110975,49.6217990822195,1,1,1,0
offset_1050_3,offset,1050,fixed_assumed,238.4069544720793,-57.22262802068457,-150.0,-450.0,direction,45.35540109831511,1001.2492197250393,1,12.299218619787526,17.72203142522067,35.44406285044134,1,1,1,1,1,12.299218619787617,17.72203142522067,35.44406285044131,1,1,1,1
offset_1050_4,offset,1050,fixed_assumed,4.491641983975114,75.53986067501432,-150.0,-450.0,direction,73.24958156609542,1001.2492197250393,1,13.8476212709307,24.128567133800242,48.257134267600485,1,1,1,0,1,13.84762127093066,24.12856713380024,48.25713426760046,1,1,1,0
offset_1050_5,offset,1050,fixed_assumed,221.89747088994795,-63.772311594620305,-150.0,-450.0,direction,46.016184006970946,1001.2492197250393,1,3.0310836947103437,17.688541308010258,35.377082616020544,1,1,1,1,1,3.031083694710398,17.688541308010258,35.377082616020544,1,1,1,1
offset_1050_6,offset,1050,fixed_assumed,140.6622470307775,-3.8639789822000807,-150.0,-450.0,direction,57.004093764760796,1001.2492197250393,1,1.2778166980572516,18.048030935577884,36.09606187115577,1,1,1,1,1,1.2778166980572152,18.048030935577877,36.096061871155754,1,1,1,1
offset_1050_7,offset,1050,fixed_assumed,185.1512064421753,-23.82627390556513,-150.0,-450.0,direction,51.19130594153654,1001.2492197250393,1,10.516810838190565,17.51021998582426,35.02043997164852,1,1,1,1,1,10.516810838190564,17.510219985824232,35.020439971648486,1,1,1,1
offset_1050_8,offset,1050,fixed_assumed,429.7325012391734,-208.93490265629003,-150.0,-450.0,direction,23.037502893115672,1001.2492197250393,1,4.730117486958275,20.59365225477609,41.18730450955217,1,1,1,0,1,4.730117486958226,20.59365225477614,41.18730450955222,1,1,1,0
offset_1050_9,offset,1050,fixed_assumed,425.1747006765221,-197.97887201335737,-150.0,-450.0,direction,23.996784092175957,1001.2492197250393,1,7.54872656293285,20.383577611759108,40.767155223518216,1,1,1,0,1,7.548726562932962,20.383577611759165,40.76715522351827,1,1,1,0
offset_1050_10,offset,1050,fixed_assumed,-12.65931237208224,93.03921340288298,-150.0,-450.0,direction,76.15718445858063,1001.2492197250393,1,12.10555530278028,25.621186371466216,51.24237274293242,1,1,1,0,1,12.105555302780239,25.6211863714662,51.2423727429324,1,1,1,0
offset_1050_11,offset,1050,fixed_assumed,391.9201969998848,-183.61367128868227,-150.0,-450.0,direction,25.752063523702052,1001.2492197250393,1,7.999166608420615,20.024383384052037,40.04876676810407,1,1,1,0,1,7.999166608420615,20.024383384052037,40.04876676810402,1,1,1,0
offset_1050_12,offset,1050,fixed_assumed,223.54863620880337,-47.62694352031997,-150.0,-450.0,direction,46.78193114296868,1001.2492197250393,1,11.61011792417496,17.6528201640577,35.30564032811537,1,1,1,1,1,11.61011792417496,17.652820164057673,35.30564032811534,1,1,1,1
offset_1050_13,offset,1050,fixed_assumed,520.2180341249998,-274.6856108975561,-150.0,-450.0,direction,15.216684751972366,1001.2492197250393,1,6.409939546103781,22.735499556302155,45.4709991126043,1,1,1,0,1,6.409939546103781,22.735499556302155,45.4709991126043,1,1,1,0
offset_1050_14,offset,1050,fixed_assumed,413.40072838983764,-198.91909935826453,-150.0,-450.0,direction,23.823673362293334,1001.2492197250393,1,6.029181076596212,20.420747535902574,40.84149507180515,1,1,1,0,1,6.029181076596212,20.420747535902574,40.841495071805156,1,1,1,0
offset_1050_15,offset,1050,fixed_assumed,215.14278825608903,-54.847059907838116,-150.0,-450.0,direction,47.509889316282276,1001.2492197250393,1,2.303587355679372,17.621908044100774,35.24381608820152,1,1,1,1,1,2.3035873556792845,17.62190804410077,35.24381608820151,1,1,1,1
offset_1050_16,offset,1050,fixed_assumed,384.7764179341329,-164.15908801869926,-150.0,-450.0,direction,28.338592936358214,1001.2492197250393,1,10.747407976741043,19.5502500284395,39.100500056879,1,1,1,1,1,10.747407976741043,19.5502500284395,39.100500056879,1,1,1,1
offset_1050_17,offset,1050,fixed_assumed,234.86919843041107,-78.47099603358674,-150.0,-450.0,direction,44.26576626377231,1001.2492197250393,1,7.3809699043290244,17.78271442501919,35.56542885003839,1,1,1,1,1,7.380969904328987,17.782714425019194,35.56542885003839,1,1,1,1
offset_1050_18,offset,1050,fixed_assumed,43.25535562981838,52.81742321036961,-150.0,-450.0,direction,69.46273095052835,1001.2492197250393,1,12.7348820350043,22.409201267443546,44.81840253488709,1,1,1,0,1,12.734882035004272,22.40920126744353,44.81840253488706,1,1,1,0
offset_1050_19,offset,1050,fixed_assumed,380.8788705368727,-167.24220815853397,-150.0,-450.0,direction,28.080302204671504,1001.2492197250393,1,4.322638173497767,19.59480174690376,39.189603493807574,1,1,1,1,1,4.322638173497767,19.59480174690376,39.189603493807574,1,1,1,1
offset_1050_20,offset,1050,fixed_assumed,332.36403649871465,-125.35373454867795,-150.0,-450.0,direction,33.82151844804532,1001.2492197250393,1,10.520144042415838,18.7370561234856,37.4741122469712,1,1,1,1,1,10.520144042415838,18.7370561234856,37.4741122469712,1,1,1,1
offset_1050_21,offset,1050,fixed_assumed,686.5189620917392,-384.7760760664296,-150.0,-450.0,direction,4.111798357298376,1001.2492197250393,1,7.426496803140223,27.695879854377708,55.39175970875529,1,1,1,0,1,7.426496803140223,27.695879854377708,55.39175970875529,1,1,1,0
offset_1050_22,offset,1050,fixed_assumed,476.05458877246485,-238.68320004163974,-150.0,-450.0,direction,17.77428651027075,1001.2492197250393,1,13.164185472483224,21.942053818316474,43.88410763663295,1,1,1,0,1,13.164185472483224,21.942053818316474,43.88410763663295,1,1,1,0
offset_1050_23,offset,1050,fixed_assumed,64.75689673985346,49.192173198389696,-150.0,-450.0,direction,66.12522555417785,1001.2492197250393,1,5.3410186210300346,21.069819463521274,42.139638927042554,1,1,1,0,1,5.341018621030031,21.069819463521263,42.13963892704253,1,1,1,0
offset_1050_24,offset,1050,fixed_assumed,793.266879624573,-459.717196070227,-150.0,-450.0,direction,359.46905341736965,1001.2492197250393,1,2.5686922293606727,30.870583083421728,61.741166166843485,1,1,1,0,1,2.5686922293606727,30.870583083421728,61.741166166843485,1,1,1,0
offset_1050_25,offset,1050,fixed_assumed,301.5991255612946,-128.2659733876821,-150.0,-450.0,direction,36.30198610732324,1001.2492197250393,1,10.962135401871878,18.445051060048513,36.89010212009708,1,1,1,1,1,10.96213540187189,18.445051060048513,36.89010212009708,1,1,1,1
offset_1050_26,offset,1050,fixed_assumed,1.1750577496482038,107.24459100446313,-150.0,-450.0,direction,75.65752240202335,1001.2492197250393,1,11.669886335351018,25.35276435093369,50.705528701867365,1,1,1,0,1,11.669886335351062,25.352764350933672,50.705528701867344,1,1,1,0
offset_1050_27,offset,1050,fixed_assumed,657.7117160477419,-365.6690779567917,-150.0,-450.0,direction,5.96401203440476,1001.2492197250393,1,0.3540576199017307,26.650320933437506,53.300641866874905,1,1,1,0,1,0.35405761990158546,26.650320933437403,53.300641866874805,1,1,1,0
offset_1050_28,offset,1050,fixed_assumed,258.0248321032759,-97.82562603422963,-150.0,-450.0,direction,41.5479920460769,1001.2492197250393,1,10.903007710375398,17.964398069735502,35.928796139470975,1,1,1,1,1,10.903007710375347,17.964398069735502,35.92879613947097,1,1,1,1
offset_1050_29,offset,1050,fixed_assumed,752.8125564093515,-432.94632244451134,-150.0,-450.0,direction,0.5060420296133995,1001.2492197250393,1,16.811775461985015,30.082444446306884,60.16488889261384,1,1,1,0,1,16.811775461985015,30.082444446306884,60.16488889261384,1,1,1,0
offset_1050_30,offset,1050,fixed_assumed,654.0939914766681,-358.11054910091025,-150.0,-450.0,direction,6.961622398250095,1001.2492197250393,1,14.230095332290498,26.13026146857607,52.260522937152246,1,1,1,0,1,14.230095332290514,26.130261468576172,52.260522937152345,1,1,1,0
offset_1050_31,offset,1050,fixed_assumed,401.3596146861593,-183.37576817372167,-150.0,-450.0,direction,25.737485075125615,1001.2492197250393,1,2.343674177000963,20.0272375589484,40.0544751178968,1,1,1,0,1,2.343674177000963,20.0272375589484,40.0544751178968,1,1,1,0
offset_1050_32,offset,1050,fixed_assumed,15.68515748469099,102.61061166766387,-150.0,-450.0,direction,72.72822568016727,1001.2492197250393,1,18.14455531251534,23.877708546096546,47.755417092193085,1,1,1,0,1,18.144555312515383,23.877708546096542,47.75541709219306,1,1,1,0
offset_1050_33,offset,1050,fixed_assumed,2.4084611020660986,101.72753606647643,-150.0,-450.0,direction,75.30880446295477,1001.2492197250393,1,8.836484344706143,25.168474828421946,50.336949656843906,1,1,1,0,1,8.836484344706161,25.16847482842193,50.33694965684388,1,1,1,0
offset_1050_34,offset,1050,fixed_assumed,609.1261975105235,-327.67789337553074,-150.0,-450.0,direction,8.441506783111782,1001.2492197250393,1,11.35183884813382,25.408957607531523,50.817915215063074,1,1,1,0,1,11.35183884813382,25.408957607531523,50.817915215063074,1,1,1,0
offset_1050_35,offset,1050,fixed_assumed,416.7866495493419,-187.1619958147894,-150.0,-450.0,direction,25.444393832521694,1001.2492197250393,1,13.92688558674718,20.085068593250483,40.170137186500966,1,1,1,0,1,13.92688558674718,20.085068593250483,40.170137186500966,1,1,1,0
offset_1050_36,offset,1050,fixed_assumed,305.53788582607945,-126.78896946686052,-150.0,-450.0,direction,34.49092546563799,1001.2492197250393,1,13.263172239514779,18.653891935674736,37.307783871349415,1,1,1,1,1,13.263172239514669,18.65389193567468,37.30778387134936,1,1,1,1
offset_1050_37,offset,1050,fixed_assumed,309.85908790012843,-118.91866498780888,-150.0,-450.0,direction,35.95115085613146,1001.2492197250393,1,3.74195017987157,18.48370226501739,36.967404530034834,1,1,1,1,1,3.7419501798716803,18.483702265017385,36.96740453003483,1,1,1,1
offset_1050_38,offset,1050,fixed_assumed,586.0025412092245,-315.3118875050386,-150.0,-450.0,direction,10.67727108055178,1001.2492197250393,1,5.37791378589902,24.421534049388764,48.84306809877753,1,1,1,0,1,5.37791378589902,24.421534049388764,48.84306809877753,1,1,1,0
offset_1050_39,offset,1050,fixed_assumed,527.7332615249371,-274.63516995467467,-150.0,-450.0,direction,14.803397621260372,1001.2492197250393,1,4.418959876768678,22.87347774087586,45.74695548175182,1,1,1,0,1,4.418959876768678,22.87347774087586,45.74695548175182,1,1,1,0
offset_1050_40,offset,1050,fixed_assumed,354.0512313303722,-152.10070365186772,-150.0,-450.0,direction,30.367609400612444,1001.2492197250393,1,2.504250077528494,19.220610336881872,38.441220673763745,1,1,1,1,1,2.504250077528494,19.220610336881872,38.44122067376369,1,1,1,1
offset_1050_41,offset,1050,fixed_assumed,11.657082572565741,82.33962984132086,-150.0,-450.0,direction,73.49762029296996,1001.2492197250393,1,7.090702291192183,24.249618981038328,48.499237962076656,1,1,1,0,1,7.090702291192157,24.249618981038314,48.49923796207664,1,1,1,0
offset_1050_42,offset,1050,fixed_assumed,101.13665527182502,8.440430525369948,-150.0,-450.0,direction,60.90655033449086,1001.2492197250393,1,13.35667864815099,19.24233522249886,38.48467044499772,1,1,1,1,1,13.356678648150972,19.242335222498852,38.484670444997704,1,1,1,1
offset_1050_43,offset,1050,fixed_assumed,197.23093608693648,-36.80409331537123,-150.0,-450.0,direction,49.64652891830725,1001.2492197250393,1,5.868914883359236,17.54809063845327,35.09618127690657,1,1,1,1,1,5.868914883359257,17.54809063845327,35.09618127690657,1,1,1,1
offset_1050_44,offset,1050,fixed_assumed,-6.963457095944932,99.07462963772991,-150.0,-450.0,direction,75.49156267798178,1001.2492197250393,1,2.1358352836234453,25.26475019241071,50.52950038482142,1,1,1,0,1,2.1358352836234067,25.2647501924107,50.52950038482141,1,1,1,0
offset_1050_45,offset,1050,fixed_assumed,252.69496087988125,-76.86810254127084,-150.0,-450.0,direction,43.38802895954196,1001.2492197250393,1,7.483390538823291,17.836604856590082,35.67320971318017,1,1,1,1,1,7.48339053882332,17.836604856590085,35.67320971318017,1,1,1,1
offset_1050_46,offset,1050,fixed_assumed,164.92632400523632,-10.990891422497214,-150.0,-450.0,direction,54.849168368253075,1001.2492197250393,1,8.998684365528863,17.48071076494443,34.94321492211811,1,1,1,1,1,8.99868436552887,17.48071076494443,34.94321492211811,1,1,1,1
offset_1050_47,offset,1050,fixed_assumed,297.8838134196948,-122.37208956177619,-150.0,-450.0,direction,35.528765161149046,1001.2492197250393,1,11.891641803841372,18.531375582863728,37.062751165727455,1,1,1,1,1,11.891641803841372,18.531375582863728,37.062751165727455,1,1,1,1
offset_1050_48,offset,1050,fixed_assumed,705.9526346541651,-399.84077045869304,-150.0,-450.0,direction,3.8388037066967673,1001.2492197250393,1,10.80257185131808,27.859464219504694,55.71892843900939,1,1,1,0,1,10.80257185131808,27.859464219504694,55.71892843900939,1,1,1,0
offset_1050_49,offset,1050,fixed_assumed,384.25791050249467,-185.22744291934987,-150.0,-450.0,direction,25.40568879304147,1001.2492197250393,1,19.134412736252123,20.09276996680681,40.18553993361362,1,1,1,0,1,19.134412736252123,20.09276996680681,40.18553993361362,1,1,1,0
offset_1050_50,offset,1050,fixed_assumed,218.06353932061108,-60.78754261056298,-150.0,-450.0,direction,47.28070165520141,1001.2492197250393,1,6.332934283306216,17.63132170586318,35.26264341172636,1,1,1,1,1,6.33293428330621,17.63132170586318,35.26264341172635,1,1,1,1
offset_1050_51,offset,1050,fixed_assumed,173.38369873681665,-10.468460927764852,-150.0,-450.0,direction,53.93441465259046,1001.2492197250393,1,13.235892335846,17.476893046443298,34.949137852092285,1,1,1,1,1,13.235892335845943,17.476893046443266,34.94913785209226,1,1,1,1
offset_1050_52,offset,1050,fixed_assumed,244.38577060808882,-78.8870471758708,-150.0,-450.0,direction,43.822808630984866,1001.2492197250393,1,5.218198289702949,17.809347509104267,35.618695018208534,1,1,1,1,1,5.218198289702925,17.809347509104267,35.618695018208534,1,1,1,1
offset_1050_53,offset,1050,fixed_assumed,179.26807101419513,-33.62975820288813,-150.0,-450.0,direction,50.66611905834078,1001.2492197250393,1,10.028239894655098,17.521647940770084,35.04329588154017,1,1,1,1,1,10.028239894655053,17.521647940770084,35.04329588154014,1,1,1,1
offset_1050_54,offset,1050,fixed_assumed,4.564177203834447,88.42542391624761,-150.0,-450.0,direction,74.45162726317261,1001.2492197250393,1,7.168394378458449,24.725778516175456,49.45155703235091,1,1,1,0,1,7.168394378458424,24.725778516175442,49.4515570323509,1,1,1,0
offset_1050_55,offset,1050,fixed_assumed,397.02147494175705,-183.5182284506041,-150.0,-450.0,direction,25.662288110419805,1001.2492197250393,1,4.281982689821363,20.041993203074167,40.08398640614828,1,1,1,0,1,4.281982689821363,20.041993203074167,40.083986406148284,1,1,1,0
offset_1050_56,offset,1050,fixed_assumed,238.01721403652243,-74.02541373713791,-150.0,-450.0,direction,43.763461242443384,1001.2492197250393,1,4.274915432411001,17.81300279630933,35.62600559261866,1,1,1,1,1,4.274915432411004,17.81300279630933,35.62600559261866,1,1,1,1
offset_1050_57,offset,1050,fixed_assumed,268.9926873657299,-80.5575330959739,-150.0,-450.0,direction,40.53141700044883,1001.2492197250393,1,12.317405546626016,18.04381022894184,36.08762045788374,1,1,1,1,1,12.317405546626025,18.04381022894184,36.08762045788374,1,1,1,1
offset_1050_58,offset,1050,fixed_assumed,104.4640495568658,11.596396695001431,-150.0,-450.0,direction,61.49466979263908,1001.2492197250393,1,9.897366310672489,19.4341113837908,38.8682227675816,1,1,1,1,1,9.897366310672483,19.434111383790796,38.868222767581585,1,1,1,1
offset_1050_59,offset,1050,fixed_assumed,124.48601111179926,17.0954907303975,-150.0,-450.0,direction,60.15046048126749,1001.2492197250393,1,8.951780358650417,19.000561632055167,38.00112326411033,1,1,1,1,1,8.95178035865038,19.00056163205516,38.00112326411032,1,1,1,1
offset_1050_60,offset,1050,fixed_assumed,532.2306818707948,-271.1318742530647,-150.0,-450.0,direction,13.70385512149371,1001.2492197250393,1,12.983840490791483,23.254822748907973,46.50964549781596,1,1,1,0,1,12.983840490791483,23.254822748907973,46.50964549781596,1,1,1,0
offset_1050_61,offset,1050,fixed_assumed,455.31517075150686,-222.33046332324938,-150.0,-450.0,direction,20.459552034385975,1001.2492197250393,1,2.059748592359244,21.21038329614487,42.42076659228974,1,1,1,0,1,2.059748592359244,21.21038329614487,42.42076659228974,1,1,1,0
offset_1050_62,offset,1050,fixed_assumed,241.04151037167844,-85.09390643289572,-150.0,-450.0,direction,42.902170267322326,1001.2492197250393,1,9.791853924245402,17.86838268636621,35.73676537273242,1,1,1,1,1,9.791853924245432,17.86838268636621,35.73676537273242,1,1,1,1
offset_1050_63,offset,1050,fixed_assumed,189.91491270812867,-20.602010679822,-150.0,-450.0,direction,50.92046675482282,1001.2492197250393,1,15.514206497648884,17.51592774436867,35.03185548873737,1,1,1,1,1,15.514206497648875,17.515927744368668,35.031855488737364,1,1,1,1
offset_1050_64,offset,1050,fixed_assumed,70.12925278094781,53.25887523279221,-150.0,-450.0,direction,66.11365448136866,1001.2492197250393,1,6.569482676960386,21.065428294444047,42.1308565888881,1,1,1,0,1,6.5694826769604,21.06542829444404,42.13085658888808,1,1,1,0
offset_1050_65,offset,1050,fixed_assumed,481.537498056664,-235.3566298987795,-150.0,-450.0,direction,17.881320448320054,1001.2492197250393,1,10.71854626616628,21.91099417043724,43.82198834087448,1,1,1,0,1,10.71854626616628,21.91099417043724,43.82198834087448,1,1,1,0
offset_1050_66,offset,1050,fixed_assumed,221.60721428464512,-47.24466653276244,-150.0,-450.0,direction,48.1238492248364,1001.2492197250393,1,13.885149820027298,17.598125617687685,35.19625123537537,1,1,1,1,1,13.885149820027355,17.598125617687657,35.196251235375335,1,1,1,1
offset_1050_67,offset,1050,fixed_assumed,249.7727971084031,-82.73638237086243,-150.0,-450.0,direction,43.308941249056794,1001.2492197250393,1,6.770579087750426,17.841682536095515,35.68336507219101,1,1,1,1,1,6.770579087750408,17.84168253609552,35.68336507219101,1,1,1,1
offset_1050_68,offset,1050,fixed_assumed,540.1888905411529,-289.03394867015675,-150.0,-450.0,direction,13.7495453687589,1001.2492197250393,1,7.360299315336648,23.23855205184375,46.4771041036875,1,1,1,0,1,7.360299315336648,23.23855205184375,46.4771041036875,1,1,1,0
offset_1050_69,offset,1050,fixed_assumed,201.36774292593316,-39.48325296498302,-150.0,-450.0,direction,48.81730848413527,1001.2492197250393,1,7.751947050969351,17.57376394337883,35.14752788675766,1,1,1,1,1,7.7519470509693775,17.573763943378804,35.14752788675763,1,1,1,1
offset_1050_70,offset,1050,fixed_assumed,153.91475821146628,-9.462217478100854,-150.0,-450.0,direction,56.28895117235108,1001.2492197250393,1,8.855033190291223,17.842694290741306,35.68538858148261,1,1,1,1,1,8.855033190291167,17.8426942907413,35.6853885814826,1,1,1,1
offset_1050_71,offset,1050,fixed_assumed,98.82308422734889,41.62209302389738,-150.0,-450.0,direction,62.435250236895264,1001.2492197250393,1,15.10807608286553,19.74783848255356,39.49567696510712,1,1,1,1,1,15.108076082865564,19.747838482553554,39.4956769651071,1,1,1,1
offset_1050_72,offset,1050,fixed_assumed,374.4857163426244,-179.02562103698244,-150.0,-450.0,direction,27.42325558686238,1001.2492197250393,1,10.379389288890936,19.710868051923608,39.421736103847216,1,1,1,1,1,10.379389288890884,19.710868051923665,39.421736103847266,1,1,1,1
offset_1050_73,offset,1050,fixed_assumed,48.26572051812309,80.07143475028386,-150.0,-450.0,direction,70.29012429644592,1001.2492197250393,1,15.690721066793564,22.765397792403313,45.53079558480663,1,1,1,0,1,15.690721066793584,22.765397792403306,45.53079558480661,1,1,1,0
offset_1050_74,offset,1050,fixed_assumed,305.0796254911784,-113.62560324309987,-150.0,-450.0,direction,36.16629927418079,1001.2492197250393,1,4.66048977596578,18.459898305991768,36.919796611983536,1,1,1,1,1,4.660489775965766,18.459898305991768,36.919796611983536,1,1,1,1
offset_1050_75,offset,1050,fixed_assumed,489.92432213646777,-244.5487835526717,-150.0,-450.0,direction,17.32819354562808,1001.2492197250393,1,5.888080062286095,22.07329046826019,44.14658093652038,1,1,1,0,1,5.888080062286177,22.07329046826019,44.146580936520444,1,1,1,0
offset_1050_76,offset,1050,fixed_assumed,444.8151166507403,-216.63773779597807,-150.0,-450.0,direction,21.80542687775343,1001.2492197250393,1,4.7770686604947565,20.87859613721507,41.75719227443009,1,1,1,0,1,4.7770686604947565,20.87859613721507,41.75719227443009,1,1,1,0
offset_1050_77,offset,1050,fixed_assumed,257.7436719015302,-71.61427263896024,-150.0,-450.0,direction,42.6823682850725,1001.2492197250393,1,11.436115134108732,17.88321912576826,35.76643825153652,1,1,1,1,1,11.436115134108732,17.883219125768232,35.766438251536464,1,1,1,1
offset_1050_78,offset,1050,fixed_assumed,325.999940159315,-129.35338165378613,-150.0,-450.0,direction,33.2821843054929,1001.2492197250393,1,7.15926001674623,18.806476579953102,37.61295315990626,1,1,1,1,1,7.1592600167462805,18.806476579953102,37.61295315990626,1,1,1,1
offset_1050_79,offset,1050,fixed_assumed,77.16695342927426,61.49581537047811,-150.0,-450.0,direction,65.83512647208782,1001.2492197250393,1,17.185746753176403,20.96022207034801,41.92044414069602,1,1,1,0,1,17.18574675317645,20.960222070348,41.920444140696,1,1,1,0
offset_1050_80,offset,1050,fixed_assumed,440.97561956736746,-217.7602453200771,-150.0,-450.0,direction,20.583985117389314,1001.2492197250393,1,14.494807186942968,21.178773699076213,42.35754739815243,1,1,1,0,1,14.494807186942968,21.178773699076213,42.35754739815243,1,1,1,0
offset_1050_81,offset,1050,fixed_assumed,79.4219582913621,34.75307884915924,-150.0,-450.0,direction,65.27482758323723,1001.2492197250393,1,7.978681988121528,20.751415844889785,41.502831689779576,1,1,1,0,1,7.9786819881215205,20.751415844889777,41.50283168977955,1,1,1,0
offset_1050_82,offset,1050,fixed_assumed,112.84243217787628,11.17539639526808,-150.0,-450.0,direction,61.29878176389557,1001.2492197250393,1,10.784098305222305,19.369867542124613,38.739735084249226,1,1,1,1,1,10.7840983052223,19.369867542124602,38.7397350842492,1,1,1,1
offset_1050_83,offset,1050,fixed_assumed,417.0949945201887,-206.49142387580014,-150.0,-450.0,direction,23.16261427383811,1001.2492197250393,1,9.652818622694328,20.565680944540397,41.131361889080736,1,1,1,0,1,9.652818622694328,20.565680944540397,41.131361889080736,1,1,1,0
offset_1050_84,offset,1050,fixed_assumed,506.7868426410484,-251.1696754867447,-150.0,-450.0,direction,17.53027880791025,1001.2492197250393,1,17.2224301084953,22.0134794142487,44.02695882849734,1,1,1,0,1,17.2224301084953,22.0134794142487,44.02695882849734,1,1,1,0
offset_1050_85,offset,1050,fixed_assumed,146.17878790013674,-23.006667594241605,-150.0,-450.0,direction,54.96318047231912,1001.2492197250393,1,13.337831574017804,17.481811515568904,34.94414843183259,1,1,1,1,1,13.337831574017736,17.481811515568896,34.944148431832566,1,1,1,1
offset_1050_86,offset,1050,fixed_assumed,202.68318706212108,-36.65622450918232,-150.0,-450.0,direction,49.41546592782444,1001.2492197250393,1,8.465827793346616,17.55486751135755,35.10973502271508,1,1,1,1,1,8.465827793346627,17.55486751135752,35.10973502271504,1,1,1,1
offset_1050_87,offset,1050,fixed_assumed,339.27588166821226,-146.05769916179162,-150.0,-450.0,direction,32.54929805354904,1001.2492197250393,1,6.7636460051371134,18.904335704377225,37.80867140875445,1,1,1,1,1,6.7636460051371134,18.904335704377225,37.80867140875445,1,1,1,1
offset_1050_88,offset,1050,fixed_assumed,332.61104608037397,-132.9747674953059,-150.0,-450.0,direction,32.689931110142055,1001.2492197250393,1,6.695840387684663,18.885238864020618,37.77047772804118,1,1,1,1,1,6.695840387684663,18.885238864020618,37.77047772804118,1,1,1,1
offset_1050_89,offset,1050,fixed_assumed,223.5073982978604,-45.894849916821045,-150.0,-450.0,direction,47.63626619790511,1001.2492197250393,1,13.81315606497263,17.616842059000767,35.23368411800154,1,1,1,1,1,13.813156064972741,17.616842059000742,35.233684118001506,1,1,1,1
offset_1050_90,offset,1050,fixed_assumed,14.820817132940874,89.96721250270912,-150.0,-450.0,direction,73.7536150343938,1001.2492197250393,1,7.730040914767642,24.375727645343915,48.75145529068783,1,1,1,0,1,7.730040914767645,24.375727645343915,48.751455290687815,1,1,1,0
offset_1050_91,offset,1050,fixed_assumed,573.3886800739037,-308.59776241108415,-150.0,-450.0,direction,11.721987724707052,1001.2492197250393,1,9.9345973159004,23.99819445957862,47.99638891915722,1,1,1,0,1,9.9345973159004,23.99819445957862,47.99638891915722,1,1,1,0
offset_1050_92,offset,1050,fixed_assumed,179.4658253929041,-31.893879366252577,-150.0,-450.0,direction,51.74332145830428,1001.2492197250393,1,1.0911937828618627,17.499808139653425,34.99961627930685,1,1,1,1,1,1.0911937828617577,17.49980813965342,34.99961627930682,1,1,1,1
offset_1050_93,offset,1050,fixed_assumed,389.2731790548869,-173.91934458214058,-150.0,-450.0,direction,27.38065537095068,1001.2492197250393,1,5.526659685618015,19.718530513794935,39.43706102758987,1,1,1,1,1,5.526659685618015,19.718530513794935,39.43706102758987,1,1,1,1
offset_1050_94,offset,1050,fixed_assumed,736.0457241553604,-419.2060805386102,-150.0,-450.0,direction,2.7501476090705697,1001.2492197250393,1,20.25453355679169,28.5380523519815,57.076104703962926,1,1,0,0,1,20.25453355679169,28.5380523519815,57.076104703962926,1,1,0,0
offset_1050_95,offset,1050,fixed_assumed,672.3717000241763,-374.8341124215621,-150.0,-450.0,direction,4.717093643159276,1001.2492197250393,1,10.74056905589094,27.34212812100347,54.68425624200696,1,1,1,0,1,10.74056905589094,27.34212812100347,54.68425624200696,1,1,1,0
offset_1050_96,offset,1050,fixed_assumed,362.0343365605983,-159.00295230376673,-150.0,-450.0,direction,29.065035211635415,1001.2492197250393,1,6.687441156669817,19.428133822825192,38.856267645650384,1,1,1,1,1,6.6874411566698635,19.428133822825192,38.85626764565033,1,1,1,1
offset_1050_97,offset,1050,fixed_assumed,272.36731397669075,-94.57997910627495,-150.0,-450.0,direction,40.74966791330451,1001.2492197250393,1,6.71096152359611,18.026223126528638,36.05244625305725,1,1,1,1,1,6.71096152359609,18.026223126528638,36.052446253057276,1,1,1,1
offset_1050_98,offset,1050,fixed_assumed,104.12203258759325,28.013905009174323,-150.0,-450.0,direction,62.51878347585473,1001.2492197250393,1,6.450763248650119,19.77612974077244,39.55225948154488,1,1,1,1,1,6.45076324865012,19.776129740772436,39.55225948154487,1,1,1,1
offset_1050_99,offset,1050,fixed_assumed,765.6064292846431,-439.5393528725948,-150.0,-450.0,direction,0.07509027016387178,1001.2492197250393,1,14.640345145242332,30.403832029275435,60.80766405855077,1,1,1,0,1,14.640345145242332,30.403832029275435,60.80766405855077,1,1,1,0
offset_1050_0,offset,1050,fixed_oracle,212.01018989117313,-66.12459206319068,0.0,-450.0,direction,60.470169655940026,851.46931829632,1,11.23888969977236,16.23237700078969,32.46475400157937,1,1,1,1,1,11.23888969977236,16.23237700078969,32.46475400157937,1,1,1,1
offset_1050_1,offset,1050,fixed_oracle,387.1581592698388,-168.04599438990778,0.0,-450.0,direction,35.87071815701654,851.46931829632,1,6.667273863861139,15.726307512097385,31.45261502419477,1,1,1,1,1,6.667273863861139,15.726307512097385,31.45261502419477,1,1,1,1
offset_1050_2,offset,1050,fixed_oracle,4.096218444196666,101.89575991413847,0.0,-450.0,direction,89.79377916990725,851.46931829632,1,10.440516675550201,26.091147027683594,52.18229405536719,1,1,1,0,1,7.693160746506355,30.16752434413119,60.33504868826238,1,1,1,0
offset_1050_3,offset,1050,fixed_oracle,238.4069544720793,-57.22262802068457,0.0,-450.0,direction,58.778056265501505,851.46931829632,1,11.757526514279574,15.787972955037114,31.575945910074243,1,1,1,1,1,11.75752651427959,15.787972955037114,31.57594591007424,1,1,1,1
offset_1050_4,offset,1050,fixed_oracle,4.491641983975114,75.53986067501432,0.0,-450.0,direction,89.14152496553055,851.46931829632,1,14.68330487461035,28.664948034982814,57.32989606996563,1,1,1,0,1,15.136706354175878,29.632207738625034,59.264415477250076,1,1,1,0
offset_1050_5,offset,1050,fixed_oracle,221.89747088994795,-63.772311594620305,0.0,-450.0,direction,60.05485249059049,851.46931829632,1,3.0858008977525078,16.121315310977785,32.24263062195557,1,1,1,1,1,3.085800897752497,16.121315310977792,32.24263062195558,1,1,1,1
offset_1050_6,offset,1050,fixed_oracle,140.6622470307775,-3.8639789822000807,0.0,-450.0,direction,72.58921021434433,851.46931829632,1,1.4810661144832997,20.200808059924437,40.401616119848875,1,1,1,0,1,1.4810661144833155,20.200808059924437,40.401616119848875,1,1,1,0
offset_1050_7,offset,1050,fixed_oracle,185.1512064421753,-23.82627390556513,0.0,-450.0,direction,65.89095667628888,851.46931829632,1,10.742015495818551,17.8158235790509,35.6316471581018,1,1,1,1,1,10.742015495818558,17.8158235790509,35.6316471581018,1,1,1,1
offset_1050_8,offset,1050,fixed_oracle,429.7325012391734,-208.93490265629003,0.0,-450.0,direction,29.749843847190046,851.46931829632,1,3.8090737539306145,16.427508324553486,32.85501664910697,1,1,1,1,1,3.8090737539306145,16.427508324553486,32.85501664910697,1,1,1,1
offset_1050_9,offset,1050,fixed_oracle,425.1747006765221,-197.97887201335737,0.0,-450.0,direction,30.992683418932224,851.46931829632,1,6.126325896474028,16.26494896927556,32.52989793855112,1,1,1,1,1,6.126325896474028,16.26494896927556,32.52989793855112,1,1,1,1
offset_1050_10,offset,1050,fixed_oracle,-12.65931237208224,93.03921340288298,0.0,-450.0,direction,91.68574213330544,851.46931829632,1,6.041041728380674,14.76123683284064,29.52059677477956,1,1,1,1,1,15.166500737523208,31.823590800381616,63.64718160076322,1,1,1,0
offset_1050_11,offset,1050,fixed_oracle,391.9201969998848,-183.61367128868227,0.0,-450.0,direction,33.778938653292755,851.46931829632,1,6.293368251749678,15.938716831635045,31.87743366327009,1,1,1,1,1,6.293368251749678,15.938716831635045,31.87743366327009,1,1,1,1
offset_1050_12,offset,1050,fixed_oracle,223.54863620880337,-47.62694352031997,0.0,-450.0,direction,60.59897034437763,851.46931829632,1,11.662181262100624,16.267090681061166,32.53418136212234,1,1,1,1,1,11.662181262100624,16.267090681061166,32.53418136212233,1,1,1,1
offset_1050_13,offset,1050,fixed_oracle,520.2180341249998,-274.6856108975561,0.0,-450.0,direction,19.181712230102328,851.46931829632,1,5.328701965412804,18.32327720906957,36.64655441813914,1,1,1,1,1,5.328701965412687,18.323277209069513,36.64655441813908,1,1,1,1
offset_1050_14,offset,1050,fixed_oracle,413.40072838983764,-198.91909935826453,0.0,-450.0,direction,31.076016553770096,851.46931829632,1,5.103179502338692,16.254436867883417,32.50887373576678,1,1,1,1,1,5.103179502338692,16.254436867883417,32.50887373576678,1,1,1,1
offset_1050_15,offset,1050,fixed_oracle,215.14278825608903,-54.847059907838116,0.0,-450.0,direction,61.683221610323606,851.46931829632,1,2.21550640773368,16.564531123131037,33.12906224626208,1,1,1,1,1,2.215506407733632,16.564531123131044,33.12906224626209,1,1,1,1
offset_1050_16,offset,1050,fixed_oracle,384.7764179341329,-164.15908801869926,0.0,-450.0,direction,36.82159279062167,851.46931829632,1,9.55583643018768,15.6384449323755,31.276889864751,1,1,1,1,1,9.55583643018768,15.6384449323755,31.276889864750995,1,1,1,1
offset_1050_17,offset,1050,fixed_oracle,234.86919843041107,-78.47099603358674,0.0,-450.0,direction,57.97634283117311,851.46931829632,1,8.15634471743269,15.58465009797911,31.169300195958225,1,1,1,1,1,8.156344717432704,15.58465009797911,31.16930019595821,1,1,1,1
offset_1050_18,offset,1050,fixed_oracle,43.25535562981838,52.81742321036961,0.0,-450.0,direction,85.56992472494477,851.46931829632,1,15.441767073984986,26.982767725747483,53.96553545149498,1,1,1,0,1,15.441767073984973,26.98276772574749,53.965535451494986,1,1,1,0
offset_1050_19,offset,1050,fixed_oracle,380.8788705368727,-167.24220815853397,0.0,-450.0,direction,36.62909804629285,851.46931829632,1,3.9436975346396372,15.65580473207389,31.311609464147775,1,1,1,1,1,3.9436975346395906,15.655804732073832,31.311609464147722,1,1,1,1
offset_1050_20,offset,1050,fixed_oracle,332.36403649871465,-125.35373454867795,0.0,-450.0,direction,44.20670517823002,851.46931829632,1,10.191789028694105,15.1255080835468,30.25101616709365,1,1,1,1,1,10.191789028694105,15.1255080835468,30.25101616709365,1,1,1,1
offset_1050_21,offset,1050,fixed_oracle,686.5189620917392,-384.7760760664296,0.0,-450.0,direction,5.080624415428343,851.46931829632,1,5.892574012905869,23.076152845234663,46.1523056904694,1,1,1,0,1,5.892574012905869,23.076152845234663,46.1523056904694,1,1,1,0
offset_1050_22,offset,1050,fixed_oracle,476.05458877246485,-238.68320004163974,0.0,-450.0,direction,23.05887670116631,851.46931829632,1,9.800429116737796,17.50891125450813,35.01782250901621,1,1,1,1,1,9.800429116737716,17.508911254508078,35.017822509016156,1,1,1,1
offset_1050_23,offset,1050,fixed_oracle,64.75689673985346,49.192173198389696,0.0,-450.0,direction,82.01170320441368,851.46931829632,1,5.073584200149611,24.743807682400476,49.487615364800966,1,1,1,0,1,5.073584200149591,24.743807682400483,49.487615364800966,1,1,1,0
offset_1050_24,offset,1050,fixed_oracle,793.266879624573,-459.717196070227,0.0,-450.0,direction,359.3574581955034,851.46931829632,1,2.2918404612632393,26.327305066871872,52.654610133743745,1,1,1,0,1,2.2918404612632393,26.327305066871872,52.654610133743745,1,1,1,0
offset_1050_25,offset,1050,fixed_oracle,301.5991255612946,-128.2659733876821,0.0,-450.0,direction,47.68479245298023,851.46931829632,1,11.064876696927737,14.979851105742153,29.95970221148431,1,1,1,1,1,11.064876696927723,14.979851105742156,29.959702211484313,1,1,1,1
offset_1050_26,offset,1050,fixed_oracle,1.1750577496482038,107.24459100446313,0.0,-450.0,direction,90.7151621521287,851.46931829632,1,12.880347254665608,22.809953346367326,45.61990669273464,1,1,1,0,1,10.668955916885915,30.954122316436113,61.908244632872226,1,1,1,0
offset_1050_27,offset,1050,fixed_oracle,657.7117160477419,-365.6690779567917,0.0,-450.0,direction,7.3100383936017375,851.46931829632,1,0.3159769113969959,22.0724949170597,44.1449898341194,1,1,1,0,1,0.3159769113969959,22.0724949170597,44.1449898341194,1,1,1,0
offset_1050_28,offset,1050,fixed_oracle,258.0248321032759,-97.82562603422963,0.0,-450.0,direction,54.5210379939918,851.46931829632,1,11.68247298821377,14.863681768414589,29.716888977701583,1,1,1,1,1,11.682472988213783,14.863681768414583,29.716888977701583,1,1,1,1
offset_1050_29,offset,1050,fixed_oracle,752.8125564093515,-432.94632244451134,0.0,-450.0,direction,0.7215977963558446,851.46931829632,1,14.141287683672328,25.448307572189997,50.89661514438002,1,1,1,0,1,14.141287683672328,25.448307572189997,50.89661514438002,1,1,1,0
offset_1050_30,offset,1050,fixed_oracle,654.0939914766681,-358.11054910091025,0.0,-450.0,direction,8.439095172895268,851.46931829632,1,12.17585340997999,21.608915155890543,43.21783031178121,1,1,1,0,1,12.17585340997999,21.608915155890543,43.21783031178121,1,1,1,0
offset_1050_31,offset,1050,fixed_oracle,401.3596146861593,-183.37576817372167,0.0,-450.0,direction,33.52638367763208,851.46931829632,1,2.2567200134798737,15.966199315305706,31.93239863061147,1,1,1,1,1,2.2567200134798737,15.966199315305706,31.93239863061147,1,1,1,1
offset_1050_32,offset,1050,fixed_oracle,15.68515748469099,102.61061166766387,0.0,-450.0,direction,87.79231296108179,851.46931829632,1,21.419742427264563,28.577837584128165,57.15567516825634,1,1,0,0,1,21.419742427264534,28.577837584128172,57.155675168256344,1,1,0,0
offset_1050_33,offset,1050,fixed_oracle,2.4084611020660986,101.72753606647643,0.0,-450.0,direction,90.50090147926409,851.46931829632,1,8.01224886703875,23.525370440168917,47.05074088033782,1,1,1,0,1,8.058079879625353,30.7679264269039,61.53585285380782,1,1,1,0
offset_1050_34,offset,1050,fixed_oracle,609.1261975105235,-327.67789337553074,0.0,-450.0,direction,10.642675365807033,851.46931829632,1,8.633186413621008,20.78050090850564,41.561001817011366,1,1,1,0,1,8.633186413621008,20.78050090850564,41.561001817011366,1,1,1,0
offset_1050_35,offset,1050,fixed_oracle,416.7866495493419,-187.1619958147894,0.0,-450.0,direction,32.80240022721236,851.46931829632,1,11.50649609525646,16.04724416864992,32.09448833729979,1,1,1,1,1,11.50649609525646,16.04724416864992,32.09448833729979,1,1,1,1
offset_1050_36,offset,1050,fixed_oracle,305.53788582607945,-126.78896946686052,0.0,-450.0,direction,45.744717792774075,851.46931829632,1,10.305507573947507,15.053903931048438,30.107807862096877,1,1,1,1,1,10.305507573947398,15.053903931048442,30.10780786209688,1,1,1,1
offset_1050_37,offset,1050,fixed_oracle,309.85908790012843,-118.91866498780888,0.0,-450.0,direction,47.0951095299215,851.46931829632,1,3.045017702125719,15.000463819251527,30.000927638503107,1,1,1,1,1,3.045017702125719,15.000463819251527,30.000927638503107,1,1,1,1
offset_1050_38,offset,1050,fixed_oracle,586.0025412092245,-315.3118875050386,0.0,-450.0,direction,13.251095579037619,851.46931829632,1,4.101960738685973,19.914918427379014,39.82983685475803,1,1,1,1,1,4.101960738685973,19.914918427379014,39.82983685475803,1,1,1,1
offset_1050_39,offset,1050,fixed_oracle,527.7332615249371,-274.63516995467467,0.0,-450.0,direction,18.67773579537368,851.46931829632,1,3.273804409576468,18.44105621522863,36.88211243045736,1,1,1,1,1,3.273804409576468,18.44105621522863,36.88211243045736,1,1,1,1
offset_1050_40,offset,1050,fixed_oracle,354.0512313303722,-152.10070365186772,0.0,-450.0,direction,39.861411848958504,851.46931829632,1,1.9830029974160093,15.392077129476998,30.784154258954054,1,1,1,1,1,1.9830029974160093,15.392077129476998,30.784154258954054,1,1,1,1
offset_1050_41,offset,1050,fixed_oracle,11.657082572565741,82.33962984132086,0.0,-450.0,direction,89.13527823101883,851.46931829632,1,7.892918068847974,28.690323985968018,57.380647971936035,1,1,1,0,1,8.915749772468283,29.627164075619103,59.25432815123821,1,1,1,0
offset_1050_42,offset,1050,fixed_oracle,101.13665527182502,8.440430525369948,0.0,-450.0,direction,77.18000087808824,851.46931829632,1,13.537049566843313,22.202596098697786,44.40519219739557,1,1,1,0,1,13.537049566843333,22.202596098697786,44.40519219739557,1,1,1,0
offset_1050_43,offset,1050,fixed_oracle,197.23093608693648,-36.80409331537123,0.0,-450.0,direction,64.17212815473948,851.46931829632,1,5.706277988348428,17.284894161387996,34.56978832277599,1,1,1,1,1,5.706277988348421,17.284894161387996,34.569788322775985,1,1,1,1
offset_1050_44,offset,1050,fixed_oracle,-6.963457095944932,99.07462963772991,0.0,-450.0,direction,90.81945956589848,851.46931829632,1,9.178905327432922,22.474266630571734,44.94853326114348,1,1,1,0,1,2.904270987585689,31.04549478427938,62.09098956855876,1,1,1,0
offset_1050_45,offset,1050,fixed_oracle,252.69496087988125,-76.86810254127084,0.0,-450.0,direction,56.46332801083131,851.46931829632,1,6.021746648775566,15.212785815136126,30.425571630272245,1,1,1,1,1,6.021746648775566,15.212785815136126,30.425571630272245,1,1,1,1
offset_1050_46,offset,1050,fixed_oracle,164.92632400523632,-10.990891422497214,0.0,-450.0,direction,69.9130799403555,851.46931829632,1,7.859382487362957,19.181373626171958,38.362747252343915,1,1,1,1,1,7.859382487362976,19.181373626171958,38.362747252343915,1,1,1,1
offset_1050_47,offset,1050,fixed_oracle,297.8838134196948,-122.37208956177619,0.0,-450.0,direction,47.06567643131082,851.46931829632,1,9.584990820601467,15.001535814330662,30.00307162866138,1,1,1,1,1,9.584990820601526,15.001535814330666,30.003071628661385,1,1,1,1
offset_1050_48,offset,1050,fixed_oracle,705.9526346541651,-399.84077045869304,0.0,-450.0,direction,4.549219634836613,851.46931829632,1,8.657502395067697,23.33433678432092,46.668673568641736,1,1,1,0,1,8.657502395067697,23.33433678432092,46.668673568641736,1,1,1,0
offset_1050_49,offset,1050,fixed_oracle,384.25791050249467,-185.22744291934987,0.0,-450.0,direction,33.61190940519054,851.46931829632,1,15.182503470628042,15.956847259699163,31.913694519398327,1,1,1,1,1,15.182503470628042,15.956847259699163,31.913694519398383,1,1,1,1
offset_1050_50,offset,1050,fixed_oracle,218.06353932061108,-60.78754261056298,0.0,-450.0,direction,61.420439634154604,851.46931829632,1,6.560633391711579,16.491572356401,32.98314471280201,1,1,1,1,1,6.560633391711605,16.491572356401008,32.983144712802016,1,1,1,1
offset_1050_51,offset,1050,fixed_oracle,173.38369873681665,-10.468460927764852,0.0,-450.0,direction,68.75011502482445,851.46931829632,1,12.710792112378341,18.76735114131936,37.53470228263872,1,1,1,1,1,12.710792112378348,18.767351141319363,37.534702282638726,1,1,1,1
offset_1050_52,offset,1050,fixed_oracle,244.38577060808882,-78.8870471758708,0.0,-450.0,direction,57.19843426928848,851.46931829632,1,5.357301846133939,15.391573206648852,30.783146413297704,1,1,1,1,1,5.357301846133939,15.391573206648852,30.78314641329771,1,1,1,1
offset_1050_53,offset,1050,fixed_oracle,179.26807101419513,-33.62975820288813,0.0,-450.0,direction,65.70899784754998,851.46931829632,1,7.752441633266279,17.758233849118156,35.51646769823631,1,1,1,1,1,7.7524416332663035,17.75823384911816,35.51646769823632,1,1,1,1
offset_1050_54,offset,1050,fixed_oracle,4.564177203834447,88.42542391624761,0.0,-450.0,direction,89.98297469960853,851.46931829632,1,3.7357364172928276,25.377927546275526,50.75585509255104,1,1,1,0,1,8.967414734740425,30.326081792271445,60.652163584542905,1,1,1,0
offset_1050_55,offset,1050,fixed_oracle,397.02147494175705,-183.5182284506041,0.0,-450.0,direction,33.55884492451207,851.46931829632,1,3.1970055400975714,15.962644268718348,31.925288537436696,1,1,1,1,1,3.1970055400975714,15.962644268718348,31.925288537436696,1,1,1,1
offset_1050_56,offset,1050,fixed_oracle,238.01721403652243,-74.02541373713791,0.0,-450.0,direction,57.32996367598479,851.46931829632,1,3.178953548924973,15.423934551345047,30.847869102690105,1,1,1,1,1,3.1789535489250524,15.423934551345063,30.84786910269011,1,1,1,1
offset_1050_57,offset,1050,fixed_oracle,268.9926873657299,-80.5575330959739,0.0,-450.0,direction,53.068986643991956,851.46931829632,1,12.491751459969061,14.866378375561041,29.732735199006857,1,1,1,1,1,12.491751459969072,14.866378375561089,29.732735199006857,1,1,1,1
offset_1050_58,offset,1050,fixed_oracle,104.4640495568658,11.596396695001431,0.0,-450.0,direction,77.60945688851885,851.46931829632,1,11.450112120939199,22.408685378016333,44.817370756032666,1,1,1,0,1,11.450112120939199,22.408685378016333,44.817370756032666,1,1,1,0
offset_1050_59,offset,1050,fixed_oracle,124.48601111179926,17.0954907303975,0.0,-450.0,direction,75.66776161744939,851.46931829632,1,7.780261566420613,21.504019234451516,43.00803846890303,1,1,1,0,1,7.780261566420573,21.504019234451516,43.00803846890303,1,1,1,0
offset_1050_60,offset,1050,fixed_oracle,532.2306818707948,-271.1318742530647,0.0,-450.0,direction,17.588719575364212,851.46931829632,1,9.975704616452697,18.705801839352798,37.41160367870561,1,1,1,1,1,9.975704616452697,18.705801839352798,37.41160367870561,1,1,1,1
offset_1050_61,offset,1050,fixed_oracle,455.31517075150686,-222.33046332324938,0.0,-450.0,direction,26.4136552191894,851.46931829632,1,1.7287374023685416,16.920596149188263,33.84119229837659,1,1,1,1,1,1.7287374023685416,16.920596149188263,33.84119229837659,1,1,1,1
offset_1050_62,offset,1050,fixed_oracle,241.04151037167844,-85.09390643289572,0.0,-450.0,direction,56.43521008973269,851.46931829632,1,9.564623556073474,15.206016119933272,30.41203223986655,1,1,1,1,1,9.56462355607355,15.206016119933286,30.41203223986656,1,1,1,1
offset_1050_63,offset,1050,fixed_oracle,189.91491270812867,-20.602010679822,0.0,-450.0,direction,65.42695408300933,851.46931829632,1,16.156906335055332,17.66962924234213,35.33925848468426,1,1,1,1,1,16.156906335055332,17.66962924234213,35.33925848468426,1,1,1,1
offset_1050_64,offset,1050,fixed_oracle,70.12925278094781,53.25887523279221,0.0,-450.0,direction,81.80549292857474,851.46931829632,1,7.459565473759293,24.624509287562578,49.24901857512516,1,1,1,0,1,7.459565473759293,24.624509287562578,49.24901857512515,1,1,1,0
offset_1050_65,offset,1050,fixed_oracle,481.537498056664,-235.3566298987795,0.0,-450.0,direction,23.134470253069402,851.46931829632,1,8.579278704985757,17.4945365038412,34.989073007682464,1,1,1,1,1,8.579278704985757,17.4945365038412,34.989073007682464,1,1,1,1
offset_1050_66,offset,1050,fixed_oracle,221.60721428464512,-47.24466653276244,0.0,-450.0,direction,61.99959660167188,851.46931829632,1,11.716971279382497,16.65312580108383,33.30625160216766,1,1,1,1,1,11.716971279382497,16.65312580108383,33.30625160216766,1,1,1,1
offset_1050_67,offset,1050,fixed_oracle,249.7727971084031,-82.73638237086243,0.0,-450.0,direction,56.51656680114657,851.46931829632,1,6.54879226979525,15.225617392291692,30.45123478458339,1,1,1,1,1,6.54879226979525,15.225617392291692,30.45123478458339,1,1,1,1
offset_1050_68,offset,1050,fixed_oracle,540.1888905411529,-289.03394867015675,0.0,-450.0,direction,17.214725077374492,851.46931829632,1,5.972923907327543,18.800063591090904,37.60012718218181,1,1,1,1,1,5.972923907327543,18.800063591090904,37.60012718218181,1,1,1,1
offset_1050_69,offset,1050,fixed_oracle,201.36774292593316,-39.48325296498302,0.0,-450.0,direction,63.2490529261354,851.46931829632,1,7.428968560242692,17.01134231731298,34.02268463462596,1,1,1,1,1,7.428968560242691,17.011342317312987,34.022684634625975,1,1,1,1
offset_1050_70,offset,1050,fixed_oracle,153.91475821146628,-9.462217478100854,0.0,-450.0,direction,71.63130989230955,851.46931829632,1,7.563427791296983,19.82466220048378,39.64932440096756,1,1,1,1,1,7.563427791296985,19.824662200483775,39.64932440096755,1,1,1,1
offset_1050_71,offset,1050,fixed_oracle,98.82308422734889,41.62209302389738,0.0,-450.0,direction,77.91463846705771,851.46931829632,1,17.174117046013194,22.55729855693595,45.1145971138719,1,1,1,0,1,17.17411704601319,22.55729855693595,45.1145971138719,1,1,1,0
offset_1050_72,offset,1050,fixed_oracle,374.4857163426244,-179.02562103698244,0.0,-450.0,direction,35.98936761545038,851.46931829632,1,9.977439196046872,15.715053525823373,31.430107051646747,1,1,1,1,1,9.977439196046872,15.715053525823373,31.430107051646747,1,1,1,1
offset_1050_73,offset,1050,fixed_oracle,48.26572051812309,80.07143475028386,0.0,-450.0,direction,85.59499582297,851.46931829632,1,14.951362626246757,26.9998533624503,53.999706724900584,1,1,1,0,1,14.951362626246812,26.999853362450292,53.9997067249006,1,1,1,0
offset_1050_74,offset,1050,fixed_oracle,305.0796254911784,-113.62560324309987,0.0,-450.0,direction,47.48924167283291,851.46931829632,1,4.621668296522108,14.9865045180086,29.973009036017192,1,1,1,1,1,4.621668296522108,14.9865045180086,29.973009036017192,1,1,1,1
offset_1050_75,offset,1050,fixed_oracle,489.92432213646777,-244.5487835526717,0.0,-450.0,direction,22.279566051038447,851.46931829632,1,4.669984011874514,17.660295300075333,35.320590600150666,1,1,1,1,1,4.669984011874514,17.660295300075333,35.320590600150666,1,1,1,1
offset_1050_76,offset,1050,fixed_oracle,444.8151166507403,-216.63773779597807,0.0,-450.0,direction,28.066730772139998,851.46931829632,1,3.478320656568368,16.66556090190177,33.33112180380359,1,1,1,1,1,3.478320656568368,16.66556090190177,33.33112180380359,1,1,1,1
offset_1050_77,offset,1050,fixed_oracle,257.7436719015302,-71.61427263896024,0.0,-450.0,direction,55.559702096544896,851.46931829632,1,11.148218388525438,14.99770210980055,29.9954042196011,1,1,1,1,1,11.148218388525452,14.99770210980055,29.995404219601085,1,1,1,1
offset_1050_78,offset,1050,fixed_oracle,325.999940159315,-129.35338165378613,0.0,-450.0,direction,43.84257770513732,851.46931829632,1,6.082359618273085,15.144161739819879,30.288323479639757,1,1,1,1,1,6.082359618273085,15.144161739819879,30.288323479639757,1,1,1,1
offset_1050_79,offset,1050,fixed_oracle,77.16695342927426,61.49581537047811,0.0,-450.0,direction,81.20297977961184,851.46931829632,1,19.07214923263889,24.281929017921048,48.563858035842095,1,1,1,0,1,19.072149232638868,24.281929017921048,48.56385803584209,1,1,1,0
offset_1050_80,offset,1050,fixed_oracle,440.97561956736746,-217.7602453200771,0.0,-450.0,direction,26.903833881322395,851.46931829632,1,11.00582159002255,16.842695879420788,33.685391758841575,1,1,1,1,1,11.005821590022478,16.842695879420784,33.685391758841625,1,1,1,1
offset_1050_81,offset,1050,fixed_oracle,79.4219582913621,34.75307884915924,0.0,-450.0,direction,81.29722103407651,851.46931829632,1,9.326441095277405,24.334932838475805,48.66986567695162,1,1,1,0,1,9.326441095277405,24.334932838475805,48.66986567695161,1,1,1,0
offset_1050_82,offset,1050,fixed_oracle,112.84243217787628,11.17539639526808,0.0,-450.0,direction,77.23009738239877,851.46931829632,1,11.77169252271544,22.22645582533257,44.45291165066514,1,1,1,0,1,11.771692522715465,22.22645582533257,44.45291165066514,1,1,1,0
offset_1050_83,offset,1050,fixed_oracle,417.0949945201887,-206.49142387580014,0.0,-450.0,direction,30.201356032053685,851.46931829632,1,8.865848792109187,16.367186019902658,32.734372039805315,1,1,1,1,1,8.865848792109107,16.3671860199026,32.73437203980526,1,1,1,1
offset_1050_84,offset,1050,fixed_oracle,506.7868426410484,-251.1696754867447,0.0,-450.0,direction,22.109366638208833,851.46931829632,1,14.152564710178034,17.694143462411045,35.38828692482203,1,1,1,1,1,14.152564710178034,17.694143462411045,35.38828692482203,1,1,1,1
offset_1050_85,offset,1050,fixed_oracle,146.17878790013674,-23.006667594241605,0.0,-450.0,direction,70.81147229201214,851.46931829632,1,13.292421754607867,19.512849259786893,39.02569851957379,1,1,1,1,1,13.29242175460791,19.51284925978689,39.02569851957378,1,1,1,1
offset_1050_86,offset,1050,fixed_oracle,202.68318706212108,-36.65622450918232,0.0,-450.0,direction,63.766712729832115,851.46931829632,1,8.304691026757466,17.16378949552603,34.32757899105206,1,1,1,1,1,8.304691026757457,17.16378949552602,34.32757899105205,1,1,1,1
offset_1050_87,offset,1050,fixed_oracle,339.27588166821226,-146.05769916179162,0.0,-450.0,direction,42.55615935048983,851.46931829632,1,5.609363456214071,15.215369591902872,30.430739183805745,1,1,1,1,1,5.609363456214071,15.215369591902872,30.430739183805745,1,1,1,1
offset_1050_88,offset,1050,fixed_oracle,332.61104608037397,-132.9747674953059,0.0,-450.0,direction,43.01482853364464,851.46931829632,1,5.975101157803401,15.189025167655771,30.378050335311602,1,1,1,1,1,5.9751011578032545,15.189025167655833,30.378050335311666,1,1,1,1
offset_1050_89,offset,1050,fixed_oracle,223.5073982978604,-45.894849916821045,0.0,-450.0,direction,61.43629740291635,851.46931829632,1,12.627279348797,16.495959095816755,32.99191819163351,1,1,1,1,1,12.627279348796959,16.495959095816747,32.991918191633495,1,1,1,1
offset_1050_90,offset,1050,fixed_oracle,14.820817132940874,89.96721250270912,0.0,-450.0,direction,89.15578139530767,851.46931829632,1,6.30329127164372,28.607079646355132,57.21415929271027,1,1,1,0,1,7.363271996637323,29.643724314981743,59.28744862996347,1,1,1,0
offset_1050_91,offset,1050,fixed_oracle,573.3886800739037,-308.59776241108415,0.0,-450.0,direction,14.51491074888797,851.46931829632,1,7.4289726834428995,19.53512309187681,39.0702461837536,1,1,1,1,1,7.4289726834428995,19.53512309187681,39.0702461837536,1,1,1,1
offset_1050_92,offset,1050,fixed_oracle,179.4658253929041,-31.893879366252577,0.0,-450.0,direction,66.75057123693202,851.46931829632,1,1.4097457911898714,18.092523527017853,36.18504705403571,1,1,1,1,1,1.4097457911899076,18.092523527017853,36.18504705403571,1,1,1,1
offset_1050_93,offset,1050,fixed_oracle,389.2731790548869,-173.91934458214058,0.0,-450.0,direction,35.61556045875941,851.46931829632,1,4.441116462829274,15.750793194717673,31.501586389435293,1,1,1,1,1,4.441116462829274,15.750793194717673,31.501586389435293,1,1,1,1
offset_1050_94,offset,1050,fixed_oracle,736.0457241553604,-419.2060805386102,0.0,-450.0,direction,3.1553571661156457,851.46931829632,1,16.852817099606913,24.04989322574776,48.09978645149552,1,1,1,0,1,16.852817099606913,24.04989322574776,48.09978645149552,1,1,1,0
offset_1050_95,offset,1050,fixed_oracle,672.3717000241763,-374.8341124215621,0.0,-450.0,direction,5.873426980502628,851.46931829632,1,8.498149884751648,22.704994043728156,45.40998808745634,1,1,1,0,1,8.498149884751648,22.704994043728156,45.40998808745634,1,1,1,0
offset_1050_96,offset,1050,fixed_oracle,362.0343365605983,-159.00295230376673,0.0,-450.0,direction,38.24652424787781,851.46931829632,1,4.975987656776356,15.516542414910921,31.0330848298219,1,1,1,1,1,4.975987656776356,15.516542414910921,31.0330848298219,1,1,1,1
offset_1050_97,offset,1050,fixed_oracle,272.36731397669075,-94.57997910627495,0.0,-450.0,direction,53.20536637651221,851.46931829632,1,5.163698433764635,14.865312242279478,29.7304335049556,1,1,1,1,1,5.1636984337645835,14.865312242279472,29.730433504955595,1,1,1,1
offset_1050_98,offset,1050,fixed_oracle,104.12203258759325,28.013905009174323,0.0,-450.0,direction,78.22646971352333,851.46931829632,1,5.510475315637342,22.711042411631944,45.42208482326389,1,1,1,0,1,5.510475315637339,22.711042411631944,45.42208482326389,1,1,1,0
offset_1050_99,offset,1050,fixed_oracle,765.6064292846431,-439.5393528725948,0.0,-450.0,direction,0.2033202355531795,851.46931829632,1,11.976168564499424,25.773546160785145,51.5470923215702,1,1,1,0,1,11.976168564499424,25.773546160785145,51.5470923215702,1,1,1,0
offset_1250_0,offset,1250,bayes,-119.87465754518416,183.24426309288924,450.0,450.0,direction,205.96590686448172,1030.7764064044152,1,7.540327755857107,31.778783061043466,63.55756612208693,1,1,1,0,1,9.196832669971235,31.57262803278212,63.145256065564254,1,1,1,0
offset_1250_1,offset,1250,bayes,101.37145617388876,6.869121165331251,450.0,450.0,direction,230.95769734266005,1030.7764064044152,1,17.002630934512684,18.62227563563375,37.2445512712675,0,1,1,1,1,15.969945397103501,19.20628171597786,38.41256343195572,1,1,1,1
offset_1250_2,offset,1250,bayes,101.112019643184,31.832882311123967,450.0,450.0,direction,230.64471982826137,1030.7764064044152,1,7.973596929957027,18.62227563563375,37.2445512712675,1,1,1,1,1,7.375291807037959,19.305528216960628,38.611056433921256,1,1,1,1
offset_1250_3,offset,1250,bayes,222.54268020388838,-66.70462473828741,450.0,450.0,direction,246.23982065555919,1030.7764064044152,1,5.428139976965099,19.441970199541448,38.8839403990829,1,1,1,1,1,5.235409984989064,18.338523142455717,36.677046284911434,1,1,1,1
offset_1250_4,offset,1250,bayes,162.2343100663943,-28.606960760828883,450.0,450.0,direction,239.80319668627317,1030.7764064044152,1,10.411102510157301,17.92870362143202,35.85740724286404,0,0,1,1,1,11.406775845782507,18.050177709247652,36.1003554184953,1,1,1,1
offset_1250_5,offset,1250,bayes,-94.39816617684585,163.56549408443266,450.0,450.0,direction,207.7221334141638,1030.7764064044152,1,2.5810090270873753,30.44974281602978,60.89948563205956,1,1,1,0,1,3.075593572868891,30.26069316480342,60.52138632960683,1,1,1,0
offset_1250_6,offset,1250,bayes,758.9744628594192,-435.9610701597881,450.0,450.0,direction,289.5501431204116,1030.7764064044152,1,1.9692504580952335,19.494210251227553,38.988420502455064,1,1,1,1,1,9.536550530604945,31.012226322665807,62.02445264533167,1,1,1,0
offset_1250_7,offset,1250,bayes,326.9677612206798,-146.6184609324286,450.0,450.0,direction,257.7479960552438,1030.7764064044152,1,17.482334591214652,19.61374079436319,39.227481588726405,1,1,1,1,1,15.515414504782491,19.50391038811417,39.00782077622834,1,1,1,1
offset_1250_8,offset,1250,bayes,-57.184988809793936,142.2748559934289,450.0,450.0,direction,210.35665715847398,1030.7764064044152,1,16.27330081182913,29.097896164991404,58.19579232998281,1,1,1,0,1,14.795662618580025,28.47021524669597,56.94043049339194,1,1,1,0
offset_1250_9,offset,1250,bayes,779.4960845349932,-451.3234724437888,450.0,450.0,direction,289.1381734414382,1030.7764064044152,1,27.629291737970252,19.49717976614265,38.98842050245511,0,0,0,1,1,27.720733839238235,30.702953210342777,61.40590642068559,1,1,0,0
offset_1250_10,offset,1250,bayes,21.15531715492159,69.22239527999614,450.0,450.0,direction,220.99652929771236,1030.7764064044152,1,10.807774359818623,23.298588674425115,46.59717734885023,1,1,1,0,1,9.90646658089747,22.873473167376776,45.746946334753545,1,1,1,0
offset_1250_11,offset,1250,bayes,32.73862019711919,54.2209048015111,450.0,450.0,direction,224.16509374605687,1030.7764064044152,1,16.994489036495093,21.751857239773475,43.50371447954695,1,1,1,0,1,17.30106197607691,21.580073754889586,43.16014750977917,1,1,1,0
offset_1250_12,offset,1250,bayes,410.973214081236,-195.30355668602596,450.0,450.0,direction,265.9492590385789,1030.7764064044152,1,12.214582059720689,18.696772644320163,37.39354528864037,1,1,1,1,1,9.283844193062356,20.972836791511835,41.9456735830237,1,1,1,0
offset_1250_13,offset,1250,bayes,807.2211770573626,-469.47690165705734,450.0,450.0,direction,291.3939292435156,1030.7764064044152,1,1.573460135853872,40.12985044347052,80.25970088694103,1,1,1,0,1,5.7725797336607885,32.49764302438618,64.99528604877246,1,1,1,0
offset_1250_14,offset,1250,bayes,-157.36922459206528,224.8177810034764,450.0,450.0,direction,199.9573690497768,1030.7764064044152,1,27.114559279658078,36.884627736044244,73.76925547208849,1,1,0,0,1,24.09166993474123,36.956623017419524,73.91324603483908,1,1,0,0
offset_1250_15,offset,1250,bayes,73.22942265699965,55.16541329381528,450.0,450.0,direction,225.84617546995827,1030.7764064044152,1,12.368019043603773,20.310954971312533,40.62190994262507,1,1,1,0,1,11.538219976571876,20.946088134328573,41.892176268657145,1,1,1,0
offset_1250_16,offset,1250,bayes,-110.61517372394667,174.93118807397695,450.0,450.0,direction,206.38831795375538,1030.7764064044152,1,2.2940311949042864,30.397212879261726,60.79442575852345,1,1,1,0,1,2.6435518812472782,31.2477074884688,62.49541497693761,1,1,1,0
offset_1250_17,offset,1250,bayes,-15.57156718062788,112.7997285034894,450.0,450.0,direction,215.82995726974872,1030.7764064044152,1,7.033298590400793,24.85478070983653,49.70956141967306,1,1,1,0,1,6.700853903066642,25.312176544090462,50.62435308818093,1,1,1,0
offset_1250_18,offset,1250,bayes,-100.3641839556326,141.05235568645298,450.0,450.0,direction,208.89159736418355,1030.7764064044152,1,20.043308043859334,29.068893194716445,58.13778638943289,1,1,0,0,1,20.00722347127845,29.44114618025888,58.88229236051776,1,1,0,0
offset_1250_19,offset,1250,bayes,775.2657557004662,-447.15549825814503,450.0,450.0,direction,289.6465147934439,1030.7764064044152,1,21.73321258530257,19.494210251227553,38.988420502455064,0,0,0,1,1,7.485235998321608,31.0857087504852,62.17141750097035,1,1,1,0
offset_1250_20,offset,1250,bayes,135.86365476803633,11.389880846433073,450.0,450.0,direction,234.94579016846365,1030.7764064044152,1,10.033847787213336,18.275103852593844,36.54464093151928,1,1,1,1,1,10.684596406728629,18.013120774708135,36.02624154941625,1,1,1,1
offset_1250_21,offset,1250,bayes,-159.6098535065497,206.00653237401536,450.0,450.0,direction,201.61554646278017,1030.7764064044152,1,0.6571307091451433,35.71984114189041,71.43968228378083,1,1,1,0,1,3.246524956883491,35.313003522182285,70.62600704436458,1,1,1,0
offset_1250_22,offset,1250,bayes,-7.021052818051658,94.63983647456371,450.0,450.0,direction,217.5015389087573,1030.7764064044152,1,4.2108561918362755,24.80655434736589,49.61310869473178,1,1,1,0,1,5.125409457244955,24.472920503719575,48.94584100743916,1,1,1,0
offset_1250_23,offset,1250,bayes,431.2874296602245,-200.6358504344331,450.0,450.0,direction,268.4093351101473,1030.7764064044152,1,5.008081704844902,19.323634085300863,38.647268170601755,1,1,1,1,1,6.361132678854629,21.54730518419262,43.09461036838524,1,1,1,0
offset_1250_24,offset,1250,bayes,-13.92783375797194,126.94964285840354,450.0,450.0,direction,215.35582561578696,1030.7764064044152,1,18.66558674929659,26.27153499454194,52.54306998908388,1,1,1,0,1,18.421298041859725,25.559906529221212,51.119813058442425,1,1,1,0
offset_1250_25,offset,1250,bayes,764.3352480491517,-439.68085188500936,450.0,450.0,direction,289.1044453578411,1030.7764064044152,1,8.530974868774003,19.49717976614265,38.98842050245511,1,1,1,1,1,9.545628917646022,30.677975854397857,61.35595170879575,1,1,1,0
offset_1250_26,offset,1250,bayes,-157.64546978464807,203.95357561003402,450.0,450.0,direction,202.41821015581996,1030.7764064044152,1,2.1098923488855053,34.346416258192676,68.69283251638534,1,1,1,0,1,5.016314634243501,34.564013508666335,69.12802701733264,1,1,1,0
offset_1250_27,offset,1250,bayes,-136.1668265243535,174.96532497206124,450.0,450.0,direction,205.0936644207861,1030.7764064044152,1,14.520167585580296,31.74810575966859,63.496211519337166,1,1,1,0,1,13.658468034263706,32.26340470275348,64.52680940550697,1,1,1,0
offset_1250_28,offset,1250,bayes,-51.193934747347726,116.76108742233896,450.0,450.0,direction,212.87743124906865,1030.7764064044152,1,12.385558862821362,27.70548643694686,55.41097287389372,1,1,1,0,1,12.127766529766564,26.930754608380667,53.861509216761334,1,1,1,0
offset_1250_29,offset,1250,bayes,-4.376195343103632,90.31548501273812,450.0,450.0,direction,217.45863656384904,1030.7764064044152,1,11.271871453016901,24.814788887999853,49.629577775999714,0,0,1,0,1,10.175080098075378,24.493820902862563,48.987641805725126,1,1,1,0
offset_1250_30,offset,1250,bayes,735.8170512979177,-420.61445863002916,450.0,450.0,direction,288.97872994938353,1030.7764064044152,1,11.650498682447589,33.66897835528482,67.33795671056954,1,1,1,0,1,21.286985395606823,30.585327334670897,61.170654669341886,1,1,0,0
offset_1250_31,offset,1250,bayes,334.08206939084005,-125.6909078874935,450.0,450.0,direction,258.34893725561795,1030.7764064044152,1,10.486854731701081,20.193945919949225,40.387891839898444,1,1,1,0,1,10.576427894851795,19.59114275339473,39.182285506789455,1,1,1,1
offset_1250_32,offset,1250,bayes,97.0424944922147,42.48474739730955,450.0,450.0,direction,229.6250546656934,1030.7764064044152,1,13.288531772928874,18.71745119414379,37.42920087133382,1,1,1,1,1,13.150583385105925,19.63504354621209,39.27008709242418,1,1,1,1
offset_1250_33,offset,1250,bayes,-9.465145356073322,79.73883320608388,450.0,450.0,direction,219.58861198740124,1030.7764064044152,1,22.72486433860433,24.776892745555745,49.55378549111149,1,1,0,0,1,21.625189516768522,23.494196991819745,46.98839398363948,1,1,0,0
offset_1250_34,offset,1250,bayes,213.16776981324642,-41.17482614574095,450.0,450.0,direction,243.3996962602543,1030.7764064044152,1,12.865505563870762,19.580952715651666,39.16190543130333,1,1,1,1,1,12.212764165946211,18.181823365164234,36.363646730328455,1,1,1,1
offset_1250_35,offset,1250,bayes,65.78438033726479,33.731387384908885,450.0,450.0,direction,226.31917990564546,1030.7764064044152,1,15.698825523052237,20.275680629301835,40.551361258603656,1,1,1,0,1,14.838408692426729,20.773654457999232,41.54730891599847,1,1,1,0
offset_1250_36,offset,1250,bayes,369.23704278357917,-164.44976420644656,450.0,450.0,direction,261.85070151834225,1030.7764064044152,1,10.054977798494113,21.156548592126814,42.31309718425363,1,1,1,0,1,8.370177428436149,20.160346773844843,40.320693547689736,1,1,1,0
offset_1250_37,offset,1250,bayes,186.88249632178167,-26.801236638332,450.0,450.0,direction,240.9939702647908,1030.7764064044152,1,7.51336383335466,17.86194633270879,35.72389266541758,1,1,1,1,1,7.078577350414709,18.085665213812717,36.171330427625435,1,1,1,1
offset_1250_38,offset,1250,bayes,331.84410647357765,-125.91952167001955,450.0,450.0,direction,259.08027507373134,1030.7764064044152,1,16.555860140552884,20.682635012151444,41.36527002430289,1,1,1,0,1,14.878203194216079,19.701300548158223,39.402601096316474,1,1,1,1
offset_1250_39,offset,1250,bayes,586.3345187991868,-319.754911563242,450.0,450.0,direction,280.617865990938,1030.7764064044152,1,10.559282940542289,28.88708429798546,57.77416859597092,1,1,1,0,1,8.627231030801534,25.715966404651216,51.431932809302474,1,1,1,0
offset_1250_40,offset,1250,bayes,528.1855214060682,-269.0767084870962,450.0,450.0,direction,275.9851301503597,1030.7764064044152,1,4.315359381965778,23.18641082617001,46.372821652340036,1,1,1,0,1,4.198336639632717,23.827354252248394,47.65470850449673,1,1,1,0
offset_1250_41,offset,1250,bayes,249.21896160915378,-67.09533680428638,450.0,450.0,direction,249.24292276918766,1030.7764064044152,1,12.92963400571697,17.53083657829417,35.06167315658832,1,1,1,1,1,12.266682543502675,18.557213375464997,37.114426750929994,1,1,1,1
offset_1250_42,offset,1250,bayes,155.7424734500587,-8.991176962434508,450.0,450.0,direction,236.60055282356285,1030.7764064044152,1,6.6239784706135785,19.24542444208077,38.49084888416154,1,1,1,1,1,7.780298878619637,17.99424655806408,35.98761852442259,1,1,1,1
offset_1250_43,offset,1250,bayes,194.43730329442337,-28.233823394637795,450.0,450.0,direction,242.54756501183303,1030.7764064044152,1,14.033310841800745,19.53264565035527,39.06529130071054,1,1,1,1,1,12.98358184249911,18.14398546100961,36.28797092201922,1,1,1,1
offset_1250_44,offset,1250,bayes,104.34702611689897,8.251475883049693,450.0,450.0,direction,231.62581097534093,1030.7764064044152,1,11.296088709906144,18.531704507338425,37.063409014676836,1,1,1,1,1,11.536511270175227,18.997301547239175,37.99460309447835,1,1,1,1
offset_1250_45,offset,1250,bayes,509.00786284830673,-257.35626320573675,450.0,450.0,direction,275.5854077626331,1030.7764064044152,1,21.580110113578517,23.18641082617001,46.372821652340036,1,1,0,0,1,16.40606125651391,23.684371896444734,47.36874379288953,1,1,1,0
offset_1250_46,offset,1250,bayes,-37.965224082301575,106.40453278498251,450.0,450.0,direction,214.83228948343523,1030.7764064044152,1,12.26559309307122,26.273126243192745,52.54625248638549,1,1,1,0,1,12.279665063123751,25.838670315531786,51.677340631063565,1,1,1,0
offset_1250_47,offset,1250,bayes,576.4223180210408,-311.43319327654297,450.0,450.0,direction,278.4551146753585,1030.7764064044152,1,29.129495870881577,24.084153506097252,48.168307012194504,0,0,0,0,1,20.453413210713023,24.778146844994943,49.556293689989815,1,1,0,0
offset_1250_48,offset,1250,bayes,222.08576828408457,-61.77384372264072,450.0,450.0,direction,245.41867458559804,1030.7764064044152,1,7.311098603620985,17.64190748706223,35.28381497412446,1,1,1,1,1,5.876993973205668,18.288316019436884,36.57663203887377,1,1,1,1
offset_1250_49,offset,1250,bayes,-87.27106782870192,154.18304618207594,450.0,450.0,direction,209.45873211062266,1030.7764064044152,1,4.955999511271733,29.075061712978894,58.15012342595778,1,1,1,0,1,7.620911134252431,29.05818946893001,58.11637893786001,1,1,1,0
offset_1250_50,offset,1250,bayes,-125.659208534855,205.7572583457088,450.0,450.0,direction,203.67495826009946,1030.7764064044152,1,19.257395104220368,33.05835814898497,66.11671629796994,1,1,1,0,1,19.27048716040545,33.44748437303657,66.89496874607313,1,1,1,0
offset_1250_51,offset,1250,bayes,60.996236693928154,51.915014489012606,450.0,450.0,direction,225.43743142554368,1030.7764064044152,1,4.410447165120902,20.346743090376346,40.69348618075269,1,1,1,0,1,2.50604684343463,21.097154783471336,42.19430956694267,1,1,1,0
offset_1250_52,offset,1250,bayes,142.8103000281145,-4.495655624099868,450.0,450.0,direction,236.53333164230733,1030.7764064044152,1,7.739061095441258,19.24542444208077,38.49084888416154,1,1,1,1,1,5.778385491193504,17.99382862681811,35.98646356070089,1,1,1,1
offset_1250_53,offset,1250,bayes,440.8128410601839,-209.8437995416154,450.0,450.0,direction,268.5905155488316,1030.7764064044152,1,3.940343665346936,19.51550510528226,39.03101021056449,1,1,1,1,1,6.85179746903906,21.59245109355505,43.1849021871101,1,1,1,0
offset_1250_54,offset,1250,bayes,398.2662692983121,-188.04305833701966,450.0,450.0,direction,266.0287658882842,1030.7764064044152,1,11.395844066680041,18.834556043795928,37.66911208759188,1,1,1,1,1,7.732381462059632,20.99032338627192,41.980646772543814,1,1,1,0
offset_1250_55,offset,1250,bayes,501.2197015806918,-253.93230989321594,450.0,450.0,direction,274.4159852581802,1030.7764064044152,1,3.269068334062386,26.85311897498869,53.70623794997739,1,1,1,0,1,5.545046928337906,23.282167595508753,46.56433519101754,1,1,1,0
offset_1250_56,offset,1250,bayes,352.3390289545492,-163.26531652470817,450.0,450.0,direction,261.2894614563572,1030.7764064044152,1,10.302969513063008,20.998412314466982,41.99682462893397,1,1,1,0,1,9.919842713139865,20.06182542474089,40.123650849481756,1,1,1,0
offset_1250_57,offset,1250,bayes,141.32888738303154,-12.930054907070371,450.0,450.0,direction,237.10134930108512,1030.7764064044152,1,11.893030602797246,19.358439797286515,38.71687959457303,0,0,1,1,1,10.880477763036183,17.9988926035459,35.9977852070918,1,1,1,1
offset_1250_58,offset,1250,bayes,107.61923039792907,38.65410715703615,450.0,450.0,direction,229.4269776992702,1030.7764064044152,1,19.225050844106434,21.239330007885133,42.47866001577025,1,1,1,0,1,18.204285729172394,19.70017853557086,39.40035707114172,1,1,1,1
offset_1250_59,offset,1250,bayes,-117.84202118306587,166.95031401833035,450.0,450.0,direction,205.91881711548507,1030.7764064044152,1,9.508364636550866,31.778783061043466,63.55756612208693,1,1,1,0,1,8.979343882964978,31.609231436509475,63.218462873018964,1,1,1,0
offset_1250_60,offset,1250,bayes,588.9003493773425,-313.3440200602779,450.0,450.0,direction,280.202377172305,1030.7764064044152,1,3.0934146920496572,26.621283457468653,53.242566914937306,1,1,1,0,1,2.9327699052454665,25.527486717857624,51.054973435715176,1,1,1,0
offset_1250_61,offset,1250,bayes,-4.337735038474648,111.02246272923674,450.0,450.0,direction,216.46365013758916,1030.7764064044152,1,14.755902373124567,24.843759582652847,49.68751916530568,1,1,1,0,1,12.73934641381039,24.987884765260375,49.97576953052075,1,1,1,0
offset_1250_62,offset,1250,bayes,348.37633627047165,-150.04578257652736,450.0,450.0,direction,260.84635601671175,1030.7764064044152,1,4.503364719088799,17.93543165208944,35.87086330417888,1,1,1,1,1,5.2646364969849255,19.98606833321693,39.97213666643391,1,1,1,1
offset_1250_63,offset,1250,bayes,742.5343232490072,-421.98364605192637,450.0,450.0,direction,287.63944362607367,1030.7764064044152,1,26.991658117399034,27.19838339355675,54.396766787113584,1,1,0,0,1,21.027331231680762,29.640631392270958,59.28126278454183,1,1,0,0
offset_1250_64,offset,1250,bayes,21.00539428498189,63.86243753150097,450.0,450.0,direction,221.12906821516233,1030.7764064044152,1,14.169299833637751,23.28406393321641,46.56812786643282,1,1,1,0,1,14.639792084440243,22.816575481519482,45.63315096303897,1,1,1,0
offset_1250_65,offset,1250,bayes,111.82408645831379,20.850376131331927,450.0,450.0,direction,231.44231435121506,1030.7764064044152,1,6.337613120018482,18.57676043482276,37.15352086964552,1,1,1,1,1,4.9438780869085095,19.05431191518646,38.10862383037293,1,1,1,1
offset_1250_66,offset,1250,bayes,237.81133651062578,-61.855811706846225,450.0,450.0,direction,246.56405627509812,1030.7764064044152,1,9.440891769257325,19.620170011565406,39.24034002313083,1,1,1,1,1,10.4700150734736,18.35946397966664,36.71892795933328,1,1,1,1
offset_1250_67,offset,1250,bayes,-131.96049115784956,178.73179277407792,450.0,450.0,direction,204.91388431329963,1030.7764064044152,1,6.853311694558561,33.13869402659139,66.27738805318276,1,1,1,0,1,7.197087522685291,32.40921126404842,64.81842252809683,1,1,1,0
offset_1250_68,offset,1250,bayes,40.50697513768523,46.9348224863935,450.0,450.0,direction,223.56465623045636,1030.7764064044152,1,17.211597926213557,21.77547128997278,43.55094257994556,1,1,1,0,1,17.568833942413793,21.814902999376944,43.629805998753895,1,1,1,0
offset_1250_69,offset,1250,bayes,-83.1772803971594,158.79340610477425,450.0,450.0,direction,209.5027414664558,1030.7764064044152,1,12.7372835600437,29.089548810660443,58.179097621320885,0,0,1,0,1,8.730929142246888,29.028853767192917,58.05770753438583,1,1,1,0
offset_1250_70,offset,1250,bayes,2.2111909763253834,76.00756402584102,450.0,450.0,direction,218.91317700167923,1030.7764064044152,1,16.409291915357375,23.381648157301537,46.763296314603075,0,0,1,0,1,15.55465683943145,23.802996176532343,47.605992353064686,1,1,1,0
offset_1250_71,offset,1250,bayes,97.51203599934445,29.070110002599222,450.0,450.0,direction,229.4557881792457,1030.7764064044152,1,8.600095175602211,21.239330007885133,42.47866001577025,1,1,1,0,1,6.585231972783366,19.690681405640877,39.38136281128177,1,1,1,1
offset_1250_72,offset,1250,bayes,421.5557872787148,-191.3828616645464,450.0,450.0,direction,268.03979889048395,1030.7764064044152,1,16.297023519169613,19.323634085300863,38.647268170601755,1,1,1,1,1,14.181351407586131,21.456470868801688,42.912941737603376,1,1,1,0
offset_1250_73,offset,1250,bayes,214.88284167858433,-43.65873729382014,450.0,450.0,direction,243.76658408339856,1030.7764064044152,1,10.61687159520199,19.42881211283409,38.85762422566818,1,1,1,1,1,10.916076513668386,18.199404580918355,36.3988091618367,1,1,1,1
offset_1250_74,offset,1250,bayes,364.6704775529701,-167.5102727551556,450.0,450.0,direction,262.8491431615394,1030.7764064044152,1,9.219375064201781,21.230221658391873,42.46044331678372,1,1,1,0,1,8.591390708575052,20.34288965533929,40.68577931067863,1,1,1,0
offset_1250_75,offset,1250,bayes,74.69759667433937,49.798687436125306,450.0,450.0,direction,227.4683269361919,1030.7764064044152,1,6.064731623081721,20.206751812147917,40.413503624295835,1,1,1,0,1,7.710624008709425,20.365023186910456,40.73004637382092,1,1,1,0
offset_1250_76,offset,1250,bayes,42.917491058044675,55.169728009252026,450.0,450.0,direction,225.0138692086239,1030.7764064044152,1,14.62657177983091,20.346743090376346,40.69348618075269,0,0,1,0,1,12.76125684249377,21.255757418725064,42.51151483745014,1,1,1,0
offset_1250_77,offset,1250,bayes,-166.0833321219843,190.304202367333,450.0,450.0,direction,202.77375933169864,1030.7764064044152,1,18.753121242736963,34.39233452536732,68.78466905073462,1,1,1,0,1,19.037007959560984,34.241357086679415,68.48271417335881,1,1,1,0
offset_1250_78,offset,1250,bayes,-52.22645048419622,126.78677989314315,450.0,450.0,direction,213.55966635581544,1030.7764064044152,1,12.213766748455768,26.282305280230194,52.56461056046039,0,0,1,0,1,10.60366508388933,26.54013495602579,53.08026991205158,1,1,1,0
offset_1250_79,offset,1250,bayes,52.3853449217637,48.4147203195605,450.0,450.0,direction,226.11097020772146,1030.7764064044152,1,12.66466334434704,20.275680629301835,40.551361258603656,1,1,1,0,1,12.203996382696893,20.849245876988448,41.698491753976896,1,1,1,0
offset_1250_80,offset,1250,bayes,-69.56697749314367,158.77085469557483,450.0,450.0,direction,208.3410650301979,1030.7764064044152,1,22.465070770819718,29.058636770958625,58.117273541917235,0,0,0,0,1,21.698261566253414,29.82182762409131,59.64365524818262,1,1,0,0
offset_1250_81,offset,1250,bayes,71.22322654543132,27.897667625086,450.0,450.0,direction,228.27788159590688,1030.7764064044152,1,14.097977586848575,20.140121394139843,40.280242788279686,1,1,1,0,1,14.405913267399056,20.085550402483985,40.17110080496797,1,1,1,0
offset_1250_82,offset,1250,bayes,773.2906013044314,-444.6438142647829,450.0,450.0,direction,289.7541621584626,1030.7764064044152,1,18.701638246227727,19.494210251227553,38.988420502455064,1,1,1,1,1,1.5613580547199883,31.16830612484477,62.33661224968963,1,1,1,0
offset_1250_83,offset,1250,bayes,-169.02282229180298,214.00734873418048,450.0,450.0,direction,201.47783544618395,1030.7764064044152,1,4.671480204517166,35.6645836730357,71.32916734607137,1,1,1,0,1,7.217121242549782,35.444457526287515,70.88891505257506,1,1,1,0
offset_1250_84,offset,1250,bayes,15.735361124909446,99.68691431787511,450.0,450.0,direction,217.98271563745692,1030.7764064044152,1,20.866871664315294,24.80655434736589,49.61310869473178,1,1,0,0,1,18.847414259020002,24.240728835195533,48.48145767039107,1,1,1,0
offset_1250_85,offset,1250,bayes,375.1696243745424,-159.77447827718987,450.0,450.0,direction,263.52947640907826,1030.7764064044152,1,12.261266497126462,21.344432734647715,42.6888654692954,1,1,1,0,1,11.71351056969096,20.4727657888126,40.945531577625204,1,1,1,0
offset_1250_86,offset,1250,bayes,6.6599183733868585,106.62062857657645,450.0,450.0,direction,216.93048073719385,1030.7764064044152,1,18.932132923467798,24.823746481438807,49.647492962877614,0,0,1,0,1,18.96900508670263,24.753824190429608,49.50764838085923,1,1,1,0
offset_1250_87,offset,1250,bayes,188.49838230053842,-39.136644280674545,450.0,450.0,direction,242.5637184621004,1030.7764064044152,1,8.529642428950464,19.53264565035527,39.06529130071054,1,1,1,1,1,7.083609361708429,18.144663976733884,36.28932795346777,1,1,1,1
offset_1250_88,offset,1250,bayes,-17.166485615549846,107.14269511256134,450.0,450.0,direction,216.1325153415076,1030.7764064044152,1,1.8077907845836223,24.843759582652847,49.68751916530568,1,1,1,0,1,2.052525497523295,25.15638505182249,50.31277010364498,1,1,1,0
offset_1250_89,offset,1250,bayes,21.253548752707843,85.14342367461188,450.0,450.0,direction,220.36041755547936,1030.7764064044152,1,4.484337901615724,23.31383508960547,46.627670179210945,1,1,1,0,1,4.621171487313693,23.150178390534315,46.30035678106862,1,1,1,0
offset_1250_90,offset,1250,bayes,35.67669877224046,64.32465156481953,450.0,450.0,direction,223.43541370547862,1030.7764064044152,1,5.614912379006969,21.7997416588744,43.59948331774879,1,1,1,0,1,7.14619210619271,21.866050944215335,43.73210188843067,1,1,1,0
offset_1250_91,offset,1250,bayes,679.2370042047035,-384.55506005417396,450.0,450.0,direction,286.2248790482927,1030.7764064044152,1,20.279615630875526,23.839290136442017,47.67131859417208,1,1,0,0,1,17.171754246103706,28.72071555602608,57.44143111205207,1,1,1,0
offset_1250_92,offset,1250,bayes,-156.2497206173266,222.97040465844645,450.0,450.0,direction,200.1528837455638,1030.7764064044152,1,21.493973372941994,35.562589775563964,71.1251795511279,1,1,0,0,1,22.89413994129217,36.75571774475524,73.51143548951046,1,1,0,0
offset_1250_93,offset,1250,bayes,757.5794926384913,-436.74597014084003,450.0,450.0,direction,288.80131954919415,1030.7764064044152,1,15.57858866968965,33.66897835528482,67.33795671056954,1,1,1,0,1,10.844812870276337,30.455777687263044,60.91155537452604,1,1,1,0
offset_1250_94,offset,1250,bayes,66.7525366583327,48.23601351181833,450.0,450.0,direction,225.8320319675918,1030.7764064044152,1,6.675640247686498,20.310954971312533,40.62190994262507,1,1,1,0,1,5.433839940727998,20.951283244678642,41.902566489357284,1,1,1,0
offset_1250_95,offset,1250,bayes,568.991119085577,-306.8430159860609,450.0,450.0,direction,279.6429625446262,1030.7764064044152,1,16.50744765557445,26.545784554019086,53.09156910803825,1,1,1,0,1,11.021096233551141,25.28012011028343,50.56024022056686,1,1,1,0
offset_1250_96,offset,1250,bayes,-147.28950849841476,211.6004378803142,450.0,450.0,direction,201.2038605324848,1030.7764064044152,1,18.510183412465672,35.6645836730357,71.32916734607137,1,1,1,0,1,19.491679537189803,35.708626271292566,71.4172525425851,1,1,1,0
offset_1250_97,offset,1250,bayes,192.12765757817067,-55.677773117959816,450.0,450.0,direction,242.4794148462283,1030.7764064044152,1,16.513417391189652,19.301688924985086,38.60337784997017,1,1,1,1,1,15.058751522907036,18.141139286595703,36.2822785731914,1,1,1,1
offset_1250_98,offset,1250,bayes,433.5725467537037,-216.205658980086,450.0,450.0,direction,268.61728324264175,1030.7764064044152,1,6.713893575490483,19.51550510528226,39.03101021056449,1,1,1,1,1,7.663227371908355,21.59915534664411,43.19831069328817,1,1,1,0
offset_1250_99,offset,1250,bayes,625.2905635196038,-344.4670609248711,450.0,450.0,direction,282.5088257391959,1030.7764064044152,1,2.164347648349819,24.66634707292421,49.33269414584842,1,1,1,0,1,1.945086417624818,26.62829190545942,53.25658381091884,1,1,1,0
offset_1250_0,offset,1250,fixed_assumed,-119.87465754518416,183.24426309288924,-150.0,-450.0,direction,88.15814670224268,1001.2492197250393,1,3.4813738034256527,25.530933710793214,51.06186742158643,1,1,1,0,1,10.822338453057792,34.0848640444574,68.16972808891478,1,1,1,0
offset_1250_1,offset,1250,fixed_assumed,101.37145617388876,6.869121165331251,-150.0,-450.0,direction,60.331433411324134,1001.2492197250393,1,15.63193484860867,19.057951493631467,38.115902987262935,1,1,1,1,1,15.631934848608697,19.057951493631457,38.11590298726291,1,1,1,1
offset_1250_2,offset,1250,fixed_assumed,101.112019643184,31.832882311123967,-150.0,-450.0,direction,62.9571402680774,1001.2492197250393,1,7.197041274276499,19.925769545960517,39.85153909192103,1,1,1,1,1,7.197041274276559,19.92576954596051,39.85153909192102,1,1,1,1
offset_1250_3,offset,1250,fixed_assumed,222.54268020388838,-66.70462473828741,-150.0,-450.0,direction,45.81432689506149,1001.2492197250393,1,4.868519199252032,17.6985088331635,35.39701766632698,1,1,1,1,1,4.868519199252013,17.6985088331635,35.397017666326974,1,1,1,1
offset_1250_4,offset,1250,fixed_assumed,162.2343100663943,-28.606960760828883,-150.0,-450.0,direction,54.283000138159636,1001.2492197250393,1,11.236064413423193,17.47729665143322,34.945830072027356,1,1,1,1,1,11.236064413423179,17.47729665143322,34.945830072027356,1,1,1,1
offset_1250_5,offset,1250,fixed_assumed,-94.39816617684585,163.56549408443266,-150.0,-450.0,direction,84.79303086534894,1001.2492197250393,1,1.579454295839647,31.24343832490343,62.48687664980686,1,1,1,0,1,1.579454295839604,31.24343832490343,62.48687664980686,1,1,1,0
offset_1250_6,offset,1250,fixed_assumed,758.9744628594192,-435.9610701597881,-150.0,-450.0,direction,1.2090342600023805,1001.2492197250393,1,9.040805745572332,29.57605192829703,59.152103856593996,1,1,1,0,1,9.040805745572332,29.57605192829703,59.152103856593996,1,1,1,0
offset_1250_7,offset,1250,fixed_assumed,326.9677612206798,-146.6184609324286,-150.0,-450.0,direction,31.858894768528685,1001.2492197250393,1,15.129387948776891,19.000316376303388,38.00063275260672,1,1,1,1,1,15.129387948776891,19.000316376303388,38.00063275260672,1,1,1,1
offset_1250_8,offset,1250,fixed_assumed,-57.184988809793936,142.2748559934289,-150.0,-450.0,direction,80.20379744687317,1001.2492197250393,1,13.480434469239562,28.003227496477642,56.00645499295531,1,1,1,0,1,13.480434469239633,28.003227496477628,56.00645499295527,1,1,1,0
offset_1250_9,offset,1250,fixed_assumed,779.4960845349932,-451.3234724437888,-150.0,-450.0,direction,358.9757376465988,1001.2492197250393,1,28.221408469628336,31.263851789419075,62.527703578838086,1,1,0,0,1,28.221408469628336,31.263851789419075,62.527703578838086,1,1,0,0
offset_1250_10,offset,1250,fixed_assumed,21.15531715492159,69.22239527999614,-150.0,-450.0,direction,71.15000523430457,1001.2492197250393,1,9.833074360479133,23.14668176419116,46.293363528382315,1,1,1,0,1,9.833074360479118,23.146681764191154,46.29336352838229,1,1,1,0
offset_1250_11,offset,1250,fixed_assumed,32.73862019711919,54.2209048015111,-150.0,-450.0,direction,70.75720303505808,1001.2492197250393,1,18.757193848140673,22.97107102901619,45.94214205803239,1,1,1,0,1,18.757193848140645,22.971071029016183,45.94214205803237,1,1,1,0
offset_1250_12,offset,1250,fixed_assumed,410.973214081236,-195.30355668602596,-150.0,-450.0,direction,23.829473470362807,1001.2492197250393,1,9.117770686991388,20.419496935945237,40.83899387189054,1,1,1,0,1,9.117770686991388,20.419496935945237,40.83899387189054,1,1,1,0
offset_1250_13,offset,1250,fixed_assumed,807.2211770573626,-469.47690165705734,-150.0,-450.0,direction,358.9968869472137,1001.2492197250393,1,5.622718371187242,31.24673850496791,62.49347700993582,1,1,1,0,1,5.622718371187242,31.24673850496791,62.49347700993582,1,1,1,0
offset_1250_14,offset,1250,fixed_assumed,-157.36922459206528,224.8177810034764,-150.0,-450.0,direction,90.24076389261299,1001.2492197250393,1,54.79506440361312,3.3167744923770632,6.633525707474503,0,0,0,1,1,22.02178007388446,36.08805723394249,72.17611446788497,1,1,0,0
offset_1250_15,offset,1250,fixed_assumed,73.22942265699965,55.16541329381528,-150.0,-450.0,direction,65.66473766190248,1001.2492197250393,1,10.944037776343155,20.896326271068347,41.7926525421367,1,1,1,0,1,10.94403777634312,20.89632627106834,41.79265254213668,1,1,1,0
offset_1250_16,offset,1250,fixed_assumed,-110.61517372394667,174.93118807397695,-150.0,-450.0,direction,86.64703165158834,1001.2492197250393,1,2.1948594349624857,31.68985133776621,63.37970267553242,1,1,1,0,1,3.3240846343178387,32.75323917585481,65.50647835170959,1,1,1,0
offset_1250_17,offset,1250,fixed_assumed,-15.57156718062788,112.7997285034894,-150.0,-450.0,direction,76.48143624439223,1001.2492197250393,1,5.768235681100297,25.798187193505655,51.59637438701131,1,1,1,0,1,5.768235681100325,25.798187193505655,51.596374387011295,1,1,1,0
offset_1250_18,offset,1250,fixed_assumed,-100.3641839556326,141.05235568645298,-150.0,-450.0,direction,84.78350306090644,1001.2492197250393,1,21.67198172910242,31.236007037220297,62.47201407444059,1,1,0,0,1,21.67198172910241,31.236007037220297,62.47201407444059,1,1,0,0
offset_1250_19,offset,1250,fixed_assumed,775.2657557004662,-447.15549825814503,-150.0,-450.0,direction,359.89442875537185,1001.2492197250393,1,7.434777144258429,30.54113195910163,61.082263918203296,1,1,1,0,1,7.434777144258429,30.54113195910163,61.082263918203296,1,1,1,0
offset_1250_20,offset,1250,fixed_assumed,135.86365476803633,11.389880846433073,-150.0,-450.0,direction,58.77521230015368,1001.2492197250393,1,10.37650373467641,18.573963332686876,37.14792666537376,1,1,1,1,1,10.376503734676442,18.573963332686873,37.147926665373745,1,1,1,1
offset_1250_21,offset,1250,fixed_assumed,-159.6098535065497,206.00653237401536,-150.0,-450.0,direction,90.64128986698985,1001.2492197250393,0,,,,0,0,0,0,1,1.7048287766121435,36.497744018684024,72.99548803736808,1,1,1,0
offset_1250_22,offset,1250,fixed_assumed,-7.021052818051658,94.63983647456371,-150.0,-450.0,direction,74.9250331569589,1001.2492197250393,1,5.0491001184522055,24.96848685373334,49.93697370746669,1,1,1,0,1,5.049100118452202,24.968486853733342,49.93697370746667,1,1,1,0
offset_1250_23,offset,1250,fixed_assumed,431.2874296602245,-200.6358504344331,-150.0,-450.0,direction,23.275385764400983,1001.2492197250393,1,6.536006525564043,20.540617332027193,41.08123466405433,1,1,1,0,1,6.536006525564043,20.540617332027193,41.081234664054335,1,1,1,0
offset_1250_24,offset,1250,fixed_assumed,-13.92783375797194,126.94964285840354,-150.0,-450.0,direction,77.23432050014208,1001.2492197250393,1,17.752881386406358,26.21795796297985,52.4359159259597,1,1,1,0,1,17.752881386406397,26.21795796297984,52.43591592595969,1,1,1,0
offset_1250_25,offset,1250,fixed_assumed,764.3352480491517,-439.68085188500936,-150.0,-450.0,direction,0.2921111013407063,1001.2492197250393,1,9.466557882496911,30.2409184791002,60.4818369582004,1,1,1,0,1,9.466557882496911,30.2409184791002,60.4818369582004,1,1,1,0
offset_1250_26,offset,1250,fixed_assumed,-157.64546978464807,203.95357561003402,-150.0,-450.0,direction,91.0441353767863,1001.2492197250393,0,,,,0,0,0,0,1,7.605732803757334,36.91830196296959,73.8366039259392,1,1,1,0
offset_1250_27,offset,1250,fixed_assumed,-136.1668265243535,174.96532497206124,-150.0,-450.0,direction,88.68928294585727,1001.2492197250393,1,12.169563818393042,21.6814917391991,43.357781878486634,1,1,1,0,1,15.961151673388086,34.576393347757715,69.15278669551546,1,1,1,0
offset_1250_28,offset,1250,fixed_assumed,-51.193934747347726,116.76108742233896,-150.0,-450.0,direction,79.36863982961955,1001.2492197250393,1,12.235964069878616,27.479023688825738,54.95804737765147,1,1,1,0,1,12.23596406987858,27.47902368882571,54.95804737765143,1,1,1,0
offset_1250_29,offset,1250,fixed_assumed,-4.376195343103632,90.31548501273812,-150.0,-450.0,direction,74.00973608972404,1001.2492197250393,1,9.472651213244808,24.503108732383716,49.00621746476742,1,1,1,0,1,9.4726512132448,24.5031087323837,49.00621746476739,1,1,1,0
offset_1250_30,offset,1250,fixed_assumed,735.8170512979177,-420.61445863002916,-150.0,-450.0,direction,2.704056532936445,1001.2492197250393,1,19.68823445640193,28.567741889498365,57.13548377899676,1,1,1,0,1,19.68823445640193,28.567741889498365,57.13548377899676,1,1,1,0
offset_1250_31,offset,1250,fixed_assumed,334.08206939084005,-125.6909078874935,-150.0,-450.0,direction,33.55344004517102,1001.2492197250393,1,11.01599631886198,18.77128978465449,37.54257956930898,1,1,1,1,1,11.015996318862053,18.77128978465449,37.54257956930898,1,1,1,1
offset_1250_32,offset,1250,fixed_assumed,97.0424944922147,42.48474739730955,-150.0,-450.0,direction,63.88210626830994,1001.2492197250393,1,12.769447276827615,20.248164008205062,40.496328016410125,1,1,1,0,1,12.769447276827684,20.248164008205055,40.496328016410104,1,1,1,0
offset_1250_33,offset,1250,fixed_assumed,-9.465145356073322,79.73883320608388,-150.0,-450.0,direction,75.86712289368064,1001.2492197250393,1,23.6417690629561,25.464731043854233,50.929462087708465,1,1,0,0,1,23.64176906295604,25.4647310438542,50.92946208770842,1,1,0,0
offset_1250_34,offset,1250,fixed_assumed,213.16776981324642,-41.17482614574095,-150.0,-450.0,direction,47.526558697851925,1001.2492197250393,1,12.906266431363798,17.621234754516454,35.24246950903293,1,1,1,1,1,12.90626643136381,17.62123475451648,35.24246950903296,1,1,1,1
offset_1250_35,offset,1250,fixed_assumed,65.78438033726479,33.731387384908885,-150.0,-450.0,direction,64.9853260491151,1001.2492197250393,1,14.398787043529447,20.644981019272564,41.28996203854512,1,1,1,0,1,14.398787043529433,20.64498101927255,41.289962038545106,1,1,1,0
offset_1250_36,offset,1250,fixed_assumed,369.23704278357917,-164.44976420644656,-150.0,-450.0,direction,28.14694454223097,1001.2492197250393,1,8.31267127181984,19.583249295652212,39.166498591304425,1,1,1,1,1,8.31267127181984,19.583249295652212,39.166498591304425,1,1,1,1
offset_1250_37,offset,1250,fixed_assumed,186.88249632178167,-26.801236638332,-150.0,-450.0,direction,51.36445704836853,1001.2492197250393,1,7.50218422931907,17.5067778263356,35.01355565267117,1,1,1,1,1,7.502184229319097,17.506777826335597,35.01355565267117,1,1,1,1
offset_1250_38,offset,1250,fixed_assumed,331.84410647357765,-125.91952167001955,-150.0,-450.0,direction,34.59835472090114,1001.2492197250393,1,14.167730295462384,18.640850574883924,37.281701149767905,1,1,1,1,1,14.16773029546244,18.640850574883924,37.281701149767905,1,1,1,1
offset_1250_39,offset,1250,fixed_assumed,586.3345187991868,-319.754911563242,-150.0,-450.0,direction,10.60502432010203,1001.2492197250393,1,7.572624886487037,24.451665229020687,48.90333045804151,1,1,1,0,1,7.572624886487037,24.451665229020687,48.90333045804151,1,1,1,0
offset_1250_40,offset,1250,fixed_assumed,528.1855214060682,-269.0767084870962,-150.0,-450.0,direction,14.716952275590375,1001.2492197250393,1,4.96207234487253,22.902701173654,45.805402347308124,1,1,1,0,1,4.96207234487253,22.902701173654,45.805402347308124,1,1,1,0
offset_1250_41,offset,1250,fixed_assumed,249.21896160915378,-67.09533680428638,-150.0,-450.0,direction,44.268474214584536,1001.2492197250393,1,11.97715065265486,17.78255511990059,35.56511023980121,1,1,1,1,1,11.977150652654808,17.78255511990059,35.56511023980118,1,1,1,1
offset_1250_42,offset,1250,fixed_assumed,155.7424734500587,-8.991176962434508,-150.0,-450.0,direction,54.531548244512074,1001.2492197250393,1,7.77737776476493,17.47837487802135,34.94426180207526,1,1,1,1,1,7.777377764764946,17.47837487802135,34.94426180207525,1,1,1,1
offset_1250_43,offset,1250,fixed_assumed,194.43730329442337,-28.233823394637795,-150.0,-450.0,direction,51.43014986091596,1001.2492197250393,1,12.578951424803869,17.505514068793666,35.01102813758731,1,1,1,1,1,12.578951424803874,17.505514068793637,35.011028137587275,1,1,1,1
offset_1250_44,offset,1250,fixed_assumed,104.34702611689897,8.251475883049693,-150.0,-450.0,direction,60.635821204251386,1001.2492197250393,1,11.658034214947333,19.15515610861762,38.31031221723524,1,1,1,1,1,11.658034214947312,19.155156108617614,38.31031221723523,1,1,1,1
offset_1250_45,offset,1250,fixed_assumed,509.00786284830673,-257.35626320573675,-150.0,-450.0,direction,17.111720399382165,1001.2492197250393,1,15.161355613488784,22.13802787816827,44.27605575633654,1,1,1,0,1,15.161355613488551,22.13802787816827,44.27605575633659,1,1,1,0
offset_1250_46,offset,1250,fixed_assumed,-37.965224082301575,106.40453278498251,-150.0,-450.0,direction,78.29685280286657,1001.2492197250393,1,13.170781609479233,26.832157438277047,53.664314876554094,1,1,1,0,1,13.170781609479265,26.832157438277047,53.66431487655407,1,1,1,0
offset_1250_47,offset,1250,fixed_assumed,576.4223180210408,-311.43319327654297,-150.0,-450.0,direction,9.827743070787893,1001.2492197250393,1,20.455502705200953,24.78311972779557,49.566239455591266,1,1,0,0,1,20.455502705200953,24.78311972779557,49.566239455591266,1,1,0,0
offset_1250_48,offset,1250,fixed_assumed,222.08576828408457,-61.77384372264072,-150.0,-450.0,direction,45.64020701919632,1001.2492197250393,1,5.985043927903912,17.707292394643815,35.41458478928763,1,1,1,1,1,5.985043927903854,17.707292394643783,35.4145847892876,1,1,1,1
offset_1250_49,offset,1250,fixed_assumed,-87.27106782870192,154.18304618207594,-150.0,-450.0,direction,84.69445804974183,1001.2492197250393,1,9.636451960780994,31.166710934631222,62.333421869262445,1,1,1,0,1,9.636451960780994,31.166710934631222,62.333421869262416,1,1,1,0
offset_1250_50,offset,1250,fixed_assumed,-125.659208534855,205.7572583457088,-150.0,-450.0,direction,88.55848059709945,1001.2492197250393,1,25.565327225859278,23.24051091467833,46.47467210746256,0,0,0,0,1,18.127490788587554,34.45416210641055,68.90832421282107,1,1,1,0
offset_1250_51,offset,1250,fixed_assumed,60.996236693928154,51.915014489012606,-150.0,-450.0,direction,66.97536961694233,1001.2492197250393,1,1.8184215000441881,21.39701216274692,42.794024325493844,1,1,1,0,1,1.8184215000441966,21.397012162746915,42.79402432549382,1,1,1,0
offset_1250_52,offset,1250,fixed_assumed,142.8103000281145,-4.495655624099868,-150.0,-450.0,direction,57.272604872953345,1001.2492197250393,1,5.7418069322826755,18.126145500901288,36.252291001802575,1,1,1,1,1,5.741806932282692,18.12614550090128,36.25229100180256,1,1,1,1
offset_1250_53,offset,1250,fixed_assumed,440.8128410601839,-209.8437995416154,-150.0,-450.0,direction,21.509181286658606,1001.2492197250393,1,7.1572747308431595,20.94974371223096,41.89948742446192,1,1,1,0,1,7.1572747308431595,20.94974371223096,41.89948742446186,1,1,1,0
offset_1250_54,offset,1250,fixed_assumed,398.2662692983121,-188.04305833701966,-150.0,-450.0,direction,26.20234745319632,1001.2492197250393,1,6.749925711989324,19.93725919868333,39.87451839736666,1,1,1,1,1,6.749925711989324,19.93725919868333,39.874518397366664,1,1,1,1
offset_1250_55,offset,1250,fixed_assumed,501.2197015806918,-253.93230989321594,-150.0,-450.0,direction,17.01022266607287,1001.2492197250393,1,5.231140732148303,22.168621416494183,44.33724283298831,1,1,1,0,1,5.231140732148303,22.168621416494183,44.33724283298831,1,1,1,0
offset_1250_56,offset,1250,fixed_assumed,352.3390289545492,-163.26531652470817,-150.0,-450.0,direction,30.055382005615055,1001.2492197250393,1,9.369984926988392,19.269042907548922,38.5380858150979,1,1,1,1,1,9.369984926988392,19.269042907548922,38.5380858150979,1,1,1,1
offset_1250_57,offset,1250,fixed_assumed,141.32888738303154,-12.930054907070371,-150.0,-450.0,direction,57.11036119912134,1001.2492197250393,1,10.973981970099626,18.0788786516821,36.1577573033642,1,1,1,1,1,10.973981970099608,18.07887865168209,36.15775730336418,1,1,1,1
offset_1250_58,offset,1250,fixed_assumed,107.61923039792907,38.65410715703615,-150.0,-450.0,direction,61.400766590660886,1001.2492197250393,1,17.784866857988746,19.40326845327836,38.80653690655672,1,1,1,1,1,17.784866857988764,19.403268453278354,38.8065369065567,1,1,1,1
offset_1250_59,offset,1250,fixed_assumed,-117.84202118306587,166.95031401833035,-150.0,-450.0,direction,86.44035250228514,1001.2492197250393,1,9.293673355263362,32.578418855182825,65.15683771036566,1,1,1,0,1,9.293673355263367,32.57841885518285,65.15683771036566,1,1,1,0
offset_1250_60,offset,1250,fixed_assumed,588.9003493773425,-313.3440200602779,-150.0,-450.0,direction,10.367675544005449,1001.2492197250393,1,3.684657852886694,24.551454863353015,49.102909726706,1,1,1,0,1,3.684657852886694,24.551454863353015,49.102909726706,1,1,1,0
offset_1250_61,offset,1250,fixed_assumed,-4.337735038474648,111.02246272923674,-150.0,-450.0,direction,75.18260201150271,1001.2492197250393,1,11.90193325787076,25.102385233451727,50.204770466903454,1,1,1,0,1,11.901933257870787,25.102385233451727,50.20477046690344,1,1,1,0
offset_1250_62,offset,1250,fixed_assumed,348.37633627047165,-150.04578257652736,-150.0,-450.0,direction,31.500923692534094,1001.2492197250393,1,4.500553842578724,19.051559368757523,38.1031187375151,1,1,1,1,1,4.500553842578764,19.051559368757523,38.1031187375151,1,1,1,1
offset_1250_63,offset,1250,fixed_assumed,742.5343232490072,-421.98364605192637,-150.0,-450.0,direction,0.8917019465737469,1001.2492197250393,1,21.17487158260908,29.80195635015877,59.603912700317565,1,1,0,0,1,21.17487158260908,29.80195635015877,59.603912700317565,1,1,0,0
offset_1250_64,offset,1250,fixed_assumed,21.00539428498189,63.86243753150097,-150.0,-450.0,direction,70.73208905131855,1001.2492197250393,1,14.478506323212976,22.959926098219075,45.91985219643814,1,1,1,0,1,14.478506323212974,22.959926098219054,45.919852196438114,1,1,1,0
offset_1250_65,offset,1250,fixed_assumed,111.82408645831379,20.850376131331927,-150.0,-450.0,direction,60.603952740318576,1001.2492197250393,1,4.304153910297058,19.144938948949516,38.28987789789903,1,1,1,1,1,4.304153910297073,19.144938948949505,38.28987789789901,1,1,1,1
offset_1250_66,offset,1250,fixed_assumed,237.81133651062578,-61.855811706846225,-150.0,-450.0,direction,44.104974127133666,1001.2492197250393,1,11.08982759437267,17.792249997982307,35.584499995964634,1,1,1,1,1,11.089827594372647,17.792249997982307,35.584499995964634,1,1,1,1
offset_1250_67,offset,1250,fixed_assumed,-131.96049115784956,178.73179277407792,-150.0,-450.0,direction,88.2788559226078,1001.2492197250393,1,11.038791761808476,25.111734378426302,50.223468756852576,1,1,1,0,1,9.046159644722248,34.195459912104944,68.39091982420987,1,1,1,0
offset_1250_68,offset,1250,fixed_assumed,40.50697513768523,46.9348224863935,-150.0,-450.0,direction,68.04286171591608,1001.2492197250393,1,17.317260119996472,21.821051943046267,43.642103886092535,1,1,1,0,1,17.31726011999647,21.821051943046253,43.642103886092514,1,1,1,0
offset_1250_69,offset,1250,fixed_assumed,-83.1772803971594,158.79340610477425,-150.0,-450.0,direction,84.59674625111387,1001.2492197250393,1,9.752473712628271,31.09099167666511,62.18198335333024,1,1,1,0,1,9.752473712628333,31.090991676665137,62.18198335333024,1,1,1,0
offset_1250_70,offset,1250,fixed_assumed,2.2111909763253834,76.00756402584102,-150.0,-450.0,direction,72.90570744927257,1001.2492197250393,1,15.369009162468538,23.962567584399327,47.92513516879867,1,1,1,0,1,15.369009162468505,23.962567584399327,47.925135168798654,1,1,1,0
offset_1250_71,offset,1250,fixed_assumed,97.51203599934445,29.070110002599222,-150.0,-450.0,direction,62.075515012050126,1001.2492197250393,1,5.814042411743317,19.626809973982816,39.25361994796563,1,1,1,1,1,5.814042411743313,19.62680997398281,39.25361994796561,1,1,1,1
offset_1250_72,offset,1250,fixed_assumed,421.5557872787148,-191.3828616645464,-150.0,-450.0,direction,24.924868425478095,1001.2492197250393,1,13.449941267678698,20.1897071236906,40.37941424738115,1,1,1,0,1,13.449941267678755,20.189707123690603,40.37941424738115,1,1,1,0
offset_1250_73,offset,1250,fixed_assumed,214.88284167858433,-43.65873729382014,-150.0,-450.0,direction,47.31092906754688,1001.2492197250393,1,11.594921420625658,17.630063417223283,35.260126834446545,1,1,1,1,1,11.594921420625665,17.630063417223283,35.26012683444657,1,1,1,1
offset_1250_74,offset,1250,fixed_assumed,364.6704775529701,-167.5102727551556,-150.0,-450.0,direction,29.477912012057775,1001.2492197250393,1,7.659695638893579,19.360787003326934,38.721574006653924,1,1,1,1,1,7.659695638893579,19.360787003326934,38.721574006653924,1,1,1,1
offset_1250_75,offset,1250,fixed_assumed,74.69759667433937,49.798687436125306,-150.0,-450.0,direction,66.42182757489176,1001.2492197250393,1,7.653654679807054,21.18294294172395,42.3658858834479,1,1,1,0,1,7.653654679807042,21.18294294172394,42.36588588344788,1,1,1,0
offset_1250_76,offset,1250,fixed_assumed,42.917491058044675,55.169728009252026,-150.0,-450.0,direction,69.9880289518716,1001.2492197250393,1,14.093425790366792,22.634155149539872,45.26831029907973,1,1,1,0,1,14.093425790366783,22.634155149539865,45.26831029907971,1,1,1,0
offset_1250_77,offset,1250,fixed_assumed,-166.0833321219843,190.304202367333,-150.0,-450.0,direction,91.35588772541259,1001.2492197250393,0,,,,0,0,0,0,1,21.95883276939006,37.24976768439336,74.49953536878674,1,1,0,0
offset_1250_78,offset,1250,fixed_assumed,-52.22645048419622,126.78677989314315,-150.0,-450.0,direction,81.17493420311519,1001.2492197250393,1,12.559017153689824,28.63627909847168,57.272558196943365,1,1,1,0,1,12.559017153689911,28.636279098471665,57.27255819694333,1,1,1,0
offset_1250_79,offset,1250,fixed_assumed,52.3853449217637,48.4147203195605,-150.0,-450.0,direction,68.72630157454762,1001.2492197250393,1,13.449465214788699,22.100606095816822,44.20121219163364,1,1,1,0,1,13.449465214788706,22.1006060958168,44.2012121916336,1,1,1,0
offset_1250_80,offset,1250,fixed_assumed,-69.56697749314367,158.77085469557483,-150.0,-450.0,direction,81.54290685675439,1001.2492197250393,1,20.317152983926945,28.883041692128916,57.76608338425783,1,1,0,0,1,20.31715298392698,28.883041692128902,57.76608338425782,1,1,0,0
offset_1250_81,offset,1250,fixed_assumed,71.22322654543132,27.897667625086,-150.0,-450.0,direction,65.34148910081849,1001.2492197250393,1,15.212733584308149,20.776062944088043,41.552125888176086,1,1,1,0,1,15.212733584308154,20.77606294408804,41.55212588817607,1,1,1,0
offset_1250_82,offset,1250,fixed_assumed,773.2906013044314,-444.6438142647829,-150.0,-450.0,direction,0.21859395225231973,1001.2492197250393,1,2.2814937905078536,30.29586190373922,60.59172380747844,1,1,1,0,1,2.2814937905076293,30.295861903739315,60.59172380747853,1,1,1,0
offset_1250_83,offset,1250,fixed_assumed,-169.02282229180298,214.00734873418048,-150.0,-450.0,direction,92.25026956072851,1001.2492197250393,0,,,,0,0,0,0,1,9.790546696700165,38.23092904994088,76.46185809988178,1,1,1,0
offset_1250_84,offset,1250,fixed_assumed,15.735361124909446,99.68691431787511,-150.0,-450.0,direction,72.31173873631609,1001.2492197250393,1,18.020842668765805,23.680722562177678,47.361445124355356,1,1,1,0,1,18.020842668765816,23.68072256217767,47.36144512435533,1,1,1,0
offset_1250_85,offset,1250,fixed_assumed,375.1696243745424,-159.77447827718987,-150.0,-450.0,direction,29.452168752074115,1001.2492197250393,1,11.142073955991629,19.36494312503298,38.729886250066016,1,1,1,1,1,11.142073955991629,19.36494312503298,38.729886250066016,1,1,1,1
offset_1250_86,offset,1250,fixed_assumed,6.6599183733868585,106.62062857657645,-150.0,-450.0,direction,73.45252561410076,1001.2492197250393,1,18.118072842564313,24.227528342752493,48.455056685504985,1,1,1,0,1,18.11807284256434,24.227528342752493,48.45505668550497,1,1,1,0
offset_1250_87,offset,1250,fixed_assumed,188.49838230053842,-39.136644280674545,-150.0,-450.0,direction,51.20939526318708,1001.2492197250393,1,6.32372251752877,17.509852834664557,35.019705669329085,1,1,1,1,1,6.323722517528754,17.509852834664525,35.01970566932905,1,1,1,1
offset_1250_88,offset,1250,fixed_assumed,-17.166485615549846,107.14269511256134,-150.0,-450.0,direction,76.44720319401836,1001.2492197250393,1,1.012163016246939,25.779394228609203,51.55878845721839,1,1,1,0,1,1.012163016246953,25.77939422860919,51.55878845721838,1,1,1,0
offset_1250_89,offset,1250,fixed_assumed,21.253548752707843,85.14342367461188,-150.0,-450.0,direction,72.21773503712981,1001.2492197250393,1,3.8673546805359766,23.636673130113707,47.2733462602274,1,1,1,0,1,3.867354680536033,23.636673130113696,47.27334626022739,1,1,1,0
offset_1250_90,offset,1250,fixed_assumed,35.67669877224046,64.32465156481953,-150.0,-450.0,direction,70.63617491746436,1001.2492197250393,1,8.333807390719464,22.917452669775514,45.834905339551035,1,1,1,0,1,8.333807390719466,22.917452669775514,45.83490533955103,1,1,1,0
offset_1250_91,offset,1250,fixed_assumed,679.2370042047035,-384.55506005417396,-150.0,-450.0,direction,5.378120990888853,1001.2492197250393,1,15.630425629261529,26.969378512647346,53.93875702529469,1,1,1,0,1,15.630425629261529,26.969378512647346,53.93875702529469,1,1,1,0
offset_1250_92,offset,1250,fixed_assumed,-156.2497206173266,222.97040465844645,-150.0,-450.0,direction,90.15494149462334,1001.2492197250393,1,52.593681005544866,4.332807181828749,8.665583955812602,0,0,0,1,1,20.858293014526808,36.001345282925776,72.00269056585152,1,1,0,0
offset_1250_93,offset,1250,fixed_assumed,757.5794926384913,-436.74597014084003,-150.0,-450.0,direction,0.5082159976630389,1001.2492197250393,1,10.686209049794403,30.080844704846406,60.16168940969274,1,1,1,0,1,10.686209049794403,30.080844704846406,60.16168940969274,1,1,1,0
offset_1250_94,offset,1250,fixed_assumed,66.7525366583327,48.23601351181833,-150.0,-450.0,direction,65.96985185199915,1001.2492197250393,1,4.6227133169182535,21.01099274059796,42.02198548119591,1,1,1,0,1,4.622713316918238,21.01099274059795,42.0219854811959,1,1,1,0
offset_1250_95,offset,1250,fixed_assumed,568.991119085577,-306.8430159860609,-150.0,-450.0,direction,11.968829425961552,1001.2492197250393,1,9.863491123397678,23.90145500539362,47.80291001078722,1,1,1,0,1,9.863491123397678,23.90145500539362,47.80291001078722,1,1,1,0
offset_1250_96,offset,1250,fixed_assumed,-147.28950849841476,211.6004378803142,-150.0,-450.0,direction,89.21042229608695,1001.2492197250393,1,38.31719715656822,15.5084553547861,31.01520797700553,0,0,0,1,1,17.532593241660045,35.07124431980077,70.14248863960154,1,1,1,0
offset_1250_97,offset,1250,fixed_assumed,192.12765757817067,-55.677773117959816,-150.0,-450.0,direction,48.55285670019951,1001.2492197250393,1,14.62921295483601,17.582742549998283,35.165485099996566,1,1,1,1,1,14.629212954836,17.582742549998283,35.165485099996566,1,1,1,1
offset_1250_98,offset,1250,fixed_assumed,433.5725467537037,-216.205658980086,-150.0,-450.0,direction,21.8621328622376,1001.2492197250393,1,7.214662953711405,20.86509596512224,41.73019193024454,1,1,1,0,1,7.214662953711405,20.86509596512224,41.73019193024449,1,1,1,0
offset_1250_99,offset,1250,fixed_assumed,625.2905635196038,-344.4670609248711,-150.0,-450.0,direction,7.817969285423032,1001.2492197250393,1,1.0985049836533831,25.705873886422307,51.41174777284461,1,1,1,0,1,1.0985049836533831,25.705873886422307,51.41174777284461,1,1,1,0
offset_1250_0,offset,1250,fixed_oracle,-119.87465754518416,183.24426309288924,450.0,450.0,direction,205.96590686448172,1030.7764064044152,1,9.196832669971187,31.57262803278209,63.1452560655642,1,1,1,0,1,9.196832669971235,31.57262803278212,63.145256065564254,1,1,1,0
offset_1250_1,offset,1250,fixed_oracle,101.37145617388876,6.869121165331251,450.0,450.0,direction,230.95769734266005,1030.7764064044152,1,15.969945397103528,19.206281715977823,38.41256343195566,1,1,1,1,1,15.969945397103501,19.20628171597786,38.41256343195572,1,1,1,1
offset_1250_2,offset,1250,fixed_oracle,101.112019643184,31.832882311123967,450.0,450.0,direction,230.64471982826137,1030.7764064044152,1,7.37529180703795,19.30552821696061,38.611056433921235,1,1,1,1,1,7.375291807037959,19.305528216960628,38.611056433921256,1,1,1,1
offset_1250_3,offset,1250,fixed_oracle,222.54268020388838,-66.70462473828741,450.0,450.0,direction,246.23982065555919,1030.7764064044152,1,5.235409984989109,18.338523142455706,36.677046284911405,1,1,1,1,1,5.235409984989064,18.338523142455717,36.677046284911434,1,1,1,1
offset_1250_4,offset,1250,fixed_oracle,162.2343100663943,-28.606960760828883,450.0,450.0,direction,239.80319668627317,1030.7764064044152,1,11.406775845782535,18.050177709247635,36.10035541849527,1,1,1,1,1,11.406775845782507,18.050177709247652,36.1003554184953,1,1,1,1
offset_1250_5,offset,1250,fixed_oracle,-94.39816617684585,163.56549408443266,450.0,450.0,direction,207.7221334141638,1030.7764064044152,1,3.0755935728688573,30.260693164803392,60.52138632960678,1,1,1,0,1,3.075593572868891,30.26069316480342,60.52138632960683,1,1,1,0
offset_1250_6,offset,1250,fixed_oracle,758.9744628594192,-435.9610701597881,450.0,450.0,direction,289.5501431204116,1030.7764064044152,1,9.536550530605167,31.012226322665775,62.024452645331635,1,1,1,0,1,9.536550530604945,31.012226322665807,62.02445264533167,1,1,1,0
offset_1250_7,offset,1250,fixed_oracle,326.9677612206798,-146.6184609324286,450.0,450.0,direction,257.7479960552438,1030.7764064044152,1,15.515414504782512,19.503910388114146,39.007820776228314,1,1,1,1,1,15.515414504782491,19.50391038811417,39.00782077622834,1,1,1,1
offset_1250_8,offset,1250,fixed_oracle,-57.184988809793936,142.2748559934289,450.0,450.0,direction,210.35665715847398,1030.7764064044152,1,14.795662618580028,28.47021524669594,56.94043049339189,1,1,1,0,1,14.795662618580025,28.47021524669597,56.94043049339194,1,1,1,0
offset_1250_9,offset,1250,fixed_oracle,779.4960845349932,-451.3234724437888,450.0,450.0,direction,289.1381734414382,1030.7764064044152,1,27.720733839238235,30.702953210342777,61.40590642068559,1,1,0,0,1,27.720733839238235,30.702953210342777,61.40590642068559,1,1,0,0
offset_1250_10,offset,1250,fixed_oracle,21.15531715492159,69.22239527999614,450.0,450.0,direction,220.99652929771236,1030.7764064044152,1,9.906466580897527,22.873473167376748,45.7469463347535,1,1,1,0,1,9.90646658089747,22.873473167376776,45.746946334753545,1,1,1,0
offset_1250_11,offset,1250,fixed_oracle,32.73862019711919,54.2209048015111,450.0,450.0,direction,224.16509374605687,1030.7764064044152,1,17.301061976076898,21.58007375488956,43.16014750977912,1,1,1,0,1,17.30106197607691,21.580073754889586,43.16014750977917,1,1,1,0
offset_1250_12,offset,1250,fixed_oracle,410.973214081236,-195.30355668602596,450.0,450.0,direction,265.9492590385789,1030.7764064044152,1,9.28384419306219,20.972836791511806,41.94567358302367,1,1,1,0,1,9.283844193062356,20.972836791511835,41.9456735830237,1,1,1,0
offset_1250_13,offset,1250,fixed_oracle,807.2211770573626,-469.47690165705734,450.0,450.0,direction,291.3939292435156,1030.7764064044152,1,5.7725797336607885,32.49764302438618,64.99528604877246,1,1,1,0,1,5.7725797336607885,32.49764302438618,64.99528604877246,1,1,1,0
offset_1250_14,offset,1250,fixed_oracle,-157.36922459206528,224.8177810034764,450.0,450.0,direction,199.9573690497768,1030.7764064044152,1,10.083827463726564,18.875618263092946,37.74831653372439,1,1,1,1,1,24.09166993474123,36.956623017419524,73.91324603483908,1,1,0,0
offset_1250_15,offset,1250,fixed_oracle,73.22942265699965,55.16541329381528,450.0,450.0,direction,225.84617546995827,1030.7764064044152,1,11.538219976571831,20.946088134328555,41.89217626865711,1,1,1,0,1,11.538219976571876,20.946088134328573,41.892176268657145,1,1,1,0
offset_1250_16,offset,1250,fixed_oracle,-110.61517372394667,174.93118807397695,450.0,450.0,direction,206.38831795375538,1030.7764064044152,1,2.64355188124722,31.247707488468777,62.49541497693755,1,1,1,0,1,2.6435518812472782,31.2477074884688,62.49541497693761,1,1,1,0
offset_1250_17,offset,1250,fixed_oracle,-15.57156718062788,112.7997285034894,450.0,450.0,direction,215.82995726974872,1030.7764064044152,1,6.70085390306662,25.312176544090438,50.624353088180875,1,1,1,0,1,6.700853903066642,25.312176544090462,50.62435308818093,1,1,1,0
offset_1250_18,offset,1250,fixed_oracle,-100.3641839556326,141.05235568645298,450.0,450.0,direction,208.89159736418355,1030.7764064044152,1,20.007223471278472,29.441146180258848,58.88229236051771,1,1,0,0,1,20.00722347127845,29.44114618025888,58.88229236051776,1,1,0,0
offset_1250_19,offset,1250,fixed_oracle,775.2657557004662,-447.15549825814503,450.0,450.0,direction,289.6465147934439,1030.7764064044152,1,7.485235998321734,31.0857087504852,62.171417500970314,1,1,1,0,1,7.485235998321608,31.0857087504852,62.17141750097035,1,1,1,0
offset_1250_20,offset,1250,fixed_oracle,135.86365476803633,11.389880846433073,450.0,450.0,direction,234.94579016846365,1030.7764064044152,1,10.68459640672861,18.013120774708103,36.02624154941622,1,1,1,1,1,10.684596406728629,18.013120774708135,36.02624154941625,1,1,1,1
offset_1250_21,offset,1250,fixed_oracle,-159.6098535065497,206.00653237401536,450.0,450.0,direction,201.61554646278017,1030.7764064044152,1,3.4731815533465418,30.211115740388756,60.4222314807775,1,1,1,0,1,3.246524956883491,35.313003522182285,70.62600704436458,1,1,1,0
offset_1250_22,offset,1250,fixed_oracle,-7.021052818051658,94.63983647456371,450.0,450.0,direction,217.5015389087573,1030.7764064044152,1,5.125409457244927,24.472920503719553,48.9458410074391,1,1,1,0,1,5.125409457244955,24.472920503719575,48.94584100743916,1,1,1,0
offset_1250_23,offset,1250,fixed_oracle,431.2874296602245,-200.6358504344331,450.0,450.0,direction,268.4093351101473,1030.7764064044152,1,6.361132678854572,21.54730518419262,43.09461036838522,1,1,1,0,1,6.361132678854629,21.54730518419262,43.09461036838524,1,1,1,0
offset_1250_24,offset,1250,fixed_oracle,-13.92783375797194,126.94964285840354,450.0,450.0,direction,215.35582561578696,1030.7764064044152,1,18.421298041859707,25.559906529221184,51.119813058442375,1,1,1,0,1,18.421298041859725,25.559906529221212,51.119813058442425,1,1,1,0
offset_1250_25,offset,1250,fixed_oracle,764.3352480491517,-439.68085188500936,450.0,450.0,direction,289.1044453578411,1030.7764064044152,1,9.545628917646022,30.677975854397857,61.35595170879575,1,1,1,0,1,9.545628917646022,30.677975854397857,61.35595170879575,1,1,1,0
offset_1250_26,offset,1250,fixed_oracle,-157.64546978464807,203.95357561003402,450.0,450.0,direction,202.41821015581996,1030.7764064044152,1,5.8112282641856,33.92791219001181,67.85582438002359,1,1,1,0,1,5.016314634243501,34.564013508666335,69.12802701733264,1,1,1,0
offset_1250_27,offset,1250,fixed_oracle,-136.1668265243535,174.96532497206124,450.0,450.0,direction,205.0936644207861,1030.7764064044152,1,13.658468034263734,32.263404702753455,64.52680940550691,1,1,1,0,1,13.658468034263706,32.26340470275348,64.52680940550697,1,1,1,0
offset_1250_28,offset,1250,fixed_oracle,-51.193934747347726,116.76108742233896,450.0,450.0,direction,212.87743124906865,1030.7764064044152,1,12.127766529766566,26.930754608380635,53.86150921676128,1,1,1,0,1,12.127766529766564,26.930754608380667,53.861509216761334,1,1,1,0
offset_1250_29,offset,1250,fixed_oracle,-4.376195343103632,90.31548501273812,450.0,450.0,direction,217.45863656384904,1030.7764064044152,1,10.175080098075416,24.493820902862534,48.98764180572507,1,1,1,0,1,10.175080098075378,24.493820902862563,48.987641805725126,1,1,1,0
offset_1250_30,offset,1250,fixed_oracle,735.8170512979177,-420.61445863002916,450.0,450.0,direction,288.97872994938353,1030.7764064044152,1,21.286985395606823,30.585327334670897,61.170654669341886,1,1,0,0,1,21.286985395606823,30.585327334670897,61.170654669341886,1,1,0,0
offset_1250_31,offset,1250,fixed_oracle,334.08206939084005,-125.6909078874935,450.0,450.0,direction,258.34893725561795,1030.7764064044152,1,10.576427894851745,19.591142753394706,39.182285506789434,1,1,1,1,1,10.576427894851795,19.59114275339473,39.182285506789455,1,1,1,1
offset_1250_32,offset,1250,fixed_oracle,97.0424944922147,42.48474739730955,450.0,450.0,direction,229.6250546656934,1030.7764064044152,1,13.150583385105913,19.63504354621207,39.27008709242414,1,1,1,1,1,13.150583385105925,19.63504354621209,39.27008709242418,1,1,1,1
offset_1250_33,offset,1250,fixed_oracle,-9.465145356073322,79.73883320608388,450.0,450.0,direction,219.58861198740124,1030.7764064044152,1,21.62518951676855,23.494196991819717,46.98839398363943,1,1,0,0,1,21.625189516768522,23.494196991819745,46.98839398363948,1,1,0,0
offset_1250_34,offset,1250,fixed_oracle,213.16776981324642,-41.17482614574095,450.0,450.0,direction,243.3996962602543,1030.7764064044152,1,12.212764165946142,18.181823365164206,36.36364673032842,1,1,1,1,1,12.212764165946211,18.181823365164234,36.363646730328455,1,1,1,1
offset_1250_35,offset,1250,fixed_oracle,65.78438033726479,33.731387384908885,450.0,450.0,direction,226.31917990564546,1030.7764064044152,1,14.838408692426729,20.773654457999214,41.54730891599843,1,1,1,0,1,14.838408692426729,20.773654457999232,41.54730891599847,1,1,1,0
offset_1250_36,offset,1250,fixed_oracle,369.23704278357917,-164.44976420644656,450.0,450.0,direction,261.85070151834225,1030.7764064044152,1,8.370177428436168,20.160346773844843,40.32069354768971,1,1,1,0,1,8.370177428436149,20.160346773844843,40.320693547689736,1,1,1,0
offset_1250_37,offset,1250,fixed_oracle,186.88249632178167,-26.801236638332,450.0,450.0,direction,240.9939702647908,1030.7764064044152,1,7.0785773504146805,18.085665213812707,36.1713304276254,1,1,1,1,1,7.078577350414709,18.085665213812717,36.171330427625435,1,1,1,1
offset_1250_38,offset,1250,fixed_oracle,331.84410647357765,-125.91952167001955,450.0,450.0,direction,259.08027507373134,1030.7764064044152,1,14.878203194216079,19.701300548158223,39.402601096316445,1,1,1,1,1,14.878203194216079,19.701300548158223,39.402601096316474,1,1,1,1
offset_1250_39,offset,1250,fixed_oracle,586.3345187991868,-319.754911563242,450.0,450.0,direction,280.617865990938,1030.7764064044152,1,8.627231030801534,25.715966404651216,51.431932809302474,1,1,1,0,1,8.627231030801534,25.715966404651216,51.431932809302474,1,1,1,0
offset_1250_40,offset,1250,fixed_oracle,528.1855214060682,-269.0767084870962,450.0,450.0,direction,275.9851301503597,1030.7764064044152,1,4.198336639632711,23.827354252248348,47.65470850449668,1,1,1,0,1,4.198336639632717,23.827354252248394,47.65470850449673,1,1,1,0
offset_1250_41,offset,1250,fixed_oracle,249.21896160915378,-67.09533680428638,450.0,450.0,direction,249.24292276918766,1030.7764064044152,1,12.266682543502657,18.557213375464986,37.11442675092996,1,1,1,1,1,12.266682543502675,18.557213375464997,37.114426750929994,1,1,1,1
offset_1250_42,offset,1250,fixed_oracle,155.7424734500587,-8.991176962434508,450.0,450.0,direction,236.60055282356285,1030.7764064044152,1,7.780298878619637,17.994246558064066,35.98761852442255,1,1,1,1,1,7.780298878619637,17.99424655806408,35.98761852442259,1,1,1,1
offset_1250_43,offset,1250,fixed_oracle,194.43730329442337,-28.233823394637795,450.0,450.0,direction,242.54756501183303,1030.7764064044152,1,12.983581842499104,18.14398546100959,36.287970922019184,1,1,1,1,1,12.98358184249911,18.14398546100961,36.28797092201922,1,1,1,1
offset_1250_44,offset,1250,fixed_oracle,104.34702611689897,8.251475883049693,450.0,450.0,direction,231.62581097534093,1030.7764064044152,1,11.53651127017526,18.997301547239143,37.9946030944783,1,1,1,1,1,11.536511270175227,18.997301547239175,37.99460309447835,1,1,1,1
offset_1250_45,offset,1250,fixed_oracle,509.00786284830673,-257.35626320573675,450.0,450.0,direction,275.5854077626331,1030.7764064044152,1,16.40606125651391,23.684371896444734,47.36874379288953,1,1,1,0,1,16.40606125651391,23.684371896444734,47.36874379288953,1,1,1,0
offset_1250_46,offset,1250,fixed_oracle,-37.965224082301575,106.40453278498251,450.0,450.0,direction,214.83228948343523,1030.7764064044152,1,12.27966506312381,25.838670315531765,51.67734063106352,1,1,1,0,1,12.279665063123751,25.838670315531786,51.677340631063565,1,1,1,0
offset_1250_47,offset,1250,fixed_oracle,576.4223180210408,-311.43319327654297,450.0,450.0,direction,278.4551146753585,1030.7764064044152,1,20.45341321071286,24.778146844994943,49.55629368998977,1,1,0,0,1,20.453413210713023,24.778146844994943,49.556293689989815,1,1,0,0
offset_1250_48,offset,1250,fixed_oracle,222.08576828408457,-61.77384372264072,450.0,450.0,direction,245.41867458559804,1030.7764064044152,1,5.876993973205622,18.288316019436873,36.57663203887374,1,1,1,1,1,5.876993973205668,18.288316019436884,36.57663203887377,1,1,1,1
offset_1250_49,offset,1250,fixed_oracle,-87.27106782870192,154.18304618207594,450.0,450.0,direction,209.45873211062266,1030.7764064044152,1,7.620911134252469,29.05818946892998,58.11637893785997,1,1,1,0,1,7.620911134252431,29.05818946893001,58.11637893786001,1,1,1,0
offset_1250_50,offset,1250,fixed_oracle,-125.659208534855,205.7572583457088,450.0,450.0,direction,203.67495826009946,1030.7764064044152,1,19.27048716040543,33.447484373036545,66.89496874607309,1,1,1,0,1,19.27048716040545,33.44748437303657,66.89496874607313,1,1,1,0
offset_1250_51,offset,1250,fixed_oracle,60.996236693928154,51.915014489012606,450.0,450.0,direction,225.43743142554368,1030.7764064044152,1,2.5060468434346466,21.09715478347131,42.19430956694262,1,1,1,0,1,2.50604684343463,21.097154783471336,42.19430956694267,1,1,1,0
offset_1250_52,offset,1250,fixed_oracle,142.8103000281145,-4.495655624099868,450.0,450.0,direction,236.53333164230733,1030.7764064044152,1,5.778385491193497,17.99382862681809,35.986463560700855,1,1,1,1,1,5.778385491193504,17.99382862681811,35.98646356070089,1,1,1,1
offset_1250_53,offset,1250,fixed_oracle,440.8128410601839,-209.8437995416154,450.0,450.0,direction,268.5905155488316,1030.7764064044152,1,6.851797469039289,21.592451093555024,43.184902187110076,1,1,1,0,1,6.85179746903906,21.59245109355505,43.1849021871101,1,1,1,0
offset_1250_54,offset,1250,fixed_oracle,398.2662692983121,-188.04305833701966,450.0,450.0,direction,266.0287658882842,1030.7764064044152,1,7.732381462059697,20.990323386271896,41.98064677254379,1,1,1,0,1,7.732381462059632,20.99032338627192,41.980646772543814,1,1,1,0
offset_1250_55,offset,1250,fixed_oracle,501.2197015806918,-253.93230989321594,450.0,450.0,direction,274.4159852581802,1030.7764064044152,1,5.545046928337906,23.282167595508753,46.56433519101754,1,1,1,0,1,5.545046928337906,23.282167595508753,46.56433519101754,1,1,1,0
offset_1250_56,offset,1250,fixed_oracle,352.3390289545492,-163.26531652470817,450.0,450.0,direction,261.2894614563572,1030.7764064044152,1,9.919842713139811,20.061825424740864,40.12365084948173,1,1,1,0,1,9.919842713139865,20.06182542474089,40.123650849481756,1,1,1,0
offset_1250_57,offset,1250,fixed_oracle,141.32888738303154,-12.930054907070371,450.0,450.0,direction,237.10134930108512,1030.7764064044152,1,10.88047776303613,17.998892603545883,35.997785207091766,1,1,1,1,1,10.880477763036183,17.9988926035459,35.9977852070918,1,1,1,1
offset_1250_58,offset,1250,fixed_oracle,107.61923039792907,38.65410715703615,450.0,450.0,direction,229.4269776992702,1030.7764064044152,1,18.204285729172437,19.700178535570853,39.4003570711417,1,1,1,1,1,18.204285729172394,19.70017853557086,39.40035707114172,1,1,1,1
offset_1250_59,offset,1250,fixed_oracle,-117.84202118306587,166.95031401833035,450.0,450.0,direction,205.91881711548507,1030.7764064044152,1,8.979343882964944,31.609231436509447,63.21846287301891,1,1,1,0,1,8.979343882964978,31.609231436509475,63.218462873018964,1,1,1,0
offset_1250_60,offset,1250,fixed_oracle,588.9003493773425,-313.3440200602779,450.0,450.0,direction,280.202377172305,1030.7764064044152,1,2.932769905245331,25.527486717857624,51.054973435715134,1,1,1,0,1,2.9327699052454665,25.527486717857624,51.054973435715176,1,1,1,0
offset_1250_61,offset,1250,fixed_oracle,-4.337735038474648,111.02246272923674,450.0,450.0,direction,216.46365013758916,1030.7764064044152,1,12.739346413810377,24.98788476526036,49.97576953052071,1,1,1,0,1,12.73934641381039,24.987884765260375,49.97576953052075,1,1,1,0
offset_1250_62,offset,1250,fixed_oracle,348.37633627047165,-150.04578257652736,450.0,450.0,direction,260.84635601671175,1030.7764064044152,1,5.264636496984906,19.98606833321693,39.97213666643389,1,1,1,1,1,5.2646364969849255,19.98606833321693,39.97213666643391,1,1,1,1
offset_1250_63,offset,1250,fixed_oracle,742.5343232490072,-421.98364605192637,450.0,450.0,direction,287.63944362607367,1030.7764064044152,1,21.027331231680662,29.640631392270958,59.281262784541795,1,1,0,0,1,21.027331231680762,29.640631392270958,59.28126278454183,1,1,0,0
offset_1250_64,offset,1250,fixed_oracle,21.00539428498189,63.86243753150097,450.0,450.0,direction,221.12906821516233,1030.7764064044152,1,14.639792084440273,22.816575481519465,45.63315096303892,1,1,1,0,1,14.639792084440243,22.816575481519482,45.63315096303897,1,1,1,0
offset_1250_65,offset,1250,fixed_oracle,111.82408645831379,20.850376131331927,450.0,450.0,direction,231.44231435121506,1030.7764064044152,1,4.943878086908536,19.054311915186453,38.1086238303729,1,1,1,1,1,4.9438780869085095,19.05431191518646,38.10862383037293,1,1,1,1
offset_1250_66,offset,1250,fixed_oracle,237.81133651062578,-61.855811706846225,450.0,450.0,direction,246.56405627509812,1030.7764064044152,1,10.470015073473567,18.35946397966662,36.71892795933325,1,1,1,1,1,10.4700150734736,18.35946397966664,36.71892795933328,1,1,1,1
offset_1250_67,offset,1250,fixed_oracle,-131.96049115784956,178.73179277407792,450.0,450.0,direction,204.91388431329963,1030.7764064044152,1,7.197087522685309,32.409211264048395,64.81842252809678,1,1,1,0,1,7.197087522685291,32.40921126404842,64.81842252809683,1,1,1,0
offset_1250_68,offset,1250,fixed_oracle,40.50697513768523,46.9348224863935,450.0,450.0,direction,223.56465623045636,1030.7764064044152,1,17.568833942413825,21.814902999376926,43.62980599875385,1,1,1,0,1,17.568833942413793,21.814902999376944,43.629805998753895,1,1,1,0
offset_1250_69,offset,1250,fixed_oracle,-83.1772803971594,158.79340610477425,450.0,450.0,direction,209.5027414664558,1030.7764064044152,1,8.730929142246872,29.02885376719289,58.057707534385756,1,1,1,0,1,8.730929142246888,29.028853767192917,58.05770753438583,1,1,1,0
offset_1250_70,offset,1250,fixed_oracle,2.2111909763253834,76.00756402584102,450.0,450.0,direction,218.91317700167923,1030.7764064044152,1,15.55465683943148,23.802996176532314,47.605992353064636,1,1,1,0,1,15.55465683943145,23.802996176532343,47.605992353064686,1,1,1,0
offset_1250_71,offset,1250,fixed_oracle,97.51203599934445,29.070110002599222,450.0,450.0,direction,229.4557881792457,1030.7764064044152,1,6.585231972783367,19.69068140564086,39.38136281128172,1,1,1,1,1,6.585231972783366,19.690681405640877,39.38136281128177,1,1,1,1
offset_1250_72,offset,1250,fixed_oracle,421.5557872787148,-191.3828616645464,450.0,450.0,direction,268.03979889048395,1030.7764064044152,1,14.181351407586055,21.456470868801663,42.912941737603354,1,1,1,0,1,14.181351407586131,21.456470868801688,42.912941737603376,1,1,1,0
offset_1250_73,offset,1250,fixed_oracle,214.88284167858433,-43.65873729382014,450.0,450.0,direction,243.76658408339856,1030.7764064044152,1,10.916076513668463,18.199404580918333,36.39880916183667,1,1,1,1,1,10.916076513668386,18.199404580918355,36.3988091618367,1,1,1,1
offset_1250_74,offset,1250,fixed_oracle,364.6704775529701,-167.5102727551556,450.0,450.0,direction,262.8491431615394,1030.7764064044152,1,8.591390708575059,20.34288965533929,40.685779310678605,1,1,1,0,1,8.591390708575052,20.34288965533929,40.68577931067863,1,1,1,0
offset_1250_75,offset,1250,fixed_oracle,74.69759667433937,49.798687436125306,450.0,450.0,direction,227.4683269361919,1030.7764064044152,1,7.710624008709409,20.365023186910438,40.73004637382087,1,1,1,0,1,7.710624008709425,20.365023186910456,40.73004637382092,1,1,1,0
offset_1250_76,offset,1250,fixed_oracle,42.917491058044675,55.169728009252026,450.0,450.0,direction,225.0138692086239,1030.7764064044152,1,12.761256842493802,21.255757418725047,42.5115148374501,1,1,1,0,1,12.76125684249377,21.255757418725064,42.51151483745014,1,1,1,0
offset_1250_77,offset,1250,fixed_oracle,-166.0833321219843,190.304202367333,450.0,450.0,direction,202.77375933169864,1030.7764064044152,1,19.03700795956101,34.241357086679386,68.48271417335876,1,1,1,0,1,19.037007959560984,34.241357086679415,68.48271417335881,1,1,1,0
offset_1250_78,offset,1250,fixed_oracle,-52.22645048419622,126.78677989314315,450.0,450.0,direction,213.55966635581544,1030.7764064044152,1,10.60366508388936,26.54013495602576,53.08026991205153,1,1,1,0,1,10.60366508388933,26.54013495602579,53.08026991205158,1,1,1,0
offset_1250_79,offset,1250,fixed_oracle,52.3853449217637,48.4147203195605,450.0,450.0,direction,226.11097020772146,1030.7764064044152,1,12.203996382696923,20.84924587698843,41.69849175397686,1,1,1,0,1,12.203996382696893,20.849245876988448,41.698491753976896,1,1,1,0
offset_1250_80,offset,1250,fixed_oracle,-69.56697749314367,158.77085469557483,450.0,450.0,direction,208.3410650301979,1030.7764064044152,1,21.6982615662534,29.821827624091277,59.64365524818256,1,1,0,0,1,21.698261566253414,29.82182762409131,59.64365524818262,1,1,0,0
offset_1250_81,offset,1250,fixed_oracle,71.22322654543132,27.897667625086,450.0,450.0,direction,228.27788159590688,1030.7764064044152,1,14.405913267399084,20.085550402483964,40.171100804967935,1,1,1,0,1,14.405913267399056,20.085550402483985,40.17110080496797,1,1,1,0
offset_1250_82,offset,1250,fixed_oracle,773.2906013044314,-444.6438142647829,450.0,450.0,direction,289.7541621584626,1030.7764064044152,1,1.5613580547199883,31.16830612484477,62.33661224968963,1,1,1,0,1,1.5613580547199883,31.16830612484477,62.33661224968963,1,1,1,0
offset_1250_83,offset,1250,fixed_oracle,-169.02282229180298,214.00734873418048,450.0,450.0,direction,201.47783544618395,1030.7764064044152,1,14.888970985199585,29.608419539298087,59.216839078596145,1,1,1,0,1,7.217121242549782,35.444457526287515,70.88891505257506,1,1,1,0
offset_1250_84,offset,1250,fixed_oracle,15.735361124909446,99.68691431787511,450.0,450.0,direction,217.98271563745692,1030.7764064044152,1,18.847414259019985,24.24072883519551,48.48145767039102,1,1,1,0,1,18.847414259020002,24.240728835195533,48.48145767039107,1,1,1,0
offset_1250_85,offset,1250,fixed_oracle,375.1696243745424,-159.77447827718987,450.0,450.0,direction,263.52947640907826,1030.7764064044152,1,11.713510569690937,20.472765788812573,40.94553157762515,1,1,1,0,1,11.71351056969096,20.4727657888126,40.945531577625204,1,1,1,0
offset_1250_86,offset,1250,fixed_oracle,6.6599183733868585,106.62062857657645,450.0,450.0,direction,216.93048073719385,1030.7764064044152,1,18.969005086702612,24.753824190429587,49.50764838085917,1,1,1,0,1,18.96900508670263,24.753824190429608,49.50764838085923,1,1,1,0
offset_1250_87,offset,1250,fixed_oracle,188.49838230053842,-39.136644280674545,450.0,450.0,direction,242.5637184621004,1030.7764064044152,1,7.0836093617084535,18.144663976733867,36.28932795346774,1,1,1,1,1,7.083609361708429,18.144663976733884,36.28932795346777,1,1,1,1
offset_1250_88,offset,1250,fixed_oracle,-17.166485615549846,107.14269511256134,450.0,450.0,direction,216.1325153415076,1030.7764064044152,1,2.0525254975233027,25.156385051822465,50.31277010364493,1,1,1,0,1,2.052525497523295,25.15638505182249,50.31277010364498,1,1,1,0
offset_1250_89,offset,1250,fixed_oracle,21.253548752707843,85.14342367461188,450.0,450.0,direction,220.36041755547936,1030.7764064044152,1,4.621171487313672,23.150178390534283,46.30035678106857,1,1,1,0,1,4.621171487313693,23.150178390534315,46.30035678106862,1,1,1,0
offset_1250_90,offset,1250,fixed_oracle,35.67669877224046,64.32465156481953,450.0,450.0,direction,223.43541370547862,1030.7764064044152,1,7.146192106192741,21.866050944215317,43.732101888430634,1,1,1,0,1,7.14619210619271,21.866050944215335,43.73210188843067,1,1,1,0
offset_1250_91,offset,1250,fixed_oracle,679.2370042047035,-384.55506005417396,450.0,450.0,direction,286.2248790482927,1030.7764064044152,1,17.171754246103706,28.72071555602608,57.44143111205207,1,1,1,0,1,17.171754246103706,28.72071555602608,57.44143111205207,1,1,1,0
offset_1250_92,offset,1250,fixed_oracle,-156.2497206173266,222.97040465844645,450.0,450.0,direction,200.1528837455638,1030.7764064044152,1,11.15390889033724,21.250434090942395,42.49651423947506,1,1,1,0,1,22.89413994129217,36.75571774475524,73.51143548951046,1,1,0,0
offset_1250_93,offset,1250,fixed_oracle,757.5794926384913,-436.74597014084003,450.0,450.0,direction,288.80131954919415,1030.7764064044152,1,10.844812870276337,30.455777687263044,60.91155537452604,1,1,1,0,1,10.844812870276337,30.455777687263044,60.91155537452604,1,1,1,0
offset_1250_94,offset,1250,fixed_oracle,66.7525366583327,48.23601351181833,450.0,450.0,direction,225.8320319675918,1030.7764064044152,1,5.433839940728008,20.95128324467862,41.90256648935724,1,1,1,0,1,5.433839940727998,20.951283244678642,41.902566489357284,1,1,1,0
offset_1250_95,offset,1250,fixed_oracle,568.991119085577,-306.8430159860609,450.0,450.0,direction,279.6429625446262,1030.7764064044152,1,11.021096233551141,25.28012011028343,50.56024022056686,1,1,1,0,1,11.021096233551141,25.28012011028343,50.56024022056686,1,1,1,0
offset_1250_96,offset,1250,fixed_oracle,-147.28950849841476,211.6004378803142,450.0,450.0,direction,201.2038605324848,1030.7764064044152,1,12.751782084642532,28.44755962963154,56.89511925926311,1,1,1,0,1,19.491679537189803,35.708626271292566,71.4172525425851,1,1,1,0
offset_1250_97,offset,1250,fixed_oracle,192.12765757817067,-55.677773117959816,450.0,450.0,direction,242.4794148462283,1030.7764064044152,1,15.058751522907034,18.14113928659569,36.28227857319136,1,1,1,1,1,15.058751522907036,18.141139286595703,36.2822785731914,1,1,1,1
offset_1250_98,offset,1250,fixed_oracle,433.5725467537037,-216.205658980086,450.0,450.0,direction,268.61728324264175,1030.7764064044152,1,7.663227371908364,21.599155346644086,43.19831069328814,1,1,1,0,1,7.663227371908355,21.59915534664411,43.19831069328817,1,1,1,0
offset_1250_99,offset,1250,fixed_oracle,625.2905635196038,-344.4670609248711,450.0,450.0,direction,282.5088257391959,1030.7764064044152,1,1.945086417624818,26.62829190545942,53.25658381091884,1,1,1,0,1,1.945086417624818,26.62829190545942,53.25658381091884,1,1,1,0
offset_1450_0,offset,1450,bayes,314.26920677274927,-122.49096659438845,450.0,450.0,direction,256.7346024098867,1030.7764064044152,1,3.2409375899695982,20.32217649268398,40.644352985367945,1,1,1,0,1,2.4484625052312863,19.363346586895243,38.72669317379048,1,1,1,1
offset_1450_1,offset,1450,bayes,-145.52099202603063,218.619861076887,450.0,450.0,direction,201.60446493295441,1030.7764064044152,1,18.801157803810582,35.71984114189041,71.43968228378083,1,1,1,0,1,19.704162772065,35.323548980677124,70.64709796135425,1,1,1,0
offset_1450_2,offset,1450,bayes,-299.042138417949,301.37673790103247,450.0,450.0,direction,190.7347303186318,1030.7764064044152,1,4.9405163467140625,47.46638218245671,94.93276436491337,1,1,1,0,1,8.621869624985232,49.27914980912889,98.55829961825783,1,1,1,0
offset_1450_3,offset,1450,bayes,-226.3598360695521,230.27627442377275,450.0,450.0,direction,197.8923657219723,1030.7764064044152,1,21.419695543898683,39.41760009164221,78.83520018328441,1,1,0,0,1,21.94290348965155,39.20513400557622,78.41026801115247,1,1,0,0
offset_1450_4,offset,1450,bayes,-199.56402173409538,255.8507691059084,450.0,450.0,direction,195.66765485364027,1030.7764064044152,1,33.64966134739396,40.45838602900907,80.91677205801811,1,1,0,0,1,35.162950489518494,41.91607510840067,83.83215021680137,1,1,0,0
offset_1450_5,offset,1450,bayes,88.033094963964,26.324860359258537,450.0,450.0,direction,230.2773803075802,1030.7764064044152,1,9.465689457630324,18.671072723027784,37.3364580564334,1,1,1,1,1,9.709565186943149,19.423136505301557,38.84627301060312,1,1,1,1
offset_1450_6,offset,1450,bayes,-16.850429725135655,112.90953302606874,450.0,450.0,direction,215.20567879171918,1030.7764064044152,1,10.40217223430375,26.27153499454194,52.54306998908388,1,1,1,0,1,10.359059054675175,25.639287358054776,51.27857471610955,1,1,1,0
offset_1450_7,offset,1450,bayes,112.67504888767212,23.973794672146937,450.0,450.0,direction,231.71312310445455,1030.7764064044152,1,6.5002619703549955,18.531704507338425,37.063409014676836,1,1,1,1,1,6.487350324577661,18.970275943204133,37.940551886408265,1,1,1,1
offset_1450_8,offset,1450,bayes,441.7345532951245,-208.8198284684832,450.0,450.0,direction,268.60750874470705,1030.7764064044152,1,5.071270556629124,19.51550510528226,39.03101021056449,1,1,1,1,1,7.4290599856099,21.596706190988407,43.193412381976785,1,1,1,0
offset_1450_9,offset,1450,bayes,-278.0018051449813,306.38297670610496,450.0,450.0,direction,190.5124281206364,1030.7764064044152,1,23.696510263552813,47.46638218245671,94.93276436491337,1,1,0,0,1,30.534137267112648,49.66414042113163,99.32828084226333,1,1,0,0
offset_1450_10,offset,1450,bayes,335.06229474195106,-127.9304272380599,450.0,450.0,direction,259.42879179800804,1030.7764064044152,1,13.650316274826519,20.682635012151444,41.36527002430289,1,1,1,0,1,15.176134412318644,19.755369462469176,39.51073892493838,1,1,1,1
offset_1450_11,offset,1450,bayes,118.0598009621981,-0.3517992995132886,450.0,450.0,direction,232.98355200438607,1030.7764064044152,1,13.080508721499765,18.443059601559415,36.88611920311883,1,1,1,1,1,11.974464409729205,18.58424809016829,37.16849618033658,1,1,1,1
offset_1450_12,offset,1450,bayes,-163.31929278630525,226.95362180030702,450.0,450.0,direction,199.33493461310377,1030.7764064044152,1,26.838656489004645,36.827805617578974,73.65561123515793,1,1,0,0,1,25.28457934206591,37.60955455560034,75.21910911120068,1,1,0,0
offset_1450_13,offset,1450,bayes,474.99743560222936,-230.43596672061608,450.0,450.0,direction,272.7603320867862,1030.7764064044152,1,17.18588878700105,24.512078789815032,49.02415757963003,1,1,1,0,1,15.393244646921577,22.75140782748852,45.50281565497704,1,1,1,0
offset_1450_14,offset,1450,bayes,-34.0555070771635,139.1057635640883,450.0,450.0,direction,212.76962009239443,1030.7764064044152,1,17.915031884845455,27.70548643694686,55.41097287389372,1,1,1,0,1,18.07058950264435,26.99345058886552,53.98690117773104,1,1,1,0
offset_1450_15,offset,1450,bayes,661.6988892213626,-371.6543263244841,450.0,450.0,direction,283.94096612297864,1030.7764064044152,1,19.007763439939527,32.728853063823415,65.4577061276467,1,1,1,0,1,15.029170742204697,27.383975759022203,54.76795151804444,1,1,1,0
offset_1450_16,offset,1450,bayes,268.6423521011445,-97.55093360045885,450.0,450.0,direction,251.3639481481146,1030.7764064044152,1,5.582194625568036,19.61485555444312,39.22971110888622,1,1,1,1,1,5.786551034161588,18.746169208846112,37.492338417692224,1,1,1,1
offset_1450_17,offset,1450,bayes,169.22254705219427,-35.10822771578228,450.0,450.0,direction,240.77361793329683,1030.7764064044152,1,12.201011288004826,17.86194633270879,35.72389266541758,1,1,1,1,1,12.37680612607486,18.078498679016793,36.156997358033585,1,1,1,1
offset_1450_18,offset,1450,bayes,200.43086429752384,-61.51969406219138,450.0,450.0,direction,244.92876902546416,1030.7764064044152,1,14.49700092577016,17.664677118345825,35.32935423669166,1,1,1,1,1,15.459785582309348,18.260275344052697,36.520550688105395,1,1,1,1
offset_1450_19,offset,1450,bayes,337.12417271316065,-134.85937154053056,450.0,450.0,direction,259.0124876255798,1030.7764064044152,1,6.449475302800132,20.682635012151444,41.36527002430289,1,1,1,0,1,4.934595053796741,19.69090288882201,39.381805777644,1,1,1,1
offset_1450_20,offset,1450,bayes,-31.905941268800802,101.5397856225095,450.0,450.0,direction,216.4219056762297,1030.7764064044152,1,14.621127251397311,24.843759582652847,49.68751916530568,1,1,1,0,1,16.188540941988894,25.009012510516627,50.01802502103325,1,1,1,0
offset_1450_21,offset,1450,bayes,-254.4788442367119,284.2959444688672,450.0,450.0,direction,193.60391645193238,1030.7764064044152,1,9.577474741494928,42.79809568980732,85.59619137961464,1,1,1,0,1,10.162268513937434,44.74401835821744,89.4880367164349,1,1,1,0
offset_1450_22,offset,1450,bayes,0.3837979505850626,73.9075140248948,450.0,450.0,direction,219.38956884882728,1030.7764064044152,1,17.343695987119812,23.363708232612115,46.72741646522423,1,1,1,0,1,16.977141892876023,23.58443321414964,47.16886642829928,1,1,1,0
offset_1450_23,offset,1450,bayes,-149.16350401898762,184.153083675042,450.0,450.0,direction,203.1211051131129,1030.7764064044152,1,12.353996211267843,34.441146469117854,68.88229293823571,1,1,1,0,1,12.822075611021663,33.931371849278605,67.86274369855721,1,1,1,0
offset_1450_24,offset,1450,bayes,-37.05788623705962,101.40097769278259,450.0,450.0,direction,215.24273091016138,1030.7764064044152,1,15.86183663595475,26.27153499454194,52.54306998908388,1,1,1,0,1,15.910184574643692,25.619656301271014,51.239312602542036,1,1,1,0
offset_1450_25,offset,1450,bayes,-100.55587664231257,170.0541691952269,450.0,450.0,direction,206.8027942344077,1030.7764064044152,1,5.562622864512919,30.416123221592922,60.832246443185824,1,1,1,0,1,6.126563161367302,30.934770149226274,61.86954029845255,1,1,1,0
offset_1450_26,offset,1450,bayes,-282.97981895702674,266.6451194073769,450.0,450.0,direction,194.11002017542108,1030.7764064044152,1,31.24496723004038,42.92084409589646,85.84168819179293,1,1,0,0,1,28.160119948562034,44.01984034222991,88.0396806844598,1,1,0,0
offset_1450_27,offset,1450,bayes,-55.01975645030495,135.11598049403824,450.0,450.0,direction,212.40273695294343,1030.7764064044152,1,3.0208919257500457,26.304217824686724,52.60843564937345,1,1,1,0,1,4.331027437083735,27.20882900216913,54.41765800433825,1,1,1,0
offset_1450_28,offset,1450,bayes,713.2889853553245,-401.12619291416246,450.0,450.0,direction,286.4096992841287,1030.7764064044152,1,17.59236215220847,23.839290136442017,47.67131859417208,1,1,1,0,1,16.27323229314053,28.836660662768317,57.673321325536584,1,1,1,0
offset_1450_29,offset,1450,bayes,-294.1801127618762,314.19308293773554,450.0,450.0,direction,191.16043111335867,1030.7764064044152,1,13.141114787489759,46.248303036656495,92.49660607331299,1,1,1,0,1,11.76683370059414,48.55631610252269,97.11263220504544,1,1,1,0
offset_1450_30,offset,1450,bayes,57.251268607919314,40.41641541365868,450.0,450.0,direction,225.32814435603134,1030.7764064044152,1,14.234595266661355,20.346743090376346,40.69348618075269,0,0,1,0,1,13.768991323328985,21.137874851183767,42.275749702367534,1,1,1,0
offset_1450_31,offset,1450,bayes,606.486531869128,-330.2865229889055,450.0,450.0,direction,281.4650954118198,1030.7764064044152,1,1.153716307454162,28.56082340366662,57.121646807333285,1,1,1,0,1,2.213302285408196,26.113362828987974,52.226725657976026,1,1,1,0
offset_1450_32,offset,1450,bayes,313.8417529477249,-127.85661202391015,450.0,450.0,direction,256.82124765393746,1030.7764064044152,1,2.979997991025958,20.32217649268398,40.644352985367945,1,1,1,0,1,2.9593143137033753,19.375049052059158,38.75009810411831,1,1,1,1
offset_1450_33,offset,1450,bayes,-130.89065234754162,169.89743485892734,450.0,450.0,direction,205.29327303419518,1030.7764064044152,1,13.455657432501116,31.74810575966859,63.496211519337166,1,1,1,0,1,13.496168394930255,32.10290924615385,64.2058184923077,1,1,1,0
offset_1450_34,offset,1450,bayes,231.08085518485905,-65.93089048594567,450.0,450.0,direction,247.45588674631298,1030.7764064044152,1,3.2956200250362953,19.63481511289596,39.269630225791936,1,1,1,1,1,4.858225378759141,18.420360731430545,36.8407214628611,1,1,1,1
offset_1450_35,offset,1450,bayes,55.02349557761647,47.22205174207579,450.0,450.0,direction,224.67274394309666,1030.7764064044152,1,11.677960504405595,21.728920665109428,43.457841330218855,1,1,1,0,1,10.856429519227632,21.385046243674037,42.77009248734807,1,1,1,0
offset_1450_36,offset,1450,bayes,83.80999947182124,50.085595387841295,450.0,450.0,direction,228.01556265562166,1030.7764064044152,1,11.869814568056146,20.140121394139843,40.280242788279686,1,1,1,0,1,11.735001735695365,20.17536863166268,40.35073726332536,1,1,1,0
offset_1450_37,offset,1450,bayes,88.01334025962092,30.673255599537697,450.0,450.0,direction,229.38482765839564,1030.7764064044152,1,2.1430560071964595,21.239330007885133,42.47866001577025,1,1,1,0,1,2.767534346436613,19.714087215398603,39.42817443079722,1,1,1,1
offset_1450_38,offset,1450,bayes,509.65951564742926,-259.641364872005,450.0,450.0,direction,274.50082575211053,1030.7764064044152,1,2.431060994015008,22.220906964756878,44.441813929513735,1,1,1,0,1,3.6341929018993433,23.3105618720398,46.6211237440796,1,1,1,0
offset_1450_39,offset,1450,bayes,-62.77782330428329,140.70857706754828,450.0,450.0,direction,211.59124158798022,1030.7764064044152,1,6.484613367412488,27.695310757235273,55.390621514470546,1,1,1,0,1,4.724432962056512,27.696603340447584,55.39320668089516,1,1,1,0
offset_1450_40,offset,1450,bayes,124.9578157575504,-5.4448821749537615,450.0,450.0,direction,235.17005600769036,1030.7764064044152,1,13.46106672012433,18.23393326601709,36.46231229932527,1,1,1,1,1,12.410480798988019,17.99604596407719,35.973736246939794,1,1,1,1
offset_1450_41,offset,1450,bayes,-68.75853169540733,148.56710730456962,450.0,450.0,direction,209.9715126098933,1030.7764064044152,1,7.500179075067111,29.089548810660443,58.179097621320885,1,1,1,0,1,6.735722895954129,28.719717857648828,57.43943571529764,1,1,1,0
offset_1450_42,offset,1450,bayes,164.84453212173287,-33.612871509290756,450.0,450.0,direction,239.22676670090084,1030.7764064044152,1,11.943593837096103,17.963556843260125,35.92711368652025,1,1,1,1,1,11.52922371537694,18.035843616670235,36.07168723334047,1,1,1,1
offset_1450_43,offset,1450,bayes,135.6806644941562,-12.32113082419994,450.0,450.0,direction,236.71382230059365,1030.7764064044152,1,13.847238384468639,19.24542444208077,38.49084888416154,0,0,1,1,1,13.659750926935846,17.995062918568728,35.98967690698288,1,1,1,1
offset_1450_44,offset,1450,bayes,-8.69954369520326,93.88192275510494,450.0,450.0,direction,217.15494558248378,1030.7764064044152,1,6.913375992345659,24.814788887999853,49.629577775999714,1,1,1,0,1,8.095720660234571,24.642708064503097,49.2854161290062,1,1,1,0
offset_1450_45,offset,1450,bayes,-243.49961507998069,243.8845568364984,450.0,450.0,direction,195.96785132369678,1030.7764064044152,1,17.27901587596976,40.45838602900907,80.91677205801811,1,1,1,0,1,17.61698266562875,41.53103804572993,83.0620760914599,1,1,1,0
offset_1450_46,offset,1450,bayes,-194.18804249426194,236.77406993906254,450.0,450.0,direction,198.36456331290722,1030.7764064044152,1,7.319051330533876,39.49138411030228,78.98276822060453,1,1,1,0,1,6.4656704223151005,38.66970254428211,77.33940508856419,1,1,1,0
offset_1450_47,offset,1450,bayes,357.36724973390716,-142.62665456267945,450.0,450.0,direction,260.44801882777557,1030.7764064044152,1,11.6000917531905,17.87416275983862,35.74832551967722,1,1,1,1,1,10.25270890047034,19.91946523511229,39.83893047022461,1,1,1,1
offset_1450_48,offset,1450,bayes,-289.11620568109083,310.26999073023933,450.0,450.0,direction,190.07797981701316,1030.7764064044152,1,20.23764579377877,47.32159144692065,94.6431828938413,1,1,0,0,1,26.392906046136954,50.43189806340579,100.86379612681154,1,1,0,0
offset_1450_49,offset,1450,bayes,545.7588400158775,-290.9771856562169,450.0,450.0,direction,276.7884994253695,1030.7764064044152,1,17.131016444474064,23.746843371820997,47.493686743641994,1,1,1,0,1,13.396241020095319,24.12359594755114,48.24719189510228,1,1,1,0
offset_1450_50,offset,1450,bayes,-170.65620917077365,201.4301976429423,450.0,450.0,direction,202.385302254868,1030.7764064044152,1,15.226626429653425,34.346416258192676,68.69283251638534,1,1,1,0,1,17.19094518892041,34.5941551819136,69.18831036382721,1,1,1,0
offset_1450_51,offset,1450,bayes,-285.34790851073626,294.3625814451707,450.0,450.0,direction,192.53980220482637,1030.7764064044152,1,14.953736757215344,45.29509987794413,90.59019975588824,1,1,1,0,1,9.260006888975003,46.337164626619774,92.67432925323959,1,1,1,0
offset_1450_52,offset,1450,bayes,17.03040407136382,100.36837257620641,450.0,450.0,direction,219.15777849733692,1030.7764064044152,1,14.446376802296184,23.363708232612115,46.72741646522423,1,1,1,0,1,14.438743033516577,23.69031589558281,47.38063179116562,1,1,1,0
offset_1450_53,offset,1450,bayes,-102.06114676783079,168.47396845259618,450.0,450.0,direction,206.41999283718482,1030.7764064044152,1,11.153032003899177,30.397212879261726,60.79442575852345,1,1,1,0,1,9.20880685520466,31.223588779202064,62.44717755840414,1,1,1,0
offset_1450_54,offset,1450,bayes,175.9329726416613,-30.364611501069646,450.0,450.0,direction,239.64753032971728,1030.7764064044152,1,6.605312956138864,17.92870362143202,35.85740724286404,1,1,1,1,1,6.513301022708966,18.046124454182834,36.09224890836567,1,1,1,1
offset_1450_55,offset,1450,bayes,-245.68777172202272,266.0207151282151,450.0,450.0,direction,195.42441548595662,1030.7764064044152,1,6.7812127852873845,41.73371661309989,83.46743322619974,1,1,1,0,1,9.348200358327771,42.2327347604653,84.4654695209306,1,1,1,0
offset_1450_56,offset,1450,bayes,-261.5153610527814,261.84312710289726,450.0,450.0,direction,195.53112622288626,1030.7764064044152,1,28.651017599762497,40.45838602900907,80.91677205801811,1,1,0,0,1,25.169908288145777,42.09329288947047,84.18658577894091,1,1,0,0
offset_1450_57,offset,1450,bayes,358.79550423091376,-167.40919375755402,450.0,450.0,direction,262.1748386823475,1030.7764064044152,1,10.541106529186903,21.29614124207865,42.59228248415733,1,1,1,0,1,9.919662431879178,20.218575490107128,40.43715098021423,1,1,1,0
offset_1450_58,offset,1450,bayes,201.9060077780216,-37.19630336582418,450.0,450.0,direction,243.76982008435814,1030.7764064044152,1,11.63326181838293,19.42881211283409,38.85762422566818,1,1,1,1,1,11.256128151207497,18.19956312205011,36.39912624410022,1,1,1,1
offset_1450_59,offset,1450,bayes,-319.90506370946196,341.01683810550935,450.0,450.0,direction,188.67829348585218,1030.7764064044152,1,17.015086041146436,46.141774444065526,92.28354888813105,1,1,1,0,1,20.616976046071215,53.05210183852385,106.10420367704778,1,1,0,0
offset_1450_60,offset,1450,bayes,209.05127762569737,-40.15578885785584,450.0,450.0,direction,243.9604670381158,1030.7764064044152,1,8.960351909342519,19.42881211283409,38.85762422566818,1,1,1,1,1,9.334977410852101,18.209010898983752,36.4180217979675,1,1,1,1
offset_1450_61,offset,1450,bayes,-200.8461470134007,216.12350253728698,450.0,450.0,direction,200.18670415525995,1030.7764064044152,1,23.667720317918175,35.562589775563964,71.1251795511279,1,1,0,0,1,22.576629326457386,36.72116402309801,73.44232804619604,1,1,0,0
offset_1450_62,offset,1450,bayes,151.0390746172859,2.8791994075169782,450.0,450.0,direction,235.78959357259754,1030.7764064044152,1,11.54484576602454,18.193429437650636,36.381316980450855,1,1,1,1,1,11.783029052494632,17.992511814295394,35.97699404872351,1,1,1,1
offset_1450_63,offset,1450,bayes,-267.6893710273332,259.282619420159,450.0,450.0,direction,195.357869547221,1030.7764064044152,1,27.93808654131484,41.73371661309989,83.46743322619974,1,1,0,0,1,29.063747333675227,42.32010786412666,84.64021572825332,1,1,0,0
offset_1450_64,offset,1450,bayes,-237.19895815182508,236.88416295230854,450.0,450.0,direction,197.4564724897807,1030.7764064044152,1,25.468514995067412,39.34664984316217,78.69329968632434,1,1,0,0,1,26.24065139205058,39.71128105593643,79.42256211187289,1,1,0,0
offset_1450_65,offset,1450,bayes,278.08124345257966,-90.63332218266368,450.0,450.0,direction,252.7893810069352,1030.7764064044152,1,9.526544759590353,19.167016233320073,38.33403246664013,1,1,1,1,1,9.944641735875924,18.889994473294788,37.77998894658959,1,1,1,1
offset_1450_66,offset,1450,bayes,-114.99667637121001,179.02861208499314,450.0,450.0,direction,205.71079205324452,1030.7764064044152,1,3.15222002365218,31.778783061043466,63.55756612208693,1,1,1,0,1,3.3906379292141064,31.771861227106278,63.54372245421254,1,1,1,0
offset_1450_67,offset,1450,bayes,-209.6270261713771,259.99212120884545,450.0,450.0,direction,196.07671363570668,1030.7764064044152,1,18.128418932952407,39.18117199522255,78.3623439904451,1,1,1,0,1,20.253206373171416,41.39295920365195,82.78591840730387,1,1,0,0
offset_1450_68,offset,1450,bayes,2.8892033196882494,96.53281987858509,450.0,450.0,direction,219.01499117519154,1030.7764064044152,1,7.821806153363577,23.363708232612115,46.72741646522423,0,0,1,0,1,6.585301255838252,23.755974819554353,47.5119496391087,1,1,1,0
offset_1450_69,offset,1450,bayes,404.54948557317124,-186.48859640417635,450.0,450.0,direction,266.03853788409543,1030.7764064044152,1,6.552245900665068,18.834556043795928,37.66911208759188,1,1,1,1,1,2.738249897100846,20.99247742446291,41.98495484892579,1,1,1,0
offset_1450_70,offset,1450,bayes,-295.1673990040649,294.7416474113994,450.0,450.0,direction,191.08146066412954,1030.7764064044152,1,6.357695755440151,46.248303036656495,92.49660607331299,1,1,1,0,1,10.269987580438729,48.688999100886264,97.37799820177258,1,1,1,0
offset_1450_71,offset,1450,bayes,337.4800801399033,-150.15386775094157,450.0,450.0,direction,259.72670638643876,1030.7764064044152,1,8.099305411264092,20.789435990929558,41.578871981859116,1,1,1,0,1,7.727365848927584,19.802406063324685,39.60481212664935,1,1,1,1
offset_1450_72,offset,1450,bayes,-212.3563906497568,271.64232932278367,450.0,450.0,direction,195.750073069998,1030.7764064044152,1,25.028139128231686,40.45838602900907,80.91677205801811,1,1,0,0,1,25.21104419699193,41.80973429280989,83.6194685856198,1,1,0,0
offset_1450_73,offset,1450,bayes,-91.27349207340887,153.28404054645466,450.0,450.0,direction,207.73109300630503,1030.7764064044152,1,10.611268053191658,30.44974281602978,60.89948563205956,1,1,1,0,1,11.298103678615261,30.254256025923127,60.50851205184625,1,1,1,0
offset_1450_74,offset,1450,bayes,-179.74532715995565,246.2898982358962,450.0,450.0,direction,197.7774851195114,1030.7764064044152,1,28.098251424310778,39.41760009164221,78.83520018328441,1,1,0,0,1,28.57834116020748,39.337407418944366,78.6748148378887,1,1,0,0
offset_1450_75,offset,1450,bayes,160.21013164205874,-19.531264779262017,450.0,450.0,direction,238.8150314870371,1030.7764064044152,1,5.114401070318469,19.38931131890981,38.77862263781962,1,1,1,1,1,5.41037428570073,18.02673529511475,36.0534705902295,1,1,1,1
offset_1450_76,offset,1450,bayes,-237.51461535464273,270.9753393973774,450.0,450.0,direction,194.0279561308293,1030.7764064044152,1,14.508767961563542,42.92084409589646,85.84168819179293,1,1,1,0,1,19.522553569413887,44.1358531973686,88.27170639473717,1,1,1,0
offset_1450_77,offset,1450,bayes,-138.12658571914972,170.3034231084356,450.0,450.0,direction,204.84588737669515,1030.7764064044152,1,17.271388794877048,33.13869402659139,66.27738805318276,1,1,1,0,1,17.331322490251633,32.46467141839001,64.92934283678002,1,1,1,0
offset_1450_78,offset,1450,bayes,-241.68149214136452,258.2555255877861,450.0,450.0,direction,196.36900679985698,1030.7764064044152,1,16.211484710249373,39.18117199522255,78.3623439904451,1,1,1,0,1,17.284686204628375,41.02622981545442,82.05245963090887,1,1,1,0
offset_1450_79,offset,1450,bayes,421.2203172658358,-201.67398287164548,450.0,450.0,direction,267.2528214057786,1030.7764064044152,1,3.863357708808843,22.818344126688686,45.63668825337734,1,1,1,0,1,4.218868477990033,21.26848298419654,42.53696596839311,1,1,1,0
offset_1450_80,offset,1450,bayes,-231.7931475745038,247.1425638975046,450.0,450.0,direction,196.6990370301648,1030.7764064044152,1,12.374143146501835,40.64468563489684,81.28937126979368,1,1,1,0,1,10.818040945595662,40.61904950156043,81.2380990031209,1,1,1,0
offset_1450_81,offset,1450,bayes,-82.94062067118887,168.21332227825246,450.0,450.0,direction,207.4341688422109,1030.7764064044152,1,20.024239527626335,30.426616200695605,60.85323240139121,1,1,0,0,1,17.64997645020018,30.46892660798322,60.93785321596644,1,1,1,0
offset_1450_82,offset,1450,bayes,-198.0735973776816,230.5716701980018,450.0,450.0,direction,199.10186856816304,1030.7764064044152,1,8.432573455929898,36.827805617578974,73.65561123515793,1,1,1,0,1,6.982234238649014,37.859392982182,75.718785964364,1,1,1,0
offset_1450_83,offset,1450,bayes,-138.77170605162394,180.7006601653908,450.0,450.0,direction,204.7038603557456,1030.7764064044152,1,11.848918189773567,33.13869402659139,66.27738805318276,1,1,1,0,1,11.088231932178298,32.581070950139996,65.16214190028,1,1,1,0
offset_1450_84,offset,1450,bayes,-92.82205261959268,166.18064463747692,450.0,450.0,direction,207.29301496097133,1030.7764064044152,1,10.105694773267162,30.426616200695605,60.85323240139121,1,1,1,0,1,8.87689930364806,30.57195694473807,61.14391388947614,1,1,1,0
offset_1450_85,offset,1450,bayes,379.4895955039757,-166.49722663720217,450.0,450.0,direction,263.59786754695944,1030.7764064044152,1,4.442973357346999,21.344432734647715,42.6888654692954,1,1,1,0,1,4.607961752656777,20.486073684642488,40.972147369284976,1,1,1,0
offset_1450_86,offset,1450,bayes,167.44242708191496,-31.178144862255067,450.0,450.0,direction,239.39665335903845,1030.7764064044152,1,9.169969745623488,17.963556843260125,35.92711368652025,1,1,1,1,1,7.930251174140931,18.039876074022253,36.07975214804451,1,1,1,1
offset_1450_87,offset,1450,bayes,-53.66345809351901,145.3082665337654,450.0,450.0,direction,210.78095061753498,1030.7764064044152,1,14.854531019267606,27.6916494037672,55.383298807534395,1,1,1,0,1,14.39204506161417,28.199917637181198,56.399835274362395,1,1,1,0
offset_1450_88,offset,1450,bayes,371.4354077719752,-154.07003380979097,450.0,450.0,direction,262.55563446775,1030.7764064044152,1,12.313992216264916,21.230221658391873,42.46044331678372,1,1,1,0,1,9.633813631594156,20.288245809568053,40.576491619136085,1,1,1,0
offset_1450_89,offset,1450,bayes,-323.99271740572067,301.38524521478973,450.0,450.0,direction,190.97675367738512,1030.7764064044152,1,22.69472533917834,47.46638218245671,94.93276436491337,1,1,0,0,1,23.14973174177997,48.86590564764776,97.73181129529557,1,1,0,0
offset_1450_90,offset,1450,bayes,374.9518703162906,-160.24116452530643,450.0,450.0,direction,263.4322949627531,1030.7764064044152,1,8.463499012655861,18.248951373644882,36.49790274728972,1,1,1,1,1,10.346306871776667,20.45393552566689,40.90787105133381,1,1,1,0
offset_1450_91,offset,1450,bayes,281.7957605608177,-92.23740024495117,450.0,450.0,direction,253.20940830833456,1030.7764064044152,1,10.845910256826853,19.946109038164888,39.892218076329776,1,1,1,1,1,10.865200252878553,18.93504155000017,37.87008310000033,1,1,1,1
offset_1450_92,offset,1450,bayes,301.3805743720866,-119.98497417657921,450.0,450.0,direction,254.73523310565685,1030.7764064044152,1,9.196251969670666,17.555069663592327,35.110139327184655,1,1,1,1,1,8.897562410192117,19.109204817131427,38.21840963426284,1,1,1,1
offset_1450_93,offset,1450,bayes,-223.48074955142215,246.46779071367052,450.0,450.0,direction,195.8573022858743,1030.7764064044152,1,14.850467923853195,40.45838602900907,80.91677205801811,0,0,1,0,1,13.592962623157904,41.6720964290878,83.34419285817563,1,1,1,0
offset_1450_94,offset,1450,bayes,-323.3408459427885,305.66604744719245,450.0,450.0,direction,190.06272722464578,1030.7764064044152,1,14.951305622381476,47.32159144692065,94.6431828938413,1,1,1,0,1,12.326496410103987,50.45922892062836,100.91845784125672,1,1,1,0
offset_1450_95,offset,1450,bayes,340.861712894731,-135.16829136008874,450.0,450.0,direction,259.3252763317988,1030.7764064044152,1,6.636100859740713,20.682635012151444,41.36527002430289,1,1,1,0,1,6.840737350344001,19.739202829740112,39.478405659480224,1,1,1,1
offset_1450_96,offset,1450,bayes,379.2262249202938,-176.43271429697444,450.0,450.0,direction,263.04637336419637,1030.7764064044152,1,8.285161173894547,18.248951373644882,36.49790274728972,1,1,1,1,1,10.2663802125502,20.380075624231957,40.76015124846389,1,1,1,0
offset_1450_97,offset,1450,bayes,23.473811783269525,66.69674004982812,450.0,450.0,direction,222.69295617776442,1030.7764064044152,1,14.008708382206919,21.824647900053645,43.64929580010729,1,1,1,0,1,13.458338358160214,22.164114810931547,44.32822962186311,1,1,1,0
offset_1450_98,offset,1450,bayes,185.1069020895419,-33.43932610344541,450.0,450.0,direction,242.01989828773324,1030.7764064044152,1,9.164764087379446,19.301688924985086,38.60337784997017,0,0,1,1,1,7.541997313555202,18.12264042056434,36.24528084112868,1,1,1,1
offset_1450_99,offset,1450,bayes,-68.14753727076948,158.40207350855826,450.0,450.0,direction,210.1649975263744,1030.7764064044152,1,13.455712726819026,29.097896164991404,58.19579232998281,1,1,1,0,1,13.309955340507528,28.593876258267795,57.187752516535596,1,1,1,0
offset_1450_0,offset,1450,fixed_assumed,314.26920677274927,-122.49096659438845,-150.0,-450.0,direction,35.27273687708213,1001.2492197250393,1,2.545766110544019,18.560884533202735,37.12176906640547,1,1,1,1,1,2.5457661105440703,18.560884533202735,37.12176906640547,1,1,1,1
offset_1450_1,offset,1450,fixed_assumed,-145.52099202603063,218.619861076887,-150.0,-450.0,direction,89.98781305776451,1001.2492197250393,1,45.61593882945015,6.319118289911435,12.638192231953079,0,0,0,1,1,18.163218707371236,35.83355519619693,71.66711039239391,1,1,1,0
offset_1450_2,offset,1450,fixed_assumed,-299.042138417949,301.37673790103247,-150.0,-450.0,direction,100.73147652330013,1001.2492197250393,0,,,,0,0,0,0,1,5.75873670004908,50.414215201891686,100.82843040378344,1,1,1,0
offset_1450_3,offset,1450,fixed_assumed,-226.3598360695521,230.27627442377275,-150.0,-450.0,direction,96.29989054578003,1001.2492197250393,0,,,,0,0,0,0,1,25.909521497764278,43.313497091522244,86.62699418304452,1,1,0,0
offset_1450_4,offset,1450,fixed_assumed,-199.56402173409538,255.8507691059084,-150.0,-450.0,direction,93.04334144116551,1001.2492197250393,0,,,,0,0,0,0,1,32.04260006393105,39.140303675036115,78.28060735007219,1,1,0,0
offset_1450_5,offset,1450,fixed_assumed,88.033094963964,26.324860359258537,-150.0,-450.0,direction,64.233701290786,1001.2492197250393,1,10.650821773679304,20.373145703698142,40.74629140739629,1,1,1,0,1,10.650821773679299,20.373145703698135,40.74629140739627,1,1,1,0
offset_1450_6,offset,1450,fixed_assumed,-16.850429725135655,112.90953302606874,-150.0,-450.0,direction,76.06638258274042,1001.2492197250393,1,9.273847945505915,25.57201946240531,51.14403892481062,1,1,1,0,1,9.273847945505915,25.572019462405297,51.144038924810594,1,1,1,0
offset_1450_7,offset,1450,fixed_assumed,112.67504888767212,23.973794672146937,-150.0,-450.0,direction,61.0899829865366,1001.2492197250393,1,6.125222921148253,19.30179536231309,38.60359072462617,1,1,1,1,1,6.125222921148266,19.30179536231308,38.60359072462615,1,1,1,1
offset_1450_8,offset,1450,fixed_assumed,441.7345532951245,-208.8198284684832,-150.0,-450.0,direction,21.501204248842978,1001.2492197250393,1,7.835299028956998,20.951673969181932,41.903347938363865,1,1,1,0,1,7.835299028956953,20.951673969181936,41.90334793836393,1,1,1,0
offset_1450_9,offset,1450,fixed_assumed,-278.0018051449813,306.38297670610496,-150.0,-450.0,direction,98.95776064746184,1001.2492197250393,0,,,,0,0,0,0,1,26.61933702685193,47.34276858840848,94.68553717681696,1,1,0,0
offset_1450_10,offset,1450,fixed_assumed,335.06229474195106,-127.9304272380599,-150.0,-450.0,direction,34.26009700913563,1001.2492197250393,1,14.452952566518984,18.68219759301802,37.3643951860361,1,1,1,1,1,14.452952566518984,18.68219759301802,37.36439518603604,1,1,1,1
offset_1450_11,offset,1450,fixed_assumed,118.0598009621981,-0.3517992995132886,-150.0,-450.0,direction,58.5748421289888,1001.2492197250393,1,11.72526752062259,18.513172795221955,37.02634559044391,1,1,1,1,1,11.725267520622507,18.513172795221948,37.026345590443896,1,1,1,1
offset_1450_12,offset,1450,fixed_assumed,-163.31929278630525,226.95362180030702,-150.0,-450.0,direction,90.47724902176391,1001.2492197250393,1,58.87935086343463,0.5306397835699731,1.0612758430849494,0,0,0,1,1,23.052301685222858,36.32894608418917,72.65789216837832,1,1,0,0
offset_1450_13,offset,1450,fixed_assumed,474.99743560222936,-230.43596672061608,-150.0,-450.0,direction,20.012955216810933,1001.2492197250393,1,14.455701243608388,21.325444706902417,42.65088941380489,1,1,1,0,1,14.455701243608388,21.325444706902417,42.65088941380489,1,1,1,0
offset_1450_14,offset,1450,fixed_assumed,-34.0555070771635,139.1057635640883,-150.0,-450.0,direction,78.92388802230553,1001.2492197250393,1,17.190693309086765,27.207157545133377,54.41431509026673,1,1,1,0,1,17.190693309086804,27.20715754513336,54.41431509026672,1,1,1,0
offset_1450_15,offset,1450,fixed_assumed,661.6988892213626,-371.6543263244841,-150.0,-450.0,direction,5.006109569948912,1001.2492197250393,1,14.904921904483642,27.177448303320308,54.354896606640644,1,1,1,0,1,14.904921904483642,27.177448303320308,54.354896606640644,1,1,1,0
offset_1450_16,offset,1450,fixed_assumed,268.6423521011445,-97.55093360045885,-150.0,-450.0,direction,39.78319740372501,1001.2492197250393,1,5.590643063578892,18.10636394977893,36.21272789955786,1,1,1,1,1,5.590643063578839,18.106363949778927,36.21272789955786,1,1,1,1
offset_1450_17,offset,1450,fixed_assumed,169.22254705219427,-35.10822771578228,-150.0,-450.0,direction,53.26049316676887,1001.2492197250393,1,11.922260533380816,17.479782756312822,34.95920420037357,1,1,1,1,1,11.922260533380797,17.479782756312822,34.95920420037356,1,1,1,1
offset_1450_18,offset,1450,fixed_assumed,200.43086429752384,-61.51969406219138,-150.0,-450.0,direction,48.88417885186787,1001.2492197250393,1,14.910206519012402,17.571554308264297,35.14310861652859,1,1,1,1,1,14.910206519012387,17.571554308264293,35.143108616528586,1,1,1,1
offset_1450_19,offset,1450,fixed_assumed,337.12417271316065,-134.85937154053056,-150.0,-450.0,direction,32.83655616918904,1001.2492197250393,1,5.3184524241026585,18.86549029693149,37.73098059386298,1,1,1,1,1,5.318452424102779,18.865490296931434,37.730980593862924,1,1,1,1
offset_1450_20,offset,1450,fixed_assumed,-31.905941268800802,101.5397856225095,-150.0,-450.0,direction,78.4661641812596,1001.2492197250393,1,18.15463856749977,26.932475172823203,53.86495034564642,1,1,1,0,1,18.154638567499667,26.932475172823203,53.864950345646406,1,1,1,0
offset_1450_21,offset,1450,fixed_assumed,-254.4788442367119,284.2959444688672,-150.0,-450.0,direction,98.46562627259189,1001.2492197250393,0,,,,0,0,0,0,1,8.256866846047416,46.548069937398246,93.0961398747965,1,1,1,0
offset_1450_22,offset,1450,fixed_assumed,0.3837979505850626,73.9075140248948,-150.0,-450.0,direction,73.46221034367758,1001.2492197250393,1,17.51636550058122,24.232269509288994,48.46453901857799,1,1,1,0,1,17.51636550058123,24.23226950928898,48.46453901857797,1,1,1,0
offset_1450_23,offset,1450,fixed_assumed,-149.16350401898762,184.153083675042,-150.0,-450.0,direction,89.11882067137641,1001.2492197250393,1,20.669963370982067,16.6048030870206,33.20763583482267,0,0,0,1,1,13.208823675016362,34.98334144928024,69.96668289856049,1,1,1,0
offset_1450_24,offset,1450,fixed_assumed,-37.05788623705962,101.40097769278259,-150.0,-450.0,direction,78.07487870054747,1001.2492197250393,1,16.91176016609495,26.701672368900237,53.40334473780049,1,1,1,0,1,16.91176016609495,26.701672368900237,53.403344737800474,1,1,1,0
offset_1450_25,offset,1450,fixed_assumed,-100.55587664231257,170.0541691952269,-150.0,-450.0,direction,85.29122533876614,1001.2492197250393,1,4.5289796856356235,31.63654109029652,63.273082180593015,1,1,1,0,1,4.5289796856356235,31.636541090296497,63.273082180592986,1,1,1,0
offset_1450_26,offset,1450,fixed_assumed,-282.97981895702674,266.6451194073769,-150.0,-450.0,direction,100.5778629607682,1001.2492197250393,0,,,,0,0,0,0,1,34.06755689938617,50.13458966687492,100.26917933374986,1,1,0,0
offset_1450_27,offset,1450,fixed_assumed,-55.01975645030495,135.11598049403824,-150.0,-450.0,direction,81.23861394043158,1001.2492197250393,1,5.4807475111886435,28.678705997469812,57.357411994939596,1,1,1,0,1,5.48074751118865,28.678705997469756,57.35741199493954,1,1,1,0
offset_1450_28,offset,1450,fixed_assumed,713.2889853553245,-401.12619291416246,-150.0,-450.0,direction,2.4609260117394225,1001.2492197250393,1,16.310834842875835,28.72569119285998,57.45138238571993,1,1,1,0,1,16.310834842875835,28.72569119285998,57.45138238571993,1,1,1,0
offset_1450_29,offset,1450,fixed_assumed,-294.1801127618762,314.19308293773554,-150.0,-450.0,direction,101.5026042597316,1001.2492197250393,0,,,,0,0,0,0,1,12.102561451361733,51.8598950440601,103.71979008812022,1,1,1,0
offset_1450_30,offset,1450,fixed_assumed,57.251268607919314,40.41641541365868,-150.0,-450.0,direction,66.21707070974928,1001.2492197250393,1,13.429506763481335,21.10473271824229,42.20946543648457,1,1,1,0,1,13.429506763481372,21.104732718242275,42.20946543648456,1,1,1,0
offset_1450_31,offset,1450,fixed_assumed,606.486531869128,-330.2865229889055,-150.0,-450.0,direction,9.11730788155257,1001.2492197250393,1,1.649115131732415,25.098120392454447,50.196240784908895,1,1,1,0,1,1.649115131732415,25.098120392454447,50.196240784908895,1,1,1,0
offset_1450_32,offset,1450,fixed_assumed,313.8417529477249,-127.85661202391015,-150.0,-450.0,direction,34.86022306696575,1001.2492197250393,1,2.4532911480646638,18.609411099544833,37.21882219908972,1,1,1,1,1,2.4532911480646638,18.609411099544833,37.218822199089665,1,1,1,1
offset_1450_33,offset,1450,fixed_assumed,-130.89065234754162,169.89743485892734,-150.0,-450.0,direction,87.78446437212905,1001.2492197250393,1,15.094813440694143,26.910866955295123,53.82173391059025,1,1,1,0,1,14.906792687540456,33.74655292231375,67.4931058446275,1,1,1,0
offset_1450_34,offset,1450,fixed_assumed,231.08085518485905,-65.93089048594567,-150.0,-450.0,direction,45.672073639387186,1001.2492197250393,1,4.224168872607083,17.705671989910975,35.41134397982193,1,1,1,1,1,4.224168872607038,17.70567198991095,35.41134397982193,1,1,1,1
offset_1450_35,offset,1450,fixed_assumed,55.02349557761647,47.22205174207579,-150.0,-450.0,direction,66.7042419715195,1001.2492197250393,1,10.283506032309738,21.291675298020355,42.58335059604072,1,1,1,0,1,10.283506032309736,21.29167529802035,42.583350596040695,1,1,1,0
offset_1450_36,offset,1450,fixed_assumed,83.80999947182124,50.085595387841295,-150.0,-450.0,direction,65.43702550584379,1001.2492197250393,1,11.364716850915828,20.81147758337311,41.62295516674622,1,1,1,0,1,11.364716850915803,20.811477583373104,41.62295516674621,1,1,1,0
offset_1450_37,offset,1450,fixed_assumed,88.01334025962092,30.673255599537697,-150.0,-450.0,direction,63.84437614689006,1001.2492197250393,1,3.5766253080834356,20.23483292676778,40.46966585353556,1,1,1,0,1,3.576625308083424,20.234832926767773,40.469665853535545,1,1,1,0
offset_1450_38,offset,1450,fixed_assumed,509.65951564742926,-259.641364872005,-150.0,-450.0,direction,15.791880953914836,1001.2492197250393,1,4.030142901228215,22.548152531369006,45.09630506273805,1,1,1,0,1,4.030142901228215,22.548152531369006,45.09630506273794,1,1,1,0
offset_1450_39,offset,1450,fixed_assumed,-62.77782330428329,140.70857706754828,-150.0,-450.0,direction,82.09476257754568,1001.2492197250393,1,5.925524904291366,29.26049366584988,58.52098733169974,1,1,1,0,1,5.925524904291366,29.260493665849836,58.52098733169971,1,1,1,0
offset_1450_40,offset,1450,fixed_assumed,124.9578157575504,-5.4448821749537615,-150.0,-450.0,direction,58.947935012564656,1001.2492197250393,1,13.145346168905803,18.626638714798773,37.253277429597546,1,1,1,1,1,13.145346168905782,18.626638714798766,37.25327742959753,1,1,1,1
offset_1450_41,offset,1450,fixed_assumed,-68.75853169540733,148.56710730456962,-150.0,-450.0,direction,82.08277321344227,1001.2492197250393,1,5.383174441855865,29.25219749819817,58.50439499639637,1,1,1,0,1,5.383174441855861,29.252197498198186,58.50439499639636,1,1,1,0
offset_1450_42,offset,1450,fixed_assumed,164.84453212173287,-33.612871509290756,-150.0,-450.0,direction,52.657719118423685,1001.2492197250393,1,11.17394354184917,17.48615646178334,34.97231292356668,1,1,1,1,1,11.17394354184917,17.486156461783338,34.972312923566676,1,1,1,1
offset_1450_43,offset,1450,fixed_assumed,135.6806644941562,-12.32113082419994,-150.0,-450.0,direction,57.79133293983575,1001.2492197250393,1,13.909251637637388,18.278665302993733,36.55733060598747,1,1,1,1,1,13.909251637637384,18.278665302993726,36.55733060598745,1,1,1,1
offset_1450_44,offset,1450,fixed_assumed,-8.69954369520326,93.88192275510494,-150.0,-450.0,direction,74.76697182952273,1001.2492197250393,1,7.6517441701996125,24.886966027170864,49.77393205434173,1,1,1,0,1,7.65174417019958,24.88696602717085,49.773932054341685,1,1,1,0
offset_1450_45,offset,1450,fixed_assumed,-243.49961507998069,243.8845568364984,-150.0,-450.0,direction,97.08961552480608,1001.2492197250393,0,,,,0,0,0,0,1,20.20573879271647,44.44585315765325,88.89170631530642,1,1,0,0
offset_1450_46,offset,1450,fixed_assumed,-194.18804249426194,236.77406993906254,-150.0,-450.0,direction,93.73146398297152,1001.2492197250393,0,,,,0,0,0,0,1,4.338206366583291,39.96109845653628,79.92219691307254,1,1,1,0
offset_1450_47,offset,1450,fixed_assumed,357.36724973390716,-142.62665456267945,-150.0,-450.0,direction,30.540294705646843,1001.2492197250393,1,10.924784476346181,19.194172262171058,38.388344524342116,1,1,1,1,1,10.924784476346172,19.194172262171,38.38834452434206,1,1,1,1
offset_1450_48,offset,1450,fixed_assumed,-289.11620568109083,310.26999073023933,-150.0,-450.0,direction,99.74196602092283,1001.2492197250393,0,,,,0,0,0,0,1,22.470157450689335,48.65926787056903,97.3185357411381,1,1,0,0
offset_1450_49,offset,1450,fixed_assumed,545.7588400158775,-290.9771856562169,-150.0,-450.0,direction,12.2991896190368,1001.2492197250393,1,13.207093419005437,23.77388484549128,47.54776969098256,1,1,1,0,1,13.207093419005437,23.77388484549128,47.54776969098256,1,1,1,0
offset_1450_50,offset,1450,fixed_assumed,-170.65620917077365,201.4301976429423,-150.0,-450.0,direction,92.37562411217696,1001.2492197250393,0,,,,0,0,0,0,1,20.89676892465497,38.37214425950115,76.74428851900231,1,1,0,0
offset_1450_51,offset,1450,fixed_assumed,-285.34790851073626,294.3625814451707,-150.0,-450.0,direction,100.89496733565163,1001.2492197250393,0,,,,0,0,0,0,1,13.790850475807705,50.71481867029014,101.42963734058029,1,1,1,0
offset_1450_52,offset,1450,fixed_assumed,17.03040407136382,100.36837257620641,-150.0,-450.0,direction,73.35377459288055,1001.2492197250393,1,13.836429817429126,24.179281720478944,48.35856344095787,1,1,1,0,1,13.836429817429194,24.17928172047893,48.35856344095786,1,1,1,0
offset_1450_53,offset,1450,fixed_assumed,-102.06114676783079,168.47396845259618,-150.0,-450.0,direction,84.96826253662847,1001.2492197250393,1,7.59999637181461,31.38068774552225,62.76137549104452,1,1,1,0,1,7.59999637181461,31.38068774552225,62.7613754910445,1,1,1,0
offset_1450_54,offset,1450,fixed_assumed,175.9329726416613,-30.364611501069646,-150.0,-450.0,direction,51.51732802975407,1001.2492197250393,1,6.602995974640232,17.503872797580225,35.00774559516043,1,1,1,1,1,6.602995974640292,17.503872797580197,35.0077455951604,1,1,1,1
offset_1450_55,offset,1450,fixed_assumed,-245.68777172202272,266.0207151282151,-150.0,-450.0,direction,98.22308837965952,1001.2492197250393,0,,,,0,0,0,0,1,13.309458590479279,46.16497954949929,92.32995909899859,1,1,1,0
offset_1450_56,offset,1450,fixed_assumed,-261.5153610527814,261.84312710289726,-150.0,-450.0,direction,99.62203462291394,1001.2492197250393,0,,,,0,0,0,0,1,31.27594419001499,48.45380709426843,96.90761418853684,1,1,0,0
offset_1450_57,offset,1450,fixed_assumed,358.79550423091376,-167.40919375755402,-150.0,-450.0,direction,29.626166242935405,1001.2492197250393,1,9.215059700545048,19.33696267578786,38.67392535157566,1,1,1,1,1,9.21505970054501,19.336962675787802,38.673925351575605,1,1,1,1
offset_1450_58,offset,1450,fixed_assumed,201.9060077780216,-37.19630336582418,-150.0,-450.0,direction,50.30943085138216,1001.2492197250393,1,10.679236853050746,17.53025820396507,35.06051640793014,1,1,1,1,1,10.679236853050748,17.53025820396507,35.06051640793016,1,1,1,1
offset_1450_59,offset,1450,fixed_assumed,-319.90506370946196,341.01683810550935,-150.0,-450.0,direction,102.74393046028293,1001.2492197250393,0,,,,0,0,0,0,1,17.596176909152188,54.34393247675445,108.68786495350895,1,1,1,0
offset_1450_60,offset,1450,fixed_assumed,209.05127762569737,-40.15578885785584,-150.0,-450.0,direction,48.91752688969112,1001.2492197250393,1,9.462370243409508,17.57046152108295,35.1409230421659,1,1,1,1,1,9.46237024340958,17.57046152108295,35.14092304216587,1,1,1,1
offset_1450_61,offset,1450,fixed_assumed,-200.8461470134007,216.12350253728698,-150.0,-450.0,direction,94.78620227727819,1001.2492197250393,0,,,,0,0,0,0,1,27.021310440201884,41.280205376246904,82.56041075249384,1,1,0,0
offset_1450_62,offset,1450,fixed_assumed,151.0390746172859,2.8791994075169782,-150.0,-450.0,direction,55.94480655281353,1001.2492197250393,1,11.61336435400988,17.745255888274947,35.490511776549894,1,1,1,1,1,11.613364354009883,17.745255888274936,35.49051177654987,1,1,1,1
offset_1450_63,offset,1450,fixed_assumed,-267.6893710273332,259.282619420159,-150.0,-450.0,direction,99.89723810222524,1001.2492197250393,0,,,,0,0,0,0,1,35.46050787165659,48.927543739719184,97.8550874794384,1,1,0,0
offset_1450_64,offset,1450,fixed_assumed,-237.19895815182508,236.88416295230854,-150.0,-450.0,direction,97.46155155902214,1001.2492197250393,0,,,,0,0,0,0,1,31.37302397163884,44.997383426550435,89.99476685310081,1,1,0,0
offset_1450_65,offset,1450,fixed_assumed,278.08124345257966,-90.63332218266368,-150.0,-450.0,direction,40.442658810087686,1001.2492197250393,1,9.629345193739095,18.051047326604817,36.102094653209654,1,1,1,1,1,9.629345193739141,18.051047326604813,36.102094653209654,1,1,1,1
offset_1450_66,offset,1450,fixed_assumed,-114.99667637121001,179.02861208499314,-150.0,-450.0,direction,86.90346745984141,1001.2492197250393,1,3.6189115537833403,30.55243042737164,61.10486085474328,1,1,1,0,1,2.3083130057138472,32.97252380162322,65.94504760324644,1,1,1,0
offset_1450_67,offset,1450,fixed_assumed,-209.6270261713771,259.99212120884545,-150.0,-450.0,direction,94.80806891665944,1001.2492197250393,0,,,,0,0,0,0,1,17.80863723586576,41.308369514649385,82.61673902929876,1,1,1,0
offset_1450_68,offset,1450,fixed_assumed,2.8892033196882494,96.53281987858509,-150.0,-450.0,direction,75.05792570866485,1001.2492197250393,1,7.201618283696089,25.037407330492176,50.07481466098435,1,1,1,0,1,7.2016182836961,25.03740733049216,50.07481466098432,1,1,1,0
offset_1450_69,offset,1450,fixed_assumed,404.54948557317124,-186.48859640417635,-150.0,-450.0,direction,25.539175241985856,1001.2492197250393,1,2.644682164373397,20.066272913937173,40.132545827874345,1,1,1,0,1,2.644682164373397,20.066272913937173,40.132545827874345,1,1,1,0
offset_1450_70,offset,1450,fixed_assumed,-295.1673990040649,294.7416474113994,-150.0,-450.0,direction,100.3420236057074,1001.2492197250393,0,,,,0,0,0,0,1,8.333403114488302,49.71051445867209,99.42102891734412,1,1,1,0
offset_1450_71,offset,1450,fixed_assumed,337.4800801399033,-150.15386775094157,-150.0,-450.0,direction,31.940966470897507,1001.2492197250393,1,7.132114468708053,18.988711076575,37.97742215315,1,1,1,1,1,7.132114468708053,18.988711076575,37.97742215315,1,1,1,1
offset_1450_72,offset,1450,fixed_assumed,-212.3563906497568,271.64232932278367,-150.0,-450.0,direction,95.61769250354,1001.2492197250393,0,,,,0,0,0,0,1,23.12834922790988,42.375662106533404,84.75132421306681,1,1,0,0
offset_1450_73,offset,1450,fixed_assumed,-91.27349207340887,153.28404054645466,-150.0,-450.0,direction,83.44044439829091,1001.2492197250393,1,10.088438515394987,30.2197766343089,60.439553268617814,1,1,1,0,1,10.088438515394964,30.219776634308886,60.43955326861781,1,1,1,0
offset_1450_74,offset,1450,fixed_assumed,-179.74532715995565,246.2898982358962,-150.0,-450.0,direction,92.29829512700404,1001.2492197250393,0,,,,0,0,0,0,1,26.227885942859366,38.28492122377329,76.5698424475466,1,1,0,0
offset_1450_75,offset,1450,fixed_assumed,160.21013164205874,-19.531264779262017,-150.0,-450.0,direction,54.71970995858817,1001.2492197250393,1,5.259085628722467,17.479628883778144,34.943511966814285,1,1,1,1,1,5.259085628722449,17.479628883778144,34.94351196681428,1,1,1,1
offset_1450_76,offset,1450,fixed_assumed,-237.51461535464273,270.9753393973774,-150.0,-450.0,direction,96.35351067317954,1001.2492197250393,0,,,,0,0,0,0,1,16.510602905471043,43.3887644373298,86.77752887465965,1,1,1,0
offset_1450_77,offset,1450,fixed_assumed,-138.12658571914972,170.3034231084356,-150.0,-450.0,direction,88.31485019237863,1001.2492197250393,1,19.6748208856265,24.989477938864916,49.97895587772983,1,1,1,0,1,18.830145009562248,34.22856401848175,68.45712803696354,1,1,1,0
offset_1450_78,offset,1450,fixed_assumed,-241.68149214136452,258.2555255877861,-150.0,-450.0,direction,98.25058302950085,1001.2492197250393,0,,,,0,0,0,0,1,22.17785872448682,46.208129023527064,92.41625804705413,1,1,0,0
offset_1450_79,offset,1450,fixed_assumed,421.2203172658358,-201.67398287164548,-150.0,-450.0,direction,23.277495346937965,1001.2492197250393,1,4.108894230757947,20.540149814465885,41.08029962893172,1,1,1,0,1,4.108894230757821,20.54014981446583,41.08029962893166,1,1,1,0
offset_1450_80,offset,1450,fixed_assumed,-231.7931475745038,247.1425638975046,-150.0,-450.0,direction,96.82115255580061,1001.2492197250393,0,,,,0,0,0,0,1,14.506474513347214,44.055111979281996,88.110223958564,1,1,1,0
offset_1450_81,offset,1450,fixed_assumed,-82.94062067118887,168.21332227825246,-150.0,-450.0,direction,83.37616576910915,1001.2492197250393,1,16.30207829544993,30.172652727079637,60.34530545415927,1,1,1,0,1,16.30207829544985,30.172652727079623,60.34530545415924,1,1,1,0
offset_1450_82,offset,1450,fixed_assumed,-198.0735973776816,230.5716701980018,-150.0,-450.0,direction,94.43700848516322,1001.2492197250393,0,,,,0,0,0,0,1,10.250710633466356,40.83502038572432,81.67004077144864,1,1,1,0
offset_1450_83,offset,1450,fixed_assumed,-138.77170605162394,180.7006601653908,-150.0,-450.0,direction,89.10497046616692,1001.2492197250393,1,9.841750389105822,16.77085865528227,33.53970597942319,0,0,1,1,1,13.571611667966797,34.97008504778935,69.94017009557868,1,1,1,0
offset_1450_84,offset,1450,fixed_assumed,-92.82205261959268,166.18064463747692,-150.0,-450.0,direction,84.3882649132166,1001.2492197250393,1,7.351770423874151,30.93054952792247,61.86109905584491,1,1,1,0,1,7.351770423874225,30.930549527922416,61.86109905584485,1,1,1,0
offset_1450_85,offset,1450,fixed_assumed,379.4895955039757,-166.49722663720217,-150.0,-450.0,direction,28.288362145331785,1001.2492197250393,1,4.64811079336697,19.55886717798369,39.11773435596738,1,1,1,1,1,4.64811079336697,19.55886717798369,39.11773435596738,1,1,1,1
offset_1450_86,offset,1450,fixed_assumed,167.44242708191496,-31.178144862255067,-150.0,-450.0,direction,52.65897867949684,1001.2492197250393,1,7.619872375533568,17.486140742519083,34.972281485038174,1,1,1,1,1,7.619872375533556,17.486140742519083,34.97228148503817,1,1,1,1
offset_1450_87,offset,1450,fixed_assumed,-53.66345809351901,145.3082665337654,-150.0,-450.0,direction,80.41679009379891,1001.2492197250393,1,13.243829678560875,28.139861902337834,56.27972380467568,1,1,1,0,1,13.243829678560902,28.13986190233782,56.27972380467567,1,1,1,0
offset_1450_88,offset,1450,fixed_assumed,371.4354077719752,-154.07003380979097,-150.0,-450.0,direction,29.542044763438284,1001.2492197250393,1,9.860972511283125,19.35045782315486,38.70091564630977,1,1,1,1,1,9.860972511283125,19.35045782315486,38.70091564630972,1,1,1,1
offset_1450_89,offset,1450,fixed_assumed,-323.99271740572067,301.38524521478973,-150.0,-450.0,direction,103.14541361657348,1001.2492197250393,0,,,,0,0,0,0,1,29.394220349550462,55.19185205328653,110.38370410657306,1,1,0,0
offset_1450_90,offset,1450,fixed_assumed,374.9518703162906,-160.24116452530643,-150.0,-450.0,direction,29.340864793870157,1001.2492197250393,1,9.89468355654151,19.382978215584547,38.76595643116916,1,1,1,1,1,9.89468355654151,19.382978215584547,38.76595643116916,1,1,1,1
offset_1450_91,offset,1450,fixed_assumed,281.7957605608177,-92.23740024495117,-150.0,-450.0,direction,40.08681734412068,1001.2492197250393,1,10.536800563814962,18.080556241768182,36.16111248353639,1,1,1,1,1,10.536800563814971,18.080556241768182,36.161112483536364,1,1,1,1
offset_1450_92,offset,1450,fixed_assumed,301.3805743720866,-119.98497417657921,-150.0,-450.0,direction,35.52072342984611,1001.2492197250393,1,8.715820676734994,18.53229539192236,37.064590783844665,1,1,1,1,1,8.715820676735051,18.532295391922357,37.064590783844665,1,1,1,1
offset_1450_93,offset,1450,fixed_assumed,-223.48074955142215,246.46779071367052,-150.0,-450.0,direction,95.0646955290729,1001.2492197250393,0,,,,0,0,0,0,1,11.39198496777753,41.6414677128473,83.28293542569459,1,1,1,0
offset_1450_94,offset,1450,fixed_assumed,-323.3408459427885,305.66604744719245,-150.0,-450.0,direction,102.41031648548204,1001.2492197250393,0,,,,0,0,0,0,1,15.207274539749754,53.65635189180689,107.31270378361373,1,1,1,0
offset_1450_95,offset,1450,fixed_assumed,340.861712894731,-135.16829136008874,-150.0,-450.0,direction,32.56552217459434,1001.2492197250393,1,7.23143054975367,18.902124815930495,37.80424963186099,1,1,1,1,1,7.231430549753692,18.90212481593044,37.804249631860934,1,1,1,1
offset_1450_96,offset,1450,fixed_assumed,379.2262249202938,-176.43271429697444,-150.0,-450.0,direction,26.82758152892627,1001.2492197250393,1,9.985212402926985,19.819552893373377,39.6391057867467,1,1,1,1,1,9.985212402926985,19.819552893373377,39.6391057867467,1,1,1,1
offset_1450_97,offset,1450,fixed_assumed,23.473811783269525,66.69674004982812,-150.0,-450.0,direction,72.18933074817375,1001.2492197250393,1,14.94388375188642,23.623392618715023,47.24678523743004,1,1,1,0,1,14.94388375188642,23.62339261871501,47.246785237430025,1,1,1,0
offset_1450_98,offset,1450,fixed_assumed,185.1069020895419,-33.43932610344541,-150.0,-450.0,direction,51.924426346585875,1001.2492197250393,1,6.779863523643136,17.496748634657195,34.99349726931436,1,1,1,1,1,6.779863523643107,17.496748634657163,34.993497269314325,1,1,1,1
offset_1450_99,offset,1450,fixed_assumed,-68.14753727076948,158.40207350855826,-150.0,-450.0,direction,83.13310935764537,1001.2492197250393,1,12.836467363796134,29.995669865672145,59.99133973134432,1,1,1,0,1,12.836467363796169,29.995669865672127,59.99133973134427,1,1,1,0
offset_1450_0,offset,1450,fixed_oracle,314.26920677274927,-122.49096659438845,-300.0,-450.0,direction,28.137615230704558,1151.0864433221338,1,2.900881173507003,22.51574446761873,45.031488935237405,1,1,1,0,1,2.900881173507003,22.51574446761873,45.031488935237405,1,1,1,0
offset_1450_1,offset,1450,fixed_oracle,-145.52099202603063,218.619861076887,-300.0,-450.0,direction,77.36219227723376,1151.0864433221338,1,17.36746689738144,30.29180958660979,60.583619173219596,1,1,1,0,1,17.36746689738138,30.29180958660982,60.583619173219624,1,1,1,0
offset_1450_2,offset,1450,fixed_oracle,-299.042138417949,301.37673790103247,-300.0,-450.0,direction,89.43895219400991,1151.0864433221338,1,5.7273089177351135,40.71068102180791,81.42136204361582,1,1,1,0,1,5.727308917735282,40.710681021807964,81.42136204361587,1,1,1,0
offset_1450_3,offset,1450,fixed_oracle,-226.3598360695521,230.27627442377275,-300.0,-450.0,direction,83.71711464959388,1151.0864433221338,1,22.02442054354826,35.07598095694257,70.15196191388517,1,1,0,0,1,22.02442054354832,35.075980956942594,70.15196191388519,1,1,0,0
offset_1450_4,offset,1450,fixed_oracle,-199.56402173409538,255.8507691059084,-300.0,-450.0,direction,80.92839884739203,1151.0864433221338,1,26.8550715255915,32.817857234165636,65.63571446833127,1,1,0,0,1,26.855071525591512,32.817857234165665,65.63571446833133,1,1,0,0
offset_1450_5,offset,1450,fixed_oracle,88.033094963964,26.324860359258537,-300.0,-450.0,direction,51.618681050236816,1151.0864433221338,1,9.670903298015215,20.121197528693873,40.24239505738776,1,1,1,0,1,9.670903298015206,20.121197528693894,40.242395057387796,1,1,1,0
offset_1450_6,offset,1450,fixed_oracle,-16.850429725135655,112.90953302606874,-300.0,-450.0,direction,62.67153201516333,1151.0864433221338,1,8.56800808228499,22.812718479944365,45.62543695988873,1,1,1,0,1,8.568008082284969,22.812718479944376,45.625436959888766,1,1,1,0
offset_1450_7,offset,1450,fixed_oracle,112.67504888767212,23.973794672146937,-300.0,-450.0,direction,49.03995825135957,1151.0864433221338,1,6.653602555993517,20.195333592526083,40.39066718505218,1,1,1,0,1,6.653602555993514,20.1953335925261,40.3906671850522,1,1,1,0
offset_1450_8,offset,1450,fixed_oracle,441.7345532951245,-208.8198284684832,-300.0,-450.0,direction,17.33859114499116,1151.0864433221338,1,9.6387781090034,25.373009786547584,50.74601957309517,1,1,1,0,1,9.6387781090034,25.373009786547584,50.74601957309517,1,1,1,0
offset_1450_9,offset,1450,fixed_oracle,-278.0018051449813,306.38297670610496,-300.0,-450.0,direction,87.68677763009657,1151.0864433221338,1,22.01629202097624,38.820269950307306,77.64053990061461,1,1,0,0,1,22.016292020976348,38.820269950307306,77.64053990061466,1,1,0,0
offset_1450_10,offset,1450,fixed_oracle,335.06229474195106,-127.9304272380599,-300.0,-450.0,direction,27.568585080167548,1151.0864433221338,1,17.212034390556042,22.630698235694275,45.26139647138855,1,1,1,0,1,17.212034390556042,22.630698235694275,45.26139647138855,1,1,1,0
offset_1450_11,offset,1450,fixed_oracle,118.0598009621981,-0.3517992995132886,-300.0,-450.0,direction,46.461214471115255,1151.0864433221338,1,13.425227617517413,20.31130784611439,40.62261569222875,1,1,1,0,1,13.42522761751741,20.31130784611439,40.62261569222876,1,1,1,0
offset_1450_12,offset,1450,fixed_oracle,-163.31929278630525,226.95362180030702,-300.0,-450.0,direction,77.93520473211824,1151.0864433221338,1,19.610631082854223,30.673340682018768,61.346681364037536,1,1,1,0,1,19.61063108285427,30.673340682018797,61.34668136403759,1,1,1,0
offset_1450_13,offset,1450,fixed_oracle,474.99743560222936,-230.43596672061608,-300.0,-450.0,direction,16.47430420436139,1151.0864433221338,1,17.33059206917736,25.674839433113743,51.34967886622754,1,1,1,0,1,17.330592069177257,25.674839433113736,51.349678866227535,1,1,1,0
offset_1450_14,offset,1450,fixed_oracle,-34.0555070771635,139.1057635640883,-300.0,-450.0,direction,65.76200550107067,1151.0864433221338,1,16.319499975978434,24.091167955177674,48.18233591035536,1,1,1,0,1,16.319499975978427,24.091167955177703,48.18233591035539,1,1,1,0
offset_1450_15,offset,1450,fixed_oracle,661.6988892213626,-371.6543263244841,-300.0,-450.0,direction,4.1503318299796845,1151.0864433221338,1,17.270531355012526,31.814266166385643,63.628532332771286,1,1,1,0,1,17.270531355012526,31.814266166385643,63.628532332771286,1,1,1,0
offset_1450_16,offset,1450,fixed_oracle,268.6423521011445,-97.55093360045885,-300.0,-450.0,direction,31.480611529597542,1151.0864433221338,1,6.769849421719691,21.90600849136581,43.81201698273159,1,1,1,0,1,6.769849421719808,21.90600849136581,43.81201698273159,1,1,1,0
offset_1450_17,offset,1450,fixed_oracle,169.22254705219427,-35.10822771578228,-300.0,-450.0,direction,42.31906437755509,1151.0864433221338,1,11.68640302883808,20.58836762656921,41.17673525313839,1,1,1,0,1,11.686403028838072,20.588367626569212,41.176735253138425,1,1,1,0
offset_1450_18,offset,1450,fixed_oracle,200.43086429752384,-61.51969406219138,-300.0,-450.0,direction,38.75828897476201,1151.0864433221338,1,14.705658699996278,20.921123979667236,41.84224795933444,1,1,1,0,1,14.705658699996302,20.921123979667264,41.8422479593345,1,1,1,0
offset_1450_19,offset,1450,fixed_oracle,337.12417271316065,-134.85937154053056,-300.0,-450.0,direction,26.25444245418513,1151.0864433221338,1,5.522265839173253,22.909434802752813,45.81886960550563,1,1,1,0,1,5.522265839173253,22.909434802752813,45.81886960550563,1,1,1,0
offset_1450_20,offset,1450,fixed_oracle,-31.905941268800802,101.5397856225095,-300.0,-450.0,direction,64.62808605752933,1151.0864433221338,1,15.881614967176246,23.607677529044338,47.21535505808867,1,1,1,0,1,15.881614967176231,23.607677529044338,47.21535505808869,1,1,1,0
offset_1450_21,offset,1450,fixed_oracle,-254.4788442367119,284.2959444688672,-300.0,-450.0,direction,86.82029353417164,1151.0864433221338,1,8.502621209418615,37.942900777682965,75.88580155536593,1,1,1,0,1,8.502621209418658,37.942900777682965,75.88580155536599,1,1,1,0
offset_1450_22,offset,1450,fixed_oracle,0.3837979505850626,73.9075140248948,-300.0,-450.0,direction,59.65002613640383,1151.0864433221338,1,17.821903071451842,21.673295949158007,43.34659189831603,1,1,1,0,1,17.821903071451835,21.673295949158035,43.346591898316056,1,1,1,0
offset_1450_23,offset,1450,fixed_oracle,-149.16350401898762,184.153083675042,-300.0,-450.0,direction,75.81492601793065,1151.0864433221338,1,13.733901271179489,29.303743935682036,58.607487871364036,1,1,1,0,1,13.733901271179507,29.303743935682036,58.607487871364064,1,1,1,0
offset_1450_24,offset,1450,fixed_oracle,-37.05788623705962,101.40097769278259,-300.0,-450.0,direction,64.15582724762123,1151.0864433221338,1,16.420537528170044,23.411364959496115,46.822729918992216,1,1,1,0,1,16.420537528170026,23.41136495949614,46.822729918992266,1,1,1,0
offset_1450_25,offset,1450,fixed_oracle,-100.55587664231257,170.0541691952269,-300.0,-450.0,direction,72.01973940572246,1151.0864433221338,1,4.08945049289616,27.113636818408416,54.227273636816804,1,1,1,0,1,4.0894504928962165,27.113636818408416,54.22727363681686,1,1,1,0
offset_1450_26,offset,1450,fixed_oracle,-282.97981895702674,266.6451194073769,-300.0,-450.0,direction,88.7051819648368,1151.0864433221338,1,27.959764268207536,39.899277559790434,79.79855511958084,1,1,0,0,1,27.959764268207593,39.899277559790484,79.7985551195809,1,1,0,0
offset_1450_27,offset,1450,fixed_oracle,-55.01975645030495,135.11598049403824,-300.0,-450.0,direction,67.7404449821084,1151.0864433221338,1,5.4807729623680626,24.978390928139014,49.95678185627801,1,1,1,0,1,5.480772962368069,24.978390928139014,49.95678185627804,1,1,1,0
offset_1450_28,offset,1450,fixed_oracle,713.2889853553245,-401.12619291416246,-300.0,-450.0,direction,1.982068673840375,1151.0864433221338,1,19.812224441696742,33.38985317384438,66.77970634768877,1,1,1,0,1,19.812224441696742,33.38985317384438,66.77970634768877,1,1,1,0
offset_1450_29,offset,1450,fixed_oracle,-294.1801127618762,314.19308293773554,-300.0,-450.0,direction,90.38187689098078,1151.0864433221338,1,12.316704884310957,41.7977954569263,83.59559091385262,1,1,1,0,1,12.316704884310976,41.79779545692636,83.59559091385267,1,1,1,0
offset_1450_30,offset,1450,fixed_oracle,57.251268607919314,40.41641541365868,-300.0,-450.0,direction,53.054084477024496,1151.0864433221338,1,15.453089766056165,20.097767591074284,40.195517274119446,1,1,1,0,1,15.453089766056172,20.097767591074295,40.195517274119474,1,1,1,0
offset_1450_31,offset,1450,fixed_oracle,606.486531869128,-330.2865229889055,-300.0,-450.0,direction,7.647987766144487,1151.0864433221338,1,2.1464734870075137,29.647820881597372,59.295641763194844,1,1,1,0,1,2.1464734870075137,29.647820881597372,59.295641763194844,1,1,1,0
offset_1450_32,offset,1450,fixed_oracle,313.8417529477249,-127.85661202391015,-300.0,-450.0,direction,27.770236405815947,1151.0864433221338,1,2.3967776867152986,22.589572187071013,45.17914437414203,1,1,1,0,1,2.3967776867152986,22.589572187071013,45.17914437414203,1,1,1,0
offset_1450_33,offset,1450,fixed_oracle,-130.89065234754162,169.89743485892734,-300.0,-450.0,direction,74.29102959372958,1151.0864433221338,1,14.2067477551588,28.38674462736672,56.77348925473347,1,1,1,0,1,14.20674775515877,28.38674462736675,56.7734892547335,1,1,1,0
offset_1450_34,offset,1450,fixed_oracle,231.08085518485905,-65.93089048594567,-300.0,-450.0,direction,36.32215623277701,1151.0864433221338,1,5.442656863879981,21.202833199768364,42.40566639953675,1,1,1,0,1,5.442656863880039,21.202833199768364,42.40566639953675,1,1,1,0
offset_1450_35,offset,1450,fixed_oracle,55.02349557761647,47.22205174207579,-300.0,-450.0,direction,53.58508471999451,1151.0864433221338,1,12.409246068194266,20.093342630158165,40.18458998708955,1,1,1,0,1,12.40924606819428,20.09334263015817,40.18458998708958,1,1,1,0
offset_1450_36,offset,1450,fixed_oracle,83.80999947182124,50.085595387841295,-300.0,-450.0,direction,52.98916511336213,1151.0864433221338,1,12.620515065018306,20.098545259745865,40.19709051949172,1,1,1,0,1,12.620515065018324,20.09854525974587,40.197090519491745,1,1,1,0
offset_1450_37,offset,1450,fixed_oracle,88.01334025962092,30.673255599537697,-300.0,-450.0,direction,51.27598132463556,1151.0864433221338,1,2.6714799850350905,20.128670891371787,40.25734178274357,1,1,1,0,1,2.671479985035071,20.128670891371804,40.257341782743595,1,1,1,0
offset_1450_38,offset,1450,fixed_oracle,509.65951564742926,-259.641364872005,-300.0,-450.0,direction,12.925768544306623,1151.0864433221338,1,5.0431973219735164,27.06019583610749,54.12039167221497,1,1,1,0,1,5.0431973219735164,27.06019583610749,54.12039167221497,1,1,1,0
offset_1450_39,offset,1450,fixed_oracle,-62.77782330428329,140.70857706754828,-300.0,-450.0,direction,68.61432474786778,1151.0864433221338,1,5.901680669338273,25.38920178770529,50.77840357541058,1,1,1,0,1,5.901680669338298,25.3892017877053,50.77840357541062,1,1,1,0
offset_1450_40,offset,1450,fixed_oracle,124.9578157575504,-5.4448821749537615,-300.0,-450.0,direction,46.97589851830716,1151.0864433221338,1,11.936530544055392,20.284768047007862,40.569536094015724,1,1,1,0,1,11.936530544055389,20.28476804700788,40.56953609401576,1,1,1,0
offset_1450_41,offset,1450,fixed_oracle,-68.75853169540733,148.56710730456962,-300.0,-450.0,direction,68.6893065614059,1151.0864433221338,1,4.855765722657272,25.425018875946474,50.85003775189295,1,1,1,0,1,4.8557657226573285,25.42501887594649,50.85003775189299,1,1,1,0
offset_1450_42,offset,1450,fixed_oracle,164.84453212173287,-33.612871509290756,-300.0,-450.0,direction,41.60446466213593,1151.0864433221338,1,12.08306449647314,20.647917374300217,41.29583474860044,1,1,1,0,1,12.083064496473163,20.64791737430022,41.29583474860044,1,1,1,0
offset_1450_43,offset,1450,fixed_oracle,135.6806644941562,-12.32113082419994,-300.0,-450.0,direction,46.05561112562856,1151.0864433221338,1,12.93771500148381,20.33342915766232,40.66685831532464,1,1,1,0,1,12.937715001483799,20.333429157662323,40.666858315324674,1,1,1,0
offset_1450_44,offset,1450,fixed_oracle,-8.69954369520326,93.88192275510494,-300.0,-450.0,direction,61.15716649996791,1151.0864433221338,1,8.84547829834387,22.22902374257215,44.4580474851443,1,1,1,0,1,8.845478298343863,22.229023742572174,44.458047485144334,1,1,1,0
offset_1450_45,offset,1450,fixed_oracle,-243.49961507998069,243.8845568364984,-300.0,-450.0,direction,84.76023579016532,1151.0864433221338,1,18.57270563759747,35.99464820168206,71.98929640336415,1,1,1,0,1,18.572705637597494,35.99464820168212,71.98929640336421,1,1,1,0
offset_1450_46,offset,1450,fixed_oracle,-194.18804249426194,236.77406993906254,-300.0,-450.0,direction,81.29129887100913,1151.0864433221338,1,4.255072020907999,33.09654371384811,66.19308742769621,1,1,1,0,1,4.255072020908051,33.09654371384816,66.19308742769633,1,1,1,0
offset_1450_47,offset,1450,fixed_oracle,357.36724973390716,-142.62665456267945,-300.0,-450.0,direction,24.391927947587288,1151.0864433221338,1,11.27429637528,23.337820188384605,46.67564037676921,1,1,1,0,1,11.27429637528,23.337820188384605,46.67564037676921,1,1,1,0
offset_1450_48,offset,1450,fixed_oracle,-289.11620568109083,310.26999073023933,-300.0,-450.0,direction,88.55237662774498,1151.0864433221338,1,18.52515494197213,39.73395484397184,79.46790968794373,1,1,1,0,1,18.525154941972225,39.733954843971894,79.46790968794377,1,1,1,0
offset_1450_49,offset,1450,fixed_oracle,545.7588400158775,-290.9771856562169,-300.0,-450.0,direction,10.073443072266599,1151.0864433221338,1,15.83533241548642,28.36979054041465,56.7395810808293,1,1,1,0,1,15.835332415486212,28.36979054041465,56.73958108082941,1,1,1,0
offset_1450_50,offset,1450,fixed_oracle,-170.65620917077365,201.4301976429423,-300.0,-450.0,direction,79.32921653327038,1151.0864433221338,1,17.010923047242535,31.63922183296689,63.27844366593381,1,1,1,0,1,17.010923047242606,31.63922183296694,63.278443665933885,1,1,1,0
offset_1450_51,offset,1450,fixed_oracle,-285.34790851073626,294.3625814451707,-300.0,-450.0,direction,89.4617621121709,1151.0864433221338,1,10.896435116015509,40.736378908776985,81.47275781755397,1,1,1,0,1,10.896435116015494,40.73637890877704,81.47275781755403,1,1,1,0
offset_1450_52,offset,1450,fixed_oracle,17.03040407136382,100.36837257620641,-300.0,-450.0,direction,60.29284175021264,1151.0864433221338,1,13.904470129080877,21.90736925861994,43.81473851723988,1,1,1,0,1,13.904470129080927,21.907369258619955,43.814738517239924,1,1,1,0
offset_1450_53,offset,1450,fixed_oracle,-102.06114676783079,168.47396845259618,-300.0,-450.0,direction,71.65352702131703,1151.0864433221338,1,7.103699166762285,26.91808321913033,53.83616643826066,1,1,1,0,1,7.103699166762323,26.918083219130356,53.83616643826071,1,1,1,0
offset_1450_54,offset,1450,fixed_oracle,175.9329726416613,-30.364611501069646,-300.0,-450.0,direction,40.75698216568145,1151.0864433221338,1,8.286047390540178,20.723180707407863,41.446361414815755,1,1,1,0,1,8.286047390540073,20.72318070740789,41.44636141481578,1,1,1,0
offset_1450_55,offset,1450,fixed_oracle,-245.68777172202272,266.0207151282151,-300.0,-450.0,direction,86.27353622255872,1151.0864433221338,1,10.684868491273948,37.407504218544744,74.81500843708947,1,1,1,0,1,10.684868491274024,37.407504218544794,74.81500843708959,1,1,1,0
offset_1450_56,offset,1450,fixed_oracle,-261.5153610527814,261.84312710289726,-300.0,-450.0,direction,87.62401097799123,1151.0864433221338,1,24.69549182741588,38.75548868344736,77.51097736689472,1,1,0,0,1,24.695491827415573,38.75548868344742,77.51097736689478,1,1,0,0
offset_1450_57,offset,1450,fixed_oracle,358.79550423091376,-167.40919375755402,-300.0,-450.0,direction,23.79482314991193,1151.0864433221338,1,9.314532973595435,23.48387576470359,46.96775152940724,1,1,1,0,1,9.314532973595373,23.483875764703647,46.96775152940729,1,1,1,0
offset_1450_58,offset,1450,fixed_oracle,201.9060077780216,-37.19630336582418,-300.0,-450.0,direction,40.19263161106385,1151.0864433221338,1,13.048001808972232,20.776133145030265,41.55226629006053,1,1,1,0,1,13.048001808972232,20.776133145030265,41.55226629006053,1,1,1,0
offset_1450_59,offset,1450,fixed_oracle,-319.90506370946196,341.01683810550935,-300.0,-450.0,direction,92.06285494515822,1151.0864433221338,1,22.49168204795776,34.026226660436194,68.05245332087233,1,1,0,0,1,17.31737448917182,43.86994084452099,87.73988168904198,1,1,1,0
offset_1450_60,offset,1450,fixed_oracle,209.05127762569737,-40.15578885785584,-300.0,-450.0,direction,38.97610284362626,1151.0864433221338,1,10.142926302612894,20.898131206387664,41.796262412775356,1,1,1,0,1,10.142926302612894,20.898131206387664,41.796262412775356,1,1,1,0
offset_1450_61,offset,1450,fixed_oracle,-200.8461470134007,216.12350253728698,-300.0,-450.0,direction,81.95476920126679,1151.0864433221338,1,22.07361692567842,33.61736091665288,67.23472183330577,1,1,0,0,1,22.073616925678365,33.61736091665293,67.23472183330583,1,1,0,0
offset_1450_62,offset,1450,fixed_oracle,151.0390746172859,2.8791994075169782,-300.0,-450.0,direction,44.67433207661215,1151.0864433221338,1,11.73349068093102,20.416822522092254,40.83364504418451,1,1,1,0,1,11.73349068093104,20.416822522092286,40.83364504418454,1,1,1,0
offset_1450_63,offset,1450,fixed_oracle,-267.6893710273332,259.282619420159,-300.0,-450.0,direction,87.86789061303118,1151.0864433221338,1,28.386944720515817,39.00829492706617,78.01658985413239,1,1,0,0,1,28.386944720515885,39.008294927066196,78.0165898541324,1,1,0,0
offset_1450_64,offset,1450,fixed_oracle,-237.19895815182508,236.88416295230854,-300.0,-450.0,direction,85.00267033404347,1151.0864433221338,1,25.75539258097668,36.214436074708395,72.42887214941682,1,1,0,0,1,25.75539258097668,36.214436074708445,72.42887214941686,1,1,0,0
offset_1450_65,offset,1450,fixed_oracle,278.08124345257966,-90.63332218266368,-300.0,-450.0,direction,32.29711816946752,1151.0864433221338,1,11.30977612969465,21.773183829245962,43.54636765849198,1,1,1,0,1,11.309776129694702,21.773183829246047,43.546367658492066,1,1,1,0
offset_1450_66,offset,1450,fixed_oracle,-114.99667637121001,179.02861208499314,-300.0,-450.0,direction,73.6993863110003,1151.0864433221338,1,2.505105198468141,28.044740349281298,56.08948069856262,1,1,1,0,1,2.505105198468157,28.044740349281323,56.089480698562646,1,1,1,0
offset_1450_67,offset,1450,fixed_oracle,-209.6270261713771,259.99212120884545,-300.0,-450.0,direction,82.75346641851536,1151.0864433221338,1,15.855231730392864,34.26446162088114,68.52892324176231,1,1,1,0,1,15.855231730392683,34.2644616208812,68.52892324176236,1,1,1,0
offset_1450_68,offset,1450,fixed_oracle,2.8892033196882494,96.53281987858509,-300.0,-450.0,direction,61.691285235255044,1151.0864433221338,1,7.999357623786358,22.43189914871851,44.86379829743701,1,1,1,0,1,7.99935762378636,22.43189914871851,44.863798297437036,1,1,1,0
offset_1450_69,offset,1450,fixed_oracle,404.54948557317124,-186.48859640417635,-300.0,-450.0,direction,20.629497041680644,1151.0864433221338,1,3.1827049801507528,24.33494724028162,48.669894480563286,1,1,1,0,1,3.18270498015075,24.33494724028162,48.669894480563286,1,1,1,0
offset_1450_70,offset,1450,fixed_oracle,-295.1673990040649,294.7416474113994,-300.0,-450.0,direction,88.94027074472905,1151.0864433221338,1,8.54751171089488,40.15605268920506,80.31210537841012,1,1,1,0,1,8.547511710894868,40.15605268920511,80.31210537841018,1,1,1,0
offset_1450_71,offset,1450,fixed_oracle,337.4800801399033,-150.15386775094157,-300.0,-450.0,direction,25.536028445638618,1151.0864433221338,1,7.055474569298551,23.069911975281627,46.139823950563255,1,1,1,0,1,7.055474569298493,23.06991197528162,46.13982395056325,1,1,1,0
offset_1450_72,offset,1450,fixed_oracle,-212.3563906497568,271.64232932278367,-300.0,-450.0,direction,83.75441815681893,1151.0864433221338,1,22.35337359297103,35.108097748830176,70.21619549766032,1,1,0,0,1,22.353373592971046,35.108097748830176,70.21619549766038,1,1,0,0
offset_1450_73,offset,1450,fixed_oracle,-91.27349207340887,153.28404054645466,-300.0,-450.0,direction,69.9155760897055,1151.0864433221338,1,10.98473060825351,26.024018555047906,52.04803711009583,1,1,1,0,1,10.98473060825349,26.024018555047935,52.04803711009588,1,1,1,0
offset_1450_74,offset,1450,fixed_oracle,-179.74532715995565,246.2898982358962,-300.0,-450.0,direction,80.05335796843295,1151.0864433221338,1,23.029425189727746,32.16319119364581,64.32638238729166,1,1,0,0,1,23.02942518972785,32.16319119364584,64.32638238729172,1,1,0,0
offset_1450_75,offset,1450,fixed_oracle,160.21013164205874,-19.531264779262017,-300.0,-450.0,direction,43.584989231232896,1151.0864433221338,1,5.2336974498106885,20.491503884038206,40.98300776807644,1,1,1,0,1,5.233697449810701,20.491503884038234,40.98300776807647,1,1,1,0
offset_1450_76,offset,1450,fixed_oracle,-237.51461535464273,270.9753393973774,-300.0,-450.0,direction,84.47927347220607,1151.0864433221338,1,13.776102089148717,35.74294166244699,71.48588332489396,1,1,1,0,1,13.77610208914867,35.74294166244704,71.48588332489402,1,1,1,0
offset_1450_77,offset,1450,fixed_oracle,-138.12658571914972,170.3034231084356,-300.0,-450.0,direction,74.78579038197643,1151.0864433221338,1,18.029635791054602,28.678648404711865,57.3572968094237,1,1,1,0,1,18.02963579105457,28.67864840471189,57.35729680942375,1,1,1,0
offset_1450_78,offset,1450,fixed_oracle,-241.68149214136452,258.2555255877861,-300.0,-450.0,direction,86.16766008294991,1151.0864433221338,1,17.64197066035911,37.305404352011195,74.61080870402239,1,1,1,0,1,17.641970660359064,37.30540435201119,74.61080870402243,1,1,1,0
offset_1450_79,offset,1450,fixed_oracle,421.2203172658358,-201.67398287164548,-300.0,-450.0,direction,18.7808006358856,1151.0864433221338,1,5.043058935140801,24.89725571481986,49.79451142963966,1,1,1,0,1,5.043058935140779,24.89725571481986,49.79451142963972,1,1,1,0
offset_1450_80,offset,1450,fixed_oracle,-231.7931475745038,247.1425638975046,-300.0,-450.0,direction,84.54153920015206,1151.0864433221338,1,11.71348749686921,35.79844783557504,71.59689567115001,1,1,1,0,1,11.713487496869154,35.79844783557501,71.59689567115004,1,1,1,0
offset_1450_81,offset,1450,fixed_oracle,-82.94062067118887,168.21332227825246,-300.0,-450.0,direction,70.22043793092566,1151.0864433221338,1,14.3639569171431,26.176919571831853,52.35383914366372,1,1,1,0,1,14.363956917143016,26.17691957183188,52.35383914366375,1,1,1,0
offset_1450_82,offset,1450,fixed_oracle,-198.0735973776816,230.5716701980018,-300.0,-450.0,direction,81.87886777690723,1151.0864433221338,1,8.167720989345666,33.55702400933555,67.11404801867108,1,1,1,0,1,8.16772098934564,33.55702400933555,67.11404801867113,1,1,1,0
offset_1450_83,offset,1450,fixed_oracle,-138.77170605162394,180.7006601653908,-300.0,-450.0,direction,75.78525914344179,1151.0864433221338,1,11.456536098971897,29.285376013513282,58.570752027026565,1,1,1,0,1,11.456536098971812,29.285376013513282,58.57075202702659,1,1,1,0
offset_1450_84,offset,1450,fixed_oracle,-92.82205261959268,166.18064463747692,-300.0,-450.0,direction,71.1056454772396,1151.0864433221338,1,6.487983274521523,26.63027334551621,53.260546691032445,1,1,1,0,1,6.487983274521491,26.630273345516233,53.26054669103247,1,1,1,0
offset_1450_85,offset,1450,fixed_oracle,379.4895955039757,-166.49722663720217,-300.0,-450.0,direction,22.769897778492048,1151.0864433221338,1,5.279917794585092,23.744955735950672,47.4899114719014,1,1,1,0,1,5.279917794585097,23.744955735950725,47.48991147190146,1,1,1,0
offset_1450_86,offset,1450,fixed_oracle,167.44242708191496,-31.178144862255067,-300.0,-450.0,direction,41.678867796613,1151.0864433221338,1,8.267353506923001,20.641551207323644,41.28310241464726,1,1,1,0,1,8.267353506923001,20.641551207323644,41.28310241464726,1,1,1,0
offset_1450_87,offset,1450,fixed_oracle,-53.66345809351901,145.3082665337654,-300.0,-450.0,direction,67.12946007729384,1151.0864433221338,1,11.808335912125981,24.698217362333054,49.39643472466608,1,1,1,0,1,11.808335912125955,24.698217362333082,49.396434724666136,1,1,1,0
offset_1450_88,offset,1450,fixed_oracle,371.4354077719752,-154.07003380979097,-300.0,-450.0,direction,23.750972220425087,1151.0864433221338,1,10.366799413687806,23.494774887532124,46.98954977506425,1,1,1,0,1,10.366799413687856,23.49477488753212,46.98954977506424,1,1,1,0
offset_1450_89,offset,1450,fixed_oracle,-323.99271740572067,301.38524521478973,-300.0,-450.0,direction,91.93655430161694,1151.0864433221338,1,17.853196051654574,34.694745075673566,69.38949015134719,1,1,1,0,1,23.65193203399944,43.70791745233473,87.41583490466947,1,1,0,0
offset_1450_90,offset,1450,fixed_oracle,374.9518703162906,-160.24116452530643,-300.0,-450.0,direction,23.677379242015483,1151.0864433221338,1,11.790880110796845,23.51312010717203,47.02624021434399,1,1,1,0,1,11.790880110796845,23.51312010717203,47.02624021434399,1,1,1,0
offset_1450_91,offset,1450,fixed_oracle,281.7957605608177,-92.23740024495117,-300.0,-450.0,direction,32.03203953481388,1151.0864433221338,1,12.30144886381351,21.81564303694729,43.63128607389461,1,1,1,0,1,12.30144886381335,21.815643036947318,43.631286073894636,1,1,1,0
offset_1450_92,offset,1450,fixed_oracle,301.3805743720866,-119.98497417657921,-300.0,-450.0,direction,28.105624445918053,1151.0864433221338,1,11.079330733959996,22.522117313620416,45.04423462724083,1,1,1,0,1,11.079330733959951,22.522117313620416,45.04423462724083,1,1,1,0
offset_1450_93,offset,1450,fixed_oracle,-223.48074955142215,246.46779071367052,-300.0,-450.0,direction,82.77218854400193,1151.0864433221338,1,11.16977170419609,34.279902117675064,68.55980423535016,1,1,1,0,1,11.169771704196073,34.27990211767512,68.55980423535021,1,1,1,0
offset_1450_94,offset,1450,fixed_oracle,-323.3408459427885,305.66604744719245,-300.0,-450.0,direction,91.26002775344644,1151.0864433221338,1,13.860878569723788,38.471940316440296,76.94388063288064,1,1,1,0,1,13.884606600068848,42.857924548488434,85.71584909697687,1,1,1,0
offset_1450_95,offset,1450,fixed_oracle,340.861712894731,-135.16829136008874,-300.0,-450.0,direction,26.053171213852263,1151.0864433221338,1,7.452619276549486,22.95380508087113,45.90761016174227,1,1,1,0,1,7.452619276549573,22.95380508087113,45.90761016174232,1,1,1,0
offset_1450_96,offset,1450,fixed_oracle,379.2262249202938,-176.43271429697444,-300.0,-450.0,direction,21.43002209011405,1151.0864433221338,1,12.158685376141277,24.106938674592815,48.21387734918562,1,1,1,0,1,12.158685376141277,24.106938674592868,48.21387734918568,1,1,1,0
offset_1450_97,offset,1450,fixed_oracle,23.473811783269525,66.69674004982812,-300.0,-450.0,direction,58.69980685800383,1151.0864433221338,1,13.474987906048407,21.335007987722,42.670015975443995,1,1,1,0,1,13.474987906048325,21.335007987722015,42.670015975444024,1,1,1,0
offset_1450_98,offset,1450,fixed_oracle,185.1069020895419,-33.43932610344541,-300.0,-450.0,direction,41.39239860966154,1151.0864433221338,1,8.509963932976627,20.666275333352445,41.33255066670489,1,1,1,0,1,8.509963932976627,20.666275333352445,41.33255066670489,1,1,1,0
offset_1450_99,offset,1450,fixed_oracle,-68.14753727076948,158.40207350855826,-300.0,-450.0,direction,69.93443367442138,1151.0864433221338,1,13.994730412176667,26.033429372414563,52.06685874482911,1,1,1,0,1,13.994730412176706,26.033429372414574,52.06685874482915,1,1,1,0
boundary_1050_0,boundary,1050,bayes,1652.3923826933749,694.9117114814134,1350.0,450.0,direction,39.0761778738754,514.78150704935,1,3.616546459909973,11.65808217714775,23.303934149972584,1,1,1,1,1,0.846475416620445,12.405537615787056,24.811075231574222,1,1,1,1
boundary_1050_1,boundary,1050,bayes,1653.6139950838765,514.2695114122106,1350.0,450.0,direction,11.223376874802478,514.78150704935,1,9.556514223107301,11.819411452606138,23.638822905212244,1,1,1,1,1,10.581441861329687,12.013202712640144,24.026405425280252,1,1,1,1
boundary_1050_2,boundary,1050,bayes,1647.3132179622326,598.4302923997409,1350.0,450.0,direction,26.199213466908585,514.78150704935,1,5.295953853021522,17.36021789065425,34.72043578130842,1,1,1,1,1,5.403984365758714,16.901896703055353,33.80379340611055,1,1,1,1
boundary_1050_3,boundary,1050,bayes,1636.492533849765,444.7738581929769,1350.0,450.0,direction,359.0063886673323,514.78150704935,1,3.1352789400615304,10.436229848583578,20.87245969716734,1,1,1,1,1,2.5741751180765857,9.6044373832218,19.20887476644357,1,1,1,1
boundary_1050_4,boundary,1050,bayes,1626.7431745213794,341.1233627882283,1350.0,450.0,direction,338.42209208536957,514.78150704935,1,2.8052373367819046,7.597643474986344,15.195286949972534,1,1,1,1,1,3.3564302155807986,9.372393220372643,18.744786440745465,1,1,1,1
boundary_1050_5,boundary,1050,bayes,1636.1278252085385,438.8932717112198,1350.0,450.0,direction,356.9756752082217,514.78150704935,1,6.046775006758193,9.117140907835221,18.23150464623015,0,0,1,1,1,4.461506704682935,9.283728075135468,18.567456150270765,1,1,1,1
boundary_1050_6,boundary,1050,bayes,1659.4846513894515,630.5856963296121,1350.0,450.0,direction,30.532435912604722,514.78150704935,1,4.635950428097312,17.725015554261976,35.45003110852403,1,1,1,1,1,4.051057566295029,19.034351927619028,38.06870385523791,1,1,1,1
boundary_1050_7,boundary,1050,bayes,1642.9173712721024,537.7668912956105,1350.0,450.0,direction,15.985393216434613,514.78150704935,1,4.381092296674031,12.445909509606123,24.89181901921213,0,0,1,1,1,4.767191146050373,13.261266976559357,26.522533953118465,1,1,1,1
boundary_1050_8,boundary,1050,bayes,1645.5611530054923,475.5363690769897,1350.0,450.0,direction,4.991661075271514,514.78150704935,1,4.009727233223231,11.358272562982213,22.71654512596464,1,1,1,1,1,3.83251113772559,10.667736650277137,21.335473300554273,1,1,1,1
boundary_1050_9,boundary,1050,bayes,1635.9427009582942,368.67073182460564,1350.0,450.0,direction,344.6281917685953,514.78150704935,1,5.059888305569626,9.760823210651317,19.521646421302684,1,1,1,1,1,4.972384089832494,9.132023425496111,18.264046850992372,1,1,1,1
boundary_1050_10,boundary,1050,bayes,1645.2475265805983,458.92829673228624,1350.0,450.0,direction,1.6568819863437534,514.78150704935,1,4.958088445800437,10.884988865299126,21.76997773059843,1,1,1,1,1,5.038537692119618,10.051880251253426,20.10376050250682,1,1,1,1
boundary_1050_11,boundary,1050,bayes,1648.397026025553,483.53741134291903,1350.0,450.0,direction,6.163441319733724,514.78150704935,1,6.876911424373035,9.575579613785363,19.14824241325964,1,1,1,1,1,6.390989522414852,10.899885881249286,21.799771762498573,1,1,1,1
boundary_1050_12,boundary,1050,bayes,1638.4700643103613,525.4802793271863,1350.0,450.0,direction,14.293862110772647,514.78150704935,1,8.190534213103255,12.18552608802212,24.37105217604412,1,1,1,1,1,7.677103139568317,12.792289928442216,25.584579856884183,1,1,1,1
boundary_1050_13,boundary,1050,bayes,1641.5144106220603,401.1222541263633,1350.0,450.0,direction,351.4350576343619,514.78150704935,1,6.15102004056937,7.723224691359675,15.44438168871497,1,1,1,1,1,8.318554834653206,9.000223534652728,18.000447069305288,1,1,1,1
boundary_1050_14,boundary,1050,bayes,1642.9128961061053,409.93010760117375,1350.0,450.0,direction,352.7323526892804,514.78150704935,1,7.283682498834149,8.965864049671515,17.928997010299284,1,1,1,1,1,7.663225762014085,8.98984773352413,17.97969546704809,1,1,1,1
boundary_1050_15,boundary,1050,bayes,1631.5486371456793,338.1987889288506,1350.0,450.0,direction,337.4217178583985,514.78150704935,1,8.153314719529892,8.601092226106005,17.199564476199303,0,0,1,1,1,5.038930357875456,9.42280356833566,18.845607136671443,1,1,1,1
boundary_1050_16,boundary,1050,bayes,1641.8396171736063,498.5042318334895,1350.0,450.0,direction,9.548178137487074,514.78150704935,1,4.0889969846197065,11.786975655297542,23.573951310595085,1,1,1,1,1,2.289701948493636,11.623060538956347,23.246121077912473,1,1,1,1
boundary_1050_17,boundary,1050,bayes,1627.8263326739468,319.0824144736786,1350.0,450.0,direction,335.74043423999984,514.78150704935,1,5.399893005434461,10.679003885666127,21.358007771332254,0,0,1,1,1,5.3842377554178364,9.515343828570394,19.030687657140742,1,1,1,1
boundary_1050_18,boundary,1050,bayes,1647.4589152552112,610.0767989889962,1350.0,450.0,direction,28.08794138632223,514.78150704935,1,6.680397675537925,17.874162759838587,35.74832551967726,1,1,1,1,1,6.812732313284244,17.776384617618767,35.552769235237534,1,1,1,1
boundary_1050_19,boundary,1050,bayes,1650.4657643174173,622.1954635862982,1350.0,450.0,direction,29.9034058309533,514.78150704935,1,6.105519641137644,17.769302046310152,35.53860409262022,1,1,1,1,1,5.784076030839577,18.695862684664675,37.391725369329116,1,1,1,1
boundary_1050_20,boundary,1050,bayes,1643.6348166577136,486.5587206811903,1350.0,450.0,direction,7.460621390172578,514.78150704935,1,0.931584621297166,11.396606607505554,22.793213215011075,1,1,1,1,1,2.112289703822675,11.167406975234552,22.334813950469105,1,1,1,1
boundary_1050_21,boundary,1050,bayes,1648.8891802175365,659.3864733408242,1350.0,450.0,direction,35.071694980191,514.78150704935,1,9.20139152446599,19.360688889019137,38.72137777803818,1,1,1,1,1,9.088848821058917,18.572047221128926,37.14409444225785,1,1,1,1
boundary_1050_22,boundary,1050,bayes,1637.033957701255,451.6874092814702,1350.0,450.0,direction,359.380848334308,514.78150704935,1,5.708513340491853,10.436229848583578,20.87245969716734,0,0,1,1,1,5.150373445396724,9.665593677969149,19.331187355938297,1,1,1,1
boundary_1050_23,boundary,1050,bayes,1602.5617090714582,32.93512991863851,1350.0,450.0,direction,300.8474266126265,514.78150704935,0,,,,0,0,0,0,1,5.540946185026864,15.338738885892113,30.677477771784226,1,1,1,1
boundary_1050_24,boundary,1050,bayes,1606.9144625605422,87.36570938170668,1350.0,450.0,direction,305.1354959847352,514.78150704935,0,,,,0,0,0,0,1,3.101075767475004,13.93553227306149,27.871064546122977,1,1,1,1
boundary_1050_25,boundary,1050,bayes,1649.2444072979315,579.3225407654281,1350.0,450.0,direction,23.160850603528743,514.78150704935,1,1.6359556338601056,15.213261839263218,30.42652367852636,1,1,1,1,1,1.653936854704476,15.64659581433558,31.293191628671078,1,1,1,1
boundary_1050_26,boundary,1050,bayes,1637.6954573643084,460.3225035075918,1350.0,450.0,direction,1.465716125175604,514.78150704935,1,4.481532922103706,10.79234019611391,21.584680392228037,0,0,1,1,1,3.6763623667744825,10.018434341982559,20.036868683965146,1,1,1,1
boundary_1050_27,boundary,1050,bayes,1621.5110503903989,257.90494534967667,1350.0,450.0,direction,324.58195989301527,514.78150704935,1,2.485809437318246,9.534620114009364,19.069240228018728,1,1,1,1,1,1.8513580182072416,10.41660925763665,20.83321851527338,1,1,1,1
boundary_1050_28,boundary,1050,bayes,1654.546144914357,597.4045046158387,1350.0,450.0,direction,24.853083058769815,514.78150704935,1,8.185327631392294,17.488806379237868,34.97761275847597,1,1,1,1,1,7.780183689745444,16.324281891770053,32.648563783540105,1,1,1,1
boundary_1050_29,boundary,1050,bayes,1639.4165369530638,447.4596891348448,1350.0,450.0,direction,359.349672752028,514.78150704935,1,1.0907495634041675,10.436229848583578,20.87245969716734,1,1,1,1,1,0.6383927094224658,9.660477227593336,19.320954455186477,1,1,1,1
boundary_1050_30,boundary,1050,bayes,1662.1894769655703,670.0930710179935,1350.0,450.0,direction,35.88158276019175,514.78150704935,1,7.219782119913468,18.13851866620299,36.27703733240577,1,1,1,1,1,7.187379514631541,17.36930157368363,34.73860314736748,1,1,1,1
boundary_1050_31,boundary,1050,bayes,1647.7347161356129,603.3564801511545,1350.0,450.0,direction,26.341673729431978,514.78150704935,1,6.850692046391382,17.36021789065425,34.72043578130842,1,1,1,1,1,5.916340975743521,16.965163386961514,33.93032677392303,1,1,1,1
boundary_1050_32,boundary,1050,bayes,1643.4709488072624,472.6856325087042,1350.0,450.0,direction,4.058632968616536,514.78150704935,1,2.420054190351597,9.477689551494883,18.952492106939985,1,1,1,1,1,2.8514885553806772,10.488980409090164,20.97796081818036,1,1,1,1
boundary_1050_33,boundary,1050,bayes,1644.3940151441057,609.5664647567087,1350.0,450.0,direction,28.21843032041437,514.78150704935,1,9.76313972181533,17.874162759838587,35.74832551967726,1,1,1,1,1,10.271607195696918,17.839775395704784,35.6795507914098,1,1,1,1
boundary_1050_34,boundary,1050,bayes,1657.37018536684,674.7880823561399,1350.0,450.0,direction,36.67933502716334,514.78150704935,1,4.150039957109495,17.36697272757148,34.73394545514285,1,1,1,1,1,3.8059350903036644,16.146903053672553,32.2938061073451,1,1,1,1
boundary_1050_35,boundary,1050,bayes,1641.6476048832517,515.3176159373322,1350.0,450.0,direction,13.457959828978945,514.78150704935,1,6.034790057300531,12.403310753018713,24.806621506037427,1,1,1,1,1,6.975942581269303,12.571395668960047,25.142791337920094,1,1,1,1
boundary_1050_36,boundary,1050,bayes,1643.4545929685978,513.1505594261284,1350.0,450.0,direction,11.46839091575536,514.78150704935,1,2.915312001812597,11.819411452606138,23.638822905212244,0,0,1,1,1,3.4161230160000424,12.072226236737146,24.144452473474473,1,1,1,1
boundary_1050_37,boundary,1050,bayes,1606.9551497214325,87.27491466144407,1350.0,450.0,direction,304.7110667508097,514.78150704935,0,,,,0,0,0,0,1,8.170980670959402,14.059441153582418,28.11888230716482,1,1,1,1
boundary_1050_38,boundary,1050,bayes,1620.5391674733896,273.80681879966454,1350.0,450.0,direction,327.36935691558995,514.78150704935,1,3.5287986488260255,9.347822880615155,18.695645761230356,1,1,1,1,1,3.385992282540031,10.139116487791068,20.27823297558217,1,1,1,1
boundary_1050_39,boundary,1050,bayes,1650.5952692592255,503.5775935824024,1350.0,450.0,direction,9.771656600564912,514.78150704935,1,6.7444845865793805,11.786975655297542,23.573951310595085,1,1,1,1,1,7.19878850312237,11.673794859163603,23.347589718327242,1,1,1,1
boundary_1050_40,boundary,1050,bayes,1631.8760176340313,425.9498675981537,1350.0,450.0,direction,354.4781765714215,514.78150704935,1,6.135297217038727,8.893353515837608,17.786029768372927,1,1,1,1,1,6.273029177747352,8.98617070704783,17.966360632543015,1,1,1,1
boundary_1050_41,boundary,1050,bayes,1646.2609557419212,594.710265798684,1350.0,450.0,direction,27.01766221836856,514.78150704935,1,12.665590048282315,17.686018426858542,35.37203685371717,0,0,1,1,1,12.309382379980253,17.271217102006418,34.54243420401275,1,1,1,1
boundary_1050_42,boundary,1050,bayes,1628.035445050821,313.0783518862481,1350.0,450.0,direction,334.43507732631724,514.78150704935,1,3.5873106651036775,8.86232980686826,17.72465961373652,1,1,1,1,1,3.9961461209698843,9.594200451668083,19.188400903336284,1,1,1,1
boundary_1050_43,boundary,1050,bayes,1621.9182565135907,216.8161501442504,1350.0,450.0,direction,318.6040888353409,514.78150704935,1,3.384218428029407,9.579065901172513,19.158131802344958,1,1,1,1,1,5.047323308635906,11.15965262916567,22.31930525833134,1,1,1,1
boundary_1050_44,boundary,1050,bayes,1635.6133133130586,377.0110785166259,1350.0,450.0,direction,345.9455757183618,514.78150704935,1,3.4136746687179134,8.80064031764592,17.60128063529164,1,1,1,1,1,3.24854093370225,9.096152171719632,18.192304343439307,1,1,1,1
boundary_1050_45,boundary,1050,bayes,1642.5810843633515,433.7636317195693,1350.0,450.0,direction,356.814425206176,514.78150704935,1,4.734292005716825,9.117140907835221,18.23150464623015,1,1,1,1,1,4.522241307138367,9.259022655701136,18.5180453114021,1,1,1,1
boundary_1050_46,boundary,1050,bayes,1658.6931264480909,627.33622229035,1350.0,450.0,direction,29.015063840999815,514.78150704935,1,7.188164611774294,19.599748083644663,39.19949616728946,1,1,1,1,1,9.189432247458335,18.235653300687254,36.47130660137442,1,1,1,1
boundary_1050_47,boundary,1050,bayes,1660.233104130054,583.0572357295174,1350.0,450.0,direction,24.18586948709213,514.78150704935,1,9.461325982115214,15.19435058004821,30.3887011600965,1,1,1,1,1,9.159424248084605,16.050914710995443,32.10182942199081,1,1,1,1
boundary_1050_48,boundary,1050,bayes,1628.646039076001,292.53792170313574,1350.0,450.0,direction,329.7213390752273,514.78150704935,1,5.9786556444981205,9.124076312401494,18.248152624803037,1,1,1,1,1,4.842786533101517,9.934078733348079,19.868157466696257,1,1,1,1
boundary_1050_49,boundary,1050,bayes,1643.6931390228103,442.7356984645678,1350.0,450.0,direction,357.59197258272025,514.78150704935,1,6.127510204951094,9.825726437956494,19.6454462030275,1,1,1,1,1,7.084616299645149,9.379160736775958,18.758321473551693,1,1,1,1
boundary_1050_50,boundary,1050,bayes,1638.3732500763613,544.1046309401703,1350.0,450.0,direction,17.26718058385565,514.78150704935,1,9.405566279705994,12.474756677671627,24.949513355343438,1,1,1,1,1,9.380752569793222,13.637684991661938,27.275369983323802,1,1,1,1
boundary_1050_51,boundary,1050,bayes,1650.6975704177885,539.4370353627197,1350.0,450.0,direction,16.193704484554452,514.78150704935,1,4.752483251339083,12.445909509606123,24.891819019212313,1,1,1,1,1,4.6401686931666495,13.321161863015199,26.642323726030497,1,1,1,1
boundary_1050_52,boundary,1050,bayes,1648.2683046125226,547.6469464598738,1350.0,450.0,direction,18.79245204726883,514.78150704935,1,4.7459282911674165,12.508013362598529,25.01602672519687,1,1,1,1,1,4.155787614434458,14.111358066675717,28.222716133351604,1,1,1,1
boundary_1050_53,boundary,1050,bayes,1613.8763815437455,138.1182605363419,1350.0,450.0,direction,310.7006249028981,514.78150704935,1,7.935480536711881,14.053028893689614,28.106057787379257,1,1,1,1,1,6.656482062123259,12.551073562080127,25.102147124160286,1,1,1,1
boundary_1050_54,boundary,1050,bayes,1638.3184258205633,389.6557443228059,1350.0,450.0,direction,348.8171728878333,514.78150704935,1,5.425918434258784,9.906894568895723,19.813789137791403,1,1,1,1,1,5.642383564312675,9.035363851887842,18.070727703775802,1,1,1,1
boundary_1050_55,boundary,1050,bayes,1632.4943117296734,322.9061821815761,1350.0,450.0,direction,336.5776212058579,514.78150704935,1,8.124302972289087,8.797485208226528,17.594970416453055,0,0,1,1,1,7.31060943665035,9.468018598645823,18.936037197291647,1,1,1,1
boundary_1050_56,boundary,1050,bayes,1644.1930645726636,432.4398266574295,1350.0,450.0,direction,355.76332212621173,514.78150704935,1,7.5118765704414185,9.864462047206592,19.728924094413184,1,1,1,1,1,7.511492678846107,9.10058887942892,18.20117775885784,1,1,1,1
boundary_1050_57,boundary,1050,bayes,1668.7644062925872,667.7151308098223,1350.0,450.0,direction,34.01937526027333,514.78150704935,1,15.07514532934083,21.06806551312346,42.13613102624692,1,1,1,0,1,15.480609756887388,20.092801852736702,40.18560370547363,1,1,1,0
boundary_1050_58,boundary,1050,bayes,1631.517076286839,419.96481899562446,1350.0,450.0,direction,354.23628235452134,514.78150704935,1,6.097431516406093,8.893353515837608,17.786029768372927,1,1,1,1,1,5.457893595596425,8.98569749118427,17.967211624480083,1,1,1,1
boundary_1050_59,boundary,1050,bayes,1641.9382489535787,564.8186062469774,1350.0,450.0,direction,20.74202303551826,514.78150704935,1,7.652591970295088,15.26854998420803,30.537099968415898,1,1,1,1,1,7.654691474799255,14.761503864390713,29.523007728781426,1,1,1,1
boundary_1050_60,boundary,1050,bayes,1644.7193475713384,482.21305502435325,1350.0,450.0,direction,5.939207923423141,514.78150704935,1,2.998405591225016,9.574121206629831,19.14824241325943,1,1,1,1,1,3.0424384669715203,10.854781135073994,21.709562270148176,1,1,1,1
boundary_1050_61,boundary,1050,bayes,1668.221689686524,669.553578561283,1350.0,450.0,direction,34.93223913892833,514.78150704935,1,13.502799172447169,19.006269176441705,38.012538352883375,1,1,1,1,1,13.306874955146737,18.775484706630742,37.550969413261484,1,1,1,1
boundary_1050_62,boundary,1050,bayes,1614.360413497711,199.28492610919838,1350.0,450.0,direction,316.5932825860306,514.78150704935,1,3.1033792281666432,11.590935815330115,23.18187163066023,1,1,1,1,1,3.4294577332611165,11.463209917392913,22.92641983478587,1,1,1,1
boundary_1050_63,boundary,1050,bayes,1645.1904736471856,459.6155965344718,1350.0,450.0,direction,2.479433700182044,514.78150704935,1,5.335858045976997,9.380885656627981,18.761771313255778,1,1,1,1,1,5.5575640585293264,10.197995075244902,20.395990150489837,1,1,1,1
boundary_1050_64,boundary,1050,bayes,1655.7005418082776,543.5873727412458,1350.0,450.0,direction,17.573141244148857,514.78150704935,1,7.973035639094336,12.474756677671811,24.949513355343623,0,0,1,1,1,7.944117846169068,13.730388512389595,27.460777024779265,1,1,1,1
boundary_1050_65,boundary,1050,bayes,1651.5415868592813,606.0385568676965,1350.0,450.0,direction,26.822566564177876,514.78150704935,1,2.2335864638374594,17.509105281381732,35.01821056276323,0,0,1,1,1,2.911924263568922,17.18188241073606,34.36376482147236,1,1,1,1
boundary_1050_66,boundary,1050,bayes,1652.0113484574936,656.1473887650509,1350.0,450.0,direction,34.36886885371774,514.78150704935,1,5.283742879331823,21.06806551312346,42.13613102624692,1,1,1,0,1,6.104599727189151,19.591434317487728,39.182868634975456,1,1,1,1
boundary_1050_67,boundary,1050,bayes,1639.563803943638,432.01102014531205,1350.0,450.0,direction,357.2354465281771,514.78150704935,1,2.2544568506865295,8.244983462228076,16.487759543012547,1,1,1,1,1,4.404800644169886,9.323757048874707,18.647514097749415,1,1,1,1
boundary_1050_68,boundary,1050,bayes,1651.7390694397434,579.9238623519102,1350.0,450.0,direction,22.932951985478557,514.78150704935,1,1.3831772469679409,14.898871757556075,29.797743515111904,1,1,1,1,1,2.6125754107298813,15.5591745924954,31.11834918499064,1,1,1,1
boundary_1050_69,boundary,1050,bayes,1661.9038873056027,661.9774224915375,1350.0,450.0,direction,34.85531317416943,514.78150704935,1,6.02078492610083,19.006269176441705,38.012538352883375,1,1,1,1,1,5.981585547042706,18.887458429210287,37.774916858420575,1,1,1,1
boundary_1050_70,boundary,1050,bayes,1640.4551121137374,503.14198017872434,1350.0,450.0,direction,9.617845126770183,514.78150704935,1,3.791256446168666,11.786975655297542,23.573951310595085,1,1,1,1,1,4.656502943084135,11.6388342935021,23.277668587004232,1,1,1,1
boundary_1050_71,boundary,1050,bayes,1633.0234622097669,361.24480485643494,1350.0,450.0,direction,341.9249985951203,514.78150704935,1,5.896499743062729,8.758521561637778,17.514375192762355,1,1,1,1,1,3.6459692143414526,9.221887357200043,18.44377471440004,1,1,1,1
boundary_1050_72,boundary,1050,bayes,1638.5878975838107,388.7993346228465,1350.0,450.0,direction,347.25886480234266,514.78150704935,1,5.581983777616765,9.640502692598302,19.281005385196604,1,1,1,1,1,5.821451974719806,9.065423225165235,18.130846450330626,1,1,1,1
boundary_1050_73,boundary,1050,bayes,1655.2222116519067,704.2682153990401,1350.0,450.0,direction,39.786441958274175,514.78150704935,1,6.540295055113905,12.637728523546507,25.275457047092903,1,1,1,1,1,5.728389912029922,11.296155086265246,22.592310172530492,1,1,1,1
boundary_1050_74,boundary,1050,bayes,1649.5236752847743,581.0248903049502,1350.0,450.0,direction,23.593546647862645,514.78150704935,1,2.5578741601578456,17.1675512935755,34.33510258715091,1,1,1,1,1,1.764428300611291,15.815021943169741,31.630043886339482,1,1,1,1
boundary_1050_75,boundary,1050,bayes,1661.8513948064792,628.7893370944213,1350.0,450.0,direction,30.052520054728266,514.78150704935,1,7.276121867928642,17.769302046310152,35.53860409262022,1,1,1,1,1,7.002275127862444,18.775134022252473,37.550268044504854,1,1,1,1
boundary_1050_76,boundary,1050,bayes,1660.2303596425772,585.7031494311145,1350.0,450.0,direction,24.35471753172831,514.78150704935,1,8.763902039021941,15.19435058004821,30.3887011600965,1,1,1,1,1,8.74327902577501,16.119315931148343,32.23863186229677,1,1,1,1
boundary_1050_77,boundary,1050,bayes,1648.6253607404724,650.3902909274552,1350.0,450.0,direction,34.76323380639834,514.78150704935,1,15.176017110929573,19.006269176441705,38.012538352883375,1,1,1,1,1,14.6715005231468,19.02125851731211,38.04251703462418,1,1,1,1
boundary_1050_78,boundary,1050,bayes,1627.6830225034114,299.6695286330383,1350.0,450.0,direction,332.2094652710897,514.78150704935,1,3.1817305252568824,8.967651226399557,17.934882309622264,1,1,1,1,1,4.628850196626015,9.743511392621112,19.487022785242118,1,1,1,1
boundary_1050_79,boundary,1050,bayes,1648.3052381174393,529.9308090070034,1350.0,450.0,direction,14.740924702974356,514.78150704935,1,2.6245424680383107,12.421925408498042,24.843850816996014,1,1,1,1,1,2.6047384219979306,12.913309896903844,25.82661979380744,1,1,1,1
boundary_1050_80,boundary,1050,bayes,1655.0517357171677,587.4587425808254,1350.0,450.0,direction,24.183567849612206,514.78150704935,1,3.585873586064477,15.19435058004821,30.3887011600965,1,1,1,1,1,4.02057505370447,16.049985897587607,32.09997179517506,1,1,1,1
boundary_1050_81,boundary,1050,bayes,1650.4459242707749,559.365267522692,1350.0,450.0,direction,20.003128416181763,514.78150704935,1,1.5560839767071175,12.54527240097108,25.09054480194216,1,1,1,1,1,1.3606212264863249,14.508869661699935,29.017739323399624,1,1,1,1
boundary_1050_82,boundary,1050,bayes,1644.6830499665314,443.2290050609231,1350.0,450.0,direction,358.8882751457822,514.78150704935,1,5.921723350930036,9.2013449069028,18.399886995011606,1,1,1,1,1,5.841160169895699,9.585281558219684,19.170563116439197,1,1,1,1
boundary_1050_83,boundary,1050,bayes,1639.3130812914635,449.27220172918686,1350.0,450.0,direction,0.3752683456985806,514.78150704935,1,3.411967230034345,9.288573461646699,18.57714692329322,1,1,1,1,1,2.792612116620152,9.831220035844064,19.662440071688128,1,1,1,1
boundary_1050_84,boundary,1050,bayes,1633.2053361474605,367.0308643803832,1350.0,450.0,direction,343.0674015291285,514.78150704935,1,1.5915071419115332,8.235952871055598,16.471905742111044,1,1,1,1,1,3.288834474307522,9.18119964462752,18.362399289254856,1,1,1,1
boundary_1050_85,boundary,1050,bayes,1644.3265003056763,511.90675244816265,1350.0,450.0,direction,11.975942431943272,514.78150704935,1,0.7618870563647326,12.39063229946196,24.781264598923954,1,1,1,1,1,1.1006301841016932,12.196157393307523,24.392314786615078,1,1,1,1
boundary_1050_86,boundary,1050,bayes,1633.932216190113,381.740155607672,1350.0,450.0,direction,346.8375931673407,514.78150704935,1,1.3988670040159155,8.143787743559136,16.285094810481077,1,1,1,1,1,1.8999150646765033,9.074738482832291,18.14947696566447,1,1,1,1
boundary_1050_87,boundary,1050,bayes,1668.4444654044064,658.3189311868866,1350.0,450.0,direction,33.275208627046496,514.78150704935,1,13.962160944099137,20.322176492684015,40.64435298536803,1,1,1,0,1,12.70889629236419,20.64563738589597,41.2912747717918,1,1,1,0
boundary_1050_88,boundary,1050,bayes,1637.6496181614832,482.19458422426715,1350.0,450.0,direction,5.929374608057343,514.78150704935,1,4.730056377087308,9.574121206629831,19.14824241325943,1,1,1,1,1,4.813660762711166,10.852810643186508,21.705621286372985,1,1,1,1
boundary_1050_89,boundary,1050,bayes,1643.3610983673645,473.83887023392856,1350.0,450.0,direction,4.348116809653917,514.78150704935,1,3.0034816185030144,9.477689551494883,18.952492106939985,1,1,1,1,1,2.4506074291537674,10.543881440429928,21.087762880859856,1,1,1,1
boundary_1050_90,boundary,1050,bayes,1639.4234504548817,504.6009348799267,1350.0,450.0,direction,9.922946563746304,514.78150704935,1,5.337212064831301,11.786975655297542,23.573951310595085,0,0,1,1,1,5.478846992536813,11.708364940425415,23.416729880850983,1,1,1,1
boundary_1050_91,boundary,1050,bayes,1656.065960917653,559.0124073793736,1350.0,450.0,direction,20.0063879313737,514.78150704935,1,7.021447865606091,12.54527240097108,25.09054480194216,0,0,1,1,1,6.960316342465698,14.509967023573532,29.019934047147153,1,1,1,1
boundary_1050_92,boundary,1050,bayes,1633.8769443215454,372.37427153897715,1350.0,450.0,direction,344.9066502989711,514.78150704935,1,1.0394065916946695,9.760823210651317,19.521646421302684,1,1,1,1,1,1.8218995966042308,9.124015320698623,18.248030641397246,1,1,1,1
boundary_1050_93,boundary,1050,bayes,1637.0367732328973,381.1947452160234,1350.0,450.0,direction,346.0076271402926,514.78150704935,1,4.236930556704008,8.801980901970506,17.60128063529164,1,1,1,1,1,4.378112222714486,9.094587913374134,18.18917582674812,1,1,1,1
boundary_1050_94,boundary,1050,bayes,1639.1654673613532,473.743569865047,1350.0,450.0,direction,4.64603239162152,514.78150704935,1,2.6410661211738504,11.358272562982213,22.71654512596464,1,1,1,1,1,2.4099183582822694,10.600904870896056,21.20180974179211,1,1,1,1
boundary_1050_95,boundary,1050,bayes,1648.8405279334347,659.4296297920368,1350.0,450.0,direction,35.08902168064874,514.78150704935,1,9.207019209673106,19.360688889019137,38.72137777803818,1,1,1,1,1,9.164431139698204,18.546731266904587,37.09346253380917,1,1,1,1
boundary_1050_96,boundary,1050,bayes,1640.0159564147264,402.56741991359496,1350.0,450.0,direction,349.89693745260496,514.78150704935,1,6.7670430805935915,9.872366929996257,19.744733859992557,1,1,1,1,1,6.237993117361413,9.018554486012688,18.037108972025415,1,1,1,1
boundary_1050_97,boundary,1050,bayes,1649.4062928653013,625.6807901345703,1350.0,450.0,direction,30.88030072609833,514.78150704935,1,9.744656005187231,17.725015554261976,35.45003110852403,1,1,1,1,1,9.761095065916766,19.22623439604145,38.45246879208281,1,1,1,1
boundary_1050_98,boundary,1050,bayes,1655.6863236297022,654.2778845767131,1350.0,450.0,direction,33.996442944295104,514.78150704935,1,2.972272687772859,19.965115598550245,39.93023119710058,1,1,1,1,1,3.4700654873554484,20.125569550794665,40.25113910158956,1,1,1,0
boundary_1050_99,boundary,1050,bayes,1637.389719540787,359.96627443689704,1350.0,450.0,direction,342.04160357799265,514.78150704935,1,6.283803849525412,7.404666249174259,14.807605595567308,1,1,1,1,1,6.2559233315019735,9.217549716984959,18.435099433969917,1,1,1,1
boundary_1050_0,boundary,1050,fixed_assumed,1652.3923826933749,694.9117114814134,1350.0,450.0,direction,39.0761778738754,514.78150704935,1,0.8464754166197805,12.405537615787342,24.81107523157451,1,1,1,1,1,0.846475416620445,12.405537615787056,24.811075231574222,1,1,1,1
boundary_1050_1,boundary,1050,fixed_assumed,1653.6139950838765,514.2695114122106,1350.0,450.0,direction,11.223376874802478,514.78150704935,1,10.581441861329404,12.013202712640325,24.02640542528047,1,1,1,1,1,10.581441861329687,12.013202712640144,24.026405425280252,1,1,1,1
boundary_1050_2,boundary,1050,fixed_assumed,1647.3132179622326,598.4302923997409,1350.0,450.0,direction,26.199213466908585,514.78150704935,1,5.4039843657586975,16.901896703055353,33.80379340611079,1,1,1,1,1,5.403984365758714,16.901896703055353,33.80379340611055,1,1,1,1
boundary_1050_3,boundary,1050,fixed_assumed,1636.492533849765,444.7738581929769,1350.0,450.0,direction,359.0063886673323,514.78150704935,1,2.5741751180765857,9.6044373832218,19.20887476644357,1,1,1,1,1,2.5741751180765857,9.6044373832218,19.20887476644357,1,1,1,1
boundary_1050_4,boundary,1050,fixed_assumed,1626.7431745213794,341.1233627882283,1350.0,450.0,direction,338.42209208536957,514.78150704935,1,3.356430215580417,9.372393220372691,18.74478644074551,1,1,1,1,1,3.3564302155807986,9.372393220372643,18.744786440745465,1,1,1,1
boundary_1050_5,boundary,1050,fixed_assumed,1636.1278252085385,438.8932717112198,1350.0,450.0,direction,356.9756752082217,514.78150704935,1,4.461506704682935,9.283728075135468,18.56745615027096,1,1,1,1,1,4.461506704682935,9.283728075135468,18.567456150270765,1,1,1,1
boundary_1050_6,boundary,1050,fixed_assumed,1659.4846513894515,630.5856963296121,1350.0,450.0,direction,30.532435912604722,514.78150704935,1,4.051057566295488,19.034351927619028,38.06870385523814,1,1,1,1,1,4.051057566295029,19.034351927619028,38.06870385523791,1,1,1,1
boundary_1050_7,boundary,1050,fixed_assumed,1642.9173712721024,537.7668912956105,1350.0,450.0,direction,15.985393216434613,514.78150704935,1,4.767191146050373,13.261266976559357,26.522533953118465,1,1,1,1,1,4.767191146050373,13.261266976559357,26.522533953118465,1,1,1,1
boundary_1050_8,boundary,1050,fixed_assumed,1645.5611530054923,475.5363690769897,1350.0,450.0,direction,4.991661075271514,514.78150704935,1,3.83251113772559,10.667736650277137,21.335473300554465,1,1,1,1,1,3.83251113772559,10.667736650277137,21.335473300554273,1,1,1,1
boundary_1050_9,boundary,1050,fixed_assumed,1635.9427009582942,368.67073182460564,1350.0,450.0,direction,344.6281917685953,514.78150704935,1,4.972384089832976,9.132023425496259,18.264046850992518,1,1,1,1,1,4.972384089832494,9.132023425496111,18.264046850992372,1,1,1,1
boundary_1050_10,boundary,1050,fixed_assumed,1645.2475265805983,458.92829673228624,1350.0,450.0,direction,1.6568819863437534,514.78150704935,1,5.038537692119836,10.051880251253618,20.103760502507015,1,1,1,1,1,5.038537692119618,10.051880251253426,20.10376050250682,1,1,1,1
boundary_1050_11,boundary,1050,fixed_assumed,1648.397026025553,483.53741134291903,1350.0,450.0,direction,6.163441319733724,514.78150704935,1,6.390989522414852,10.899885881249286,21.799771762498573,1,1,1,1,1,6.390989522414852,10.899885881249286,21.799771762498573,1,1,1,1
boundary_1050_12,boundary,1050,fixed_assumed,1638.4700643103613,525.4802793271863,1350.0,450.0,direction,14.293862110772647,514.78150704935,1,7.677103139568317,12.792289928442216,25.584579856884183,1,1,1,1,1,7.677103139568317,12.792289928442216,25.584579856884183,1,1,1,1
boundary_1050_13,boundary,1050,fixed_assumed,1641.5144106220603,401.1222541263633,1350.0,450.0,direction,351.4350576343619,514.78150704935,1,8.318554834653206,9.000223534652728,18.000447069305455,1,1,1,1,1,8.318554834653206,9.000223534652728,18.000447069305288,1,1,1,1
boundary_1050_14,boundary,1050,fixed_assumed,1642.9128961061053,409.93010760117375,1350.0,450.0,direction,352.7323526892804,514.78150704935,1,7.663225762014085,8.98984773352413,17.97969546704826,1,1,1,1,1,7.663225762014085,8.98984773352413,17.97969546704809,1,1,1,1
boundary_1050_15,boundary,1050,fixed_assumed,1631.5486371456793,338.1987889288506,1350.0,450.0,direction,337.4217178583985,514.78150704935,1,5.038930357875407,9.422803568335832,18.845607136671614,1,1,1,1,1,5.038930357875456,9.42280356833566,18.845607136671443,1,1,1,1
boundary_1050_16,boundary,1050,fixed_assumed,1641.8396171736063,498.5042318334895,1350.0,450.0,direction,9.548178137487074,514.78150704935,1,2.2897019484936085,11.623060538956347,23.24612107791251,1,1,1,1,1,2.289701948493636,11.623060538956347,23.246121077912473,1,1,1,1
boundary_1050_17,boundary,1050,fixed_assumed,1627.8263326739468,319.0824144736786,1350.0,450.0,direction,335.74043423999984,514.78150704935,1,5.3842377554178364,9.515343828570394,19.03068765714091,1,1,1,1,1,5.3842377554178364,9.515343828570394,19.030687657140742,1,1,1,1
boundary_1050_18,boundary,1050,fixed_assumed,1647.4589152552112,610.0767989889962,1350.0,450.0,direction,28.08794138632223,514.78150704935,1,6.812732313284244,17.776384617618852,35.55276923523777,1,1,1,1,1,6.812732313284244,17.776384617618767,35.552769235237534,1,1,1,1
boundary_1050_19,boundary,1050,fixed_assumed,1650.4657643174173,622.1954635862982,1350.0,450.0,direction,29.9034058309533,514.78150704935,1,5.7840760308394366,18.695862684664675,37.39172536932935,1,1,1,1,1,5.784076030839577,18.695862684664675,37.391725369329116,1,1,1,1
boundary_1050_20,boundary,1050,fixed_assumed,1643.6348166577136,486.5587206811903,1350.0,450.0,direction,7.460621390172578,514.78150704935,1,2.1122897038227046,11.167406975234737,22.33481395046929,1,1,1,1,1,2.112289703822675,11.167406975234552,22.334813950469105,1,1,1,1
boundary_1050_21,boundary,1050,fixed_assumed,1648.8891802175365,659.3864733408242,1350.0,450.0,direction,35.071694980191,514.78150704935,1,9.088848821057967,18.57204722112902,37.144094442258165,1,1,1,1,1,9.088848821058917,18.572047221128926,37.14409444225785,1,1,1,1
boundary_1050_22,boundary,1050,fixed_assumed,1637.033957701255,451.6874092814702,1350.0,450.0,direction,359.380848334308,514.78150704935,1,5.150373445397005,9.665593677969344,19.331187355938493,1,1,1,1,1,5.150373445396724,9.665593677969149,19.331187355938297,1,1,1,1
boundary_1050_23,boundary,1050,fixed_assumed,1602.5617090714582,32.93512991863851,1350.0,450.0,direction,300.8474266126265,514.78150704935,1,5.54094618502686,15.33873888589212,30.67747777178424,1,1,1,1,1,5.540946185026864,15.338738885892113,30.677477771784226,1,1,1,1
boundary_1050_24,boundary,1050,fixed_assumed,1606.9144625605422,87.36570938170668,1350.0,450.0,direction,305.1354959847352,514.78150704935,1,3.1010757674749883,13.935532273061504,27.871064546123005,1,1,1,1,1,3.101075767475004,13.93553227306149,27.871064546122977,1,1,1,1
boundary_1050_25,boundary,1050,fixed_assumed,1649.2444072979315,579.3225407654281,1350.0,450.0,direction,23.160850603528743,514.78150704935,1,1.6539368547044992,15.64659581433558,31.29319162867132,1,1,1,1,1,1.653936854704476,15.64659581433558,31.293191628671078,1,1,1,1
boundary_1050_26,boundary,1050,fixed_assumed,1637.6954573643084,460.3225035075918,1350.0,450.0,direction,1.465716125175604,514.78150704935,1,3.6763623667744825,10.018434341982559,20.036868683965146,1,1,1,1,1,3.6763623667744825,10.018434341982559,20.036868683965146,1,1,1,1
boundary_1050_27,boundary,1050,fixed_assumed,1621.5110503903989,257.90494534967667,1350.0,450.0,direction,324.58195989301527,514.78150704935,1,1.8513580182072416,10.41660925763665,20.833218515273433,1,1,1,1,1,1.8513580182072416,10.41660925763665,20.83321851527338,1,1,1,1
boundary_1050_28,boundary,1050,fixed_assumed,1654.546144914357,597.4045046158387,1350.0,450.0,direction,24.853083058769815,514.78150704935,1,7.7801836897453365,16.324281891770053,32.64856378354026,1,1,1,1,1,7.780183689745444,16.324281891770053,32.648563783540105,1,1,1,1
boundary_1050_29,boundary,1050,fixed_assumed,1639.4165369530638,447.4596891348448,1350.0,450.0,direction,359.349672752028,514.78150704935,1,0.6383927094224658,9.660477227593336,19.320954455186673,1,1,1,1,1,0.6383927094224658,9.660477227593336,19.320954455186477,1,1,1,1
boundary_1050_30,boundary,1050,fixed_assumed,1662.1894769655703,670.0930710179935,1350.0,450.0,direction,35.88158276019175,514.78150704935,1,7.187379514631315,17.36930157368385,34.7386031473677,1,1,1,1,1,7.187379514631541,17.36930157368363,34.73860314736748,1,1,1,1
boundary_1050_31,boundary,1050,fixed_assumed,1647.7347161356129,603.3564801511545,1350.0,450.0,direction,26.341673729431978,514.78150704935,1,5.916340975743713,16.965163386961596,33.93032677392327,1,1,1,1,1,5.916340975743521,16.965163386961514,33.93032677392303,1,1,1,1
boundary_1050_32,boundary,1050,fixed_assumed,1643.4709488072624,472.6856325087042,1350.0,450.0,direction,4.058632968616536,514.78150704935,1,2.8514885553806772,10.488980409090164,20.977960818180552,1,1,1,1,1,2.8514885553806772,10.488980409090164,20.97796081818036,1,1,1,1
boundary_1050_33,boundary,1050,fixed_assumed,1644.3940151441057,609.5664647567087,1350.0,450.0,direction,28.21843032041437,514.78150704935,1,10.271607195698225,17.83977539570487,35.679550791409895,1,1,1,1,1,10.271607195696918,17.839775395704784,35.6795507914098,1,1,1,1
boundary_1050_34,boundary,1050,fixed_assumed,1657.37018536684,674.7880823561399,1350.0,450.0,direction,36.67933502716334,514.78150704935,1,3.805935090304107,16.146903053672652,32.293806107345304,1,1,1,1,1,3.8059350903036644,16.146903053672553,32.2938061073451,1,1,1,1
boundary_1050_35,boundary,1050,fixed_assumed,1641.6476048832517,515.3176159373322,1350.0,450.0,direction,13.457959828978945,514.78150704935,1,6.975942581269078,12.571395668960047,25.142791337920343,1,1,1,1,1,6.975942581269303,12.571395668960047,25.142791337920094,1,1,1,1
boundary_1050_36,boundary,1050,fixed_assumed,1643.4545929685978,513.1505594261284,1350.0,450.0,direction,11.46839091575536,514.78150704935,1,3.416123016000008,12.07222623673718,24.14445247347451,1,1,1,1,1,3.4161230160000424,12.072226236737146,24.144452473474473,1,1,1,1
boundary_1050_37,boundary,1050,fixed_assumed,1606.9551497214325,87.27491466144407,1350.0,450.0,direction,304.7110667508097,514.78150704935,1,8.170980670959402,14.059441153582418,28.11888230716485,1,1,1,1,1,8.170980670959402,14.059441153582418,28.11888230716482,1,1,1,1
boundary_1050_38,boundary,1050,fixed_assumed,1620.5391674733896,273.80681879966454,1350.0,450.0,direction,327.36935691558995,514.78150704935,1,3.385992282540031,10.139116487791068,20.278232975582224,1,1,1,1,1,3.385992282540031,10.139116487791068,20.27823297558217,1,1,1,1
boundary_1050_39,boundary,1050,fixed_assumed,1650.5952692592255,503.5775935824024,1350.0,450.0,direction,9.771656600564912,514.78150704935,1,7.19878850312182,11.673794859163639,23.34758971832746,1,1,1,1,1,7.19878850312237,11.673794859163603,23.347589718327242,1,1,1,1
boundary_1050_40,boundary,1050,fixed_assumed,1631.8760176340313,425.9498675981537,1350.0,450.0,direction,354.4781765714215,514.78150704935,1,6.273029177747352,8.98617070704783,17.966360632543015,1,1,1,1,1,6.273029177747352,8.98617070704783,17.966360632543015,1,1,1,1
boundary_1050_41,boundary,1050,fixed_assumed,1646.2609557419212,594.710265798684,1350.0,450.0,direction,27.01766221836856,514.78150704935,1,12.30938237998003,17.271217102006418,34.542434204012984,1,1,1,1,1,12.309382379980253,17.271217102006418,34.54243420401275,1,1,1,1
boundary_1050_42,boundary,1050,fixed_assumed,1628.035445050821,313.0783518862481,1350.0,450.0,direction,334.43507732631724,514.78150704935,1,3.996146120969899,9.594200451668133,19.188400903336333,1,1,1,1,1,3.9961461209698843,9.594200451668083,19.188400903336284,1,1,1,1
boundary_1050_43,boundary,1050,fixed_assumed,1621.9182565135907,216.8161501442504,1350.0,450.0,direction,318.6040888353409,514.78150704935,1,5.047323308636042,11.159652629165755,22.319305258331454,1,1,1,1,1,5.047323308635906,11.15965262916567,22.31930525833134,1,1,1,1
boundary_1050_44,boundary,1050,fixed_assumed,1635.6133133130586,377.0110785166259,1350.0,450.0,direction,345.9455757183618,514.78150704935,1,3.248540933703147,9.096152171719675,18.19230434343935,1,1,1,1,1,3.24854093370225,9.096152171719632,18.192304343439307,1,1,1,1
boundary_1050_45,boundary,1050,fixed_assumed,1642.5810843633515,433.7636317195693,1350.0,450.0,direction,356.814425206176,514.78150704935,1,4.522241307138367,9.259022655701136,18.5180453114023,1,1,1,1,1,4.522241307138367,9.259022655701136,18.5180453114021,1,1,1,1
boundary_1050_46,boundary,1050,fixed_assumed,1658.6931264480909,627.33622229035,1350.0,450.0,direction,29.015063840999815,514.78150704935,1,9.18943224745823,18.235653300687403,36.47130660137466,1,1,1,1,1,9.189432247458335,18.235653300687254,36.47130660137442,1,1,1,1
boundary_1050_47,boundary,1050,fixed_assumed,1660.233104130054,583.0572357295174,1350.0,450.0,direction,24.18586948709213,514.78150704935,1,9.159424248084605,16.050914710995443,32.10182942199097,1,1,1,1,1,9.159424248084605,16.050914710995443,32.10182942199081,1,1,1,1
boundary_1050_48,boundary,1050,fixed_assumed,1628.646039076001,292.53792170313574,1350.0,450.0,direction,329.7213390752273,514.78150704935,1,4.842786533101517,9.934078733348079,19.868157466696307,1,1,1,1,1,4.842786533101517,9.934078733348079,19.868157466696257,1,1,1,1
boundary_1050_49,boundary,1050,fixed_assumed,1643.6931390228103,442.7356984645678,1350.0,450.0,direction,357.59197258272025,514.78150704935,1,7.084616299645149,9.379160736775958,18.758321473551693,1,1,1,1,1,7.084616299645149,9.379160736775958,18.758321473551693,1,1,1,1
boundary_1050_50,boundary,1050,fixed_assumed,1638.3732500763613,544.1046309401703,1350.0,450.0,direction,17.26718058385565,514.78150704935,1,9.380752569793655,13.637684991662113,27.275369983323973,1,1,1,1,1,9.380752569793222,13.637684991661938,27.275369983323802,1,1,1,1
boundary_1050_51,boundary,1050,fixed_assumed,1650.6975704177885,539.4370353627197,1350.0,450.0,direction,16.193704484554452,514.78150704935,1,4.6401686931665775,13.321161863015373,26.64232372603067,1,1,1,1,1,4.6401686931666495,13.321161863015199,26.642323726030497,1,1,1,1
boundary_1050_52,boundary,1050,fixed_assumed,1648.2683046125226,547.6469464598738,1350.0,450.0,direction,18.79245204726883,514.78150704935,1,4.1557876144345505,14.111358066675962,28.22271613335185,1,1,1,1,1,4.155787614434458,14.111358066675717,28.222716133351604,1,1,1,1
boundary_1050_53,boundary,1050,fixed_assumed,1613.8763815437455,138.1182605363419,1350.0,450.0,direction,310.7006249028981,514.78150704935,1,6.65648206212361,12.55107356208021,25.102147124160368,1,1,1,1,1,6.656482062123259,12.551073562080127,25.102147124160286,1,1,1,1
boundary_1050_54,boundary,1050,fixed_assumed,1638.3184258205633,389.6557443228059,1350.0,450.0,direction,348.8171728878333,514.78150704935,1,5.642383564312675,9.035363851887842,18.070727703775802,1,1,1,1,1,5.642383564312675,9.035363851887842,18.070727703775802,1,1,1,1
boundary_1050_55,boundary,1050,fixed_assumed,1632.4943117296734,322.9061821815761,1350.0,450.0,direction,336.5776212058579,514.78150704935,1,7.31060943665035,9.468018598645823,18.936037197291697,1,1,1,1,1,7.31060943665035,9.468018598645823,18.936037197291647,1,1,1,1
boundary_1050_56,boundary,1050,fixed_assumed,1644.1930645726636,432.4398266574295,1350.0,450.0,direction,355.76332212621173,514.78150704935,1,7.511492678846107,9.10058887942892,18.201177758858037,1,1,1,1,1,7.511492678846107,9.10058887942892,18.20117775885784,1,1,1,1
boundary_1050_57,boundary,1050,fixed_assumed,1668.7644062925872,667.7151308098223,1350.0,450.0,direction,34.01937526027333,514.78150704935,1,15.480609756886968,20.092801852737022,40.18560370547395,1,1,1,0,1,15.480609756887388,20.092801852736702,40.18560370547363,1,1,1,0
boundary_1050_58,boundary,1050,fixed_assumed,1631.517076286839,419.96481899562446,1350.0,450.0,direction,354.23628235452134,514.78150704935,1,5.457893595596425,8.98569749118427,17.967211624480083,1,1,1,1,1,5.457893595596425,8.98569749118427,17.967211624480083,1,1,1,1
boundary_1050_59,boundary,1050,fixed_assumed,1641.9382489535787,564.8186062469774,1350.0,450.0,direction,20.74202303551826,514.78150704935,1,7.654691474799029,14.76150386439079,29.523007728781668,1,1,1,1,1,7.654691474799255,14.761503864390713,29.523007728781426,1,1,1,1
boundary_1050_60,boundary,1050,fixed_assumed,1644.7193475713384,482.21305502435325,1350.0,450.0,direction,5.939207923423141,514.78150704935,1,3.0424384669712676,10.854781135074182,21.709562270148364,1,1,1,1,1,3.0424384669715203,10.854781135073994,21.709562270148176,1,1,1,1
boundary_1050_61,boundary,1050,fixed_assumed,1668.221689686524,669.553578561283,1350.0,450.0,direction,34.93223913892833,514.78150704935,1,13.306874955147292,18.775484706630834,37.5509694132618,1,1,1,1,1,13.306874955146737,18.775484706630742,37.550969413261484,1,1,1,1
boundary_1050_62,boundary,1050,fixed_assumed,1614.360413497711,199.28492610919838,1350.0,450.0,direction,316.5932825860306,514.78150704935,1,3.4294577332615304,11.463209917392941,22.926419834785932,1,1,1,1,1,3.4294577332611165,11.463209917392913,22.92641983478587,1,1,1,1
boundary_1050_63,boundary,1050,fixed_assumed,1645.1904736471856,459.6155965344718,1350.0,450.0,direction,2.479433700182044,514.78150704935,1,5.5575640585298585,10.197995075245094,20.39599015049003,1,1,1,1,1,5.5575640585293264,10.197995075244902,20.395990150489837,1,1,1,1
boundary_1050_64,boundary,1050,fixed_assumed,1655.7005418082776,543.5873727412458,1350.0,450.0,direction,17.573141244148857,514.78150704935,1,7.944117846169068,13.730388512389595,27.460777024779265,1,1,1,1,1,7.944117846169068,13.730388512389595,27.460777024779265,1,1,1,1
boundary_1050_65,boundary,1050,fixed_assumed,1651.5415868592813,606.0385568676965,1350.0,450.0,direction,26.822566564177876,514.78150704935,1,2.911924263568805,17.181882410736215,34.363764821472515,1,1,1,1,1,2.911924263568922,17.18188241073606,34.36376482147236,1,1,1,1
boundary_1050_66,boundary,1050,fixed_assumed,1652.0113484574936,656.1473887650509,1350.0,450.0,direction,34.36886885371774,514.78150704935,1,6.104599727189126,19.59143431748782,39.182868634975776,1,1,1,1,1,6.104599727189151,19.591434317487728,39.182868634975456,1,1,1,1
boundary_1050_67,boundary,1050,fixed_assumed,1639.563803943638,432.01102014531205,1350.0,450.0,direction,357.2354465281771,514.78150704935,1,4.404800644169886,9.323757048874707,18.647514097749614,1,1,1,1,1,4.404800644169886,9.323757048874707,18.647514097749415,1,1,1,1
boundary_1050_68,boundary,1050,fixed_assumed,1651.7390694397434,579.9238623519102,1350.0,450.0,direction,22.932951985478557,514.78150704935,1,2.6125754107298813,15.5591745924954,31.1183491849908,1,1,1,1,1,2.6125754107298813,15.5591745924954,31.11834918499064,1,1,1,1
boundary_1050_69,boundary,1050,fixed_assumed,1661.9038873056027,661.9774224915375,1350.0,450.0,direction,34.85531317416943,514.78150704935,1,5.98158554704183,18.88745842921051,37.774916858420895,1,1,1,1,1,5.981585547042706,18.887458429210287,37.774916858420575,1,1,1,1
boundary_1050_70,boundary,1050,fixed_assumed,1640.4551121137374,503.14198017872434,1350.0,450.0,direction,9.617845126770183,514.78150704935,1,4.656502943083968,11.638834293502285,23.277668587004417,1,1,1,1,1,4.656502943084135,11.6388342935021,23.277668587004232,1,1,1,1
boundary_1050_71,boundary,1050,fixed_assumed,1633.0234622097669,361.24480485643494,1350.0,450.0,direction,341.9249985951203,514.78150704935,1,3.6459692143417275,9.221887357200181,18.443774714400224,1,1,1,1,1,3.6459692143414526,9.221887357200043,18.44377471440004,1,1,1,1
boundary_1050_72,boundary,1050,fixed_assumed,1638.5878975838107,388.7993346228465,1350.0,450.0,direction,347.25886480234266,514.78150704935,1,5.821451974719806,9.065423225165235,18.130846450330626,1,1,1,1,1,5.821451974719806,9.065423225165235,18.130846450330626,1,1,1,1
boundary_1050_73,boundary,1050,fixed_assumed,1655.2222116519067,704.2682153990401,1350.0,450.0,direction,39.786441958274175,514.78150704935,1,5.728389912030489,11.296155086265246,22.592310172530603,1,1,1,1,1,5.728389912029922,11.296155086265246,22.592310172530492,1,1,1,1
boundary_1050_74,boundary,1050,fixed_assumed,1649.5236752847743,581.0248903049502,1350.0,450.0,direction,23.593546647862645,514.78150704935,1,1.7644283006114465,15.815021943169821,31.630043886339724,1,1,1,1,1,1.764428300611291,15.815021943169741,31.630043886339482,1,1,1,1
boundary_1050_75,boundary,1050,fixed_assumed,1661.8513948064792,628.7893370944213,1350.0,450.0,direction,30.052520054728266,514.78150704935,1,7.002275127863132,18.775134022252473,37.55026804450509,1,1,1,1,1,7.002275127862444,18.775134022252473,37.550268044504854,1,1,1,1
boundary_1050_76,boundary,1050,fixed_assumed,1660.2303596425772,585.7031494311145,1350.0,450.0,direction,24.35471753172831,514.78150704935,1,8.74327902577501,16.119315931148343,32.23863186229693,1,1,1,1,1,8.74327902577501,16.119315931148343,32.23863186229677,1,1,1,1
boundary_1050_77,boundary,1050,fixed_assumed,1648.6253607404724,650.3902909274552,1350.0,450.0,direction,34.76323380639834,514.78150704935,1,14.67150052314682,19.0212585173122,38.0425170346244,1,1,1,1,1,14.6715005231468,19.02125851731211,38.04251703462418,1,1,1,1
boundary_1050_78,boundary,1050,fixed_assumed,1627.6830225034114,299.6695286330383,1350.0,450.0,direction,332.2094652710897,514.78150704935,1,4.628850196626015,9.743511392621112,19.487022785242274,1,1,1,1,1,4.628850196626015,9.743511392621112,19.487022785242118,1,1,1,1
boundary_1050_79,boundary,1050,fixed_assumed,1648.3052381174393,529.9308090070034,1350.0,450.0,direction,14.740924702974356,514.78150704935,1,2.6047384219979306,12.913309896903844,25.82661979380744,1,1,1,1,1,2.6047384219979306,12.913309896903844,25.82661979380744,1,1,1,1
boundary_1050_80,boundary,1050,fixed_assumed,1655.0517357171677,587.4587425808254,1350.0,450.0,direction,24.183567849612206,514.78150704935,1,4.020575053704572,16.049985897587607,32.09997179517529,1,1,1,1,1,4.02057505370447,16.049985897587607,32.09997179517506,1,1,1,1
boundary_1050_81,boundary,1050,fixed_assumed,1650.4459242707749,559.365267522692,1350.0,450.0,direction,20.003128416181763,514.78150704935,1,1.3606212264867728,14.508869661699935,29.01773932339979,1,1,1,1,1,1.3606212264863249,14.508869661699935,29.017739323399624,1,1,1,1
boundary_1050_82,boundary,1050,fixed_assumed,1644.6830499665314,443.2290050609231,1350.0,450.0,direction,358.8882751457822,514.78150704935,1,5.841160169895699,9.585281558219684,19.170563116439396,1,1,1,1,1,5.841160169895699,9.585281558219684,19.170563116439197,1,1,1,1
boundary_1050_83,boundary,1050,fixed_assumed,1639.3130812914635,449.27220172918686,1350.0,450.0,direction,0.3752683456985806,514.78150704935,1,2.792612116620013,9.83122003584426,19.662440071688323,1,1,1,1,1,2.792612116620152,9.831220035844064,19.662440071688128,1,1,1,1
boundary_1050_84,boundary,1050,fixed_assumed,1633.2053361474605,367.0308643803832,1350.0,450.0,direction,343.0674015291285,514.78150704935,1,3.288834474307522,9.18119964462752,18.3623992892549,1,1,1,1,1,3.288834474307522,9.18119964462752,18.362399289254856,1,1,1,1
boundary_1050_85,boundary,1050,fixed_assumed,1644.3265003056763,511.90675244816265,1350.0,450.0,direction,11.975942431943272,514.78150704935,1,1.1006301841019357,12.196157393307557,24.392314786615113,1,1,1,1,1,1.1006301841016932,12.196157393307523,24.392314786615078,1,1,1,1
boundary_1050_86,boundary,1050,fixed_assumed,1633.932216190113,381.740155607672,1350.0,450.0,direction,346.8375931673407,514.78150704935,1,1.8999150646765033,9.074738482832291,18.149476965664626,1,1,1,1,1,1.8999150646765033,9.074738482832291,18.14947696566447,1,1,1,1
boundary_1050_87,boundary,1050,fixed_assumed,1668.4444654044064,658.3189311868866,1350.0,450.0,direction,33.275208627046496,514.78150704935,1,12.708896292364699,20.64563738589597,41.291274771792025,1,1,1,0,1,12.70889629236419,20.64563738589597,41.2912747717918,1,1,1,0
boundary_1050_88,boundary,1050,fixed_assumed,1637.6496181614832,482.19458422426715,1350.0,450.0,direction,5.929374608057343,514.78150704935,1,4.813660762711166,10.852810643186508,21.705621286372985,1,1,1,1,1,4.813660762711166,10.852810643186508,21.705621286372985,1,1,1,1
boundary_1050_89,boundary,1050,fixed_assumed,1643.3610983673645,473.83887023392856,1350.0,450.0,direction,4.348116809653917,514.78150704935,1,2.4506074291544437,10.54388144042996,21.08776288086008,1,1,1,1,1,2.4506074291537674,10.543881440429928,21.087762880859856,1,1,1,1
boundary_1050_90,boundary,1050,fixed_assumed,1639.4234504548817,504.6009348799267,1350.0,450.0,direction,9.922946563746304,514.78150704935,1,5.4788469925371635,11.708364940425598,23.416729880851165,1,1,1,1,1,5.478846992536813,11.708364940425415,23.416729880850983,1,1,1,1
boundary_1050_91,boundary,1050,fixed_assumed,1656.065960917653,559.0124073793736,1350.0,450.0,direction,20.0063879313737,514.78150704935,1,6.960316342466153,14.509967023573699,29.01993404714732,1,1,1,1,1,6.960316342465698,14.509967023573532,29.019934047147153,1,1,1,1
boundary_1050_92,boundary,1050,fixed_assumed,1633.8769443215454,372.37427153897715,1350.0,450.0,direction,344.9066502989711,514.78150704935,1,1.8218995966042308,9.124015320698623,18.24803064139729,1,1,1,1,1,1.8218995966042308,9.124015320698623,18.248030641397246,1,1,1,1
boundary_1050_93,boundary,1050,fixed_assumed,1637.0367732328973,381.1947452160234,1350.0,450.0,direction,346.0076271402926,514.78150704935,1,4.378112222714486,9.094587913374134,18.18917582674827,1,1,1,1,1,4.378112222714486,9.094587913374134,18.18917582674812,1,1,1,1
boundary_1050_94,boundary,1050,fixed_assumed,1639.1654673613532,473.743569865047,1350.0,450.0,direction,4.64603239162152,514.78150704935,1,2.4099183582822694,10.600904870896056,21.2018097417923,1,1,1,1,1,2.4099183582822694,10.600904870896056,21.20180974179211,1,1,1,1
boundary_1050_95,boundary,1050,fixed_assumed,1648.8405279334347,659.4296297920368,1350.0,450.0,direction,35.08902168064874,514.78150704935,1,9.164431139698173,18.54673126690468,37.09346253380936,1,1,1,1,1,9.164431139698204,18.546731266904587,37.09346253380917,1,1,1,1
boundary_1050_96,boundary,1050,fixed_assumed,1640.0159564147264,402.56741991359496,1350.0,450.0,direction,349.89693745260496,514.78150704935,1,6.237993117361256,9.01855448601289,18.037108972025617,1,1,1,1,1,6.237993117361413,9.018554486012688,18.037108972025415,1,1,1,1
boundary_1050_97,boundary,1050,fixed_assumed,1649.4062928653013,625.6807901345703,1350.0,450.0,direction,30.88030072609833,514.78150704935,1,9.76109506591668,19.22623439604145,38.4524687920829,1,1,1,1,1,9.761095065916766,19.22623439604145,38.45246879208281,1,1,1,1
boundary_1050_98,boundary,1050,fixed_assumed,1655.6863236297022,654.2778845767131,1350.0,450.0,direction,33.996442944295104,514.78150704935,1,3.4700654873558188,20.12556955079498,40.25113910158988,1,1,1,0,1,3.4700654873554484,20.125569550794665,40.25113910158956,1,1,1,0
boundary_1050_99,boundary,1050,fixed_assumed,1637.389719540787,359.96627443689704,1350.0,450.0,direction,342.04160357799265,514.78150704935,1,6.2559233315019735,9.217549716984959,18.435099433969917,1,1,1,1,1,6.2559233315019735,9.217549716984959,18.435099433969917,1,1,1,1
boundary_1050_0,boundary,1050,fixed_oracle,1652.3923826933749,694.9117114814134,1350.0,450.0,direction,39.0761778738754,514.78150704935,1,0.8464754166197805,12.405537615787342,24.81107523157451,1,1,1,1,1,0.846475416620445,12.405537615787056,24.811075231574222,1,1,1,1
boundary_1050_1,boundary,1050,fixed_oracle,1653.6139950838765,514.2695114122106,1350.0,450.0,direction,11.223376874802478,514.78150704935,1,10.581441861329404,12.013202712640325,24.02640542528047,1,1,1,1,1,10.581441861329687,12.013202712640144,24.026405425280252,1,1,1,1
boundary_1050_2,boundary,1050,fixed_oracle,1647.3132179622326,598.4302923997409,1350.0,450.0,direction,26.199213466908585,514.78150704935,1,5.4039843657586975,16.901896703055353,33.80379340611079,1,1,1,1,1,5.403984365758714,16.901896703055353,33.80379340611055,1,1,1,1
boundary_1050_3,boundary,1050,fixed_oracle,1636.492533849765,444.7738581929769,1350.0,450.0,direction,359.0063886673323,514.78150704935,1,2.5741751180765857,9.6044373832218,19.20887476644357,1,1,1,1,1,2.5741751180765857,9.6044373832218,19.20887476644357,1,1,1,1
boundary_1050_4,boundary,1050,fixed_oracle,1626.7431745213794,341.1233627882283,1350.0,450.0,direction,338.42209208536957,514.78150704935,1,3.356430215580417,9.372393220372691,18.74478644074551,1,1,1,1,1,3.3564302155807986,9.372393220372643,18.744786440745465,1,1,1,1
boundary_1050_5,boundary,1050,fixed_oracle,1636.1278252085385,438.8932717112198,1350.0,450.0,direction,356.9756752082217,514.78150704935,1,4.461506704682935,9.283728075135468,18.56745615027096,1,1,1,1,1,4.461506704682935,9.283728075135468,18.567456150270765,1,1,1,1
boundary_1050_6,boundary,1050,fixed_oracle,1659.4846513894515,630.5856963296121,1350.0,450.0,direction,30.532435912604722,514.78150704935,1,4.051057566295488,19.034351927619028,38.06870385523814,1,1,1,1,1,4.051057566295029,19.034351927619028,38.06870385523791,1,1,1,1
boundary_1050_7,boundary,1050,fixed_oracle,1642.9173712721024,537.7668912956105,1350.0,450.0,direction,15.985393216434613,514.78150704935,1,4.767191146050373,13.261266976559357,26.522533953118465,1,1,1,1,1,4.767191146050373,13.261266976559357,26.522533953118465,1,1,1,1
boundary_1050_8,boundary,1050,fixed_oracle,1645.5611530054923,475.5363690769897,1350.0,450.0,direction,4.991661075271514,514.78150704935,1,3.83251113772559,10.667736650277137,21.335473300554465,1,1,1,1,1,3.83251113772559,10.667736650277137,21.335473300554273,1,1,1,1
boundary_1050_9,boundary,1050,fixed_oracle,1635.9427009582942,368.67073182460564,1350.0,450.0,direction,344.6281917685953,514.78150704935,1,4.972384089832976,9.132023425496259,18.264046850992518,1,1,1,1,1,4.972384089832494,9.132023425496111,18.264046850992372,1,1,1,1
boundary_1050_10,boundary,1050,fixed_oracle,1645.2475265805983,458.92829673228624,1350.0,450.0,direction,1.6568819863437534,514.78150704935,1,5.038537692119836,10.051880251253618,20.103760502507015,1,1,1,1,1,5.038537692119618,10.051880251253426,20.10376050250682,1,1,1,1
boundary_1050_11,boundary,1050,fixed_oracle,1648.397026025553,483.53741134291903,1350.0,450.0,direction,6.163441319733724,514.78150704935,1,6.390989522414852,10.899885881249286,21.799771762498573,1,1,1,1,1,6.390989522414852,10.899885881249286,21.799771762498573,1,1,1,1
boundary_1050_12,boundary,1050,fixed_oracle,1638.4700643103613,525.4802793271863,1350.0,450.0,direction,14.293862110772647,514.78150704935,1,7.677103139568317,12.792289928442216,25.584579856884183,1,1,1,1,1,7.677103139568317,12.792289928442216,25.584579856884183,1,1,1,1
boundary_1050_13,boundary,1050,fixed_oracle,1641.5144106220603,401.1222541263633,1350.0,450.0,direction,351.4350576343619,514.78150704935,1,8.318554834653206,9.000223534652728,18.000447069305455,1,1,1,1,1,8.318554834653206,9.000223534652728,18.000447069305288,1,1,1,1
boundary_1050_14,boundary,1050,fixed_oracle,1642.9128961061053,409.93010760117375,1350.0,450.0,direction,352.7323526892804,514.78150704935,1,7.663225762014085,8.98984773352413,17.97969546704826,1,1,1,1,1,7.663225762014085,8.98984773352413,17.97969546704809,1,1,1,1
boundary_1050_15,boundary,1050,fixed_oracle,1631.5486371456793,338.1987889288506,1350.0,450.0,direction,337.4217178583985,514.78150704935,1,5.038930357875407,9.422803568335832,18.845607136671614,1,1,1,1,1,5.038930357875456,9.42280356833566,18.845607136671443,1,1,1,1
boundary_1050_16,boundary,1050,fixed_oracle,1641.8396171736063,498.5042318334895,1350.0,450.0,direction,9.548178137487074,514.78150704935,1,2.2897019484936085,11.623060538956347,23.24612107791251,1,1,1,1,1,2.289701948493636,11.623060538956347,23.246121077912473,1,1,1,1
boundary_1050_17,boundary,1050,fixed_oracle,1627.8263326739468,319.0824144736786,1350.0,450.0,direction,335.74043423999984,514.78150704935,1,5.3842377554178364,9.515343828570394,19.03068765714091,1,1,1,1,1,5.3842377554178364,9.515343828570394,19.030687657140742,1,1,1,1
boundary_1050_18,boundary,1050,fixed_oracle,1647.4589152552112,610.0767989889962,1350.0,450.0,direction,28.08794138632223,514.78150704935,1,6.812732313284244,17.776384617618852,35.55276923523777,1,1,1,1,1,6.812732313284244,17.776384617618767,35.552769235237534,1,1,1,1
boundary_1050_19,boundary,1050,fixed_oracle,1650.4657643174173,622.1954635862982,1350.0,450.0,direction,29.9034058309533,514.78150704935,1,5.7840760308394366,18.695862684664675,37.39172536932935,1,1,1,1,1,5.784076030839577,18.695862684664675,37.391725369329116,1,1,1,1
boundary_1050_20,boundary,1050,fixed_oracle,1643.6348166577136,486.5587206811903,1350.0,450.0,direction,7.460621390172578,514.78150704935,1,2.1122897038227046,11.16740697523477,22.33481395046932,1,1,1,1,1,2.112289703822675,11.167406975234552,22.334813950469105,1,1,1,1
boundary_1050_21,boundary,1050,fixed_oracle,1648.8891802175365,659.3864733408242,1350.0,450.0,direction,35.071694980191,514.78150704935,1,9.088848821057967,18.57204722112902,37.144094442258165,1,1,1,1,1,9.088848821058917,18.572047221128926,37.14409444225785,1,1,1,1
boundary_1050_22,boundary,1050,fixed_oracle,1637.033957701255,451.6874092814702,1350.0,450.0,direction,359.380848334308,514.78150704935,1,5.150373445397005,9.665593677969344,19.331187355938493,1,1,1,1,1,5.150373445396724,9.665593677969149,19.331187355938297,1,1,1,1
boundary_1050_23,boundary,1050,fixed_oracle,1602.5617090714582,32.93512991863851,1350.0,450.0,direction,300.8474266126265,514.78150704935,1,5.54094618502686,15.33873888589212,30.67747777178424,1,1,1,1,1,5.540946185026864,15.338738885892113,30.677477771784226,1,1,1,1
boundary_1050_24,boundary,1050,fixed_oracle,1606.9144625605422,87.36570938170668,1350.0,450.0,direction,305.1354959847352,514.78150704935,1,3.1010757674749407,13.935532273061519,27.87106454612302,1,1,1,1,1,3.101075767475004,13.93553227306149,27.871064546122977,1,1,1,1
boundary_1050_25,boundary,1050,fixed_oracle,1649.2444072979315,579.3225407654281,1350.0,450.0,direction,23.160850603528743,514.78150704935,1,1.6539368547044992,15.64659581433558,31.29319162867132,1,1,1,1,1,1.653936854704476,15.64659581433558,31.293191628671078,1,1,1,1
boundary_1050_26,boundary,1050,fixed_oracle,1637.6954573643084,460.3225035075918,1350.0,450.0,direction,1.465716125175604,514.78150704935,1,3.6763623667744825,10.018434341982559,20.036868683965146,1,1,1,1,1,3.6763623667744825,10.018434341982559,20.036868683965146,1,1,1,1
boundary_1050_27,boundary,1050,fixed_oracle,1621.5110503903989,257.90494534967667,1350.0,450.0,direction,324.58195989301527,514.78150704935,1,1.8513580182072416,10.41660925763665,20.833218515273433,1,1,1,1,1,1.8513580182072416,10.41660925763665,20.83321851527338,1,1,1,1
boundary_1050_28,boundary,1050,fixed_oracle,1654.546144914357,597.4045046158387,1350.0,450.0,direction,24.853083058769815,514.78150704935,1,7.7801836897453365,16.324281891770053,32.64856378354026,1,1,1,1,1,7.780183689745444,16.324281891770053,32.648563783540105,1,1,1,1
boundary_1050_29,boundary,1050,fixed_oracle,1639.4165369530638,447.4596891348448,1350.0,450.0,direction,359.349672752028,514.78150704935,1,0.6383927094224658,9.660477227593336,19.320954455186673,1,1,1,1,1,0.6383927094224658,9.660477227593336,19.320954455186477,1,1,1,1
boundary_1050_30,boundary,1050,fixed_oracle,1662.1894769655703,670.0930710179935,1350.0,450.0,direction,35.88158276019175,514.78150704935,1,7.187379514631315,17.36930157368385,34.7386031473677,1,1,1,1,1,7.187379514631541,17.36930157368363,34.73860314736748,1,1,1,1
boundary_1050_31,boundary,1050,fixed_oracle,1647.7347161356129,603.3564801511545,1350.0,450.0,direction,26.341673729431978,514.78150704935,1,5.916340975743713,16.965163386961596,33.93032677392327,1,1,1,1,1,5.916340975743521,16.965163386961514,33.93032677392303,1,1,1,1
boundary_1050_32,boundary,1050,fixed_oracle,1643.4709488072624,472.6856325087042,1350.0,450.0,direction,4.058632968616536,514.78150704935,1,2.8514885553806772,10.488980409090164,20.977960818180552,1,1,1,1,1,2.8514885553806772,10.488980409090164,20.97796081818036,1,1,1,1
boundary_1050_33,boundary,1050,fixed_oracle,1644.3940151441057,609.5664647567087,1350.0,450.0,direction,28.21843032041437,514.78150704935,1,10.271607195698225,17.83977539570487,35.679550791409895,1,1,1,1,1,10.271607195696918,17.839775395704784,35.6795507914098,1,1,1,1
boundary_1050_34,boundary,1050,fixed_oracle,1657.37018536684,674.7880823561399,1350.0,450.0,direction,36.67933502716334,514.78150704935,1,3.805935090304107,16.146903053672652,32.293806107345304,1,1,1,1,1,3.8059350903036644,16.146903053672553,32.2938061073451,1,1,1,1
boundary_1050_35,boundary,1050,fixed_oracle,1641.6476048832517,515.3176159373322,1350.0,450.0,direction,13.457959828978945,514.78150704935,1,6.975942581269078,12.571395668960047,25.142791337920343,1,1,1,1,1,6.975942581269303,12.571395668960047,25.142791337920094,1,1,1,1
boundary_1050_36,boundary,1050,fixed_oracle,1643.4545929685978,513.1505594261284,1350.0,450.0,direction,11.46839091575536,514.78150704935,1,3.416123016000008,12.07222623673718,24.14445247347451,1,1,1,1,1,3.4161230160000424,12.072226236737146,24.144452473474473,1,1,1,1
boundary_1050_37,boundary,1050,fixed_oracle,1606.9551497214325,87.27491466144407,1350.0,450.0,direction,304.7110667508097,514.78150704935,1,8.170980670959402,14.059441153582418,28.11888230716485,1,1,1,1,1,8.170980670959402,14.059441153582418,28.11888230716482,1,1,1,1
boundary_1050_38,boundary,1050,fixed_oracle,1620.5391674733896,273.80681879966454,1350.0,450.0,direction,327.36935691558995,514.78150704935,1,3.385992282540031,10.139116487791068,20.278232975582224,1,1,1,1,1,3.385992282540031,10.139116487791068,20.27823297558217,1,1,1,1
boundary_1050_39,boundary,1050,fixed_oracle,1650.5952692592255,503.5775935824024,1350.0,450.0,direction,9.771656600564912,514.78150704935,1,7.19878850312182,11.673794859163639,23.34758971832746,1,1,1,1,1,7.19878850312237,11.673794859163603,23.347589718327242,1,1,1,1
boundary_1050_40,boundary,1050,fixed_oracle,1631.8760176340313,425.9498675981537,1350.0,450.0,direction,354.4781765714215,514.78150704935,1,6.2730291777472,8.986170707047867,17.96636063254319,1,1,1,1,1,6.273029177747352,8.98617070704783,17.966360632543015,1,1,1,1
boundary_1050_41,boundary,1050,fixed_oracle,1646.2609557419212,594.710265798684,1350.0,450.0,direction,27.01766221836856,514.78150704935,1,12.30938237998003,17.271217102006418,34.542434204012984,1,1,1,1,1,12.309382379980253,17.271217102006418,34.54243420401275,1,1,1,1
boundary_1050_42,boundary,1050,fixed_oracle,1628.035445050821,313.0783518862481,1350.0,450.0,direction,334.43507732631724,514.78150704935,1,3.996146120969899,9.594200451668133,19.188400903336333,1,1,1,1,1,3.9961461209698843,9.594200451668083,19.188400903336284,1,1,1,1
boundary_1050_43,boundary,1050,fixed_oracle,1621.9182565135907,216.8161501442504,1350.0,450.0,direction,318.6040888353409,514.78150704935,1,5.047323308636042,11.159652629165755,22.319305258331454,1,1,1,1,1,5.047323308635906,11.15965262916567,22.31930525833134,1,1,1,1
boundary_1050_44,boundary,1050,fixed_oracle,1635.6133133130586,377.0110785166259,1350.0,450.0,direction,345.9455757183618,514.78150704935,1,3.248540933703147,9.096152171719675,18.19230434343935,1,1,1,1,1,3.24854093370225,9.096152171719632,18.192304343439307,1,1,1,1
boundary_1050_45,boundary,1050,fixed_oracle,1642.5810843633515,433.7636317195693,1350.0,450.0,direction,356.814425206176,514.78150704935,1,4.522241307138367,9.259022655701136,18.5180453114023,1,1,1,1,1,4.522241307138367,9.259022655701136,18.5180453114021,1,1,1,1
boundary_1050_46,boundary,1050,fixed_oracle,1658.6931264480909,627.33622229035,1350.0,450.0,direction,29.015063840999815,514.78150704935,1,9.18943224745823,18.235653300687403,36.47130660137466,1,1,1,1,1,9.189432247458335,18.235653300687254,36.47130660137442,1,1,1,1
boundary_1050_47,boundary,1050,fixed_oracle,1660.233104130054,583.0572357295174,1350.0,450.0,direction,24.18586948709213,514.78150704935,1,9.159424248084605,16.050914710995443,32.10182942199097,1,1,1,1,1,9.159424248084605,16.050914710995443,32.10182942199081,1,1,1,1
boundary_1050_48,boundary,1050,fixed_oracle,1628.646039076001,292.53792170313574,1350.0,450.0,direction,329.7213390752273,514.78150704935,1,4.842786533101517,9.934078733348079,19.868157466696307,1,1,1,1,1,4.842786533101517,9.934078733348079,19.868157466696257,1,1,1,1
boundary_1050_49,boundary,1050,fixed_oracle,1643.6931390228103,442.7356984645678,1350.0,450.0,direction,357.59197258272025,514.78150704935,1,7.084616299645149,9.379160736775958,18.758321473551693,1,1,1,1,1,7.084616299645149,9.379160736775958,18.758321473551693,1,1,1,1
boundary_1050_50,boundary,1050,fixed_oracle,1638.3732500763613,544.1046309401703,1350.0,450.0,direction,17.26718058385565,514.78150704935,1,9.380752569793655,13.637684991662113,27.275369983323973,1,1,1,1,1,9.380752569793222,13.637684991661938,27.275369983323802,1,1,1,1
boundary_1050_51,boundary,1050,fixed_oracle,1650.6975704177885,539.4370353627197,1350.0,450.0,direction,16.193704484554452,514.78150704935,1,4.6401686931665775,13.321161863015373,26.64232372603067,1,1,1,1,1,4.6401686931666495,13.321161863015199,26.642323726030497,1,1,1,1
boundary_1050_52,boundary,1050,fixed_oracle,1648.2683046125226,547.6469464598738,1350.0,450.0,direction,18.79245204726883,514.78150704935,1,4.1557876144345505,14.111358066675962,28.22271613335185,1,1,1,1,1,4.155787614434458,14.111358066675717,28.222716133351604,1,1,1,1
boundary_1050_53,boundary,1050,fixed_oracle,1613.8763815437455,138.1182605363419,1350.0,450.0,direction,310.7006249028981,514.78150704935,1,6.65648206212361,12.55107356208021,25.102147124160368,1,1,1,1,1,6.656482062123259,12.551073562080127,25.102147124160286,1,1,1,1
boundary_1050_54,boundary,1050,fixed_oracle,1638.3184258205633,389.6557443228059,1350.0,450.0,direction,348.8171728878333,514.78150704935,1,5.642383564312675,9.035363851887842,18.070727703775802,1,1,1,1,1,5.642383564312675,9.035363851887842,18.070727703775802,1,1,1,1
boundary_1050_55,boundary,1050,fixed_oracle,1632.4943117296734,322.9061821815761,1350.0,450.0,direction,336.5776212058579,514.78150704935,1,7.31060943665035,9.468018598645823,18.936037197291697,1,1,1,1,1,7.31060943665035,9.468018598645823,18.936037197291647,1,1,1,1
boundary_1050_56,boundary,1050,fixed_oracle,1644.1930645726636,432.4398266574295,1350.0,450.0,direction,355.76332212621173,514.78150704935,1,7.511492678846107,9.10058887942892,18.201177758858037,1,1,1,1,1,7.511492678846107,9.10058887942892,18.20117775885784,1,1,1,1
boundary_1050_57,boundary,1050,fixed_oracle,1668.7644062925872,667.7151308098223,1350.0,450.0,direction,34.01937526027333,514.78150704935,1,15.480609756886968,20.092801852737022,40.18560370547395,1,1,1,0,1,15.480609756887388,20.092801852736702,40.18560370547363,1,1,1,0
boundary_1050_58,boundary,1050,fixed_oracle,1631.517076286839,419.96481899562446,1350.0,450.0,direction,354.23628235452134,514.78150704935,1,5.457893595596425,8.98569749118427,17.967211624480083,1,1,1,1,1,5.457893595596425,8.98569749118427,17.967211624480083,1,1,1,1
boundary_1050_59,boundary,1050,fixed_oracle,1641.9382489535787,564.8186062469774,1350.0,450.0,direction,20.74202303551826,514.78150704935,1,7.654691474799029,14.76150386439079,29.523007728781668,1,1,1,1,1,7.654691474799255,14.761503864390713,29.523007728781426,1,1,1,1
boundary_1050_60,boundary,1050,fixed_oracle,1644.7193475713384,482.21305502435325,1350.0,450.0,direction,5.939207923423141,514.78150704935,1,3.0424384669712676,10.854781135074182,21.709562270148364,1,1,1,1,1,3.0424384669715203,10.854781135073994,21.709562270148176,1,1,1,1
boundary_1050_61,boundary,1050,fixed_oracle,1668.221689686524,669.553578561283,1350.0,450.0,direction,34.93223913892833,514.78150704935,1,13.306874955147292,18.775484706630834,37.5509694132618,1,1,1,1,1,13.306874955146737,18.775484706630742,37.550969413261484,1,1,1,1
boundary_1050_62,boundary,1050,fixed_oracle,1614.360413497711,199.28492610919838,1350.0,450.0,direction,316.5932825860306,514.78150704935,1,3.4294577332615304,11.463209917392941,22.926419834785932,1,1,1,1,1,3.4294577332611165,11.463209917392913,22.92641983478587,1,1,1,1
boundary_1050_63,boundary,1050,fixed_oracle,1645.1904736471856,459.6155965344718,1350.0,450.0,direction,2.479433700182044,514.78150704935,1,5.5575640585298585,10.197995075245094,20.39599015049003,1,1,1,1,1,5.5575640585293264,10.197995075244902,20.395990150489837,1,1,1,1
boundary_1050_64,boundary,1050,fixed_oracle,1655.7005418082776,543.5873727412458,1350.0,450.0,direction,17.573141244148857,514.78150704935,1,7.944117846169068,13.730388512389595,27.460777024779265,1,1,1,1,1,7.944117846169068,13.730388512389595,27.460777024779265,1,1,1,1
boundary_1050_65,boundary,1050,fixed_oracle,1651.5415868592813,606.0385568676965,1350.0,450.0,direction,26.822566564177876,514.78150704935,1,2.911924263568805,17.181882410736215,34.363764821472515,1,1,1,1,1,2.911924263568922,17.18188241073606,34.36376482147236,1,1,1,1
boundary_1050_66,boundary,1050,fixed_oracle,1652.0113484574936,656.1473887650509,1350.0,450.0,direction,34.36886885371774,514.78150704935,1,6.104599727189126,19.59143431748782,39.182868634975776,1,1,1,1,1,6.104599727189151,19.591434317487728,39.182868634975456,1,1,1,1
boundary_1050_67,boundary,1050,fixed_oracle,1639.563803943638,432.01102014531205,1350.0,450.0,direction,357.2354465281771,514.78150704935,1,4.404800644169886,9.323757048874707,18.647514097749614,1,1,1,1,1,4.404800644169886,9.323757048874707,18.647514097749415,1,1,1,1
boundary_1050_68,boundary,1050,fixed_oracle,1651.7390694397434,579.9238623519102,1350.0,450.0,direction,22.932951985478557,514.78150704935,1,2.6125754107298813,15.5591745924954,31.1183491849908,1,1,1,1,1,2.6125754107298813,15.5591745924954,31.11834918499064,1,1,1,1
boundary_1050_69,boundary,1050,fixed_oracle,1661.9038873056027,661.9774224915375,1350.0,450.0,direction,34.85531317416943,514.78150704935,1,5.98158554704183,18.88745842921051,37.774916858420895,1,1,1,1,1,5.981585547042706,18.887458429210287,37.774916858420575,1,1,1,1
boundary_1050_70,boundary,1050,fixed_oracle,1640.4551121137374,503.14198017872434,1350.0,450.0,direction,9.617845126770183,514.78150704935,1,4.656502943083968,11.638834293502285,23.277668587004417,1,1,1,1,1,4.656502943084135,11.6388342935021,23.277668587004232,1,1,1,1
boundary_1050_71,boundary,1050,fixed_oracle,1633.0234622097669,361.24480485643494,1350.0,450.0,direction,341.9249985951203,514.78150704935,1,3.6459692143417275,9.221887357200181,18.443774714400224,1,1,1,1,1,3.6459692143414526,9.221887357200043,18.44377471440004,1,1,1,1
boundary_1050_72,boundary,1050,fixed_oracle,1638.5878975838107,388.7993346228465,1350.0,450.0,direction,347.25886480234266,514.78150704935,1,5.821451974719806,9.065423225165235,18.130846450330626,1,1,1,1,1,5.821451974719806,9.065423225165235,18.130846450330626,1,1,1,1
boundary_1050_73,boundary,1050,fixed_oracle,1655.2222116519067,704.2682153990401,1350.0,450.0,direction,39.786441958274175,514.78150704935,1,5.728389912030489,11.296155086265246,22.592310172530603,1,1,1,1,1,5.728389912029922,11.296155086265246,22.592310172530492,1,1,1,1
boundary_1050_74,boundary,1050,fixed_oracle,1649.5236752847743,581.0248903049502,1350.0,450.0,direction,23.593546647862645,514.78150704935,1,1.7644283006114465,15.815021943169821,31.630043886339724,1,1,1,1,1,1.764428300611291,15.815021943169741,31.630043886339482,1,1,1,1
boundary_1050_75,boundary,1050,fixed_oracle,1661.8513948064792,628.7893370944213,1350.0,450.0,direction,30.052520054728266,514.78150704935,1,7.002275127863132,18.775134022252473,37.55026804450509,1,1,1,1,1,7.002275127862444,18.775134022252473,37.550268044504854,1,1,1,1
boundary_1050_76,boundary,1050,fixed_oracle,1660.2303596425772,585.7031494311145,1350.0,450.0,direction,24.35471753172831,514.78150704935,1,8.74327902577501,16.119315931148343,32.23863186229693,1,1,1,1,1,8.74327902577501,16.119315931148343,32.23863186229677,1,1,1,1
boundary_1050_77,boundary,1050,fixed_oracle,1648.6253607404724,650.3902909274552,1350.0,450.0,direction,34.76323380639834,514.78150704935,1,14.67150052314682,19.0212585173122,38.0425170346244,1,1,1,1,1,14.6715005231468,19.02125851731211,38.04251703462418,1,1,1,1
boundary_1050_78,boundary,1050,fixed_oracle,1627.6830225034114,299.6695286330383,1350.0,450.0,direction,332.2094652710897,514.78150704935,1,4.628850196626015,9.743511392621112,19.487022785242274,1,1,1,1,1,4.628850196626015,9.743511392621112,19.487022785242118,1,1,1,1
boundary_1050_79,boundary,1050,fixed_oracle,1648.3052381174393,529.9308090070034,1350.0,450.0,direction,14.740924702974356,514.78150704935,1,2.6047384219979306,12.913309896903844,25.82661979380744,1,1,1,1,1,2.6047384219979306,12.913309896903844,25.82661979380744,1,1,1,1
boundary_1050_80,boundary,1050,fixed_oracle,1655.0517357171677,587.4587425808254,1350.0,450.0,direction,24.183567849612206,514.78150704935,1,4.020575053704572,16.049985897587607,32.09997179517529,1,1,1,1,1,4.02057505370447,16.049985897587607,32.09997179517506,1,1,1,1
boundary_1050_81,boundary,1050,fixed_oracle,1650.4459242707749,559.365267522692,1350.0,450.0,direction,20.003128416181763,514.78150704935,1,1.3606212264867728,14.508869661699935,29.01773932339979,1,1,1,1,1,1.3606212264863249,14.508869661699935,29.017739323399624,1,1,1,1
boundary_1050_82,boundary,1050,fixed_oracle,1644.6830499665314,443.2290050609231,1350.0,450.0,direction,358.8882751457822,514.78150704935,1,5.841160169895699,9.585281558219684,19.170563116439396,1,1,1,1,1,5.841160169895699,9.585281558219684,19.170563116439197,1,1,1,1
boundary_1050_83,boundary,1050,fixed_oracle,1639.3130812914635,449.27220172918686,1350.0,450.0,direction,0.3752683456985806,514.78150704935,1,2.792612116620013,9.83122003584426,19.662440071688323,1,1,1,1,1,2.792612116620152,9.831220035844064,19.662440071688128,1,1,1,1
boundary_1050_84,boundary,1050,fixed_oracle,1633.2053361474605,367.0308643803832,1350.0,450.0,direction,343.0674015291285,514.78150704935,1,3.288834474307522,9.18119964462752,18.3623992892549,1,1,1,1,1,3.288834474307522,9.18119964462752,18.362399289254856,1,1,1,1
boundary_1050_85,boundary,1050,fixed_oracle,1644.3265003056763,511.90675244816265,1350.0,450.0,direction,11.975942431943272,514.78150704935,1,1.1006301841019357,12.196157393307557,24.392314786615113,1,1,1,1,1,1.1006301841016932,12.196157393307523,24.392314786615078,1,1,1,1
boundary_1050_86,boundary,1050,fixed_oracle,1633.932216190113,381.740155607672,1350.0,450.0,direction,346.8375931673407,514.78150704935,1,1.8999150646765033,9.074738482832291,18.149476965664626,1,1,1,1,1,1.8999150646765033,9.074738482832291,18.14947696566447,1,1,1,1
boundary_1050_87,boundary,1050,fixed_oracle,1668.4444654044064,658.3189311868866,1350.0,450.0,direction,33.275208627046496,514.78150704935,1,12.708896292364699,20.64563738589597,41.291274771792025,1,1,1,0,1,12.70889629236419,20.64563738589597,41.2912747717918,1,1,1,0
boundary_1050_88,boundary,1050,fixed_oracle,1637.6496181614832,482.19458422426715,1350.0,450.0,direction,5.929374608057343,514.78150704935,1,4.813660762711166,10.852810643186508,21.705621286372985,1,1,1,1,1,4.813660762711166,10.852810643186508,21.705621286372985,1,1,1,1
boundary_1050_89,boundary,1050,fixed_oracle,1643.3610983673645,473.83887023392856,1350.0,450.0,direction,4.348116809653917,514.78150704935,1,2.4506074291544437,10.54388144042996,21.08776288086008,1,1,1,1,1,2.4506074291537674,10.543881440429928,21.087762880859856,1,1,1,1
boundary_1050_90,boundary,1050,fixed_oracle,1639.4234504548817,504.6009348799267,1350.0,450.0,direction,9.922946563746304,514.78150704935,1,5.4788469925371635,11.708364940425598,23.416729880851165,1,1,1,1,1,5.478846992536813,11.708364940425415,23.416729880850983,1,1,1,1
boundary_1050_91,boundary,1050,fixed_oracle,1656.065960917653,559.0124073793736,1350.0,450.0,direction,20.0063879313737,514.78150704935,1,6.960316342466153,14.509967023573699,29.01993404714732,1,1,1,1,1,6.960316342465698,14.509967023573532,29.019934047147153,1,1,1,1
boundary_1050_92,boundary,1050,fixed_oracle,1633.8769443215454,372.37427153897715,1350.0,450.0,direction,344.9066502989711,514.78150704935,1,1.8218995966042308,9.124015320698623,18.24803064139729,1,1,1,1,1,1.8218995966042308,9.124015320698623,18.248030641397246,1,1,1,1
boundary_1050_93,boundary,1050,fixed_oracle,1637.0367732328973,381.1947452160234,1350.0,450.0,direction,346.0076271402926,514.78150704935,1,4.378112222714486,9.094587913374134,18.18917582674827,1,1,1,1,1,4.378112222714486,9.094587913374134,18.18917582674812,1,1,1,1
boundary_1050_94,boundary,1050,fixed_oracle,1639.1654673613532,473.743569865047,1350.0,450.0,direction,4.64603239162152,514.78150704935,1,2.4099183582822694,10.600904870896056,21.2018097417923,1,1,1,1,1,2.4099183582822694,10.600904870896056,21.20180974179211,1,1,1,1
boundary_1050_95,boundary,1050,fixed_oracle,1648.8405279334347,659.4296297920368,1350.0,450.0,direction,35.08902168064874,514.78150704935,1,9.164431139698173,18.54673126690468,37.09346253380936,1,1,1,1,1,9.164431139698204,18.546731266904587,37.09346253380917,1,1,1,1
boundary_1050_96,boundary,1050,fixed_oracle,1640.0159564147264,402.56741991359496,1350.0,450.0,direction,349.89693745260496,514.78150704935,1,6.237993117361256,9.01855448601289,18.037108972025617,1,1,1,1,1,6.237993117361413,9.018554486012688,18.037108972025415,1,1,1,1
boundary_1050_97,boundary,1050,fixed_oracle,1649.4062928653013,625.6807901345703,1350.0,450.0,direction,30.88030072609833,514.78150704935,1,9.76109506591668,19.22623439604145,38.4524687920829,1,1,1,1,1,9.761095065916766,19.22623439604145,38.45246879208281,1,1,1,1
boundary_1050_98,boundary,1050,fixed_oracle,1655.6863236297022,654.2778845767131,1350.0,450.0,direction,33.996442944295104,514.78150704935,1,3.4700654873558188,20.12556955079498,40.25113910158988,1,1,1,0,1,3.4700654873554484,20.125569550794665,40.25113910158956,1,1,1,0
boundary_1050_99,boundary,1050,fixed_oracle,1637.389719540787,359.96627443689704,1350.0,450.0,direction,342.04160357799265,514.78150704935,1,6.2559233315019735,9.217549716984959,18.435099433969917,1,1,1,1,1,6.2559233315019735,9.217549716984959,18.435099433969917,1,1,1,1
boundary_1250_0,boundary,1250,bayes,1654.895940391483,676.9139686767215,1350.0,450.0,direction,36.625477614972034,514.78150704935,1,1.074921883116797,17.36697272757148,34.73394545514285,1,1,1,1,1,0.7639664962543081,16.229883646227222,32.459767292454345,1,1,1,1
boundary_1250_1,boundary,1250,bayes,1662.0045471925816,624.0810032270733,1350.0,450.0,direction,29.85501192380448,514.78150704935,1,7.298697102076123,17.769302046310152,35.53860409262022,1,1,1,1,1,7.147859430306515,18.67026314439284,37.34052628878568,1,1,1,1
boundary_1250_2,boundary,1250,bayes,1636.691215770803,386.08862428738024,1350.0,450.0,direction,346.5953638914564,514.78150704935,1,6.544507923240447,8.143787743559136,16.285094810481077,0,0,1,1,1,5.0270236617330575,9.080325828092752,18.16065165618539,1,1,1,1
boundary_1250_3,boundary,1250,bayes,1653.6507527906697,600.4640121430135,1350.0,450.0,direction,26.965117111102415,514.78150704935,1,4.036440681071117,17.509105281381732,35.01821056276323,1,1,1,1,1,4.1057711861120305,17.247075234386458,34.494150468773,1,1,1,1
boundary_1250_4,boundary,1250,bayes,1623.7443272884361,312.2091413821409,1350.0,450.0,direction,332.6496332715108,514.78150704935,1,5.762971015967748,10.956777490657814,21.913554981315627,0,0,1,1,1,6.229354864133635,9.712447671316284,19.424895342632567,1,1,1,1
boundary_1250_5,boundary,1250,bayes,1625.5129448681043,304.1376926000828,1350.0,450.0,direction,332.8596057681708,514.78150704935,1,3.3563031402517463,10.956777490657814,21.913554981315627,1,1,1,1,1,4.023878131353069,9.697900296960661,19.395800593921482,1,1,1,1
boundary_1250_6,boundary,1250,bayes,1621.870280264961,229.08641758353423,1350.0,450.0,direction,321.2487315179054,514.78150704935,1,7.822080324305508,8.861054248759006,17.72210849751793,1,1,1,1,1,4.188303786790729,10.803690847167331,21.607381694334595,1,1,1,1
boundary_1250_7,boundary,1250,bayes,1641.4463064009578,561.2077569831848,1350.0,450.0,direction,20.62788113561044,514.78150704935,1,8.582684454142328,15.26854998420803,30.537099968415898,1,1,1,1,1,8.191843733317837,14.721963091889352,29.443926183778704,1,1,1,1
boundary_1250_8,boundary,1250,bayes,1629.6070182899075,306.76230577030844,1350.0,450.0,direction,333.4951010793632,514.78150704935,1,4.319996756829289,10.907429407382743,21.81485881476554,1,1,1,1,1,5.476533239008323,9.654923390587639,19.309846781175168,1,1,1,1
boundary_1250_9,boundary,1250,bayes,1645.697785486114,502.03380145795796,1350.0,450.0,direction,9.349122576477033,514.78150704935,1,4.060833841833607,9.775682971261036,19.551365942522303,1,1,1,1,1,3.9955153185984575,11.57819977701322,23.156399554026624,1,1,1,1
boundary_1250_10,boundary,1250,bayes,1659.3674734826252,585.5693569683935,1350.0,450.0,direction,22.825962545586616,514.78150704935,1,10.843572918366544,14.898871757556075,29.797743515111904,1,1,1,1,1,12.332216449951982,15.518435405436302,31.036870810872603,1,1,1,1
boundary_1250_11,boundary,1250,bayes,1637.2662229317273,511.0072002230721,1350.0,450.0,direction,11.708928070103036,514.78150704935,1,7.634888392900794,12.39063229946196,24.781264598923954,1,1,1,1,1,7.616785482035699,12.130677251898417,24.261354503796653,1,1,1,1
boundary_1250_12,boundary,1250,bayes,1641.5434870803904,483.3721783789178,1350.0,450.0,direction,6.4158801489639945,514.78150704935,1,2.5800115997077198,9.575579613785363,19.14824241325964,1,1,1,1,1,0.8999233876844996,10.95105892779561,21.902117855591033,1,1,1,1
boundary_1250_13,boundary,1250,bayes,1638.4639426843125,446.09696444480176,1350.0,450.0,direction,359.6921629846853,514.78150704935,1,2.9744283671807192,10.523145368356877,21.04629073671379,1,1,1,1,1,2.6449722746227744,9.71693650811219,19.433873016224183,1,1,1,1
boundary_1250_14,boundary,1250,bayes,1659.6254605148956,679.3170068799938,1350.0,450.0,direction,35.56447131089604,514.78150704935,1,10.144396668324266,18.13851866620299,36.27703733240577,1,1,1,1,1,11.409526432038025,17.848677886641443,35.697355773282794,1,1,1,1
boundary_1250_15,boundary,1250,bayes,1637.030632291602,487.3298195393507,1350.0,450.0,direction,7.126711115937716,514.78150704935,1,5.72089976083542,11.396606607505554,22.793213215011075,1,1,1,1,1,5.708133990194262,11.09744727578446,22.19489455156889,1,1,1,1
boundary_1250_16,boundary,1250,bayes,1617.6142165986953,235.6414927927469,1350.0,450.0,direction,322.28051268006465,514.78150704935,1,3.8254326687251488,10.097232853118742,20.194465706237406,1,1,1,1,1,5.6890327373218685,10.67695186692693,21.35390373385386,1,1,1,1
boundary_1250_17,boundary,1250,bayes,1624.2003962955462,246.20695955448525,1350.0,450.0,direction,324.0241823361443,514.78150704935,1,9.646218563103856,9.661031994189992,19.322063988379984,0,0,1,1,1,6.626414177340531,10.476987494973429,20.953974989946857,1,1,1,1
boundary_1250_18,boundary,1250,bayes,1650.3744318689676,568.9087918483126,1350.0,450.0,direction,21.76287495890858,514.78150704935,1,2.71464859698582,15.16442467988952,30.328849359778953,1,1,1,1,1,1.1888952544816407,15.123810200817335,30.24762040163467,1,1,1,1
boundary_1250_19,boundary,1250,bayes,1653.1238587245289,709.7349475622113,1350.0,450.0,direction,39.800585609431714,514.78150704935,1,10.410698616139017,12.637728523546507,25.275457047092903,1,1,1,1,1,9.262033829166628,11.274377183598475,22.548754367197063,1,1,1,1
boundary_1250_20,boundary,1250,bayes,1652.1018254612186,586.3485470410513,1350.0,450.0,direction,24.85536297710537,514.78150704935,1,3.342221787182331,17.488806379237868,34.97761275847597,1,1,1,1,1,3.7818544274956394,16.32523027702085,32.65046055404178,1,1,1,1
boundary_1250_21,boundary,1250,bayes,1640.4787517524073,414.97236465096574,1350.0,450.0,direction,353.79618299801604,514.78150704935,1,4.9165701987291595,9.422743961654334,18.842617664217812,0,0,1,1,1,5.444717001643946,8.985658370099417,17.96958164444038,1,1,1,1
boundary_1250_22,boundary,1250,bayes,1653.1579468884556,693.6967050384688,1350.0,450.0,direction,37.80785752506923,514.78150704935,1,6.938027882677913,13.627740199489672,27.25548039897925,0,0,1,1,1,8.340739428397054,14.397187255199231,28.79437451039837,1,1,1,1
boundary_1250_23,boundary,1250,bayes,1636.7384959195415,500.74669360265483,1350.0,450.0,direction,10.167401942900733,514.78150704935,1,7.7128720024492905,12.320035417781998,24.64007083556421,1,1,1,1,1,7.717100090268848,11.764610048597197,23.52922009719443,1,1,1,1
boundary_1250_24,boundary,1250,bayes,1659.5811954068092,569.6009634400823,1350.0,450.0,direction,21.337834286168242,514.78150704935,1,11.001505389744064,14.59596796062036,29.19193592124072,1,1,1,1,1,9.99271349148175,14.971039548122231,29.942079096244296,1,1,1,1
boundary_1250_25,boundary,1250,bayes,1648.9823630137516,544.0491775449477,1350.0,450.0,direction,17.874722754388785,514.78150704935,1,1.2701696847166528,12.474756677671811,24.949513355343623,1,1,1,1,1,2.4945784716470234,13.822880804986386,27.645761609972602,1,1,1,1
boundary_1250_26,boundary,1250,bayes,1640.313690103734,487.4203811060742,1350.0,450.0,direction,8.100477118985145,514.78150704935,1,6.602479403816961,11.85758671174622,23.71517342349244,1,1,1,1,1,5.3122524340597375,11.303663276093948,22.607326552187928,1,1,1,1
boundary_1250_27,boundary,1250,bayes,1625.5995696208681,290.09007133624743,1350.0,450.0,direction,330.56028218680143,514.78150704935,1,5.307826108504155,11.16718306776124,22.334366135522426,0,0,1,1,1,4.201770375218678,9.86691191965649,19.73382383931303,1,1,1,1
boundary_1250_28,boundary,1250,bayes,1652.655314633816,629.5434474575487,1350.0,450.0,direction,31.132590707619617,514.78150704935,1,7.731955442325308,20.489798059645665,40.97959611929133,1,1,1,0,1,6.411921504996195,19.36754964838343,38.735099296766634,1,1,1,1
boundary_1250_29,boundary,1250,bayes,1656.462468500351,619.4501528296948,1350.0,450.0,direction,28.291686997168508,514.78150704935,1,7.761764106760336,17.874162759838587,35.74832551967726,0,0,1,1,1,6.046718996206196,17.875539544078162,35.75107908815617,1,1,1,1
boundary_1250_30,boundary,1250,bayes,1659.106069245886,685.8460023824379,1350.0,450.0,direction,37.06586924162278,514.78150704935,1,7.227789328874825,14.89117921272419,29.78235842544817,1,1,1,1,1,8.07981175629307,15.549706735827138,31.099413471654177,1,1,1,1
boundary_1250_31,boundary,1250,bayes,1637.3359457791046,390.6481164457286,1350.0,450.0,direction,348.354445148519,514.78150704935,1,3.1518933334826285,8.845919400814395,17.68914424888682,1,1,1,1,1,3.271407955318431,9.043570899482953,18.087141798965906,1,1,1,1
boundary_1250_32,boundary,1250,bayes,1631.3695249003117,433.7729476994326,1350.0,450.0,direction,357.6597008151101,514.78150704935,1,9.114232895617494,9.825726437956494,19.6454462030275,1,1,1,1,1,8.427120224386092,9.389747137701162,18.779494275402296,1,1,1,1
boundary_1250_33,boundary,1250,bayes,1638.6052081650025,398.19945780031014,1350.0,450.0,direction,350.3094948205826,514.78150704935,1,4.952335273062103,8.899949573503275,17.799700153280444,1,1,1,1,1,4.689348808922815,9.01299270226792,18.02598540453601,1,1,1,1
boundary_1250_34,boundary,1250,bayes,1625.6067855005738,344.78177310167405,1350.0,450.0,direction,339.74169664682853,514.78150704935,1,4.947008258348301,8.026509381983779,16.05086987331799,1,1,1,1,1,4.8718462673915015,9.311029022399186,18.622058044798504,1,1,1,1
boundary_1250_35,boundary,1250,bayes,1654.0000616311606,582.0370677901932,1350.0,450.0,direction,24.47451535814541,514.78150704935,1,5.340545540490518,15.19435058004821,30.3887011600965,0,0,1,1,1,6.035851212690016,16.168163906320924,32.33632781264177,1,1,1,1
boundary_1250_36,boundary,1250,bayes,1649.7800526187366,502.62192234809885,1350.0,450.0,direction,9.153470525500515,514.78150704935,1,7.351397025385102,9.775682971261036,19.551365942522303,0,0,1,1,1,7.9823962570617395,11.534404906411151,23.06880981282252,1,1,1,1
boundary_1250_37,boundary,1250,bayes,1637.425054607537,446.7743439887354,1350.0,450.0,direction,358.37207546558267,514.78150704935,1,4.0991059608306815,9.199943497505899,18.399886995011773,1,1,1,1,1,5.021266199423975,9.502307522485438,19.004615044970876,1,1,1,1
boundary_1250_38,boundary,1250,bayes,1632.9210373566018,316.52141847624245,1350.0,450.0,direction,334.52998598801446,514.78150704935,1,4.869230897286094,8.650776081504686,17.299236141069066,1,1,1,1,1,5.379863260008139,9.588254810587738,19.176509621175526,1,1,1,1
boundary_1250_39,boundary,1250,bayes,1645.2198638408988,453.149068017624,1350.0,450.0,direction,1.2956497143426036,514.78150704935,1,6.157332863252208,10.79234019611391,21.584680392228037,1,1,1,1,1,6.268284223840388,9.9888391330763,19.9776782661526,1,1,1,1
boundary_1250_40,boundary,1250,bayes,1642.014081896165,438.65186588414537,1350.0,450.0,direction,358.58027550145215,514.78150704935,1,5.484103062746965,9.2013449069028,18.399886995011606,1,1,1,1,1,5.36152233099066,9.535628912959416,19.071257825919055,1,1,1,1
boundary_1250_41,boundary,1250,bayes,1646.7226490037392,449.4037605698098,1350.0,450.0,direction,0.0015534861105284887,514.78150704935,1,7.753562020760703,9.288573461646699,18.57714692329322,1,1,1,1,1,7.277079894096381,9.768418350377644,19.536836700755064,1,1,1,1
boundary_1250_42,boundary,1250,bayes,1651.2401355575425,548.5363322509204,1350.0,450.0,direction,18.834051056879616,514.78150704935,1,4.746962523985867,12.508013362598529,25.01602672519687,1,1,1,1,1,4.467746776675684,14.124690712160417,28.249381424320834,1,1,1,1
boundary_1250_43,boundary,1250,bayes,1660.6118298912731,651.362797119365,1350.0,450.0,direction,33.82273490384306,514.78150704935,1,6.410609803330499,19.965115598550245,39.93023119710058,1,1,1,1,1,5.947612074920574,20.373258008136055,40.74651601627211,1,1,1,0
boundary_1250_44,boundary,1250,bayes,1646.2272409302348,538.607758365214,1350.0,450.0,direction,15.888203727015659,514.78150704935,1,2.3929019262841207,12.445909509606123,24.89181901921213,0,0,1,1,1,3.9332973932142687,13.233487917468556,26.466975834937113,1,1,1,1
boundary_1250_45,boundary,1250,bayes,1623.7349871324952,320.11794372755475,1350.0,450.0,direction,334.4072991734088,514.78150704935,1,5.187550355754593,8.86232980686826,17.72465961373652,1,1,1,1,1,5.024633532468505,9.595947017573108,19.191894035146266,1,1,1,1
boundary_1250_46,boundary,1250,bayes,1617.8622415331802,204.21720543664574,1350.0,450.0,direction,317.33966920468055,514.78150704935,1,4.929669726381701,10.18465892265068,20.366591165833814,1,1,1,1,1,1.057204229399421,11.346990154208386,22.693980308416773,1,1,1,1
boundary_1250_47,boundary,1250,bayes,1642.5565696494173,484.26503138752565,1350.0,450.0,direction,6.897896495900367,514.78150704935,1,0.5823804541548049,11.90057981542885,23.801159630857736,1,1,1,1,1,1.3060688755280552,11.049951311263042,22.0999026225259,1,1,1,1
boundary_1250_48,boundary,1250,bayes,1635.7911771492647,421.0576783419982,1350.0,450.0,direction,355.1556716500908,514.78150704935,1,3.1882401284157016,8.493788179524046,16.98498906888748,1,1,1,1,1,4.968178390048536,9.01100355199463,18.02200710398929,1,1,1,1
boundary_1250_49,boundary,1250,bayes,1646.3410605845793,467.37439496428436,1350.0,450.0,direction,3.2384481475546067,514.78150704935,1,5.4140453037197895,11.17214137065296,22.344282741305953,1,1,1,1,1,5.45892422836338,10.336089489509096,20.672178979018163,1,1,1,1
boundary_1250_50,boundary,1250,bayes,1616.391769127325,168.4450208917335,1350.0,450.0,direction,314.3481170559261,514.78150704935,1,6.9648393844128895,11.989936464847956,23.979872929695883,1,1,1,1,1,9.856878375568305,11.84002162378788,23.680043247575732,1,1,1,1
boundary_1250_51,boundary,1250,bayes,1648.8918994270282,632.7155351268838,1350.0,450.0,direction,31.546217325785857,514.78150704935,1,10.360181627483822,17.685737277370446,35.371474554741056,1,1,1,1,1,9.14938780518543,19.60324465484315,39.20648930968653,1,1,1,1
boundary_1250_52,boundary,1250,bayes,1641.0882144409145,491.25481937420767,1350.0,450.0,direction,7.382154663473377,514.78150704935,1,4.934066640185461,11.396606607505554,22.793213215011075,1,1,1,1,1,3.591993472383278,11.150897135655422,22.301794271310843,1,1,1,1
boundary_1250_53,boundary,1250,bayes,1641.878201212415,452.0969052107228,1350.0,450.0,direction,0.37598271151584095,514.78150704935,1,2.262673443711312,9.288573461646699,18.57714692329322,1,1,1,1,1,2.227627968574726,9.831340735941458,19.662681471882944,1,1,1,1
boundary_1250_54,boundary,1250,bayes,1611.0817374949409,156.53988576984574,1350.0,450.0,direction,310.7842509444442,514.78150704935,1,10.699815030641435,14.053028893689614,28.106057787379257,1,1,1,1,1,11.197119045870922,12.53323603205386,25.06647206410772,1,1,1,1
boundary_1250_55,boundary,1250,bayes,1650.6418120095555,700.9905766310065,1350.0,450.0,direction,40.05259707070665,514.78150704935,1,4.0006506234363775,11.54803972976147,23.072324542487017,1,1,1,1,1,1.7995186923673683,10.889109394259707,21.778218788519258,1,1,1,1
boundary_1250_56,boundary,1250,bayes,1637.6412752646966,396.1399794506717,1350.0,450.0,direction,349.5245501221156,514.78150704935,1,3.6531135163467803,9.872366929996257,19.744733859992557,1,1,1,1,1,3.182953348879066,9.023982607118828,18.047965214237614,1,1,1,1
boundary_1250_57,boundary,1250,bayes,1662.7006884553357,685.5835504839425,1350.0,450.0,direction,36.619340746175304,514.78150704935,1,12.392078709878383,17.36697272757148,34.73394545514285,1,1,1,1,1,12.434579329006555,16.239335180249125,32.47867036049815,1,1,1,1
boundary_1250_58,boundary,1250,bayes,1606.947811449959,79.4946509119933,1350.0,450.0,direction,304.756248701992,514.78150704935,0,,,,0,0,0,0,1,0.27934781046087764,14.046109183514027,28.092218367028067,1,1,1,1
boundary_1250_59,boundary,1250,bayes,1651.6202496423193,581.2103837298603,1350.0,450.0,direction,23.869759817524816,514.78150704935,1,1.7520048089894642,17.1675512935755,34.33510258715091,1,1,1,1,1,2.413535100653458,15.924245638075128,31.848491276150334,1,1,1,1
boundary_1250_60,boundary,1250,bayes,1626.3126209819225,300.394269719849,1350.0,450.0,direction,330.99627022029375,514.78150704935,1,5.037930563926389,11.16718306776124,22.334366135522426,0,1,1,1,1,3.509079150842629,9.833192266727268,19.66638453345464,1,1,1,1
boundary_1250_61,boundary,1250,bayes,1646.9564116483366,526.2687223120191,1350.0,450.0,direction,14.819892570794778,514.78150704935,1,1.9990461523682492,12.421925408498042,24.843850816996014,1,1,1,1,1,2.431029305308447,12.934900403497895,25.869800806995542,1,1,1,1
boundary_1250_62,boundary,1250,bayes,1639.7185937704855,461.7810767529781,1350.0,450.0,direction,2.779427906865944,514.78150704935,1,0.9225906459554432,9.382314628590072,18.761771313255778,1,1,1,1,1,2.685643202384938,10.252194114657517,20.504388229315225,1,1,1,1
boundary_1250_63,boundary,1250,bayes,1636.3444790823035,422.0474625898907,1350.0,450.0,direction,354.64193562603225,514.78150704935,1,1.0882706107904179,9.03828323808604,18.07381332754203,1,1,1,1,1,1.3320271702219257,8.986672997389098,17.965966337299985,1,1,1,1
boundary_1250_64,boundary,1250,bayes,1647.5801623096515,523.8603259922467,1350.0,450.0,direction,13.428173142961311,514.78150704935,1,4.457255331941067,12.403310753018713,24.806621506037427,1,1,1,1,1,3.57692632827547,12.563650652079462,25.127301304158852,1,1,1,1
boundary_1250_65,boundary,1250,bayes,1642.7942532435652,439.72298578494645,1350.0,450.0,direction,357.9416483117471,514.78150704935,1,4.025011883986092,9.825726437956494,19.6454462030275,1,1,1,1,1,4.224415591002538,9.4340309477573,18.86806189551477,1,1,1,1
boundary_1250_66,boundary,1250,bayes,1647.3383463849689,633.6336096743826,1350.0,450.0,direction,31.333858120851737,514.78150704935,1,9.119761280005676,20.489798059645665,40.97959611929133,1,1,1,0,1,9.158262873905695,19.481607924761345,38.96321584952283,1,1,1,1
boundary_1250_67,boundary,1250,bayes,1649.8166411389034,617.9701219541109,1350.0,450.0,direction,28.843234734106666,514.78150704935,1,4.779788334817934,17.818906459721553,35.63781291944295,1,1,1,1,1,4.501430086209419,18.14895197729619,36.29790395459229,1,1,1,1
boundary_1250_68,boundary,1250,bayes,1612.7024919643359,167.87531817317685,1350.0,450.0,direction,313.1743317587939,514.78150704935,1,4.675743260376457,10.676791650184327,21.353583300368722,1,1,1,1,1,1.7777914663504106,12.054590894341448,24.109181788682925,1,1,1,1
boundary_1250_69,boundary,1250,bayes,1613.965969547847,180.45246818111582,1350.0,450.0,direction,314.6683951344996,514.78150704935,1,3.5167017605993,9.732120582157272,19.461971456871385,1,1,1,1,1,1.7684740114967157,11.783645500394918,23.567291000789837,1,1,1,1
boundary_1250_70,boundary,1250,bayes,1660.3018188815442,689.7594173690635,1350.0,450.0,direction,37.76232856255932,514.78150704935,1,7.974786826848883,13.627740199489672,27.25548039897925,1,1,1,1,1,8.690243121896591,14.46805824727793,28.936116494555964,1,1,1,1
boundary_1250_71,boundary,1250,bayes,1661.5799949945056,604.1743345153033,1350.0,450.0,direction,26.256653184490215,514.78150704935,1,10.593599574177736,17.36021789065425,34.72043578130842,1,1,1,1,1,9.98425609319948,16.927354963839267,33.85470992767862,1,1,1,1
boundary_1250_72,boundary,1250,bayes,1622.3995665705472,223.7827501782827,1350.0,450.0,direction,320.63133034359134,514.78150704935,1,6.0273560468523515,12.595555297451039,25.191110594902,1,1,1,1,1,5.314050023682637,10.8826810927521,21.765362185504262,1,1,1,1
boundary_1250_73,boundary,1250,bayes,1644.3953085045096,525.3737581073182,1350.0,450.0,direction,13.930469359868528,514.78150704935,1,5.120572554753677,12.036257363993819,24.072514727987755,1,1,1,1,1,2.354642748980432,12.695411043409818,25.39082208681946,1,1,1,1
boundary_1250_74,boundary,1250,bayes,1649.8970373822804,669.7426599591025,1350.0,450.0,direction,35.33710030615496,514.78150704935,1,6.923358205172816,19.360688889019137,38.72137777803818,0,0,1,1,1,6.337073544649687,18.1833092420148,36.366618484029566,1,1,1,1
boundary_1250_75,boundary,1250,bayes,1644.6221992716266,547.5790040407052,1350.0,450.0,direction,17.628959167736756,514.78150704935,1,4.449456772891937,12.474756677671811,24.949513355343623,1,1,1,1,1,4.203894058813103,13.747423249682434,27.49484649936504,1,1,1,1
boundary_1250_76,boundary,1250,bayes,1649.2296130363684,618.0867738426623,1350.0,450.0,direction,28.896118807190188,514.78150704935,1,5.321427720867027,17.818906459721553,35.63781291944295,1,1,1,1,1,5.12820046719822,18.17555804582692,36.35111609165377,1,1,1,1
boundary_1250_77,boundary,1250,bayes,1625.9340893305148,294.53170080013336,1350.0,450.0,direction,330.7441486301996,514.78150704935,1,0.9049489037878986,11.16718306776124,22.334366135522426,0,0,1,1,1,0.9016478016180273,9.852593810465963,19.705187620931977,1,1,1,1
boundary_1250_78,boundary,1250,bayes,1640.7320276324517,417.7453470167107,1350.0,450.0,direction,354.4103960784265,514.78150704935,1,6.11343785847072,8.893353515837608,17.786029768372927,1,1,1,1,1,5.667363512765899,8.986005790535089,17.966566784193517,1,1,1,1
boundary_1250_79,boundary,1250,bayes,1643.7240604649758,569.3364712548648,1350.0,450.0,direction,22.855841162742813,514.78150704935,1,11.898950158608327,14.898871757556075,29.797743515111904,1,1,1,1,1,10.367963853226703,15.529793241118067,31.059586482235893,1,1,1,1
boundary_1250_80,boundary,1250,bayes,1642.6453645157346,591.7157269113615,1350.0,450.0,direction,25.687271435405638,514.78150704935,1,11.191239044552304,17.445521827890083,34.89104365578002,1,1,1,1,1,10.4997243460985,16.677981609165215,33.355963218330345,1,1,1,1
boundary_1250_81,boundary,1250,bayes,1609.538711404963,108.51981352990778,1350.0,450.0,direction,307.6116675457082,514.78150704935,1,5.603954023875847,15.936514928316859,31.87302985663373,1,1,1,1,1,4.1731386218497395,13.268042458314596,26.53608491662918,1,1,1,1
boundary_1250_82,boundary,1250,bayes,1653.888551003023,653.4788331400695,1350.0,450.0,direction,34.280927522336036,514.78150704935,1,6.16664546729118,21.06806551312346,42.13613102624692,1,1,1,0,1,6.653773742356346,19.717940380076,39.43588076015191,1,1,1,1
boundary_1250_83,boundary,1250,bayes,1664.7172213945482,646.3354728488238,1350.0,450.0,direction,31.542109837347173,514.78150704935,1,10.572897142728475,17.685737277370446,35.371474554741056,1,1,1,1,1,11.7758199117379,19.60087922319215,39.20175844638421,1,1,1,1
boundary_1250_84,boundary,1250,bayes,1647.1898136738791,542.6771762290266,1350.0,450.0,direction,16.821579835518325,514.78150704935,1,2.879224043033581,14.56240403141372,29.124808062827523,1,1,1,1,1,2.5423200804381922,13.50466997643988,27.009339952879834,1,1,1,1
boundary_1250_85,boundary,1250,bayes,1650.5837179021325,682.6184134101517,1350.0,450.0,direction,38.226308603816484,514.78150704935,1,5.157348193085092,14.05180540868007,28.10361081736033,1,1,1,1,1,6.237080358665383,13.745572924448176,27.491145848896352,1,1,1,1
boundary_1250_86,boundary,1250,bayes,1654.058796037923,537.4619476558364,1350.0,450.0,direction,15.880585355431533,514.78150704935,1,7.074843952550227,12.445909509606123,24.89181901921213,1,1,1,1,1,7.633452776872933,13.23131482902303,26.46262965804606,1,1,1,1
boundary_1250_87,boundary,1250,bayes,1651.9520150605745,573.5241884517849,1350.0,450.0,direction,22.07849076774501,514.78150704935,1,2.50549653295062,15.237848089501254,30.47569617900234,1,1,1,1,1,2.2496421921914216,15.2390729165281,30.47814583305612,1,1,1,1
boundary_1250_88,boundary,1250,bayes,1608.4572519864266,107.71290594583785,1350.0,450.0,direction,306.75306362967325,514.78150704935,1,1.4477140165234763,12.987577411727539,25.975154823455078,1,1,1,1,1,4.574606345295033,13.489288128216987,26.97857625643396,1,1,1,1
boundary_1250_89,boundary,1250,bayes,1642.6517615374983,416.0727892662611,1350.0,450.0,direction,352.66466592646486,514.78150704935,1,7.488800515094123,8.965864049671515,17.928997010299284,1,1,1,1,1,7.2682735583028615,8.990274572497494,17.980549144995027,1,1,1,1
boundary_1250_90,boundary,1250,bayes,1650.203177246152,483.84244905278626,1350.0,450.0,direction,6.586009135186116,514.78150704935,1,7.7043292250239945,11.90057981542885,23.801159630857736,1,1,1,1,1,7.742358748495564,10.985785029479926,21.971570058959696,1,1,1,1
boundary_1250_91,boundary,1250,bayes,1635.0170669666513,442.62315171346376,1350.0,450.0,direction,358.0917599707531,514.78150704935,1,3.8325341285418117,9.199943497505899,18.399886995011773,1,1,1,1,1,4.184569346299923,9.457749594117075,18.91549918823435,1,1,1,1
boundary_1250_92,boundary,1250,bayes,1640.373653411528,493.73614434341107,1350.0,450.0,direction,7.784122219844597,514.78150704935,1,4.623165443507532,9.675534324903305,19.34812138832225,1,1,1,1,1,4.389595901861634,11.235931169511908,22.471862339024,1,1,1,1
boundary_1250_93,boundary,1250,bayes,1654.0694005796245,621.3322263873349,1350.0,450.0,direction,30.014266566251397,514.78150704935,1,5.0074918071404815,17.769302046310152,35.53860409262022,1,1,1,1,1,5.365538918005862,18.754741172610714,37.50948234522157,1,1,1,1
boundary_1250_94,boundary,1250,bayes,1640.969056570539,450.8080473039557,1350.0,450.0,direction,0.28824699824869265,514.78150704935,1,2.2549815675480707,9.288573461646699,18.57714692329322,1,1,1,1,1,1.5731952811901269,9.816535531568121,19.633071063136434,1,1,1,1
boundary_1250_95,boundary,1250,bayes,1657.3941709611258,595.7025535059606,1350.0,450.0,direction,24.40879034072495,514.78150704935,1,10.681742373466168,15.19435058004821,30.3887011600965,1,1,1,1,1,10.337328810268344,16.14133154398077,32.282663087961296,1,1,1,1
boundary_1250_96,boundary,1250,bayes,1645.5057938406298,467.3769847751955,1350.0,450.0,direction,3.555914674490066,514.78150704935,1,5.889129120235089,9.476246053470055,18.952492106939875,1,1,1,1,1,4.512298019355536,10.394808529478032,20.789617058956097,1,1,1,1
boundary_1250_97,boundary,1250,bayes,1655.1420247281756,548.5032698584363,1350.0,450.0,direction,18.69703559481417,514.78150704935,1,7.723893072544662,12.508013362598529,25.01602672519687,1,1,1,1,1,7.266009554015133,14.080862099318786,28.16172419863733,1,1,1,1
boundary_1250_98,boundary,1250,bayes,1661.732940918894,639.1314855957847,1350.0,450.0,direction,30.567666387629956,514.78150704935,1,8.524076412275557,17.725015554261976,35.45003110852403,1,1,1,1,1,10.44607738895897,19.0536306272283,38.107261254456375,1,1,1,1
boundary_1250_99,boundary,1250,bayes,1643.1863632751542,458.14793774967416,1350.0,450.0,direction,1.496666958209256,514.78150704935,1,3.518344958230135,10.79234019611391,21.584680392228037,1,1,1,1,1,3.063019828249603,10.023836531692037,20.047673063384106,1,1,1,1
boundary_1250_0,boundary,1250,fixed_assumed,1654.895940391483,676.9139686767215,1350.0,450.0,direction,36.625477614972034,514.78150704935,1,0.763966496254938,16.229883646227336,32.45976729245466,1,1,1,1,1,0.7639664962543081,16.229883646227222,32.459767292454345,1,1,1,1
boundary_1250_1,boundary,1250,fixed_assumed,1662.0045471925816,624.0810032270733,1350.0,450.0,direction,29.85501192380448,514.78150704935,1,7.147859430306718,18.67026314439284,37.34052628878592,1,1,1,1,1,7.147859430306515,18.67026314439284,37.34052628878568,1,1,1,1
boundary_1250_2,boundary,1250,fixed_assumed,1636.691215770803,386.08862428738024,1350.0,450.0,direction,346.5953638914564,514.78150704935,1,5.0270236617330575,9.080325828092752,18.160651656185546,1,1,1,1,1,5.0270236617330575,9.080325828092752,18.16065165618539,1,1,1,1
boundary_1250_3,boundary,1250,fixed_assumed,1653.6507527906697,600.4640121430135,1350.0,450.0,direction,26.965117111102415,514.78150704935,1,4.105771186112086,17.247075234386543,34.49415046877324,1,1,1,1,1,4.1057711861120305,17.247075234386458,34.494150468773,1,1,1,1
boundary_1250_4,boundary,1250,fixed_assumed,1623.7443272884361,312.2091413821409,1350.0,450.0,direction,332.6496332715108,514.78150704935,1,6.229354864133635,9.712447671316284,19.424895342632617,1,1,1,1,1,6.229354864133635,9.712447671316284,19.424895342632567,1,1,1,1
boundary_1250_5,boundary,1250,fixed_assumed,1625.5129448681043,304.1376926000828,1350.0,450.0,direction,332.8596057681708,514.78150704935,1,4.023878131353322,9.69790029696071,19.395800593921532,1,1,1,1,1,4.023878131353069,9.697900296960661,19.395800593921482,1,1,1,1
boundary_1250_6,boundary,1250,fixed_assumed,1621.870280264961,229.08641758353423,1350.0,450.0,direction,321.2487315179054,514.78150704935,1,4.1883037867906,10.803690847167358,21.60738169433465,1,1,1,1,1,4.188303786790729,10.803690847167331,21.607381694334595,1,1,1,1
boundary_1250_7,boundary,1250,fixed_assumed,1641.4463064009578,561.2077569831848,1350.0,450.0,direction,20.62788113561044,514.78150704935,1,8.19184373331779,14.721963091889352,29.443926183778782,1,1,1,1,1,8.191843733317837,14.721963091889352,29.443926183778704,1,1,1,1
boundary_1250_8,boundary,1250,fixed_assumed,1629.6070182899075,306.76230577030844,1350.0,450.0,direction,333.4951010793632,514.78150704935,1,5.476533239008323,9.654923390587639,19.30984678117533,1,1,1,1,1,5.476533239008323,9.654923390587639,19.309846781175168,1,1,1,1
boundary_1250_9,boundary,1250,fixed_assumed,1645.697785486114,502.03380145795796,1350.0,450.0,direction,9.349122576477033,514.78150704935,1,3.995515318598469,11.578199777013403,23.15639955402684,1,1,1,1,1,3.9955153185984575,11.57819977701322,23.156399554026624,1,1,1,1
boundary_1250_10,boundary,1250,fixed_assumed,1659.3674734826252,585.5693569683935,1350.0,450.0,direction,22.825962545586616,514.78150704935,1,12.332216449952787,15.518435405436382,31.036870810872845,1,1,1,1,1,12.332216449951982,15.518435405436302,31.036870810872603,1,1,1,1
boundary_1250_11,boundary,1250,fixed_assumed,1637.2662229317273,511.0072002230721,1350.0,450.0,direction,11.708928070103036,514.78150704935,1,7.616785482036378,12.130677251898453,24.26135450379687,1,1,1,1,1,7.616785482035699,12.130677251898417,24.261354503796653,1,1,1,1
boundary_1250_12,boundary,1250,fixed_assumed,1641.5434870803904,483.3721783789178,1350.0,450.0,direction,6.4158801489639945,514.78150704935,1,0.8999233876843491,10.95105892779561,21.902117855591253,1,1,1,1,1,0.8999233876844996,10.95105892779561,21.902117855591033,1,1,1,1
boundary_1250_13,boundary,1250,fixed_assumed,1638.4639426843125,446.09696444480176,1350.0,450.0,direction,359.6921629846853,514.78150704935,1,2.6449722746227744,9.71693650811219,19.433873016224183,1,1,1,1,1,2.6449722746227744,9.71693650811219,19.433873016224183,1,1,1,1
boundary_1250_14,boundary,1250,fixed_assumed,1659.6254605148956,679.3170068799938,1350.0,450.0,direction,35.56447131089604,514.78150704935,1,11.409526432038215,17.848677886641443,35.697355773283014,1,1,1,1,1,11.409526432038025,17.848677886641443,35.697355773282794,1,1,1,1
boundary_1250_15,boundary,1250,fixed_assumed,1637.030632291602,487.3298195393507,1350.0,450.0,direction,7.126711115937716,514.78150704935,1,5.708133990194046,11.097447275784647,22.194894551569078,1,1,1,1,1,5.708133990194262,11.09744727578446,22.19489455156889,1,1,1,1
boundary_1250_16,boundary,1250,fixed_assumed,1617.6142165986953,235.6414927927469,1350.0,450.0,direction,322.28051268006465,514.78150704935,1,5.68903273732154,10.676951866926956,21.35390373385391,1,1,1,1,1,5.6890327373218685,10.67695186692693,21.35390373385386,1,1,1,1
boundary_1250_17,boundary,1250,fixed_assumed,1624.2003962955462,246.20695955448525,1350.0,450.0,direction,324.0241823361443,514.78150704935,1,6.626414177340711,10.476987494973455,20.95397498994691,1,1,1,1,1,6.626414177340531,10.476987494973429,20.953974989946857,1,1,1,1
boundary_1250_18,boundary,1250,fixed_assumed,1650.3744318689676,568.9087918483126,1350.0,450.0,direction,21.76287495890858,514.78150704935,1,1.1888952544816407,15.123810200817335,30.24762040163467,1,1,1,1,1,1.1888952544816407,15.123810200817335,30.24762040163467,1,1,1,1
boundary_1250_19,boundary,1250,fixed_assumed,1653.1238587245289,709.7349475622113,1350.0,450.0,direction,39.800585609431714,514.78150704935,1,9.262033829166914,11.274377183598586,22.548754367197223,1,1,1,1,1,9.262033829166628,11.274377183598475,22.548754367197063,1,1,1,1
boundary_1250_20,boundary,1250,fixed_assumed,1652.1018254612186,586.3485470410513,1350.0,450.0,direction,24.85536297710537,514.78150704935,1,3.7818544274956394,16.32523027702085,32.65046055404178,1,1,1,1,1,3.7818544274956394,16.32523027702085,32.65046055404178,1,1,1,1
boundary_1250_21,boundary,1250,fixed_assumed,1640.4787517524073,414.97236465096574,1350.0,450.0,direction,353.79618299801604,514.78150704935,1,5.444717001643946,8.985658370099417,17.969581644440556,1,1,1,1,1,5.444717001643946,8.985658370099417,17.96958164444038,1,1,1,1
boundary_1250_22,boundary,1250,fixed_assumed,1653.1579468884556,693.6967050384688,1350.0,450.0,direction,37.80785752506923,514.78150704935,1,8.340739428397395,14.397187255199336,28.794374510398672,1,1,1,1,1,8.340739428397054,14.397187255199231,28.79437451039837,1,1,1,1
boundary_1250_23,boundary,1250,fixed_assumed,1636.7384959195415,500.74669360265483,1350.0,450.0,direction,10.167401942900733,514.78150704935,1,7.71710009026838,11.76461004859738,23.52922009719461,1,1,1,1,1,7.717100090268848,11.764610048597197,23.52922009719443,1,1,1,1
boundary_1250_24,boundary,1250,fixed_assumed,1659.5811954068092,569.6009634400823,1350.0,450.0,direction,21.337834286168242,514.78150704935,1,9.992713491482416,14.971039548122231,29.94207909624454,1,1,1,1,1,9.99271349148175,14.971039548122231,29.942079096244296,1,1,1,1
boundary_1250_25,boundary,1250,fixed_assumed,1648.9823630137516,544.0491775449477,1350.0,450.0,direction,17.874722754388785,514.78150704935,1,2.4945784716472077,13.822880804986386,27.645761609972773,1,1,1,1,1,2.4945784716470234,13.822880804986386,27.645761609972602,1,1,1,1
boundary_1250_26,boundary,1250,fixed_assumed,1640.313690103734,487.4203811060742,1350.0,450.0,direction,8.100477118985145,514.78150704935,1,5.3122524340597375,11.303663276093948,22.607326552188113,1,1,1,1,1,5.3122524340597375,11.303663276093948,22.607326552187928,1,1,1,1
boundary_1250_27,boundary,1250,fixed_assumed,1625.5995696208681,290.09007133624743,1350.0,450.0,direction,330.56028218680143,514.78150704935,1,4.201770375218678,9.866911919656541,19.73382383931318,1,1,1,1,1,4.201770375218678,9.86691191965649,19.73382383931303,1,1,1,1
boundary_1250_28,boundary,1250,fixed_assumed,1652.655314633816,629.5434474575487,1350.0,450.0,direction,31.132590707619617,514.78150704935,1,6.411921504995969,19.36754964838343,38.73509929676686,1,1,1,1,1,6.411921504996195,19.36754964838343,38.735099296766634,1,1,1,1
boundary_1250_29,boundary,1250,fixed_assumed,1656.462468500351,619.4501528296948,1350.0,450.0,direction,28.291686997168508,514.78150704935,1,6.046718996206394,17.875539544078162,35.7510790881564,1,1,1,1,1,6.046718996206196,17.875539544078162,35.75107908815617,1,1,1,1
boundary_1250_30,boundary,1250,fixed_assumed,1659.106069245886,685.8460023824379,1350.0,450.0,direction,37.06586924162278,514.78150704935,1,8.079811756293477,15.549706735827138,31.099413471654383,1,1,1,1,1,8.07981175629307,15.549706735827138,31.099413471654177,1,1,1,1
boundary_1250_31,boundary,1250,fixed_assumed,1637.3359457791046,390.6481164457286,1350.0,450.0,direction,348.354445148519,514.78150704935,1,3.271407955318454,9.043570899483111,18.087141798966066,1,1,1,1,1,3.271407955318431,9.043570899482953,18.087141798965906,1,1,1,1
boundary_1250_32,boundary,1250,fixed_assumed,1631.3695249003117,433.7729476994326,1350.0,450.0,direction,357.6597008151101,514.78150704935,1,8.427120224385076,9.389747137701358,18.77949427540249,1,1,1,1,1,8.427120224386092,9.389747137701162,18.779494275402296,1,1,1,1
boundary_1250_33,boundary,1250,fixed_assumed,1638.6052081650025,398.19945780031014,1350.0,450.0,direction,350.3094948205826,514.78150704935,1,4.689348808922575,9.012992702267962,18.025985404536044,1,1,1,1,1,4.689348808922815,9.01299270226792,18.02598540453601,1,1,1,1
boundary_1250_34,boundary,1250,fixed_assumed,1625.6067855005738,344.78177310167405,1350.0,450.0,direction,339.74169664682853,514.78150704935,1,4.8718462673918905,9.311029022399232,18.62205804479855,1,1,1,1,1,4.8718462673915015,9.311029022399186,18.622058044798504,1,1,1,1
boundary_1250_35,boundary,1250,fixed_assumed,1654.0000616311606,582.0370677901932,1350.0,450.0,direction,24.47451535814541,514.78150704935,1,6.035851212690106,16.168163906321006,32.33632781264201,1,1,1,1,1,6.035851212690016,16.168163906320924,32.33632781264177,1,1,1,1
boundary_1250_36,boundary,1250,fixed_assumed,1649.7800526187366,502.62192234809885,1350.0,450.0,direction,9.153470525500515,514.78150704935,1,7.982396257061951,11.534404906411334,23.068809812822703,1,1,1,1,1,7.9823962570617395,11.534404906411151,23.06880981282252,1,1,1,1
boundary_1250_37,boundary,1250,fixed_assumed,1637.425054607537,446.7743439887354,1350.0,450.0,direction,358.37207546558267,514.78150704935,1,5.021266199423963,9.502307522485633,19.00461504497107,1,1,1,1,1,5.021266199423975,9.502307522485438,19.004615044970876,1,1,1,1
boundary_1250_38,boundary,1250,fixed_assumed,1632.9210373566018,316.52141847624245,1350.0,450.0,direction,334.52998598801446,514.78150704935,1,5.3798632600083955,9.588254810587902,19.17650962117569,1,1,1,1,1,5.379863260008139,9.588254810587738,19.176509621175526,1,1,1,1
boundary_1250_39,boundary,1250,fixed_assumed,1645.2198638408988,453.149068017624,1350.0,450.0,direction,1.2956497143426036,514.78150704935,1,6.268284223840762,9.988839133076494,19.977678266152797,1,1,1,1,1,6.268284223840388,9.9888391330763,19.9776782661526,1,1,1,1
boundary_1250_40,boundary,1250,fixed_assumed,1642.014081896165,438.65186588414537,1350.0,450.0,direction,358.58027550145215,514.78150704935,1,5.361522330990705,9.535628912959611,19.071257825919222,1,1,1,1,1,5.36152233099066,9.535628912959416,19.071257825919055,1,1,1,1
boundary_1250_41,boundary,1250,fixed_assumed,1646.7226490037392,449.4037605698098,1350.0,450.0,direction,0.0015534861105284887,514.78150704935,1,7.277079894096381,9.768418350377644,19.536836700755064,1,1,1,1,1,7.277079894096381,9.768418350377644,19.536836700755064,1,1,1,1
boundary_1250_42,boundary,1250,fixed_assumed,1651.2401355575425,548.5363322509204,1350.0,450.0,direction,18.834051056879616,514.78150704935,1,4.467746776675684,14.124690712160417,28.24938142432091,1,1,1,1,1,4.467746776675684,14.124690712160417,28.249381424320834,1,1,1,1
boundary_1250_43,boundary,1250,fixed_assumed,1660.6118298912731,651.362797119365,1350.0,450.0,direction,33.82273490384306,514.78150704935,1,5.947612074920741,20.373258008136055,40.74651601627234,1,1,1,0,1,5.947612074920574,20.373258008136055,40.74651601627211,1,1,1,0
boundary_1250_44,boundary,1250,fixed_assumed,1646.2272409302348,538.607758365214,1350.0,450.0,direction,15.888203727015659,514.78150704935,1,3.93329739321438,13.233487917468556,26.46697583493736,1,1,1,1,1,3.9332973932142687,13.233487917468556,26.466975834937113,1,1,1,1
boundary_1250_45,boundary,1250,fixed_assumed,1623.7349871324952,320.11794372755475,1350.0,450.0,direction,334.4072991734088,514.78150704935,1,5.024633532468331,9.595947017573272,19.19189403514643,1,1,1,1,1,5.024633532468505,9.595947017573108,19.191894035146266,1,1,1,1
boundary_1250_46,boundary,1250,fixed_assumed,1617.8622415331802,204.21720543664574,1350.0,450.0,direction,317.33966920468055,514.78150704935,1,1.0572042293995114,11.346990154208413,22.693980308416826,1,1,1,1,1,1.057204229399421,11.346990154208386,22.693980308416773,1,1,1,1
boundary_1250_47,boundary,1250,fixed_assumed,1642.5565696494173,484.26503138752565,1350.0,450.0,direction,6.897896495900367,514.78150704935,1,1.3060688755280465,11.049951311263042,22.099902622526084,1,1,1,1,1,1.3060688755280552,11.049951311263042,22.0999026225259,1,1,1,1
boundary_1250_48,boundary,1250,fixed_assumed,1635.7911771492647,421.0576783419982,1350.0,450.0,direction,355.1556716500908,514.78150704935,1,4.968178390048536,9.01100355199463,18.022007103989488,1,1,1,1,1,4.968178390048536,9.01100355199463,18.02200710398929,1,1,1,1
boundary_1250_49,boundary,1250,fixed_assumed,1646.3410605845793,467.37439496428436,1350.0,450.0,direction,3.2384481475546067,514.78150704935,1,5.458924228363156,10.336089489509288,20.672178979018355,1,1,1,1,1,5.45892422836338,10.336089489509096,20.672178979018163,1,1,1,1
boundary_1250_50,boundary,1250,fixed_assumed,1616.391769127325,168.4450208917335,1350.0,450.0,direction,314.3481170559261,514.78150704935,1,9.856878375568378,11.840021623787921,23.68004324757583,1,1,1,1,1,9.856878375568305,11.84002162378788,23.680043247575732,1,1,1,1
boundary_1250_51,boundary,1250,fixed_assumed,1648.8918994270282,632.7155351268838,1350.0,450.0,direction,31.546217325785857,514.78150704935,1,9.149387805184933,19.603244654843383,39.206489309686766,1,1,1,1,1,9.14938780518543,19.60324465484315,39.20648930968653,1,1,1,1
boundary_1250_52,boundary,1250,fixed_assumed,1641.0882144409145,491.25481937420767,1350.0,450.0,direction,7.382154663473377,514.78150704935,1,3.5919934723836193,11.150897135655455,22.30179427131088,1,1,1,1,1,3.591993472383278,11.150897135655422,22.301794271310843,1,1,1,1
boundary_1250_53,boundary,1250,fixed_assumed,1641.878201212415,452.0969052107228,1350.0,450.0,direction,0.37598271151584095,514.78150704935,1,2.227627968574726,9.831340735941458,19.662681471882944,1,1,1,1,1,2.227627968574726,9.831340735941458,19.662681471882944,1,1,1,1
boundary_1250_54,boundary,1250,fixed_assumed,1611.0817374949409,156.53988576984574,1350.0,450.0,direction,310.7842509444442,514.78150704935,1,11.197119045870922,12.53323603205386,25.066472064107753,1,1,1,1,1,11.197119045870922,12.53323603205386,25.06647206410772,1,1,1,1
boundary_1250_55,boundary,1250,fixed_assumed,1650.6418120095555,700.9905766310065,1350.0,450.0,direction,40.05259707070665,514.78150704935,1,1.7995186923674136,10.889109394259707,21.778218788519414,1,1,1,1,1,1.7995186923673683,10.889109394259707,21.778218788519258,1,1,1,1
boundary_1250_56,boundary,1250,fixed_assumed,1637.6412752646966,396.1399794506717,1350.0,450.0,direction,349.5245501221156,514.78150704935,1,3.182953348879066,9.023982607118828,18.047965214237614,1,1,1,1,1,3.182953348879066,9.023982607118828,18.047965214237614,1,1,1,1
boundary_1250_57,boundary,1250,fixed_assumed,1662.7006884553357,685.5835504839425,1350.0,450.0,direction,36.619340746175304,514.78150704935,1,12.43457932900664,16.239335180249125,32.47867036049836,1,1,1,1,1,12.434579329006555,16.239335180249125,32.47867036049815,1,1,1,1
boundary_1250_58,boundary,1250,fixed_assumed,1606.947811449959,79.4946509119933,1350.0,450.0,direction,304.756248701992,514.78150704935,1,0.27934781046089474,14.046109183514055,28.09221836702811,1,1,1,1,1,0.27934781046087764,14.046109183514027,28.092218367028067,1,1,1,1
boundary_1250_59,boundary,1250,fixed_assumed,1651.6202496423193,581.2103837298603,1350.0,450.0,direction,23.869759817524816,514.78150704935,1,2.413535100653294,15.924245638075288,31.848491276150494,1,1,1,1,1,2.413535100653458,15.924245638075128,31.848491276150334,1,1,1,1
boundary_1250_60,boundary,1250,fixed_assumed,1626.3126209819225,300.394269719849,1350.0,450.0,direction,330.99627022029375,514.78150704935,1,3.5090791508424597,9.83319226672732,19.66638453345469,1,1,1,1,1,3.509079150842629,9.833192266727268,19.66638453345464,1,1,1,1
boundary_1250_61,boundary,1250,fixed_assumed,1646.9564116483366,526.2687223120191,1350.0,450.0,direction,14.819892570794778,514.78150704935,1,2.4310293053083876,12.934900403497895,25.86980080699579,1,1,1,1,1,2.431029305308447,12.934900403497895,25.869800806995542,1,1,1,1
boundary_1250_62,boundary,1250,fixed_assumed,1639.7185937704855,461.7810767529781,1350.0,450.0,direction,2.779427906865944,514.78150704935,1,2.685643202385267,10.252194114657707,20.504388229315445,1,1,1,1,1,2.685643202384938,10.252194114657517,20.504388229315225,1,1,1,1
boundary_1250_63,boundary,1250,fixed_assumed,1636.3444790823035,422.0474625898907,1350.0,450.0,direction,354.64193562603225,514.78150704935,1,1.3320271702224746,8.986672997389306,17.9659663373002,1,1,1,1,1,1.3320271702219257,8.986672997389098,17.965966337299985,1,1,1,1
boundary_1250_64,boundary,1250,fixed_assumed,1647.5801623096515,523.8603259922467,1350.0,450.0,direction,13.428173142961311,514.78150704935,1,3.5769263282758255,12.563650652079462,25.1273013041591,1,1,1,1,1,3.57692632827547,12.563650652079462,25.127301304158852,1,1,1,1
boundary_1250_65,boundary,1250,fixed_assumed,1642.7942532435652,439.72298578494645,1350.0,450.0,direction,357.9416483117471,514.78150704935,1,4.2244155910023125,9.434030947757497,18.868061895514966,1,1,1,1,1,4.224415591002538,9.4340309477573,18.86806189551477,1,1,1,1
boundary_1250_66,boundary,1250,fixed_assumed,1647.3383463849689,633.6336096743826,1350.0,450.0,direction,31.333858120851737,514.78150704935,1,9.158262873905619,19.48160792476149,38.96321584952307,1,1,1,1,1,9.158262873905695,19.481607924761345,38.96321584952283,1,1,1,1
boundary_1250_67,boundary,1250,fixed_assumed,1649.8166411389034,617.9701219541109,1350.0,450.0,direction,28.843234734106666,514.78150704935,1,4.501430086210101,18.14895197729634,36.29790395459244,1,1,1,1,1,4.501430086209419,18.14895197729619,36.29790395459229,1,1,1,1
boundary_1250_68,boundary,1250,fixed_assumed,1612.7024919643359,167.87531817317685,1350.0,450.0,direction,313.1743317587939,514.78150704935,1,1.7777914663504102,12.054590894341503,24.109181788682978,1,1,1,1,1,1.7777914663504106,12.054590894341448,24.109181788682925,1,1,1,1
boundary_1250_69,boundary,1250,fixed_assumed,1613.965969547847,180.45246818111582,1350.0,450.0,direction,314.6683951344996,514.78150704935,1,1.7684740114967157,11.783645500394947,23.567291000789893,1,1,1,1,1,1.7684740114967157,11.783645500394918,23.567291000789837,1,1,1,1
boundary_1250_70,boundary,1250,fixed_assumed,1660.3018188815442,689.7594173690635,1350.0,450.0,direction,37.76232856255932,514.78150704935,1,8.690243121896781,14.468058247278034,28.93611649455616,1,1,1,1,1,8.690243121896591,14.46805824727793,28.936116494555964,1,1,1,1
boundary_1250_71,boundary,1250,fixed_assumed,1661.5799949945056,604.1743345153033,1350.0,450.0,direction,26.256653184490215,514.78150704935,1,9.984256093198924,16.92735496383935,33.854709927678854,1,1,1,1,1,9.98425609319948,16.927354963839267,33.85470992767862,1,1,1,1
boundary_1250_72,boundary,1250,fixed_assumed,1622.3995665705472,223.7827501782827,1350.0,450.0,direction,320.63133034359134,514.78150704935,1,5.314050023682637,10.882681092752126,21.765362185504316,1,1,1,1,1,5.314050023682637,10.8826810927521,21.765362185504262,1,1,1,1
boundary_1250_73,boundary,1250,fixed_assumed,1644.3953085045096,525.3737581073182,1350.0,450.0,direction,13.930469359868528,514.78150704935,1,2.354642748980432,12.695411043409818,25.39082208681946,1,1,1,1,1,2.354642748980432,12.695411043409818,25.39082208681946,1,1,1,1
boundary_1250_74,boundary,1250,fixed_assumed,1649.8970373822804,669.7426599591025,1350.0,450.0,direction,35.33710030615496,514.78150704935,1,6.33707354465067,18.183309242014893,36.366618484029786,1,1,1,1,1,6.337073544649687,18.1833092420148,36.366618484029566,1,1,1,1
boundary_1250_75,boundary,1250,fixed_assumed,1644.6221992716266,547.5790040407052,1350.0,450.0,direction,17.628959167736756,514.78150704935,1,4.203894058813131,13.747423249682607,27.494846499365213,1,1,1,1,1,4.203894058813103,13.747423249682434,27.49484649936504,1,1,1,1
boundary_1250_76,boundary,1250,fixed_assumed,1649.2296130363684,618.0867738426623,1350.0,450.0,direction,28.896118807190188,514.78150704935,1,5.128200467197993,18.17555804582692,36.35111609165393,1,1,1,1,1,5.12820046719822,18.17555804582692,36.35111609165377,1,1,1,1
boundary_1250_77,boundary,1250,fixed_assumed,1625.9340893305148,294.53170080013336,1350.0,450.0,direction,330.7441486301996,514.78150704935,1,0.9016478016180273,9.852593810465963,19.705187620932026,1,1,1,1,1,0.9016478016180273,9.852593810465963,19.705187620931977,1,1,1,1
boundary_1250_78,boundary,1250,fixed_assumed,1640.7320276324517,417.7453470167107,1350.0,450.0,direction,354.4103960784265,514.78150704935,1,5.667363512765899,8.986005790535089,17.966566784193517,1,1,1,1,1,5.667363512765899,8.986005790535089,17.966566784193517,1,1,1,1
boundary_1250_79,boundary,1250,fixed_assumed,1643.7240604649758,569.3364712548648,1350.0,450.0,direction,22.855841162742813,514.78150704935,1,10.367963853226703,15.529793241118067,31.059586482236057,1,1,1,1,1,10.367963853226703,15.529793241118067,31.059586482235893,1,1,1,1
boundary_1250_80,boundary,1250,fixed_assumed,1642.6453645157346,591.7157269113615,1350.0,450.0,direction,25.687271435405638,514.78150704935,1,10.499724346098667,16.67798160916537,33.35596321833059,1,1,1,1,1,10.4997243460985,16.677981609165215,33.355963218330345,1,1,1,1
boundary_1250_81,boundary,1250,fixed_assumed,1609.538711404963,108.51981352990778,1350.0,450.0,direction,307.6116675457082,514.78150704935,1,4.173138621849696,13.268042458314625,26.53608491662922,1,1,1,1,1,4.1731386218497395,13.268042458314596,26.53608491662918,1,1,1,1
boundary_1250_82,boundary,1250,fixed_assumed,1653.888551003023,653.4788331400695,1350.0,450.0,direction,34.280927522336036,514.78150704935,1,6.653773742356444,19.717940380076136,39.43588076015213,1,1,1,1,1,6.653773742356346,19.717940380076,39.43588076015191,1,1,1,1
boundary_1250_83,boundary,1250,fixed_assumed,1664.7172213945482,646.3354728488238,1350.0,450.0,direction,31.542109837347173,514.78150704935,1,11.775819911739283,19.600879223192294,39.201758446384446,1,1,1,1,1,11.7758199117379,19.60087922319215,39.20175844638421,1,1,1,1
boundary_1250_84,boundary,1250,fixed_assumed,1647.1898136738791,542.6771762290266,1350.0,450.0,direction,16.821579835518325,514.78150704935,1,2.542320080438142,13.504669976440052,27.00933995288001,1,1,1,1,1,2.5423200804381922,13.50466997643988,27.009339952879834,1,1,1,1
boundary_1250_85,boundary,1250,fixed_assumed,1650.5837179021325,682.6184134101517,1350.0,450.0,direction,38.226308603816484,514.78150704935,1,6.237080358665059,13.745572924448176,27.491145848896544,1,1,1,1,1,6.237080358665383,13.745572924448176,27.491145848896352,1,1,1,1
boundary_1250_86,boundary,1250,fixed_assumed,1654.058796037923,537.4619476558364,1350.0,450.0,direction,15.880585355431533,514.78150704935,1,7.633452776872933,13.23131482902303,26.46262965804606,1,1,1,1,1,7.633452776872933,13.23131482902303,26.46262965804606,1,1,1,1
boundary_1250_87,boundary,1250,fixed_assumed,1651.9520150605745,573.5241884517849,1350.0,450.0,direction,22.07849076774501,514.78150704935,1,2.2496421921909526,15.239072916528265,30.478145833056285,1,1,1,1,1,2.2496421921914216,15.2390729165281,30.47814583305612,1,1,1,1
boundary_1250_88,boundary,1250,fixed_assumed,1608.4572519864266,107.71290594583785,1350.0,450.0,direction,306.75306362967325,514.78150704935,1,4.574606345295004,13.489288128217002,26.978576256434003,1,1,1,1,1,4.574606345295033,13.489288128216987,26.97857625643396,1,1,1,1
boundary_1250_89,boundary,1250,fixed_assumed,1642.6517615374983,416.0727892662611,1350.0,450.0,direction,352.66466592646486,514.78150704935,1,7.2682735583033224,8.990274572497665,17.980549144995198,1,1,1,1,1,7.2682735583028615,8.990274572497494,17.980549144995027,1,1,1,1
boundary_1250_90,boundary,1250,fixed_assumed,1650.203177246152,483.84244905278626,1350.0,450.0,direction,6.586009135186116,514.78150704935,1,7.742358748495789,10.985785029479958,21.97157005895973,1,1,1,1,1,7.742358748495564,10.985785029479926,21.971570058959696,1,1,1,1
boundary_1250_91,boundary,1250,fixed_assumed,1635.0170669666513,442.62315171346376,1350.0,450.0,direction,358.0917599707531,514.78150704935,1,4.184569346299923,9.457749594117075,18.91549918823435,1,1,1,1,1,4.184569346299923,9.457749594117075,18.91549918823435,1,1,1,1
boundary_1250_92,boundary,1250,fixed_assumed,1640.373653411528,493.73614434341107,1350.0,450.0,direction,7.784122219844597,514.78150704935,1,4.389595901861634,11.235931169511908,22.471862339024,1,1,1,1,1,4.389595901861634,11.235931169511908,22.471862339024,1,1,1,1
boundary_1250_93,boundary,1250,fixed_assumed,1654.0694005796245,621.3322263873349,1350.0,450.0,direction,30.014266566251397,514.78150704935,1,5.365538918005708,18.7547411726108,37.50948234522166,1,1,1,1,1,5.365538918005862,18.754741172610714,37.50948234522157,1,1,1,1
boundary_1250_94,boundary,1250,fixed_assumed,1640.969056570539,450.8080473039557,1350.0,450.0,direction,0.28824699824869265,514.78150704935,1,1.5731952811904328,9.816535531568315,19.63307106313663,1,1,1,1,1,1.5731952811901269,9.816535531568121,19.633071063136434,1,1,1,1
boundary_1250_95,boundary,1250,fixed_assumed,1657.3941709611258,595.7025535059606,1350.0,450.0,direction,24.40879034072495,514.78150704935,1,10.337328810268344,16.14133154398077,32.28266308796145,1,1,1,1,1,10.337328810268344,16.14133154398077,32.282663087961296,1,1,1,1
boundary_1250_96,boundary,1250,fixed_assumed,1645.5057938406298,467.3769847751955,1350.0,450.0,direction,3.555914674490066,514.78150704935,1,4.5122980193557485,10.394808529478222,20.78961705895629,1,1,1,1,1,4.512298019355536,10.394808529478032,20.789617058956097,1,1,1,1
boundary_1250_97,boundary,1250,fixed_assumed,1655.1420247281756,548.5032698584363,1350.0,450.0,direction,18.69703559481417,514.78150704935,1,7.266009554015343,14.080862099318786,28.161724198637497,1,1,1,1,1,7.266009554015133,14.080862099318786,28.16172419863733,1,1,1,1
boundary_1250_98,boundary,1250,fixed_assumed,1661.732940918894,639.1314855957847,1350.0,450.0,direction,30.567666387629956,514.78150704935,1,10.446077388958653,19.0536306272283,38.1072612544566,1,1,1,1,1,10.44607738895897,19.0536306272283,38.107261254456375,1,1,1,1
boundary_1250_99,boundary,1250,fixed_assumed,1643.1863632751542,458.14793774967416,1350.0,450.0,direction,1.496666958209256,514.78150704935,1,3.063019828249603,10.02383653169223,20.0476730633843,1,1,1,1,1,3.063019828249603,10.023836531692037,20.047673063384106,1,1,1,1
boundary_1250_0,boundary,1250,fixed_oracle,1654.895940391483,676.9139686767215,1350.0,450.0,direction,36.625477614972034,514.78150704935,1,0.7639664962543081,16.229883646227222,32.459767292454345,1,1,1,1,1,0.7639664962543081,16.229883646227222,32.459767292454345,1,1,1,1
boundary_1250_1,boundary,1250,fixed_oracle,1662.0045471925816,624.0810032270733,1350.0,450.0,direction,29.85501192380448,514.78150704935,1,7.147859430306515,18.67026314439284,37.34052628878568,1,1,1,1,1,7.147859430306515,18.67026314439284,37.34052628878568,1,1,1,1
boundary_1250_2,boundary,1250,fixed_oracle,1636.691215770803,386.08862428738024,1350.0,450.0,direction,346.5953638914564,514.78150704935,1,5.0270236617330575,9.080325828092752,18.16065165618539,1,1,1,1,1,5.0270236617330575,9.080325828092752,18.16065165618539,1,1,1,1
boundary_1250_3,boundary,1250,fixed_oracle,1653.6507527906697,600.4640121430135,1350.0,450.0,direction,26.965117111102415,514.78150704935,1,4.1057711861120305,17.247075234386458,34.494150468773,1,1,1,1,1,4.1057711861120305,17.247075234386458,34.494150468773,1,1,1,1
boundary_1250_4,boundary,1250,fixed_oracle,1623.7443272884361,312.2091413821409,1350.0,450.0,direction,332.6496332715108,514.78150704935,1,6.229354864133635,9.712447671316284,19.424895342632567,1,1,1,1,1,6.229354864133635,9.712447671316284,19.424895342632567,1,1,1,1
boundary_1250_5,boundary,1250,fixed_oracle,1625.5129448681043,304.1376926000828,1350.0,450.0,direction,332.8596057681708,514.78150704935,1,4.023878131353069,9.697900296960661,19.395800593921482,1,1,1,1,1,4.023878131353069,9.697900296960661,19.395800593921482,1,1,1,1
boundary_1250_6,boundary,1250,fixed_oracle,1621.870280264961,229.08641758353423,1350.0,450.0,direction,321.2487315179054,514.78150704935,1,4.188303786790729,10.803690847167331,21.607381694334595,1,1,1,1,1,4.188303786790729,10.803690847167331,21.607381694334595,1,1,1,1
boundary_1250_7,boundary,1250,fixed_oracle,1641.4463064009578,561.2077569831848,1350.0,450.0,direction,20.62788113561044,514.78150704935,1,8.191843733317837,14.721963091889352,29.443926183778704,1,1,1,1,1,8.191843733317837,14.721963091889352,29.443926183778704,1,1,1,1
boundary_1250_8,boundary,1250,fixed_oracle,1629.6070182899075,306.76230577030844,1350.0,450.0,direction,333.4951010793632,514.78150704935,1,5.476533239008323,9.654923390587639,19.309846781175168,1,1,1,1,1,5.476533239008323,9.654923390587639,19.309846781175168,1,1,1,1
boundary_1250_9,boundary,1250,fixed_oracle,1645.697785486114,502.03380145795796,1350.0,450.0,direction,9.349122576477033,514.78150704935,1,3.9955153185984575,11.57819977701322,23.156399554026624,1,1,1,1,1,3.9955153185984575,11.57819977701322,23.156399554026624,1,1,1,1
boundary_1250_10,boundary,1250,fixed_oracle,1659.3674734826252,585.5693569683935,1350.0,450.0,direction,22.825962545586616,514.78150704935,1,12.332216449951982,15.518435405436302,31.036870810872603,1,1,1,1,1,12.332216449951982,15.518435405436302,31.036870810872603,1,1,1,1
boundary_1250_11,boundary,1250,fixed_oracle,1637.2662229317273,511.0072002230721,1350.0,450.0,direction,11.708928070103036,514.78150704935,1,7.616785482035699,12.130677251898417,24.261354503796653,1,1,1,1,1,7.616785482035699,12.130677251898417,24.261354503796653,1,1,1,1
boundary_1250_12,boundary,1250,fixed_oracle,1641.5434870803904,483.3721783789178,1350.0,450.0,direction,6.4158801489639945,514.78150704935,1,0.8999233876844996,10.95105892779561,21.902117855591033,1,1,1,1,1,0.8999233876844996,10.95105892779561,21.902117855591033,1,1,1,1
boundary_1250_13,boundary,1250,fixed_oracle,1638.4639426843125,446.09696444480176,1350.0,450.0,direction,359.6921629846853,514.78150704935,1,2.6449722746227744,9.71693650811219,19.433873016224183,1,1,1,1,1,2.6449722746227744,9.71693650811219,19.433873016224183,1,1,1,1
boundary_1250_14,boundary,1250,fixed_oracle,1659.6254605148956,679.3170068799938,1350.0,450.0,direction,35.56447131089604,514.78150704935,1,11.409526432038025,17.848677886641443,35.697355773282794,1,1,1,1,1,11.409526432038025,17.848677886641443,35.697355773282794,1,1,1,1
boundary_1250_15,boundary,1250,fixed_oracle,1637.030632291602,487.3298195393507,1350.0,450.0,direction,7.126711115937716,514.78150704935,1,5.708133990194262,11.09744727578446,22.19489455156889,1,1,1,1,1,5.708133990194262,11.09744727578446,22.19489455156889,1,1,1,1
boundary_1250_16,boundary,1250,fixed_oracle,1617.6142165986953,235.6414927927469,1350.0,450.0,direction,322.28051268006465,514.78150704935,1,5.6890327373218685,10.67695186692693,21.35390373385386,1,1,1,1,1,5.6890327373218685,10.67695186692693,21.35390373385386,1,1,1,1
boundary_1250_17,boundary,1250,fixed_oracle,1624.2003962955462,246.20695955448525,1350.0,450.0,direction,324.0241823361443,514.78150704935,1,6.626414177340531,10.476987494973429,20.953974989946857,1,1,1,1,1,6.626414177340531,10.476987494973429,20.953974989946857,1,1,1,1
boundary_1250_18,boundary,1250,fixed_oracle,1650.3744318689676,568.9087918483126,1350.0,450.0,direction,21.76287495890858,514.78150704935,1,1.1888952544816407,15.123810200817335,30.24762040163467,1,1,1,1,1,1.1888952544816407,15.123810200817335,30.24762040163467,1,1,1,1
boundary_1250_19,boundary,1250,fixed_oracle,1653.1238587245289,709.7349475622113,1350.0,450.0,direction,39.800585609431714,514.78150704935,1,9.26203382916652,11.274377183598475,22.54875436719695,1,1,1,1,1,9.262033829166628,11.274377183598475,22.548754367197063,1,1,1,1
boundary_1250_20,boundary,1250,fixed_oracle,1652.1018254612186,586.3485470410513,1350.0,450.0,direction,24.85536297710537,514.78150704935,1,3.7818544274956394,16.32523027702085,32.65046055404178,1,1,1,1,1,3.7818544274956394,16.32523027702085,32.65046055404178,1,1,1,1
boundary_1250_21,boundary,1250,fixed_oracle,1640.4787517524073,414.97236465096574,1350.0,450.0,direction,353.79618299801604,514.78150704935,1,5.444717001643946,8.985658370099417,17.96958164444038,1,1,1,1,1,5.444717001643946,8.985658370099417,17.96958164444038,1,1,1,1
boundary_1250_22,boundary,1250,fixed_oracle,1653.1579468884556,693.6967050384688,1350.0,450.0,direction,37.80785752506923,514.78150704935,1,8.340739428397054,14.397187255199231,28.79437451039837,1,1,1,1,1,8.340739428397054,14.397187255199231,28.79437451039837,1,1,1,1
boundary_1250_23,boundary,1250,fixed_oracle,1636.7384959195415,500.74669360265483,1350.0,450.0,direction,10.167401942900733,514.78150704935,1,7.717100090268848,11.764610048597197,23.52922009719443,1,1,1,1,1,7.717100090268848,11.764610048597197,23.52922009719443,1,1,1,1
boundary_1250_24,boundary,1250,fixed_oracle,1659.5811954068092,569.6009634400823,1350.0,450.0,direction,21.337834286168242,514.78150704935,1,9.99271349148175,14.971039548122231,29.942079096244296,1,1,1,1,1,9.99271349148175,14.971039548122231,29.942079096244296,1,1,1,1
boundary_1250_25,boundary,1250,fixed_oracle,1648.9823630137516,544.0491775449477,1350.0,450.0,direction,17.874722754388785,514.78150704935,1,2.4945784716470234,13.822880804986386,27.645761609972602,1,1,1,1,1,2.4945784716470234,13.822880804986386,27.645761609972602,1,1,1,1
boundary_1250_26,boundary,1250,fixed_oracle,1640.313690103734,487.4203811060742,1350.0,450.0,direction,8.100477118985145,514.78150704935,1,5.3122524340597375,11.303663276093948,22.607326552187928,1,1,1,1,1,5.3122524340597375,11.303663276093948,22.607326552187928,1,1,1,1
boundary_1250_27,boundary,1250,fixed_oracle,1625.5995696208681,290.09007133624743,1350.0,450.0,direction,330.56028218680143,514.78150704935,1,4.201770375218678,9.86691191965649,19.73382383931303,1,1,1,1,1,4.201770375218678,9.86691191965649,19.73382383931303,1,1,1,1
boundary_1250_28,boundary,1250,fixed_oracle,1652.655314633816,629.5434474575487,1350.0,450.0,direction,31.132590707619617,514.78150704935,1,6.411921504996195,19.36754964838343,38.735099296766634,1,1,1,1,1,6.411921504996195,19.36754964838343,38.735099296766634,1,1,1,1
boundary_1250_29,boundary,1250,fixed_oracle,1656.462468500351,619.4501528296948,1350.0,450.0,direction,28.291686997168508,514.78150704935,1,6.046718996206196,17.875539544078162,35.75107908815617,1,1,1,1,1,6.046718996206196,17.875539544078162,35.75107908815617,1,1,1,1
boundary_1250_30,boundary,1250,fixed_oracle,1659.106069245886,685.8460023824379,1350.0,450.0,direction,37.06586924162278,514.78150704935,1,8.07981175629307,15.549706735827138,31.099413471654177,1,1,1,1,1,8.07981175629307,15.549706735827138,31.099413471654177,1,1,1,1
boundary_1250_31,boundary,1250,fixed_oracle,1637.3359457791046,390.6481164457286,1350.0,450.0,direction,348.354445148519,514.78150704935,1,3.271407955318431,9.043570899482953,18.087141798965906,1,1,1,1,1,3.271407955318431,9.043570899482953,18.087141798965906,1,1,1,1
boundary_1250_32,boundary,1250,fixed_oracle,1631.3695249003117,433.7729476994326,1350.0,450.0,direction,357.6597008151101,514.78150704935,1,8.427120224386092,9.389747137701162,18.779494275402296,1,1,1,1,1,8.427120224386092,9.389747137701162,18.779494275402296,1,1,1,1
boundary_1250_33,boundary,1250,fixed_oracle,1638.6052081650025,398.19945780031014,1350.0,450.0,direction,350.3094948205826,514.78150704935,1,4.689348808922815,9.01299270226792,18.02598540453601,1,1,1,1,1,4.689348808922815,9.01299270226792,18.02598540453601,1,1,1,1
boundary_1250_34,boundary,1250,fixed_oracle,1625.6067855005738,344.78177310167405,1350.0,450.0,direction,339.74169664682853,514.78150704935,1,4.8718462673915015,9.311029022399186,18.622058044798504,1,1,1,1,1,4.8718462673915015,9.311029022399186,18.622058044798504,1,1,1,1
boundary_1250_35,boundary,1250,fixed_oracle,1654.0000616311606,582.0370677901932,1350.0,450.0,direction,24.47451535814541,514.78150704935,1,6.035851212690016,16.168163906320924,32.33632781264177,1,1,1,1,1,6.035851212690016,16.168163906320924,32.33632781264177,1,1,1,1
boundary_1250_36,boundary,1250,fixed_oracle,1649.7800526187366,502.62192234809885,1350.0,450.0,direction,9.153470525500515,514.78150704935,1,7.9823962570617395,11.534404906411151,23.06880981282252,1,1,1,1,1,7.9823962570617395,11.534404906411151,23.06880981282252,1,1,1,1
boundary_1250_37,boundary,1250,fixed_oracle,1637.425054607537,446.7743439887354,1350.0,450.0,direction,358.37207546558267,514.78150704935,1,5.021266199423975,9.502307522485438,19.004615044970876,1,1,1,1,1,5.021266199423975,9.502307522485438,19.004615044970876,1,1,1,1
boundary_1250_38,boundary,1250,fixed_oracle,1632.9210373566018,316.52141847624245,1350.0,450.0,direction,334.52998598801446,514.78150704935,1,5.379863260008139,9.588254810587738,19.176509621175526,1,1,1,1,1,5.379863260008139,9.588254810587738,19.176509621175526,1,1,1,1
boundary_1250_39,boundary,1250,fixed_oracle,1645.2198638408988,453.149068017624,1350.0,450.0,direction,1.2956497143426036,514.78150704935,1,6.268284223840388,9.9888391330763,19.9776782661526,1,1,1,1,1,6.268284223840388,9.9888391330763,19.9776782661526,1,1,1,1
boundary_1250_40,boundary,1250,fixed_oracle,1642.014081896165,438.65186588414537,1350.0,450.0,direction,358.58027550145215,514.78150704935,1,5.36152233099066,9.535628912959416,19.071257825919055,1,1,1,1,1,5.36152233099066,9.535628912959416,19.071257825919055,1,1,1,1
boundary_1250_41,boundary,1250,fixed_oracle,1646.7226490037392,449.4037605698098,1350.0,450.0,direction,0.0015534861105284887,514.78150704935,1,7.277079894096381,9.768418350377644,19.536836700755064,1,1,1,1,1,7.277079894096381,9.768418350377644,19.536836700755064,1,1,1,1
boundary_1250_42,boundary,1250,fixed_oracle,1651.2401355575425,548.5363322509204,1350.0,450.0,direction,18.834051056879616,514.78150704935,1,4.467746776676157,14.124690712160247,28.249381424320664,1,1,1,1,1,4.467746776675684,14.124690712160417,28.249381424320834,1,1,1,1
boundary_1250_43,boundary,1250,fixed_oracle,1660.6118298912731,651.362797119365,1350.0,450.0,direction,33.82273490384306,514.78150704935,1,5.947612074920574,20.373258008136055,40.74651601627211,1,1,1,0,1,5.947612074920574,20.373258008136055,40.74651601627211,1,1,1,0
boundary_1250_44,boundary,1250,fixed_oracle,1646.2272409302348,538.607758365214,1350.0,450.0,direction,15.888203727015659,514.78150704935,1,3.9332973932142687,13.233487917468556,26.466975834937113,1,1,1,1,1,3.9332973932142687,13.233487917468556,26.466975834937113,1,1,1,1
boundary_1250_45,boundary,1250,fixed_oracle,1623.7349871324952,320.11794372755475,1350.0,450.0,direction,334.4072991734088,514.78150704935,1,5.024633532468505,9.595947017573108,19.191894035146266,1,1,1,1,1,5.024633532468505,9.595947017573108,19.191894035146266,1,1,1,1
boundary_1250_46,boundary,1250,fixed_oracle,1617.8622415331802,204.21720543664574,1350.0,450.0,direction,317.33966920468055,514.78150704935,1,1.057204229399421,11.346990154208386,22.693980308416773,1,1,1,1,1,1.057204229399421,11.346990154208386,22.693980308416773,1,1,1,1
boundary_1250_47,boundary,1250,fixed_oracle,1642.5565696494173,484.26503138752565,1350.0,450.0,direction,6.897896495900367,514.78150704935,1,1.3060688755280552,11.049951311263042,22.0999026225259,1,1,1,1,1,1.3060688755280552,11.049951311263042,22.0999026225259,1,1,1,1
boundary_1250_48,boundary,1250,fixed_oracle,1635.7911771492647,421.0576783419982,1350.0,450.0,direction,355.1556716500908,514.78150704935,1,4.968178390048536,9.01100355199463,18.02200710398929,1,1,1,1,1,4.968178390048536,9.01100355199463,18.02200710398929,1,1,1,1
boundary_1250_49,boundary,1250,fixed_oracle,1646.3410605845793,467.37439496428436,1350.0,450.0,direction,3.2384481475546067,514.78150704935,1,5.45892422836338,10.336089489509096,20.672178979018163,1,1,1,1,1,5.45892422836338,10.336089489509096,20.672178979018163,1,1,1,1
boundary_1250_50,boundary,1250,fixed_oracle,1616.391769127325,168.4450208917335,1350.0,450.0,direction,314.3481170559261,514.78150704935,1,9.856878375568305,11.84002162378788,23.680043247575732,1,1,1,1,1,9.856878375568305,11.84002162378788,23.680043247575732,1,1,1,1
boundary_1250_51,boundary,1250,fixed_oracle,1648.8918994270282,632.7155351268838,1350.0,450.0,direction,31.546217325785857,514.78150704935,1,9.14938780518543,19.60324465484315,39.20648930968653,1,1,1,1,1,9.14938780518543,19.60324465484315,39.20648930968653,1,1,1,1
boundary_1250_52,boundary,1250,fixed_oracle,1641.0882144409145,491.25481937420767,1350.0,450.0,direction,7.382154663473377,514.78150704935,1,3.591993472383278,11.150897135655422,22.301794271310843,1,1,1,1,1,3.591993472383278,11.150897135655422,22.301794271310843,1,1,1,1
boundary_1250_53,boundary,1250,fixed_oracle,1641.878201212415,452.0969052107228,1350.0,450.0,direction,0.37598271151584095,514.78150704935,1,2.227627968574726,9.831340735941458,19.662681471882944,1,1,1,1,1,2.227627968574726,9.831340735941458,19.662681471882944,1,1,1,1
boundary_1250_54,boundary,1250,fixed_oracle,1611.0817374949409,156.53988576984574,1350.0,450.0,direction,310.7842509444442,514.78150704935,1,11.197119045870922,12.53323603205386,25.06647206410772,1,1,1,1,1,11.197119045870922,12.53323603205386,25.06647206410772,1,1,1,1
boundary_1250_55,boundary,1250,fixed_oracle,1650.6418120095555,700.9905766310065,1350.0,450.0,direction,40.05259707070665,514.78150704935,1,1.7995186923673683,10.889109394259707,21.778218788519258,1,1,1,1,1,1.7995186923673683,10.889109394259707,21.778218788519258,1,1,1,1
boundary_1250_56,boundary,1250,fixed_oracle,1637.6412752646966,396.1399794506717,1350.0,450.0,direction,349.5245501221156,514.78150704935,1,3.182953348879066,9.023982607118828,18.047965214237614,1,1,1,1,1,3.182953348879066,9.023982607118828,18.047965214237614,1,1,1,1
boundary_1250_57,boundary,1250,fixed_oracle,1662.7006884553357,685.5835504839425,1350.0,450.0,direction,36.619340746175304,514.78150704935,1,12.434579329006555,16.239335180249125,32.47867036049815,1,1,1,1,1,12.434579329006555,16.239335180249125,32.47867036049815,1,1,1,1
boundary_1250_58,boundary,1250,fixed_oracle,1606.947811449959,79.4946509119933,1350.0,450.0,direction,304.756248701992,514.78150704935,1,0.27934781046087764,14.046109183514027,28.092218367028067,1,1,1,1,1,0.27934781046087764,14.046109183514027,28.092218367028067,1,1,1,1
boundary_1250_59,boundary,1250,fixed_oracle,1651.6202496423193,581.2103837298603,1350.0,450.0,direction,23.869759817524816,514.78150704935,1,2.413535100653458,15.924245638075128,31.848491276150334,1,1,1,1,1,2.413535100653458,15.924245638075128,31.848491276150334,1,1,1,1
boundary_1250_60,boundary,1250,fixed_oracle,1626.3126209819225,300.394269719849,1350.0,450.0,direction,330.99627022029375,514.78150704935,1,3.509079150842629,9.833192266727268,19.666384533454536,1,1,1,1,1,3.509079150842629,9.833192266727268,19.66638453345464,1,1,1,1
boundary_1250_61,boundary,1250,fixed_oracle,1646.9564116483366,526.2687223120191,1350.0,450.0,direction,14.819892570794778,514.78150704935,1,2.431029305308447,12.934900403497895,25.869800806995542,1,1,1,1,1,2.431029305308447,12.934900403497895,25.869800806995542,1,1,1,1
boundary_1250_62,boundary,1250,fixed_oracle,1639.7185937704855,461.7810767529781,1350.0,450.0,direction,2.779427906865944,514.78150704935,1,2.685643202384938,10.252194114657517,20.504388229315225,1,1,1,1,1,2.685643202384938,10.252194114657517,20.504388229315225,1,1,1,1
boundary_1250_63,boundary,1250,fixed_oracle,1636.3444790823035,422.0474625898907,1350.0,450.0,direction,354.64193562603225,514.78150704935,1,1.3320271702219257,8.986672997389098,17.965966337299985,1,1,1,1,1,1.3320271702219257,8.986672997389098,17.965966337299985,1,1,1,1
boundary_1250_64,boundary,1250,fixed_oracle,1647.5801623096515,523.8603259922467,1350.0,450.0,direction,13.428173142961311,514.78150704935,1,3.57692632827547,12.563650652079462,25.127301304158852,1,1,1,1,1,3.57692632827547,12.563650652079462,25.127301304158852,1,1,1,1
boundary_1250_65,boundary,1250,fixed_oracle,1642.7942532435652,439.72298578494645,1350.0,450.0,direction,357.9416483117471,514.78150704935,1,4.224415591002538,9.4340309477573,18.86806189551477,1,1,1,1,1,4.224415591002538,9.4340309477573,18.86806189551477,1,1,1,1
boundary_1250_66,boundary,1250,fixed_oracle,1647.3383463849689,633.6336096743826,1350.0,450.0,direction,31.333858120851737,514.78150704935,1,9.158262873905695,19.481607924761345,38.96321584952283,1,1,1,1,1,9.158262873905695,19.481607924761345,38.96321584952283,1,1,1,1
boundary_1250_67,boundary,1250,fixed_oracle,1649.8166411389034,617.9701219541109,1350.0,450.0,direction,28.843234734106666,514.78150704935,1,4.501430086209419,18.14895197729619,36.29790395459229,1,1,1,1,1,4.501430086209419,18.14895197729619,36.29790395459229,1,1,1,1
boundary_1250_68,boundary,1250,fixed_oracle,1612.7024919643359,167.87531817317685,1350.0,450.0,direction,313.1743317587939,514.78150704935,1,1.7777914663504106,12.054590894341448,24.109181788682925,1,1,1,1,1,1.7777914663504106,12.054590894341448,24.109181788682925,1,1,1,1
boundary_1250_69,boundary,1250,fixed_oracle,1613.965969547847,180.45246818111582,1350.0,450.0,direction,314.6683951344996,514.78150704935,1,1.7684740114967157,11.783645500394918,23.567291000789837,1,1,1,1,1,1.7684740114967157,11.783645500394918,23.567291000789837,1,1,1,1
boundary_1250_70,boundary,1250,fixed_oracle,1660.3018188815442,689.7594173690635,1350.0,450.0,direction,37.76232856255932,514.78150704935,1,8.690243121896591,14.46805824727793,28.93611649455586,1,1,1,1,1,8.690243121896591,14.46805824727793,28.936116494555964,1,1,1,1
boundary_1250_71,boundary,1250,fixed_oracle,1661.5799949945056,604.1743345153033,1350.0,450.0,direction,26.256653184490215,514.78150704935,1,9.98425609319948,16.927354963839267,33.85470992767862,1,1,1,1,1,9.98425609319948,16.927354963839267,33.85470992767862,1,1,1,1
boundary_1250_72,boundary,1250,fixed_oracle,1622.3995665705472,223.7827501782827,1350.0,450.0,direction,320.63133034359134,514.78150704935,1,5.314050023682637,10.8826810927521,21.765362185504262,1,1,1,1,1,5.314050023682637,10.8826810927521,21.765362185504262,1,1,1,1
boundary_1250_73,boundary,1250,fixed_oracle,1644.3953085045096,525.3737581073182,1350.0,450.0,direction,13.930469359868528,514.78150704935,1,2.354642748980432,12.695411043409818,25.39082208681946,1,1,1,1,1,2.354642748980432,12.695411043409818,25.39082208681946,1,1,1,1
boundary_1250_74,boundary,1250,fixed_oracle,1649.8970373822804,669.7426599591025,1350.0,450.0,direction,35.33710030615496,514.78150704935,1,6.337073544649687,18.1833092420148,36.366618484029566,1,1,1,1,1,6.337073544649687,18.1833092420148,36.366618484029566,1,1,1,1
boundary_1250_75,boundary,1250,fixed_oracle,1644.6221992716266,547.5790040407052,1350.0,450.0,direction,17.628959167736756,514.78150704935,1,4.203894058813103,13.747423249682434,27.49484649936504,1,1,1,1,1,4.203894058813103,13.747423249682434,27.49484649936504,1,1,1,1
boundary_1250_76,boundary,1250,fixed_oracle,1649.2296130363684,618.0867738426623,1350.0,450.0,direction,28.896118807190188,514.78150704935,1,5.12820046719822,18.17555804582692,36.35111609165377,1,1,1,1,1,5.12820046719822,18.17555804582692,36.35111609165377,1,1,1,1
boundary_1250_77,boundary,1250,fixed_oracle,1625.9340893305148,294.53170080013336,1350.0,450.0,direction,330.7441486301996,514.78150704935,1,0.9016478016180273,9.852593810465963,19.705187620931977,1,1,1,1,1,0.9016478016180273,9.852593810465963,19.705187620931977,1,1,1,1
boundary_1250_78,boundary,1250,fixed_oracle,1640.7320276324517,417.7453470167107,1350.0,450.0,direction,354.4103960784265,514.78150704935,1,5.667363512765899,8.986005790535089,17.966566784193517,1,1,1,1,1,5.667363512765899,8.986005790535089,17.966566784193517,1,1,1,1
boundary_1250_79,boundary,1250,fixed_oracle,1643.7240604649758,569.3364712548648,1350.0,450.0,direction,22.855841162742813,514.78150704935,1,10.367963853226703,15.529793241118067,31.059586482235893,1,1,1,1,1,10.367963853226703,15.529793241118067,31.059586482235893,1,1,1,1
boundary_1250_80,boundary,1250,fixed_oracle,1642.6453645157346,591.7157269113615,1350.0,450.0,direction,25.687271435405638,514.78150704935,1,10.4997243460985,16.677981609165215,33.355963218330345,1,1,1,1,1,10.4997243460985,16.677981609165215,33.355963218330345,1,1,1,1
boundary_1250_81,boundary,1250,fixed_oracle,1609.538711404963,108.51981352990778,1350.0,450.0,direction,307.6116675457082,514.78150704935,1,4.1731386218497395,13.268042458314596,26.53608491662918,1,1,1,1,1,4.1731386218497395,13.268042458314596,26.53608491662918,1,1,1,1
boundary_1250_82,boundary,1250,fixed_oracle,1653.888551003023,653.4788331400695,1350.0,450.0,direction,34.280927522336036,514.78150704935,1,6.653773742356346,19.717940380076,39.43588076015191,1,1,1,1,1,6.653773742356346,19.717940380076,39.43588076015191,1,1,1,1
boundary_1250_83,boundary,1250,fixed_oracle,1664.7172213945482,646.3354728488238,1350.0,450.0,direction,31.542109837347173,514.78150704935,1,11.7758199117379,19.60087922319215,39.20175844638421,1,1,1,1,1,11.7758199117379,19.60087922319215,39.20175844638421,1,1,1,1
boundary_1250_84,boundary,1250,fixed_oracle,1647.1898136738791,542.6771762290266,1350.0,450.0,direction,16.821579835518325,514.78150704935,1,2.5423200804381922,13.50466997643988,27.009339952879834,1,1,1,1,1,2.5423200804381922,13.50466997643988,27.009339952879834,1,1,1,1
boundary_1250_85,boundary,1250,fixed_oracle,1650.5837179021325,682.6184134101517,1350.0,450.0,direction,38.226308603816484,514.78150704935,1,6.237080358665383,13.745572924448176,27.491145848896352,1,1,1,1,1,6.237080358665383,13.745572924448176,27.491145848896352,1,1,1,1
boundary_1250_86,boundary,1250,fixed_oracle,1654.058796037923,537.4619476558364,1350.0,450.0,direction,15.880585355431533,514.78150704935,1,7.633452776872933,13.23131482902303,26.46262965804606,1,1,1,1,1,7.633452776872933,13.23131482902303,26.46262965804606,1,1,1,1
boundary_1250_87,boundary,1250,fixed_oracle,1651.9520150605745,573.5241884517849,1350.0,450.0,direction,22.07849076774501,514.78150704935,1,2.2496421921914216,15.2390729165281,30.47814583305612,1,1,1,1,1,2.2496421921914216,15.2390729165281,30.47814583305612,1,1,1,1
boundary_1250_88,boundary,1250,fixed_oracle,1608.4572519864266,107.71290594583785,1350.0,450.0,direction,306.75306362967325,514.78150704935,1,4.574606345295033,13.489288128216987,26.97857625643396,1,1,1,1,1,4.574606345295033,13.489288128216987,26.97857625643396,1,1,1,1
boundary_1250_89,boundary,1250,fixed_oracle,1642.6517615374983,416.0727892662611,1350.0,450.0,direction,352.66466592646486,514.78150704935,1,7.2682735583028615,8.990274572497494,17.980549144995027,1,1,1,1,1,7.2682735583028615,8.990274572497494,17.980549144995027,1,1,1,1
boundary_1250_90,boundary,1250,fixed_oracle,1650.203177246152,483.84244905278626,1350.0,450.0,direction,6.586009135186116,514.78150704935,1,7.742358748495564,10.985785029479926,21.971570058959696,1,1,1,1,1,7.742358748495564,10.985785029479926,21.971570058959696,1,1,1,1
boundary_1250_91,boundary,1250,fixed_oracle,1635.0170669666513,442.62315171346376,1350.0,450.0,direction,358.0917599707531,514.78150704935,1,4.184569346299923,9.457749594117075,18.91549918823435,1,1,1,1,1,4.184569346299923,9.457749594117075,18.91549918823435,1,1,1,1
boundary_1250_92,boundary,1250,fixed_oracle,1640.373653411528,493.73614434341107,1350.0,450.0,direction,7.784122219844597,514.78150704935,1,4.389595901861634,11.235931169511908,22.471862339024,1,1,1,1,1,4.389595901861634,11.235931169511908,22.471862339024,1,1,1,1
boundary_1250_93,boundary,1250,fixed_oracle,1654.0694005796245,621.3322263873349,1350.0,450.0,direction,30.014266566251397,514.78150704935,1,5.365538918005862,18.754741172610714,37.50948234522157,1,1,1,1,1,5.365538918005862,18.754741172610714,37.50948234522157,1,1,1,1
boundary_1250_94,boundary,1250,fixed_oracle,1640.969056570539,450.8080473039557,1350.0,450.0,direction,0.28824699824869265,514.78150704935,1,1.5731952811901269,9.816535531568121,19.633071063136434,1,1,1,1,1,1.5731952811901269,9.816535531568121,19.633071063136434,1,1,1,1
boundary_1250_95,boundary,1250,fixed_oracle,1657.3941709611258,595.7025535059606,1350.0,450.0,direction,24.40879034072495,514.78150704935,1,10.337328810268344,16.14133154398077,32.282663087961296,1,1,1,1,1,10.337328810268344,16.14133154398077,32.282663087961296,1,1,1,1
boundary_1250_96,boundary,1250,fixed_oracle,1645.5057938406298,467.3769847751955,1350.0,450.0,direction,3.555914674490066,514.78150704935,1,4.512298019355536,10.394808529478032,20.789617058956097,1,1,1,1,1,4.512298019355536,10.394808529478032,20.789617058956097,1,1,1,1
boundary_1250_97,boundary,1250,fixed_oracle,1655.1420247281756,548.5032698584363,1350.0,450.0,direction,18.69703559481417,514.78150704935,1,7.266009554015133,14.080862099318786,28.16172419863733,1,1,1,1,1,7.266009554015133,14.080862099318786,28.16172419863733,1,1,1,1
boundary_1250_98,boundary,1250,fixed_oracle,1661.732940918894,639.1314855957847,1350.0,450.0,direction,30.567666387629956,514.78150704935,1,10.44607738895897,19.0536306272283,38.107261254456375,1,1,1,1,1,10.44607738895897,19.0536306272283,38.107261254456375,1,1,1,1
boundary_1250_99,boundary,1250,fixed_oracle,1643.1863632751542,458.14793774967416,1350.0,450.0,direction,1.496666958209256,514.78150704935,1,3.063019828249603,10.023836531692037,20.047673063384106,1,1,1,1,1,3.063019828249603,10.023836531692037,20.047673063384106,1,1,1,1
boundary_1450_0,boundary,1450,bayes,1636.382192728676,498.2203376665266,1350.0,450.0,direction,9.144317280076201,514.78150704935,1,7.313651709525377,9.775682971261036,19.551365942522303,1,1,1,1,1,7.312030087595847,11.532363241697945,23.06472648339574,1,1,1,1
boundary_1450_1,boundary,1450,bayes,1608.073256271966,103.39827847823338,1350.0,450.0,direction,307.25101102764773,514.78150704935,1,5.781218185667635,15.695738354702028,31.391476709404056,1,1,1,1,1,5.459251415563131,13.359721442407732,26.719442884815464,1,1,1,1
boundary_1450_2,boundary,1450,bayes,1632.4072383563846,323.2981293730644,1350.0,450.0,direction,336.62476613781627,514.78150704935,1,7.73678462894379,8.797485208226528,17.594970416453055,1,1,1,1,1,7.14256059695011,9.465427542225415,18.93085508445088,1,1,1,1
boundary_1450_3,boundary,1450,bayes,1637.7688668988728,493.00529174466686,1350.0,450.0,direction,7.703977077868714,514.78150704935,1,5.993148044494954,9.675534324903305,19.34812138832225,1,1,1,1,1,6.112926073569226,11.21888571635247,22.43777143270494,1,1,1,1
boundary_1450_4,boundary,1450,bayes,1651.8201441025178,597.0165409188214,1350.0,450.0,direction,26.240279881526458,514.78150704935,1,1.7165449495825325,17.36021789065425,34.72043578130842,1,1,1,1,1,2.6399095074010233,16.92009106509917,33.840182130198414,1,1,1,1
boundary_1450_5,boundary,1450,bayes,1618.914614217298,249.85189726358615,1350.0,450.0,direction,323.3189206176255,514.78150704935,1,3.74761200850171,12.170525546450843,24.3410510929016,1,1,1,1,1,3.4326602315618597,10.555781950222155,21.111563900444384,1,1,1,1
boundary_1450_6,boundary,1450,bayes,1644.3465731764513,546.6988253991593,1350.0,450.0,direction,18.04836516507582,514.78150704935,1,4.317622652918472,15.057775156490335,30.115550312980748,1,1,1,1,1,3.7750342417108746,13.87664541830144,27.753290836602783,1,1,1,1
boundary_1450_7,boundary,1450,bayes,1642.6348989784865,466.4623863305663,1350.0,450.0,direction,2.9191605445742366,514.78150704935,1,4.6624728031059215,9.382314628590072,18.761771313255778,1,1,1,1,1,2.363392089236914,10.277608572457755,20.55521714491551,1,1,1,1
boundary_1450_8,boundary,1450,bayes,1655.573923673421,533.8710053257834,1350.0,450.0,direction,15.288147008913436,514.78150704935,1,9.321656585382046,14.096033646157528,28.192067292314892,1,1,1,1,1,9.292579006353437,13.064269283259975,26.128538566519705,1,1,1,1
boundary_1450_9,boundary,1450,bayes,1653.5502664900996,590.6542266121075,1350.0,450.0,direction,24.214972285260266,514.78150704935,1,4.374507495774136,15.19435058004821,30.3887011600965,0,0,1,1,1,5.216413292232287,16.06266729744729,32.12533459489458,1,1,1,1
boundary_1450_10,boundary,1450,bayes,1646.2885240954365,576.2405173196804,1350.0,450.0,direction,23.258844896749036,514.78150704935,1,5.513410381040165,15.213261839263218,30.42652367852636,1,1,1,1,1,5.731513183478071,15.684457419049899,31.36891483809996,1,1,1,1
boundary_1450_11,boundary,1450,bayes,1639.4507876029531,442.04962928671006,1350.0,450.0,direction,358.31004670936636,514.78150704935,1,1.0698448275654158,9.199943497505899,18.399886995011773,1,1,1,1,1,0.8354647365110808,9.492417610394513,18.984835220789055,1,1,1,1
boundary_1450_12,boundary,1450,bayes,1648.7736132926566,622.4022628703182,1350.0,450.0,direction,29.9483812820591,514.78150704935,1,7.3463991170021785,17.769302046310152,35.53860409262022,1,1,1,1,1,7.2819921016810545,18.719709748453106,37.43941949690598,1,1,1,1
boundary_1450_13,boundary,1450,bayes,1656.501578364072,697.034377424049,1350.0,450.0,direction,37.893710264762554,514.78150704935,1,10.880703169993973,13.627740199489672,27.25548039897925,1,1,1,1,1,11.603957675026273,14.263520507540546,28.527041015081092,1,1,1,1
boundary_1450_14,boundary,1450,bayes,1621.7543226208672,212.0189611486383,1350.0,450.0,direction,318.07914542498116,514.78150704935,1,3.950457414505723,13.076408082715153,26.152816165430306,0,0,1,1,1,4.705745332814915,11.236008829837456,22.47201765967494,1,1,1,1
boundary_1450_15,boundary,1450,bayes,1625.4102150208464,352.63319359705264,1350.0,450.0,direction,340.0855519679488,514.78150704935,1,6.090881144229235,10.33833664765995,20.67667329532002,1,1,1,1,1,6.575195050931651,9.295978018983504,18.59195603796701,1,1,1,1
boundary_1450_16,boundary,1450,bayes,1643.87709611123,597.4195533803796,1350.0,450.0,direction,26.54652163280052,514.78150704935,1,11.6294170226253,17.509105281381732,35.01821056276323,1,1,1,1,1,9.927895335721654,17.056880527898596,34.11376105579704,1,1,1,1
boundary_1450_17,boundary,1450,bayes,1638.5458056074065,451.8742943033962,1350.0,450.0,direction,0.5207644856560655,514.78150704935,1,1.420522845359849,9.289988371872722,18.57714692329322,1,1,1,1,1,1.480083515998178,9.855855097662774,19.71171019532532,1,1,1,1
boundary_1450_18,boundary,1450,bayes,1625.155204433951,299.3512308872198,1350.0,450.0,direction,330.3435066581715,514.78150704935,1,10.486974246271483,7.85484414479377,15.707856397137347,0,0,1,1,1,6.3805915434520255,9.883977239453014,19.767954478906027,1,1,1,1
boundary_1450_19,boundary,1450,bayes,1629.052119700364,348.67803980350965,1350.0,450.0,direction,339.49003054103383,514.78150704935,1,5.660938370908574,8.76455126691059,17.52910253382137,1,1,1,1,1,3.73093411162594,9.322288789473154,18.64457757894644,1,1,1,1
boundary_1450_20,boundary,1450,bayes,1660.5482293127147,682.1496308759935,1350.0,450.0,direction,37.038310890194325,514.78150704935,1,6.921987927159781,14.89117921272419,29.78235842544817,1,1,1,1,1,7.217287101536494,15.592373048352353,31.184746096704714,1,1,1,1
boundary_1450_21,boundary,1450,bayes,1645.2848301004171,447.7713973420135,1350.0,450.0,direction,359.14993176702376,514.78150704935,1,6.262133524962183,10.436229848583578,20.87245969716734,0,0,1,1,1,6.469908046945318,9.62780381538017,19.255607630760117,1,1,1,1
boundary_1450_22,boundary,1450,bayes,1607.6442332805004,107.60284749152633,1350.0,450.0,direction,306.5931057761223,514.78150704935,1,1.8212589390528313,12.987577411727539,25.975154823455078,1,1,1,1,1,6.342584082989005,13.531662449568707,27.063324899137417,1,1,1,1
boundary_1450_23,boundary,1450,bayes,1616.764412192786,184.92555129721111,1350.0,450.0,direction,314.56723281382926,514.78150704935,1,7.443257158975558,9.732120582157272,19.461971456871385,1,1,1,1,1,4.922216168269833,11.801354423896086,23.602708847792172,1,1,1,1
boundary_1450_24,boundary,1450,bayes,1637.3164076487728,368.6616958080163,1350.0,450.0,direction,343.46108756546755,514.78150704935,1,5.83158453185779,8.235952871055598,16.471905742111044,1,1,1,1,1,5.955400176303414,9.168103581307772,18.336207162615732,1,1,1,1
boundary_1450_25,boundary,1450,bayes,1624.734361638754,340.88094893054244,1350.0,450.0,direction,338.3326172479775,514.78150704935,1,4.81601052009355,7.597643474986344,15.195286949972534,1,1,1,1,1,5.211052233980853,9.37676378492247,18.753527569845115,1,1,1,1
boundary_1450_26,boundary,1450,bayes,1615.2031411711798,195.78625131989,1350.0,450.0,direction,316.7715648511082,514.78150704935,1,2.8205987904043948,11.590935815330115,23.18187163066023,1,1,1,1,1,3.457792557335083,11.43505700499301,22.87011400998602,1,1,1,1
boundary_1450_27,boundary,1450,bayes,1615.9422181087675,217.6818153237945,1350.0,450.0,direction,318.59102834425164,514.78150704935,1,2.7239769986929883,9.579065901172513,19.158131802344958,1,1,1,1,1,5.2812397857982,11.161528425048324,22.323056850096677,1,1,1,1
boundary_1450_28,boundary,1450,bayes,1644.5024110357188,526.5630528771543,1350.0,450.0,direction,14.306429867942132,514.78150704935,1,2.2109995105573383,12.18552608802212,24.37105217604412,1,1,1,1,1,1.8460481002870734,12.795664174586147,25.591328349172294,1,1,1,1
boundary_1450_29,boundary,1450,bayes,1651.7702508745099,706.1647534991747,1350.0,450.0,direction,40.857087332434745,514.78150704935,1,2.8245431276494166,9.475450236413756,18.950900472827513,1,1,1,1,1,3.694116489197266,9.615323571990471,19.230647143980814,1,1,1,1
boundary_1450_30,boundary,1450,bayes,1632.7451959985121,448.65644447322495,1350.0,450.0,direction,0.5908258565518422,514.78150704935,1,8.027778227766618,9.289988371872722,18.57714692329322,1,1,1,1,1,8.311979950118497,9.867755033424487,19.735510066848974,1,1,1,1
boundary_1450_31,boundary,1450,bayes,1633.7927273799328,373.42315711558973,1350.0,450.0,direction,344.32756151189113,514.78150704935,1,5.524511962853071,8.508789615453365,17.014987371163457,1,1,1,1,1,3.138662287099808,9.140927557540502,18.281855115081154,1,1,1,1
boundary_1450_32,boundary,1450,bayes,1658.315795365748,562.6747326789728,1350.0,450.0,direction,19.94027682609618,514.78150704935,1,11.092734489490724,14.893515328693573,29.78703065738731,1,1,1,1,1,10.043685253588771,14.487738934918031,28.975477869836155,1,1,1,1
boundary_1450_33,boundary,1450,bayes,1655.7241422587024,581.2023642877539,1350.0,450.0,direction,22.87508763178037,514.78150704935,1,5.413260211259225,14.898871757556075,29.797743515111904,1,1,1,1,1,6.460826440808412,15.537117350911585,31.07423470182341,1,1,1,1
boundary_1450_34,boundary,1450,bayes,1648.6623791654795,672.098237364938,1350.0,450.0,direction,35.89969706810043,514.78150704935,1,6.560881312754725,18.13851866620299,36.27703733240577,1,1,1,1,1,6.449822790001664,17.341717100198622,34.683434200397215,1,1,1,1
boundary_1450_35,boundary,1450,bayes,1619.5187052986316,211.69152791870084,1350.0,450.0,direction,317.8615597758121,514.78150704935,1,5.548871602773473,13.1799887442604,26.359977488520773,0,0,1,1,1,4.625187514036854,11.268243603939762,22.536487207879553,1,1,1,1
boundary_1450_36,boundary,1450,bayes,1664.734846022569,677.1119106905679,1350.0,450.0,direction,36.1224916348678,514.78150704935,1,10.273072683004482,15.89082025031344,31.78164050062688,1,1,1,1,1,10.83293609429878,17.00175971080396,34.003519421607706,1,1,1,1
boundary_1450_37,boundary,1450,bayes,1647.5354369797458,583.7167763338033,1350.0,450.0,direction,24.01744705442221,514.78150704935,1,5.03129184005709,15.19435058004821,30.3887011600965,1,1,1,1,1,3.9162902112243394,15.983202044500564,31.96640408900121,1,1,1,1
boundary_1450_38,boundary,1450,bayes,1602.7144609480329,32.480596009836766,1350.0,450.0,direction,300.4049521415456,514.78150704935,1,27.59463096998249,0.08726203218658762,0.17452406437294873,0,0,0,1,1,11.66147419863742,15.504932415791073,31.00986483158213,1,1,1,1
boundary_1450_39,boundary,1450,bayes,1635.2853566816373,439.3508167694064,1350.0,450.0,direction,357.8485573851416,514.78150704935,1,3.5659860672729375,9.825726437956494,19.6454462030275,1,1,1,1,1,3.2439163429085305,9.419371500179158,18.838743000358317,1,1,1,1
boundary_1450_40,boundary,1450,bayes,1613.4285304330174,181.66774973864574,1350.0,450.0,direction,315.1182052787976,514.78150704935,1,5.0027465057343745,13.739134585628657,27.47826917125725,0,0,1,1,1,4.099728370667003,11.705983157483944,23.411966314967888,1,1,1,1
boundary_1450_41,boundary,1450,bayes,1654.006804975268,643.7763973480382,1350.0,450.0,direction,32.468794275452666,514.78150704935,1,2.6130443290602408,20.40300745409935,40.80601490819879,1,1,1,0,1,3.3133156679138045,20.147600879944793,40.295201759889586,1,1,1,0
boundary_1450_42,boundary,1450,bayes,1615.157116369567,194.79738383387914,1350.0,450.0,direction,315.85749095634986,514.78150704935,1,1.2002604047945777,8.716715149801084,17.43343029960217,1,1,1,1,1,3.940254557876973,11.582077498195147,23.164154996390295,1,1,1,1
boundary_1450_43,boundary,1450,bayes,1646.754955210805,467.05882369206336,1350.0,450.0,direction,2.887515647399577,514.78150704935,1,7.873223540145192,9.382314628590072,18.761771313255778,0,0,1,1,1,6.383115945072634,10.271843531230086,20.54368706245998,1,1,1,1
boundary_1450_44,boundary,1450,bayes,1626.9344218926074,288.38083951777594,1350.0,450.0,direction,329.6874831388748,514.78150704935,1,1.9884921540650773,9.124076312401494,18.248152624803037,1,1,1,1,1,1.8984093448016162,9.936853315070605,19.873706630141264,1,1,1,1
boundary_1450_45,boundary,1450,bayes,1656.0363959521978,634.1921460015812,1350.0,450.0,direction,31.59619194742095,514.78150704935,1,5.835626128546521,17.685737277370446,35.371474554741056,1,1,1,1,1,4.514927416585251,19.632064598316067,39.26412919663213,1,1,1,1
boundary_1450_46,boundary,1450,bayes,1657.2957431679324,647.6046269532119,1350.0,450.0,direction,33.282786328125496,514.78150704935,1,2.481962130873247,20.322176492684015,40.64435298536803,1,1,1,0,1,4.570776611334567,20.650419882178575,41.30083976435701,1,1,1,0
boundary_1450_47,boundary,1450,bayes,1655.9762023068363,572.6734980439768,1350.0,450.0,direction,22.73035424882403,514.78150704935,1,8.055354429520087,14.898871757556075,29.797743515111904,1,1,1,1,1,6.420818232536819,15.482191522513943,30.96438304502805,1,1,1,1
boundary_1450_48,boundary,1450,bayes,1628.1026901146563,272.1703124855107,1350.0,450.0,direction,327.7112816745165,514.78150704935,1,3.770080437088664,8.0751900593387,16.148496837554102,1,1,1,1,1,6.046144917165608,10.107721050101098,20.215442100202342,1,1,1,1
boundary_1450_49,boundary,1450,bayes,1649.1925041748516,632.6144708070002,1350.0,450.0,direction,31.328700616657464,514.78150704935,1,7.83888817320655,20.489798059645665,40.97959611929133,1,1,1,0,1,7.880853040845491,19.478670358049538,38.957340716099075,1,1,1,1
boundary_1450_50,boundary,1450,bayes,1647.697192404018,588.9813277847195,1350.0,450.0,direction,24.490138964660424,514.78150704935,1,4.425163501787372,15.19435058004821,30.3887011600965,1,1,1,1,1,4.14393401176285,16.174554022812057,32.34910804562396,1,1,1,1
boundary_1450_51,boundary,1450,bayes,1642.6111650025287,415.66430490267896,1350.0,450.0,direction,354.1715728108783,514.78150704935,1,8.91102727595882,8.893353515837608,17.786029768372927,0,0,1,1,1,7.6989177225716094,8.985625228636607,17.967493584630265,1,1,1,1
boundary_1450_52,boundary,1450,bayes,1639.465316940249,518.9510762697522,1350.0,450.0,direction,13.41769440826334,514.78150704935,1,6.229061275582872,12.403310753018713,24.806621506037427,1,1,1,1,1,6.499235765225753,12.560928047268838,25.121856094537677,1,1,1,1
boundary_1450_53,boundary,1450,bayes,1630.3971478117555,410.3751501380394,1350.0,450.0,direction,351.088818493799,514.78150704935,1,8.950738626028643,7.723224691359675,15.44438168871497,0,0,1,1,1,7.214135127751721,9.003777674774113,18.007555349548433,1,1,1,1
boundary_1450_54,boundary,1450,bayes,1643.320616506408,468.98049359909544,1350.0,450.0,direction,4.559649808475637,514.78150704935,1,5.8736408939004985,11.358272562982213,22.71654512596464,1,1,1,1,1,4.778284678658427,10.584315447495907,21.168630894991814,1,1,1,1
boundary_1450_55,boundary,1450,bayes,1645.5813947499432,596.422847078131,1350.0,450.0,direction,26.109758594590524,514.78150704935,1,7.339095644954384,17.36021789065425,34.72043578130842,1,1,1,1,1,7.356174558899889,16.862384646880365,33.72476929376057,1,1,1,1
boundary_1450_56,boundary,1450,bayes,1623.2172980544656,321.9450755413194,1350.0,450.0,direction,335.26426289769057,514.78150704935,1,6.582152411500054,7.353488500095703,14.705262032991739,0,0,1,1,1,4.801943080280847,9.543385196036267,19.086770392072417,1,1,1,1
boundary_1450_57,boundary,1450,bayes,1642.6421393063067,549.2926229679531,1350.0,450.0,direction,17.999233335943615,514.78150704935,1,7.063962990441493,12.474756677671811,24.949513355343623,1,1,1,1,1,5.836275663062507,13.86139468502679,27.722789370053338,1,1,1,1
boundary_1450_58,boundary,1450,bayes,1622.7516480702022,283.0993574887586,1350.0,450.0,direction,328.14616318734807,514.78150704935,1,3.4581460368024945,11.461538120095137,22.92307624019014,1,1,1,1,1,4.0027810701104425,10.068586315154498,20.1371726303089,1,1,1,1
boundary_1450_59,boundary,1450,bayes,1663.1556545487847,625.6642808751257,1350.0,450.0,direction,28.685117852837234,514.78150704935,1,10.839295295153683,17.818906459721553,35.63781291944295,1,1,1,1,1,12.597026926351528,18.069814287888363,36.139628575776726,1,1,1,1
boundary_1450_60,boundary,1450,bayes,1660.4879132828328,655.8092967336045,1350.0,450.0,direction,32.60448770059084,514.78150704935,1,6.629700110216861,20.31129385644805,40.622587712896156,1,1,1,0,1,9.815840006403297,20.229916194722378,40.45983238944467,1,1,1,0
boundary_1450_61,boundary,1450,bayes,1627.4352649346174,330.80722208372407,1350.0,450.0,direction,336.64573191794034,514.78150704935,1,1.495656085488729,8.797485208226528,17.594970416453055,1,1,1,1,1,1.8083742709539647,9.464277789462061,18.928555578924072,1,1,1,1
boundary_1450_62,boundary,1450,bayes,1654.0949425037732,655.3895201732471,1350.0,450.0,direction,33.36564680529425,514.78150704935,1,6.132683713056634,20.322176492684015,40.64435298536803,0,0,1,0,1,4.181875653195803,20.702842793210298,41.405685586420596,1,1,1,0
boundary_1450_63,boundary,1450,bayes,1610.5957054869145,148.73008046837958,1350.0,450.0,direction,310.9566051600575,514.78150704935,1,3.3942824420106867,14.053028893689614,28.106057787379257,1,1,1,1,1,2.620971861833382,12.496715917236044,24.993431834472087,1,1,1,1
boundary_1450_64,boundary,1450,bayes,1626.4986458953695,306.00866816665786,1350.0,450.0,direction,331.8919366778194,514.78150704935,1,3.461176412885781,8.775789363640216,17.551578727280273,1,1,1,1,1,3.7547104802804236,9.766402626054653,19.532805252109412,1,1,1,1
boundary_1450_65,boundary,1450,bayes,1654.8757970421575,592.4954466805093,1350.0,450.0,direction,24.733086087332797,514.78150704935,1,4.141956558224305,17.488806379237868,34.97761275847597,1,1,1,1,1,4.446406650728969,16.27450512137769,32.54901024275514,1,1,1,1
boundary_1450_66,boundary,1450,bayes,1653.626530980032,696.8166273430818,1350.0,450.0,direction,39.56043681468637,514.78150704935,1,4.127931584115017,12.637728523546507,25.275457047092903,1,1,1,1,1,3.3300963265477437,11.646077200109094,23.292154400218188,1,1,1,1
boundary_1450_67,boundary,1450,bayes,1627.1010273765667,358.41871345186,1350.0,450.0,direction,341.31585454922487,514.78150704935,1,4.83119274902115,8.757187596381156,17.514375192762355,1,1,1,1,1,5.226389074648378,9.24523733577298,18.49047467154596,1,1,1,1
boundary_1450_68,boundary,1450,bayes,1618.3243656395036,181.35592863372221,1350.0,450.0,direction,314.02675144392947,514.78150704935,1,6.8494779399966115,11.989936464847956,23.979872929695883,1,1,1,1,1,6.714514902442223,11.897509437718453,23.795018875436934,1,1,1,1
boundary_1450_69,boundary,1450,bayes,1667.888484400797,657.7031706206975,1350.0,450.0,direction,32.69926904441869,514.78150704935,1,13.159679312315914,20.31129385644805,40.622587712896156,1,1,1,0,1,15.004020200739568,20.287765255644132,40.575530511288264,1,1,1,0
boundary_1450_70,boundary,1450,bayes,1617.460266292107,231.1217922507892,1350.0,450.0,direction,319.74466882542794,514.78150704935,1,12.032993970705919,10.246504606381997,20.49300921276408,0,0,1,1,1,9.457587041544494,11.00041808244793,22.00083616489589,1,1,1,1
boundary_1450_71,boundary,1450,bayes,1634.3008076704605,429.006636412684,1350.0,450.0,direction,354.9567549196196,514.78150704935,1,6.6621817203467995,9.03828323808604,18.07381332754203,0,0,1,1,1,5.156147862941905,8.988051394401815,17.965620625071214,1,1,1,1
boundary_1450_72,boundary,1450,bayes,1652.5496234453897,648.2646892295758,1350.0,450.0,direction,32.561720137284176,514.78150704935,1,4.959277961319584,20.31129385644805,40.622587712896156,1,1,1,0,1,4.702432076775251,20.20390838349953,40.407816766999154,1,1,1,0
boundary_1450_73,boundary,1450,bayes,1610.9689424941082,129.48448117513115,1350.0,450.0,direction,309.15436352820547,514.78150704935,0,,,,0,0,0,0,1,0.4175625331947868,12.89533011952987,25.79066023905974,1,1,1,1
boundary_1450_74,boundary,1450,bayes,1637.4920811634368,501.06479430489105,1350.0,450.0,direction,10.49341496428485,514.78150704935,1,6.901259061976422,12.320035417781998,24.64007083556421,1,1,1,1,1,7.7106460807922765,11.840372856731149,23.68074571346233,1,1,1,1
boundary_1450_75,boundary,1450,bayes,1636.369417723646,495.52286711181995,1350.0,450.0,direction,9.341884778590284,514.78150704935,1,7.904572293866488,9.775682971261036,19.551365942522303,1,1,1,1,1,7.957816087307292,11.576574405902987,23.153148811806158,1,1,1,1
boundary_1450_76,boundary,1450,bayes,1637.2233905967244,519.4595823014047,1350.0,450.0,direction,12.703006810583563,514.78150704935,1,8.340021538907166,11.95200147753923,23.904002955078397,1,1,1,1,1,8.566987391428002,12.377701444296118,24.755402888592126,1,1,1,1
boundary_1450_77,boundary,1450,bayes,1655.7972796131498,601.8066879560732,1350.0,450.0,direction,26.633472660418033,514.78150704935,1,3.768055462224852,17.509105281381732,35.01821056276323,1,1,1,1,1,2.9041716165329396,17.09607925593435,34.19215851186878,1,1,1,1
boundary_1450_78,boundary,1450,bayes,1633.4641068361063,368.9132317588571,1350.0,450.0,direction,343.34402885159164,514.78150704935,1,2.419894222461179,8.235952871055598,16.471905742111044,1,1,1,1,1,3.7384547254632734,9.171948436270295,18.343896872540547,1,1,1,1
boundary_1450_79,boundary,1450,bayes,1610.4109679798544,121.12701662772183,1350.0,450.0,direction,308.8371800535712,514.78150704935,1,0.9025333401355454,11.513636000528109,23.025614295379587,1,1,1,1,1,4.6732257258234275,12.96947740204697,25.93895480409397,1,1,1,1
boundary_1450_80,boundary,1450,bayes,1634.35188948147,328.6390903284944,1350.0,450.0,direction,335.9301492113028,514.78150704935,1,7.409184448819522,10.679003885666127,21.358007771332254,0,0,1,1,1,6.770053732155474,9.50440006364426,19.00880012728864,1,1,1,1
boundary_1450_81,boundary,1450,bayes,1648.488285156843,658.4049920248457,1350.0,450.0,direction,34.85460225450971,514.78150704935,1,9.216682619483665,19.006269176441705,38.012538352883375,1,1,1,1,1,9.245022109986603,18.88849242874314,37.77698485748628,1,1,1,1
boundary_1450_82,boundary,1450,bayes,1640.6731688108177,454.2476939170129,1350.0,450.0,direction,1.3726699268880818,514.78150704935,1,2.351748909218836,10.79234019611391,21.584680392228037,1,1,1,1,1,2.911968111265427,10.002223820496964,20.00444764099396,1,1,1,1
boundary_1450_83,boundary,1450,bayes,1641.5226934142295,589.7869110007996,1350.0,450.0,direction,25.932755887931208,514.78150704935,1,13.149455484898477,17.445521827890083,34.89104365578002,1,1,1,1,1,13.357278542468833,16.78468708692356,33.56937417384704,1,1,1,1
boundary_1450_84,boundary,1450,bayes,1616.1550008424206,198.19450492534864,1350.0,450.0,direction,316.28335416718653,514.78150704935,1,1.303320516447395,10.774136157811643,21.548272315623308,1,1,1,1,1,3.630626944208202,11.512749017214961,23.025498034429923,1,1,1,1
boundary_1450_85,boundary,1450,bayes,1658.518453140502,692.1452093299641,1350.0,450.0,direction,38.44239176301642,514.78150704935,1,7.570988338313132,14.05180540868007,28.10361081736033,1,1,1,1,1,6.5319804322368995,13.40926012174747,26.818520243495044,1,1,1,1
boundary_1450_86,boundary,1450,bayes,1641.8014527077355,542.6195202148685,1350.0,450.0,direction,18.59510667149571,514.78150704935,1,11.826295494290408,12.508013362598529,25.01602672519687,0,0,1,1,1,10.336840480691976,14.048415440798792,28.096830881597675,1,1,1,1
boundary_1450_87,boundary,1450,bayes,1646.3500984804784,614.695045419074,1350.0,450.0,direction,28.842617205212076,514.78150704935,1,9.266156906590213,17.818906459721553,35.63781291944295,1,1,1,1,1,8.601318283015374,18.14864170610236,36.29728341220472,1,1,1,1
boundary_1450_88,boundary,1450,bayes,1635.6868944261967,382.1055557120159,1350.0,450.0,direction,346.7950753426776,514.78150704935,1,2.8867908655498087,8.143787743559136,16.285094810481077,1,1,1,1,1,2.580099711555609,9.075706980206368,18.151413960412583,1,1,1,1
boundary_1450_89,boundary,1450,bayes,1653.8678496663529,561.9828440137051,1350.0,450.0,direction,19.928920304358567,514.78150704935,1,7.176602606130572,14.893515328693573,29.78703065738731,1,1,1,1,1,5.829244852676018,14.483926771260672,28.967853542521418,1,1,1,1
boundary_1450_90,boundary,1450,bayes,1628.121136605725,287.3910973315144,1350.0,450.0,direction,330.6484922502231,514.78150704935,1,8.3729724898669,11.16718306776124,22.334366135522426,1,1,1,1,1,7.834645750495884,9.860024934392415,19.720049868784884,1,1,1,1
boundary_1450_91,boundary,1450,bayes,1623.9494031102822,330.52366152477276,1350.0,450.0,direction,335.77277665130663,514.78150704935,1,7.415727438782938,10.679003885666127,21.358007771332254,1,1,1,1,1,7.305232456318516,9.513468988318115,19.02693797663635,1,1,1,1
boundary_1450_92,boundary,1450,bayes,1638.3166057973272,414.2031677186571,1350.0,450.0,direction,352.4852940134441,514.78150704935,1,3.006890663551193,8.938897712882307,17.877795425764784,1,1,1,1,1,3.124803101341645,8.991466599359937,17.982933198719703,1,1,1,1
boundary_1450_93,boundary,1450,bayes,1643.053839419096,528.6928049036206,1350.0,450.0,direction,14.357363167783365,514.78150704935,1,3.3772407555004995,12.18552608802212,24.37105217604412,0,0,1,1,1,4.1103572068989855,12.809355346440919,25.61871069288201,1,1,1,1
boundary_1450_94,boundary,1450,bayes,1631.6593294663794,449.8698828461593,1350.0,450.0,direction,359.9917746354973,514.78150704935,1,7.7966071301905995,10.523145368356877,21.04629073671379,0,0,1,1,1,7.824153211698953,9.766784142099404,19.53356828419878,1,1,1,1
boundary_1450_95,boundary,1450,bayes,1644.505486288445,460.65161420379417,1350.0,450.0,direction,1.501696470102209,514.78150704935,1,4.503929577921754,10.884988865299126,21.76997773059843,1,1,1,1,1,5.226005640117349,10.02471485706459,20.04942971412915,1,1,1,1
boundary_1450_96,boundary,1450,bayes,1634.1925882081296,347.27122299284144,1350.0,450.0,direction,339.76414750452466,514.78150704935,1,5.092208195825896,8.026509381983779,16.05086987331799,1,1,1,1,1,4.057659192336795,9.310034594701028,18.620069189401924,1,1,1,1
boundary_1450_97,boundary,1450,bayes,1611.9941562577278,131.0611369196553,1350.0,450.0,direction,309.55272549069815,514.78150704935,1,10.073483283955266,9.33565931275869,18.671318625517337,0,0,1,1,1,2.176881716232094,12.803950597915225,25.607901195830436,1,1,1,1
boundary_1450_98,boundary,1450,bayes,1659.4023116820529,579.0624099399099,1350.0,450.0,direction,23.410001508819338,514.78150704935,1,8.52533099635418,15.213261839263218,30.42652367852636,1,1,1,1,1,8.535357758518403,15.74318222528122,31.486364450562682,1,1,1,1
boundary_1450_99,boundary,1450,bayes,1653.2722840513875,693.9911813202497,1350.0,450.0,direction,39.251970023566265,514.78150704935,1,4.772405246095777,11.65808217714775,23.303934149972584,1,1,1,1,1,3.1272350810662064,12.128586618874424,24.257173237748848,1,1,1,1
boundary_1450_0,boundary,1450,fixed_assumed,1636.382192728676,498.2203376665266,1350.0,450.0,direction,9.144317280076201,514.78150704935,1,7.312030087595621,11.532363241697945,23.064726483395926,1,1,1,1,1,7.312030087595847,11.532363241697945,23.06472648339574,1,1,1,1
boundary_1450_1,boundary,1450,fixed_assumed,1608.073256271966,103.39827847823338,1350.0,450.0,direction,307.25101102764773,514.78150704935,1,5.45925141556308,13.359721442407759,26.719442884815503,1,1,1,1,1,5.459251415563131,13.359721442407732,26.719442884815464,1,1,1,1
boundary_1450_2,boundary,1450,fixed_assumed,1632.4072383563846,323.2981293730644,1350.0,450.0,direction,336.62476613781627,514.78150704935,1,7.142560596949965,9.46542754222554,18.930855084451,1,1,1,1,1,7.14256059695011,9.465427542225415,18.93085508445088,1,1,1,1
boundary_1450_3,boundary,1450,fixed_assumed,1637.7688668988728,493.00529174466686,1350.0,450.0,direction,7.703977077868714,514.78150704935,1,6.112926073568868,11.21888571635247,22.43777143270516,1,1,1,1,1,6.112926073569226,11.21888571635247,22.43777143270494,1,1,1,1
boundary_1450_4,boundary,1450,fixed_assumed,1651.8201441025178,597.0165409188214,1350.0,450.0,direction,26.240279881526458,514.78150704935,1,2.63990950740066,16.920091065099328,33.840182130198656,1,1,1,1,1,2.6399095074010233,16.92009106509917,33.840182130198414,1,1,1,1
boundary_1450_5,boundary,1450,fixed_assumed,1618.914614217298,249.85189726358615,1350.0,450.0,direction,323.3189206176255,514.78150704935,1,3.4326602315614805,10.555781950222183,21.111563900444438,1,1,1,1,1,3.4326602315618597,10.555781950222155,21.111563900444384,1,1,1,1
boundary_1450_6,boundary,1450,fixed_assumed,1644.3465731764513,546.6988253991593,1350.0,450.0,direction,18.04836516507582,514.78150704935,1,3.7750342417104266,13.87664541830144,27.753290836602954,1,1,1,1,1,3.7750342417108746,13.87664541830144,27.753290836602783,1,1,1,1
boundary_1450_7,boundary,1450,fixed_assumed,1642.6348989784865,466.4623863305663,1350.0,450.0,direction,2.9191605445742366,514.78150704935,1,2.3633920892372693,10.277608572457755,20.5552171449157,1,1,1,1,1,2.363392089236914,10.277608572457755,20.55521714491551,1,1,1,1
boundary_1450_8,boundary,1450,fixed_assumed,1655.573923673421,533.8710053257834,1350.0,450.0,direction,15.288147008913436,514.78150704935,1,9.292579006353437,13.064269283259975,26.128538566519705,1,1,1,1,1,9.292579006353437,13.064269283259975,26.128538566519705,1,1,1,1
boundary_1450_9,boundary,1450,fixed_assumed,1653.5502664900996,590.6542266121075,1350.0,450.0,direction,24.214972285260266,514.78150704935,1,5.2164132922325575,16.06266729744729,32.12533459489474,1,1,1,1,1,5.216413292232287,16.06266729744729,32.12533459489458,1,1,1,1
boundary_1450_10,boundary,1450,fixed_assumed,1646.2885240954365,576.2405173196804,1350.0,450.0,direction,23.258844896749036,514.78150704935,1,5.731513183477452,15.68445741905006,31.3689148381002,1,1,1,1,1,5.731513183478071,15.684457419049899,31.36891483809996,1,1,1,1
boundary_1450_11,boundary,1450,fixed_assumed,1639.4507876029531,442.04962928671006,1350.0,450.0,direction,358.31004670936636,514.78150704935,1,0.8354647365110808,9.492417610394513,18.984835220789055,1,1,1,1,1,0.8354647365110808,9.492417610394513,18.984835220789055,1,1,1,1
boundary_1450_12,boundary,1450,fixed_assumed,1648.7736132926566,622.4022628703182,1350.0,450.0,direction,29.9483812820591,514.78150704935,1,7.281992101681193,18.719709748453106,37.43941949690621,1,1,1,1,1,7.2819921016810545,18.719709748453106,37.43941949690598,1,1,1,1
boundary_1450_13,boundary,1450,fixed_assumed,1656.501578364072,697.034377424049,1350.0,450.0,direction,37.893710264762554,514.78150704935,1,11.603957675026452,14.263520507540651,28.527041015081394,1,1,1,1,1,11.603957675026273,14.263520507540546,28.527041015081092,1,1,1,1
boundary_1450_14,boundary,1450,fixed_assumed,1621.7543226208672,212.0189611486383,1350.0,450.0,direction,318.07914542498116,514.78150704935,1,4.70574533281539,11.236008829837566,22.47201765967505,1,1,1,1,1,4.705745332814915,11.236008829837456,22.47201765967494,1,1,1,1
boundary_1450_15,boundary,1450,fixed_assumed,1625.4102150208464,352.63319359705264,1350.0,450.0,direction,340.0855519679488,514.78150704935,1,6.575195050931651,9.295978018983504,18.59195603796701,1,1,1,1,1,6.575195050931651,9.295978018983504,18.59195603796701,1,1,1,1
boundary_1450_16,boundary,1450,fixed_assumed,1643.87709611123,597.4195533803796,1350.0,450.0,direction,26.54652163280052,514.78150704935,1,9.927895335721194,17.056880527898596,34.113761055797276,1,1,1,1,1,9.927895335721654,17.056880527898596,34.11376105579704,1,1,1,1
boundary_1450_17,boundary,1450,fixed_assumed,1638.5458056074065,451.8742943033962,1350.0,450.0,direction,0.5207644856560655,514.78150704935,1,1.480083515998178,9.855855097662774,19.711710195325516,1,1,1,1,1,1.480083515998178,9.855855097662774,19.71171019532532,1,1,1,1
boundary_1450_18,boundary,1450,fixed_assumed,1625.155204433951,299.3512308872198,1350.0,450.0,direction,330.3435066581715,514.78150704935,1,6.380591543451947,9.883977239453065,19.767954478906077,1,1,1,1,1,6.3805915434520255,9.883977239453014,19.767954478906027,1,1,1,1
boundary_1450_19,boundary,1450,fixed_assumed,1629.052119700364,348.67803980350965,1350.0,450.0,direction,339.49003054103383,514.78150704935,1,3.730934111626009,9.322288789473332,18.644577578946617,1,1,1,1,1,3.73093411162594,9.322288789473154,18.64457757894644,1,1,1,1
boundary_1450_20,boundary,1450,fixed_assumed,1660.5482293127147,682.1496308759935,1350.0,450.0,direction,37.038310890194325,514.78150704935,1,7.217287101536828,15.59237304835246,31.18474609670502,1,1,1,1,1,7.217287101536494,15.592373048352353,31.184746096704714,1,1,1,1
boundary_1450_21,boundary,1450,fixed_assumed,1645.2848301004171,447.7713973420135,1350.0,450.0,direction,359.14993176702376,514.78150704935,1,6.469908046945318,9.62780381538017,19.255607630760313,1,1,1,1,1,6.469908046945318,9.62780381538017,19.255607630760117,1,1,1,1
boundary_1450_22,boundary,1450,fixed_assumed,1607.6442332805004,107.60284749152633,1350.0,450.0,direction,306.5931057761223,514.78150704935,1,6.342584082988934,13.531662449568735,27.06332489913746,1,1,1,1,1,6.342584082989005,13.531662449568707,27.063324899137417,1,1,1,1
boundary_1450_23,boundary,1450,fixed_assumed,1616.764412192786,184.92555129721111,1350.0,450.0,direction,314.56723281382926,514.78150704935,1,4.922216168269806,11.801354423896115,23.60270884779223,1,1,1,1,1,4.922216168269833,11.801354423896086,23.602708847792172,1,1,1,1
boundary_1450_24,boundary,1450,fixed_assumed,1637.3164076487728,368.6616958080163,1350.0,450.0,direction,343.46108756546755,514.78150704935,1,5.955400176303366,9.168103581307916,18.336207162615874,1,1,1,1,1,5.955400176303414,9.168103581307772,18.336207162615732,1,1,1,1
boundary_1450_25,boundary,1450,fixed_assumed,1624.734361638754,340.88094893054244,1350.0,450.0,direction,338.3326172479775,514.78150704935,1,5.211052233980508,9.376763784922645,18.75352756984529,1,1,1,1,1,5.211052233980853,9.37676378492247,18.753527569845115,1,1,1,1
boundary_1450_26,boundary,1450,fixed_assumed,1615.2031411711798,195.78625131989,1350.0,450.0,direction,316.7715648511082,514.78150704935,1,3.457792557334739,11.435057004993036,22.87011400998607,1,1,1,1,1,3.457792557335083,11.43505700499301,22.87011400998602,1,1,1,1
boundary_1450_27,boundary,1450,fixed_assumed,1615.9422181087675,217.6818153237945,1350.0,450.0,direction,318.59102834425164,514.78150704935,1,5.281239785798233,11.16152842504838,22.32305685009673,1,1,1,1,1,5.2812397857982,11.161528425048324,22.323056850096677,1,1,1,1
boundary_1450_28,boundary,1450,fixed_assumed,1644.5024110357188,526.5630528771543,1350.0,450.0,direction,14.306429867942132,514.78150704935,1,1.8460481002868703,12.795664174586147,25.59132834917247,1,1,1,1,1,1.8460481002870734,12.795664174586147,25.591328349172294,1,1,1,1
boundary_1450_29,boundary,1450,fixed_assumed,1651.7702508745099,706.1647534991747,1350.0,450.0,direction,40.857087332434745,514.78150704935,1,3.6941164891975835,9.615323571990455,19.230647143980924,1,1,1,1,1,3.694116489197266,9.615323571990471,19.230647143980814,1,1,1,1
boundary_1450_30,boundary,1450,fixed_assumed,1632.7451959985121,448.65644447322495,1350.0,450.0,direction,0.5908258565518422,514.78150704935,1,8.311979950118497,9.867755033424487,19.73551006684917,1,1,1,1,1,8.311979950118497,9.867755033424487,19.735510066848974,1,1,1,1
boundary_1450_31,boundary,1450,fixed_assumed,1633.7927273799328,373.42315711558973,1350.0,450.0,direction,344.32756151189113,514.78150704935,1,3.1386622870998147,9.140927557540545,18.281855115081196,1,1,1,1,1,3.138662287099808,9.140927557540502,18.281855115081154,1,1,1,1
boundary_1450_32,boundary,1450,fixed_assumed,1658.315795365748,562.6747326789728,1350.0,450.0,direction,19.94027682609618,514.78150704935,1,10.043685253588352,14.4877389349182,28.975477869836322,1,1,1,1,1,10.043685253588771,14.487738934918031,28.975477869836155,1,1,1,1
boundary_1450_33,boundary,1450,fixed_assumed,1655.7241422587024,581.2023642877539,1350.0,450.0,direction,22.87508763178037,514.78150704935,1,6.460826440808412,15.537117350911585,31.07423470182341,1,1,1,1,1,6.460826440808412,15.537117350911585,31.07423470182341,1,1,1,1
boundary_1450_34,boundary,1450,fixed_assumed,1648.6623791654795,672.098237364938,1350.0,450.0,direction,35.89969706810043,514.78150704935,1,6.44982279000059,17.341717100198718,34.683434200397436,1,1,1,1,1,6.449822790001664,17.341717100198622,34.683434200397215,1,1,1,1
boundary_1450_35,boundary,1450,fixed_assumed,1619.5187052986316,211.69152791870084,1350.0,450.0,direction,317.8615597758121,514.78150704935,1,4.625187514037035,11.268243603939872,22.536487207879663,1,1,1,1,1,4.625187514036854,11.268243603939762,22.536487207879553,1,1,1,1
boundary_1450_36,boundary,1450,fixed_assumed,1664.734846022569,677.1119106905679,1350.0,450.0,direction,36.1224916348678,514.78150704935,1,10.83293609429908,17.00175971080396,34.00351942160802,1,1,1,1,1,10.83293609429878,17.00175971080396,34.003519421607706,1,1,1,1
boundary_1450_37,boundary,1450,fixed_assumed,1647.5354369797458,583.7167763338033,1350.0,450.0,direction,24.01744705442221,514.78150704935,1,3.9162902112241174,15.983202044500564,31.96640408900137,1,1,1,1,1,3.9162902112243394,15.983202044500564,31.96640408900121,1,1,1,1
boundary_1450_38,boundary,1450,fixed_assumed,1602.7144609480329,32.480596009836766,1350.0,450.0,direction,300.4049521415456,514.78150704935,1,11.661474198637423,15.50493241579108,31.009864831582146,1,1,1,1,1,11.66147419863742,15.504932415791073,31.00986483158213,1,1,1,1
boundary_1450_39,boundary,1450,fixed_assumed,1635.2853566816373,439.3508167694064,1350.0,450.0,direction,357.8485573851416,514.78150704935,1,3.24391634290785,9.419371500179356,18.838743000358484,1,1,1,1,1,3.2439163429085305,9.419371500179158,18.838743000358317,1,1,1,1
boundary_1450_40,boundary,1450,fixed_assumed,1613.4285304330174,181.66774973864574,1350.0,450.0,direction,315.1182052787976,514.78150704935,1,4.099728370667047,11.70598315748397,23.411966314967984,1,1,1,1,1,4.099728370667003,11.705983157483944,23.411966314967888,1,1,1,1
boundary_1450_41,boundary,1450,fixed_assumed,1654.006804975268,643.7763973480382,1350.0,450.0,direction,32.468794275452666,514.78150704935,1,3.3133156679135545,20.147600879944935,40.29520175988982,1,1,1,0,1,3.3133156679138045,20.147600879944793,40.295201759889586,1,1,1,0
boundary_1450_42,boundary,1450,fixed_assumed,1615.157116369567,194.79738383387914,1350.0,450.0,direction,315.85749095634986,514.78150704935,1,3.940254557877183,11.582077498195176,23.16415499639035,1,1,1,1,1,3.940254557876973,11.582077498195147,23.164154996390295,1,1,1,1
boundary_1450_43,boundary,1450,fixed_assumed,1646.754955210805,467.05882369206336,1350.0,450.0,direction,2.887515647399577,514.78150704935,1,6.383115945073272,10.271843531230086,20.543687062460172,1,1,1,1,1,6.383115945072634,10.271843531230086,20.54368706245998,1,1,1,1
boundary_1450_44,boundary,1450,fixed_assumed,1626.9344218926074,288.38083951777594,1350.0,450.0,direction,329.6874831388748,514.78150704935,1,1.8984093448018677,9.936853315070657,19.87370663014141,1,1,1,1,1,1.8984093448016162,9.936853315070605,19.873706630141264,1,1,1,1
boundary_1450_45,boundary,1450,fixed_assumed,1656.0363959521978,634.1921460015812,1350.0,450.0,direction,31.59619194742095,514.78150704935,1,4.514927416585245,19.63206459831621,39.26412919663236,1,1,1,1,1,4.514927416585251,19.632064598316067,39.26412919663213,1,1,1,1
boundary_1450_46,boundary,1450,fixed_assumed,1657.2957431679324,647.6046269532119,1350.0,450.0,direction,33.282786328125496,514.78150704935,1,4.570776611334451,20.650419882178664,41.300839764357235,1,1,1,0,1,4.570776611334567,20.650419882178575,41.30083976435701,1,1,1,0
boundary_1450_47,boundary,1450,fixed_assumed,1655.9762023068363,572.6734980439768,1350.0,450.0,direction,22.73035424882403,514.78150704935,1,6.420818232536442,15.482191522514187,30.964383045028292,1,1,1,1,1,6.420818232536819,15.482191522513943,30.96438304502805,1,1,1,1
boundary_1450_48,boundary,1450,fixed_assumed,1628.1026901146563,272.1703124855107,1350.0,450.0,direction,327.7112816745165,514.78150704935,1,6.046144917165956,10.10772105010115,20.21544210020239,1,1,1,1,1,6.046144917165608,10.107721050101098,20.215442100202342,1,1,1,1
boundary_1450_49,boundary,1450,fixed_assumed,1649.1925041748516,632.6144708070002,1350.0,450.0,direction,31.328700616657464,514.78150704935,1,7.880853040845997,19.478670358049627,38.95734071609931,1,1,1,1,1,7.880853040845491,19.478670358049538,38.957340716099075,1,1,1,1
boundary_1450_50,boundary,1450,fixed_assumed,1647.697192404018,588.9813277847195,1350.0,450.0,direction,24.490138964660424,514.78150704935,1,4.1439340117624175,16.174554022812057,32.3491080456242,1,1,1,1,1,4.14393401176285,16.174554022812057,32.34910804562396,1,1,1,1
boundary_1450_51,boundary,1450,fixed_assumed,1642.6111650025287,415.66430490267896,1350.0,450.0,direction,354.1715728108783,514.78150704935,1,7.698917722571497,8.985625228636778,17.967493584630443,1,1,1,1,1,7.6989177225716094,8.985625228636607,17.967493584630265,1,1,1,1
boundary_1450_52,boundary,1450,fixed_assumed,1639.465316940249,518.9510762697522,1350.0,450.0,direction,13.41769440826334,514.78150704935,1,6.4992357652252855,12.560928047269016,25.121856094537858,1,1,1,1,1,6.499235765225753,12.560928047268838,25.121856094537677,1,1,1,1
boundary_1450_53,boundary,1450,fixed_assumed,1630.3971478117555,410.3751501380394,1350.0,450.0,direction,351.088818493799,514.78150704935,1,7.21413512775169,9.003777674774154,18.007555349548472,1,1,1,1,1,7.214135127751721,9.003777674774113,18.007555349548433,1,1,1,1
boundary_1450_54,boundary,1450,fixed_assumed,1643.320616506408,468.98049359909544,1350.0,450.0,direction,4.559649808475637,514.78150704935,1,4.778284678658343,10.584315447496095,21.168630894992003,1,1,1,1,1,4.778284678658427,10.584315447495907,21.168630894991814,1,1,1,1
boundary_1450_55,boundary,1450,fixed_assumed,1645.5813947499432,596.422847078131,1350.0,450.0,direction,26.109758594590524,514.78150704935,1,7.356174558899889,16.862384646880365,33.72476929376073,1,1,1,1,1,7.356174558899889,16.862384646880365,33.72476929376057,1,1,1,1
boundary_1450_56,boundary,1450,fixed_assumed,1623.2172980544656,321.9450755413194,1350.0,450.0,direction,335.26426289769057,514.78150704935,1,4.8019430802801635,9.543385196036315,19.086770392072463,1,1,1,1,1,4.801943080280847,9.543385196036267,19.086770392072417,1,1,1,1
boundary_1450_57,boundary,1450,fixed_assumed,1642.6421393063067,549.2926229679531,1350.0,450.0,direction,17.999233335943615,514.78150704935,1,5.836275663062507,13.86139468502679,27.722789370053338,1,1,1,1,1,5.836275663062507,13.86139468502679,27.722789370053338,1,1,1,1
boundary_1450_58,boundary,1450,fixed_assumed,1622.7516480702022,283.0993574887586,1350.0,450.0,direction,328.14616318734807,514.78150704935,1,4.0027810701104425,10.068586315154498,20.137172630308953,1,1,1,1,1,4.0027810701104425,10.068586315154498,20.1371726303089,1,1,1,1
boundary_1450_59,boundary,1450,fixed_assumed,1663.1556545487847,625.6642808751257,1350.0,450.0,direction,28.685117852837234,514.78150704935,1,12.597026926351367,18.06981428788845,36.13962857577697,1,1,1,1,1,12.597026926351528,18.069814287888363,36.139628575776726,1,1,1,1
boundary_1450_60,boundary,1450,fixed_assumed,1660.4879132828328,655.8092967336045,1350.0,450.0,direction,32.60448770059084,514.78150704935,1,9.815840006402963,20.229916194722524,40.459832389444905,1,1,1,0,1,9.815840006403297,20.229916194722378,40.45983238944467,1,1,1,0
boundary_1450_61,boundary,1450,fixed_assumed,1627.4352649346174,330.80722208372407,1350.0,450.0,direction,336.64573191794034,514.78150704935,1,1.8083742709539647,9.464277789462061,18.928555578924197,1,1,1,1,1,1.8083742709539647,9.464277789462061,18.928555578924072,1,1,1,1
boundary_1450_62,boundary,1450,fixed_assumed,1654.0949425037732,655.3895201732471,1350.0,450.0,direction,33.36564680529425,514.78150704935,1,4.18187565319558,20.702842793210298,41.40568558642083,1,1,1,0,1,4.181875653195803,20.702842793210298,41.405685586420596,1,1,1,0
boundary_1450_63,boundary,1450,fixed_assumed,1610.5957054869145,148.73008046837958,1350.0,450.0,direction,310.9566051600575,514.78150704935,1,2.6209718618330244,12.49671591723607,24.99343183447214,1,1,1,1,1,2.620971861833382,12.496715917236044,24.993431834472087,1,1,1,1
boundary_1450_64,boundary,1450,fixed_assumed,1626.4986458953695,306.00866816665786,1350.0,450.0,direction,331.8919366778194,514.78150704935,1,3.7547104802802536,9.76640262605476,19.53280525210952,1,1,1,1,1,3.7547104802804236,9.766402626054653,19.532805252109412,1,1,1,1
boundary_1450_65,boundary,1450,fixed_assumed,1654.8757970421575,592.4954466805093,1350.0,450.0,direction,24.733086087332797,514.78150704935,1,4.446406650729847,16.27450512137769,32.54901024275538,1,1,1,1,1,4.446406650728969,16.27450512137769,32.54901024275514,1,1,1,1
boundary_1450_66,boundary,1450,fixed_assumed,1653.626530980032,696.8166273430818,1350.0,450.0,direction,39.56043681468637,514.78150704935,1,3.3300963265478165,11.646077200109094,23.292154400218354,1,1,1,1,1,3.3300963265477437,11.646077200109094,23.292154400218188,1,1,1,1
boundary_1450_67,boundary,1450,fixed_assumed,1627.1010273765667,358.41871345186,1350.0,450.0,direction,341.31585454922487,514.78150704935,1,5.226389074648378,9.24523733577298,18.49047467154596,1,1,1,1,1,5.226389074648378,9.24523733577298,18.49047467154596,1,1,1,1
boundary_1450_68,boundary,1450,fixed_assumed,1618.3243656395036,181.35592863372221,1350.0,450.0,direction,314.02675144392947,514.78150704935,1,6.714514902442172,11.89750943771851,23.79501887543703,1,1,1,1,1,6.714514902442223,11.897509437718453,23.795018875436934,1,1,1,1
boundary_1450_69,boundary,1450,fixed_assumed,1667.888484400797,657.7031706206975,1350.0,450.0,direction,32.69926904441869,514.78150704935,1,15.00402020073866,20.287765255644278,40.5755305112885,1,1,1,0,1,15.004020200739568,20.287765255644132,40.575530511288264,1,1,1,0
boundary_1450_70,boundary,1450,fixed_assumed,1617.460266292107,231.1217922507892,1350.0,450.0,direction,319.74466882542794,514.78150704935,1,9.457587041544395,11.00041808244799,22.000836164896008,1,1,1,1,1,9.457587041544494,11.00041808244793,22.00083616489589,1,1,1,1
boundary_1450_71,boundary,1450,fixed_assumed,1634.3008076704605,429.006636412684,1350.0,450.0,direction,354.9567549196196,514.78150704935,1,5.156147862941905,8.988051394401815,17.965620625071214,1,1,1,1,1,5.156147862941905,8.988051394401815,17.965620625071214,1,1,1,1
boundary_1450_72,boundary,1450,fixed_assumed,1652.5496234453897,648.2646892295758,1350.0,450.0,direction,32.561720137284176,514.78150704935,1,4.702432076776242,20.20390838349962,40.40781676699924,1,1,1,0,1,4.702432076775251,20.20390838349953,40.407816766999154,1,1,1,0
boundary_1450_73,boundary,1450,fixed_assumed,1610.9689424941082,129.48448117513115,1350.0,450.0,direction,309.15436352820547,514.78150704935,1,0.4175625331948423,12.895330119529897,25.79066023905977,1,1,1,1,1,0.4175625331947868,12.89533011952987,25.79066023905974,1,1,1,1
boundary_1450_74,boundary,1450,fixed_assumed,1637.4920811634368,501.06479430489105,1350.0,450.0,direction,10.49341496428485,514.78150704935,1,7.710646080792156,11.840372856731364,23.680745713462546,1,1,1,1,1,7.7106460807922765,11.840372856731149,23.68074571346233,1,1,1,1
boundary_1450_75,boundary,1450,fixed_assumed,1636.369417723646,495.52286711181995,1350.0,450.0,direction,9.341884778590284,514.78150704935,1,7.957816087307546,11.576574405903203,23.153148811806375,1,1,1,1,1,7.957816087307292,11.576574405902987,23.153148811806158,1,1,1,1
boundary_1450_76,boundary,1450,fixed_assumed,1637.2233905967244,519.4595823014047,1350.0,450.0,direction,12.703006810583563,514.78150704935,1,8.566987391427785,12.377701444296118,24.755402888592307,1,1,1,1,1,8.566987391428002,12.377701444296118,24.755402888592126,1,1,1,1
boundary_1450_77,boundary,1450,fixed_assumed,1655.7972796131498,601.8066879560732,1350.0,450.0,direction,26.633472660418033,514.78150704935,1,2.9041716165338562,17.096079255934434,34.192158511869025,1,1,1,1,1,2.9041716165329396,17.09607925593435,34.19215851186878,1,1,1,1
boundary_1450_78,boundary,1450,fixed_assumed,1633.4641068361063,368.9132317588571,1350.0,450.0,direction,343.34402885159164,514.78150704935,1,3.7384547254632734,9.171948436270295,18.343896872540547,1,1,1,1,1,3.7384547254632734,9.171948436270295,18.343896872540547,1,1,1,1
boundary_1450_79,boundary,1450,fixed_assumed,1610.4109679798544,121.12701662772183,1350.0,450.0,direction,308.8371800535712,514.78150704935,1,4.673225725823484,12.969477402046998,25.938954804094028,1,1,1,1,1,4.6732257258234275,12.96947740204697,25.93895480409397,1,1,1,1
boundary_1450_80,boundary,1450,fixed_assumed,1634.35188948147,328.6390903284944,1350.0,450.0,direction,335.9301492113028,514.78150704935,1,6.770053732155904,9.504400063644308,19.008800127288687,1,1,1,1,1,6.770053732155474,9.50440006364426,19.00880012728864,1,1,1,1
boundary_1450_81,boundary,1450,fixed_assumed,1648.488285156843,658.4049920248457,1350.0,450.0,direction,34.85460225450971,514.78150704935,1,9.245022109986792,18.888492428743238,37.7769848574866,1,1,1,1,1,9.245022109986603,18.88849242874314,37.77698485748628,1,1,1,1
boundary_1450_82,boundary,1450,fixed_assumed,1640.6731688108177,454.2476939170129,1350.0,450.0,direction,1.3726699268880818,514.78150704935,1,2.9119681112654723,10.002223820496964,20.00444764099415,1,1,1,1,1,2.911968111265427,10.002223820496964,20.00444764099396,1,1,1,1
boundary_1450_83,boundary,1450,fixed_assumed,1641.5226934142295,589.7869110007996,1350.0,450.0,direction,25.932755887931208,514.78150704935,1,13.357278542468519,16.78468708692356,33.56937417384728,1,1,1,1,1,13.357278542468833,16.78468708692356,33.56937417384704,1,1,1,1
boundary_1450_84,boundary,1450,fixed_assumed,1616.1550008424206,198.19450492534864,1350.0,450.0,direction,316.28335416718653,514.78150704935,1,3.6306269442081187,11.512749017214988,23.025498034429976,1,1,1,1,1,3.630626944208202,11.512749017214961,23.025498034429923,1,1,1,1
boundary_1450_85,boundary,1450,fixed_assumed,1658.518453140502,692.1452093299641,1350.0,450.0,direction,38.44239176301642,514.78150704935,1,6.531980432236533,13.409260121747764,26.81852024349534,1,1,1,1,1,6.5319804322368995,13.40926012174747,26.818520243495044,1,1,1,1
boundary_1450_86,boundary,1450,fixed_assumed,1641.8014527077355,542.6195202148685,1350.0,450.0,direction,18.59510667149571,514.78150704935,1,10.336840480691887,14.04841544079896,28.09683088159792,1,1,1,1,1,10.336840480691976,14.048415440798792,28.096830881597675,1,1,1,1
boundary_1450_87,boundary,1450,fixed_assumed,1646.3500984804784,614.695045419074,1350.0,450.0,direction,28.842617205212076,514.78150704935,1,8.601318283014995,18.14864170610236,36.29728341220487,1,1,1,1,1,8.601318283015374,18.14864170610236,36.29728341220472,1,1,1,1
boundary_1450_88,boundary,1450,fixed_assumed,1635.6868944261967,382.1055557120159,1350.0,450.0,direction,346.7950753426776,514.78150704935,1,2.580099711555609,9.075706980206368,18.151413960412736,1,1,1,1,1,2.580099711555609,9.075706980206368,18.151413960412583,1,1,1,1
boundary_1450_89,boundary,1450,fixed_assumed,1653.8678496663529,561.9828440137051,1350.0,450.0,direction,19.928920304358567,514.78150704935,1,5.829244852676018,14.483926771260672,28.967853542521418,1,1,1,1,1,5.829244852676018,14.483926771260672,28.967853542521418,1,1,1,1
boundary_1450_90,boundary,1450,fixed_assumed,1628.121136605725,287.3910973315144,1350.0,450.0,direction,330.6484922502231,514.78150704935,1,7.834645750495974,9.860024934392467,19.720049868784933,1,1,1,1,1,7.834645750495884,9.860024934392415,19.720049868784884,1,1,1,1
boundary_1450_91,boundary,1450,fixed_assumed,1623.9494031102822,330.52366152477276,1350.0,450.0,direction,335.77277665130663,514.78150704935,1,7.30523245631829,9.513468988318284,19.02693797663652,1,1,1,1,1,7.305232456318516,9.513468988318115,19.02693797663635,1,1,1,1
boundary_1450_92,boundary,1450,fixed_assumed,1638.3166057973272,414.2031677186571,1350.0,450.0,direction,352.4852940134441,514.78150704935,1,3.124803101341645,8.991466599359937,17.982933198719703,1,1,1,1,1,3.124803101341645,8.991466599359937,17.982933198719703,1,1,1,1
boundary_1450_93,boundary,1450,fixed_assumed,1643.053839419096,528.6928049036206,1350.0,450.0,direction,14.357363167783365,514.78150704935,1,4.11035720689943,12.809355346441095,25.61871069288219,1,1,1,1,1,4.1103572068989855,12.809355346440919,25.61871069288201,1,1,1,1
boundary_1450_94,boundary,1450,fixed_assumed,1631.6593294663794,449.8698828461593,1350.0,450.0,direction,359.9917746354973,514.78150704935,1,7.82415321169872,9.766784142099599,19.533568284198974,1,1,1,1,1,7.824153211698953,9.766784142099404,19.53356828419878,1,1,1,1
boundary_1450_95,boundary,1450,fixed_assumed,1644.505486288445,460.65161420379417,1350.0,450.0,direction,1.501696470102209,514.78150704935,1,5.226005640117349,10.02471485706459,20.049429714129342,1,1,1,1,1,5.226005640117349,10.02471485706459,20.04942971412915,1,1,1,1
boundary_1450_96,boundary,1450,fixed_assumed,1634.1925882081296,347.27122299284144,1350.0,450.0,direction,339.76414750452466,514.78150704935,1,4.057659192336784,9.310034594701074,18.62006918940197,1,1,1,1,1,4.057659192336795,9.310034594701028,18.620069189401924,1,1,1,1
boundary_1450_97,boundary,1450,fixed_assumed,1611.9941562577278,131.0611369196553,1350.0,450.0,direction,309.55272549069815,514.78150704935,1,2.1768817162320038,12.803950597915254,25.607901195830493,1,1,1,1,1,2.176881716232094,12.803950597915225,25.607901195830436,1,1,1,1
boundary_1450_98,boundary,1450,fixed_assumed,1659.4023116820529,579.0624099399099,1350.0,450.0,direction,23.410001508819338,514.78150704935,1,8.535357758518403,15.743182225281382,31.486364450562842,1,1,1,1,1,8.535357758518403,15.74318222528122,31.486364450562682,1,1,1,1
boundary_1450_99,boundary,1450,fixed_assumed,1653.2722840513875,693.9911813202497,1350.0,450.0,direction,39.251970023566265,514.78150704935,1,3.1272350810662606,12.128586618874532,24.257173237749065,1,1,1,1,1,3.1272350810662064,12.128586618874424,24.257173237748848,1,1,1,1
boundary_1450_0,boundary,1450,fixed_oracle,1636.382192728676,498.2203376665266,1350.0,450.0,direction,9.144317280076201,514.78150704935,1,7.312030087595621,11.532363241697945,23.064726483395926,1,1,1,1,1,7.312030087595847,11.532363241697945,23.06472648339574,1,1,1,1
boundary_1450_1,boundary,1450,fixed_oracle,1608.073256271966,103.39827847823338,1350.0,450.0,direction,307.25101102764773,514.78150704935,1,5.45925141556308,13.359721442407759,26.719442884815503,1,1,1,1,1,5.459251415563131,13.359721442407732,26.719442884815464,1,1,1,1
boundary_1450_2,boundary,1450,fixed_oracle,1632.4072383563846,323.2981293730644,1350.0,450.0,direction,336.62476613781627,514.78150704935,1,7.142560596949965,9.46542754222554,18.930855084451,1,1,1,1,1,7.14256059695011,9.465427542225415,18.93085508445088,1,1,1,1
boundary_1450_3,boundary,1450,fixed_oracle,1637.7688668988728,493.00529174466686,1350.0,450.0,direction,7.703977077868714,514.78150704935,1,6.112926073568868,11.21888571635247,22.43777143270516,1,1,1,1,1,6.112926073569226,11.21888571635247,22.43777143270494,1,1,1,1
boundary_1450_4,boundary,1450,fixed_oracle,1651.8201441025178,597.0165409188214,1350.0,450.0,direction,26.240279881526458,514.78150704935,1,2.63990950740066,16.920091065099328,33.840182130198656,1,1,1,1,1,2.6399095074010233,16.92009106509917,33.840182130198414,1,1,1,1
boundary_1450_5,boundary,1450,fixed_oracle,1618.914614217298,249.85189726358615,1350.0,450.0,direction,323.3189206176255,514.78150704935,1,3.4326602315614805,10.555781950222183,21.111563900444438,1,1,1,1,1,3.4326602315618597,10.555781950222155,21.111563900444384,1,1,1,1
boundary_1450_6,boundary,1450,fixed_oracle,1644.3465731764513,546.6988253991593,1350.0,450.0,direction,18.04836516507582,514.78150704935,1,3.7750342417104266,13.87664541830144,27.753290836602954,1,1,1,1,1,3.7750342417108746,13.87664541830144,27.753290836602783,1,1,1,1
boundary_1450_7,boundary,1450,fixed_oracle,1642.6348989784865,466.4623863305663,1350.0,450.0,direction,2.9191605445742366,514.78150704935,1,2.3633920892372693,10.277608572457755,20.5552171449157,1,1,1,1,1,2.363392089236914,10.277608572457755,20.55521714491551,1,1,1,1
boundary_1450_8,boundary,1450,fixed_oracle,1655.573923673421,533.8710053257834,1350.0,450.0,direction,15.288147008913436,514.78150704935,1,9.292579006353437,13.064269283259975,26.128538566519705,1,1,1,1,1,9.292579006353437,13.064269283259975,26.128538566519705,1,1,1,1
boundary_1450_9,boundary,1450,fixed_oracle,1653.5502664900996,590.6542266121075,1350.0,450.0,direction,24.214972285260266,514.78150704935,1,5.2164132922325575,16.06266729744729,32.12533459489474,1,1,1,1,1,5.216413292232287,16.06266729744729,32.12533459489458,1,1,1,1
boundary_1450_10,boundary,1450,fixed_oracle,1646.2885240954365,576.2405173196804,1350.0,450.0,direction,23.258844896749036,514.78150704935,1,5.731513183477452,15.68445741905006,31.3689148381002,1,1,1,1,1,5.731513183478071,15.684457419049899,31.36891483809996,1,1,1,1
boundary_1450_11,boundary,1450,fixed_oracle,1639.4507876029531,442.04962928671006,1350.0,450.0,direction,358.31004670936636,514.78150704935,1,0.8354647365110808,9.492417610394513,18.984835220789055,1,1,1,1,1,0.8354647365110808,9.492417610394513,18.984835220789055,1,1,1,1
boundary_1450_12,boundary,1450,fixed_oracle,1648.7736132926566,622.4022628703182,1350.0,450.0,direction,29.9483812820591,514.78150704935,1,7.281992101681193,18.719709748453106,37.43941949690621,1,1,1,1,1,7.2819921016810545,18.719709748453106,37.43941949690598,1,1,1,1
boundary_1450_13,boundary,1450,fixed_oracle,1656.501578364072,697.034377424049,1350.0,450.0,direction,37.893710264762554,514.78150704935,1,11.603957675026452,14.263520507540651,28.527041015081394,1,1,1,1,1,11.603957675026273,14.263520507540546,28.527041015081092,1,1,1,1
boundary_1450_14,boundary,1450,fixed_oracle,1621.7543226208672,212.0189611486383,1350.0,450.0,direction,318.07914542498116,514.78150704935,1,4.70574533281539,11.236008829837566,22.47201765967505,1,1,1,1,1,4.705745332814915,11.236008829837456,22.47201765967494,1,1,1,1
boundary_1450_15,boundary,1450,fixed_oracle,1625.4102150208464,352.63319359705264,1350.0,450.0,direction,340.0855519679488,514.78150704935,1,6.575195050931651,9.295978018983504,18.59195603796701,1,1,1,1,1,6.575195050931651,9.295978018983504,18.59195603796701,1,1,1,1
boundary_1450_16,boundary,1450,fixed_oracle,1643.87709611123,597.4195533803796,1350.0,450.0,direction,26.54652163280052,514.78150704935,1,9.927895335721194,17.056880527898596,34.113761055797276,1,1,1,1,1,9.927895335721654,17.056880527898596,34.11376105579704,1,1,1,1
boundary_1450_17,boundary,1450,fixed_oracle,1638.5458056074065,451.8742943033962,1350.0,450.0,direction,0.5207644856560655,514.78150704935,1,1.480083515998178,9.855855097662774,19.711710195325516,1,1,1,1,1,1.480083515998178,9.855855097662774,19.71171019532532,1,1,1,1
boundary_1450_18,boundary,1450,fixed_oracle,1625.155204433951,299.3512308872198,1350.0,450.0,direction,330.3435066581715,514.78150704935,1,6.380591543451947,9.883977239453065,19.767954478906077,1,1,1,1,1,6.3805915434520255,9.883977239453014,19.767954478906027,1,1,1,1
boundary_1450_19,boundary,1450,fixed_oracle,1629.052119700364,348.67803980350965,1350.0,450.0,direction,339.49003054103383,514.78150704935,1,3.730934111626009,9.322288789473332,18.644577578946617,1,1,1,1,1,3.73093411162594,9.322288789473154,18.64457757894644,1,1,1,1
boundary_1450_20,boundary,1450,fixed_oracle,1660.5482293127147,682.1496308759935,1350.0,450.0,direction,37.038310890194325,514.78150704935,1,7.217287101536828,15.59237304835246,31.18474609670502,1,1,1,1,1,7.217287101536494,15.592373048352353,31.184746096704714,1,1,1,1
boundary_1450_21,boundary,1450,fixed_oracle,1645.2848301004171,447.7713973420135,1350.0,450.0,direction,359.14993176702376,514.78150704935,1,6.469908046945318,9.62780381538017,19.255607630760313,1,1,1,1,1,6.469908046945318,9.62780381538017,19.255607630760117,1,1,1,1
boundary_1450_22,boundary,1450,fixed_oracle,1607.6442332805004,107.60284749152633,1350.0,450.0,direction,306.5931057761223,514.78150704935,1,6.342584082988934,13.531662449568735,27.06332489913746,1,1,1,1,1,6.342584082989005,13.531662449568707,27.063324899137417,1,1,1,1
boundary_1450_23,boundary,1450,fixed_oracle,1616.764412192786,184.92555129721111,1350.0,450.0,direction,314.56723281382926,514.78150704935,1,4.922216168269806,11.801354423896115,23.60270884779223,1,1,1,1,1,4.922216168269833,11.801354423896086,23.602708847792172,1,1,1,1
boundary_1450_24,boundary,1450,fixed_oracle,1637.3164076487728,368.6616958080163,1350.0,450.0,direction,343.46108756546755,514.78150704935,1,5.955400176303366,9.168103581307916,18.336207162615874,1,1,1,1,1,5.955400176303414,9.168103581307772,18.336207162615732,1,1,1,1
boundary_1450_25,boundary,1450,fixed_oracle,1624.734361638754,340.88094893054244,1350.0,450.0,direction,338.3326172479775,514.78150704935,1,5.211052233980508,9.376763784922645,18.75352756984529,1,1,1,1,1,5.211052233980853,9.37676378492247,18.753527569845115,1,1,1,1
boundary_1450_26,boundary,1450,fixed_oracle,1615.2031411711798,195.78625131989,1350.0,450.0,direction,316.7715648511082,514.78150704935,1,3.457792557334739,11.435057004993036,22.87011400998607,1,1,1,1,1,3.457792557335083,11.43505700499301,22.87011400998602,1,1,1,1
boundary_1450_27,boundary,1450,fixed_oracle,1615.9422181087675,217.6818153237945,1350.0,450.0,direction,318.59102834425164,514.78150704935,1,5.281239785798233,11.16152842504838,22.32305685009673,1,1,1,1,1,5.2812397857982,11.161528425048324,22.323056850096677,1,1,1,1
boundary_1450_28,boundary,1450,fixed_oracle,1644.5024110357188,526.5630528771543,1350.0,450.0,direction,14.306429867942132,514.78150704935,1,1.8460481002868703,12.795664174586147,25.59132834917247,1,1,1,1,1,1.8460481002870734,12.795664174586147,25.591328349172294,1,1,1,1
boundary_1450_29,boundary,1450,fixed_oracle,1651.7702508745099,706.1647534991747,1350.0,450.0,direction,40.857087332434745,514.78150704935,1,3.6941164891975835,9.615323571990455,19.230647143980924,1,1,1,1,1,3.694116489197266,9.615323571990471,19.230647143980814,1,1,1,1
boundary_1450_30,boundary,1450,fixed_oracle,1632.7451959985121,448.65644447322495,1350.0,450.0,direction,0.5908258565518422,514.78150704935,1,8.311979950118497,9.867755033424487,19.73551006684917,1,1,1,1,1,8.311979950118497,9.867755033424487,19.735510066848974,1,1,1,1
boundary_1450_31,boundary,1450,fixed_oracle,1633.7927273799328,373.42315711558973,1350.0,450.0,direction,344.32756151189113,514.78150704935,1,3.1386622870998147,9.140927557540545,18.281855115081196,1,1,1,1,1,3.138662287099808,9.140927557540502,18.281855115081154,1,1,1,1
boundary_1450_32,boundary,1450,fixed_oracle,1658.315795365748,562.6747326789728,1350.0,450.0,direction,19.94027682609618,514.78150704935,1,10.043685253588352,14.4877389349182,28.975477869836322,1,1,1,1,1,10.043685253588771,14.487738934918031,28.975477869836155,1,1,1,1
boundary_1450_33,boundary,1450,fixed_oracle,1655.7241422587024,581.2023642877539,1350.0,450.0,direction,22.87508763178037,514.78150704935,1,6.460826440808412,15.537117350911585,31.07423470182341,1,1,1,1,1,6.460826440808412,15.537117350911585,31.07423470182341,1,1,1,1
boundary_1450_34,boundary,1450,fixed_oracle,1648.6623791654795,672.098237364938,1350.0,450.0,direction,35.89969706810043,514.78150704935,1,6.44982279000059,17.341717100198718,34.683434200397436,1,1,1,1,1,6.449822790001664,17.341717100198622,34.683434200397215,1,1,1,1
boundary_1450_35,boundary,1450,fixed_oracle,1619.5187052986316,211.69152791870084,1350.0,450.0,direction,317.8615597758121,514.78150704935,1,4.625187514037035,11.268243603939872,22.536487207879663,1,1,1,1,1,4.625187514036854,11.268243603939762,22.536487207879553,1,1,1,1
boundary_1450_36,boundary,1450,fixed_oracle,1664.734846022569,677.1119106905679,1350.0,450.0,direction,36.1224916348678,514.78150704935,1,10.83293609429908,17.00175971080396,34.00351942160802,1,1,1,1,1,10.83293609429878,17.00175971080396,34.003519421607706,1,1,1,1
boundary_1450_37,boundary,1450,fixed_oracle,1647.5354369797458,583.7167763338033,1350.0,450.0,direction,24.01744705442221,514.78150704935,1,3.9162902112241174,15.983202044500564,31.96640408900137,1,1,1,1,1,3.9162902112243394,15.983202044500564,31.96640408900121,1,1,1,1
boundary_1450_38,boundary,1450,fixed_oracle,1602.7144609480329,32.480596009836766,1350.0,450.0,direction,300.4049521415456,514.78150704935,1,11.661474198637423,15.50493241579108,31.009864831582146,1,1,1,1,1,11.66147419863742,15.504932415791073,31.00986483158213,1,1,1,1
boundary_1450_39,boundary,1450,fixed_oracle,1635.2853566816373,439.3508167694064,1350.0,450.0,direction,357.8485573851416,514.78150704935,1,3.24391634290785,9.419371500179356,18.838743000358484,1,1,1,1,1,3.2439163429085305,9.419371500179158,18.838743000358317,1,1,1,1
boundary_1450_40,boundary,1450,fixed_oracle,1613.4285304330174,181.66774973864574,1350.0,450.0,direction,315.1182052787976,514.78150704935,1,4.099728370667047,11.70598315748397,23.411966314967984,1,1,1,1,1,4.099728370667003,11.705983157483944,23.411966314967888,1,1,1,1
boundary_1450_41,boundary,1450,fixed_oracle,1654.006804975268,643.7763973480382,1350.0,450.0,direction,32.468794275452666,514.78150704935,1,3.3133156679135545,20.147600879944935,40.29520175988982,1,1,1,0,1,3.3133156679138045,20.147600879944793,40.295201759889586,1,1,1,0
boundary_1450_42,boundary,1450,fixed_oracle,1615.157116369567,194.79738383387914,1350.0,450.0,direction,315.85749095634986,514.78150704935,1,3.940254557877183,11.582077498195176,23.16415499639035,1,1,1,1,1,3.940254557876973,11.582077498195147,23.164154996390295,1,1,1,1
boundary_1450_43,boundary,1450,fixed_oracle,1646.754955210805,467.05882369206336,1350.0,450.0,direction,2.887515647399577,514.78150704935,1,6.383115945073272,10.271843531230086,20.543687062460172,1,1,1,1,1,6.383115945072634,10.271843531230086,20.54368706245998,1,1,1,1
boundary_1450_44,boundary,1450,fixed_oracle,1626.9344218926074,288.38083951777594,1350.0,450.0,direction,329.6874831388748,514.78150704935,1,1.8984093448018677,9.936853315070657,19.87370663014141,1,1,1,1,1,1.8984093448016162,9.936853315070605,19.873706630141264,1,1,1,1
boundary_1450_45,boundary,1450,fixed_oracle,1656.0363959521978,634.1921460015812,1350.0,450.0,direction,31.59619194742095,514.78150704935,1,4.514927416585245,19.63206459831621,39.26412919663236,1,1,1,1,1,4.514927416585251,19.632064598316067,39.26412919663213,1,1,1,1
boundary_1450_46,boundary,1450,fixed_oracle,1657.2957431679324,647.6046269532119,1350.0,450.0,direction,33.282786328125496,514.78150704935,1,4.570776611334451,20.650419882178664,41.300839764357235,1,1,1,0,1,4.570776611334567,20.650419882178575,41.30083976435701,1,1,1,0
boundary_1450_47,boundary,1450,fixed_oracle,1655.9762023068363,572.6734980439768,1350.0,450.0,direction,22.73035424882403,514.78150704935,1,6.420818232536442,15.482191522514187,30.964383045028292,1,1,1,1,1,6.420818232536819,15.482191522513943,30.96438304502805,1,1,1,1
boundary_1450_48,boundary,1450,fixed_oracle,1628.1026901146563,272.1703124855107,1350.0,450.0,direction,327.7112816745165,514.78150704935,1,6.046144917165956,10.10772105010115,20.21544210020239,1,1,1,1,1,6.046144917165608,10.107721050101098,20.215442100202342,1,1,1,1
boundary_1450_49,boundary,1450,fixed_oracle,1649.1925041748516,632.6144708070002,1350.0,450.0,direction,31.328700616657464,514.78150704935,1,7.880853040845997,19.478670358049627,38.95734071609931,1,1,1,1,1,7.880853040845491,19.478670358049538,38.957340716099075,1,1,1,1
boundary_1450_50,boundary,1450,fixed_oracle,1647.697192404018,588.9813277847195,1350.0,450.0,direction,24.490138964660424,514.78150704935,1,4.1439340117624175,16.174554022812057,32.3491080456242,1,1,1,1,1,4.14393401176285,16.174554022812057,32.34910804562396,1,1,1,1
boundary_1450_51,boundary,1450,fixed_oracle,1642.6111650025287,415.66430490267896,1350.0,450.0,direction,354.1715728108783,514.78150704935,1,7.698917722571497,8.985625228636778,17.967493584630443,1,1,1,1,1,7.6989177225716094,8.985625228636607,17.967493584630265,1,1,1,1
boundary_1450_52,boundary,1450,fixed_oracle,1639.465316940249,518.9510762697522,1350.0,450.0,direction,13.41769440826334,514.78150704935,1,6.4992357652252855,12.560928047269016,25.121856094537858,1,1,1,1,1,6.499235765225753,12.560928047268838,25.121856094537677,1,1,1,1
boundary_1450_53,boundary,1450,fixed_oracle,1630.3971478117555,410.3751501380394,1350.0,450.0,direction,351.088818493799,514.78150704935,1,7.21413512775169,9.003777674774154,18.007555349548472,1,1,1,1,1,7.214135127751721,9.003777674774113,18.007555349548433,1,1,1,1
boundary_1450_54,boundary,1450,fixed_oracle,1643.320616506408,468.98049359909544,1350.0,450.0,direction,4.559649808475637,514.78150704935,1,4.778284678658343,10.584315447496095,21.168630894992003,1,1,1,1,1,4.778284678658427,10.584315447495907,21.168630894991814,1,1,1,1
boundary_1450_55,boundary,1450,fixed_oracle,1645.5813947499432,596.422847078131,1350.0,450.0,direction,26.109758594590524,514.78150704935,1,7.356174558899889,16.862384646880365,33.72476929376073,1,1,1,1,1,7.356174558899889,16.862384646880365,33.72476929376057,1,1,1,1
boundary_1450_56,boundary,1450,fixed_oracle,1623.2172980544656,321.9450755413194,1350.0,450.0,direction,335.26426289769057,514.78150704935,1,4.8019430802801635,9.543385196036315,19.086770392072463,1,1,1,1,1,4.801943080280847,9.543385196036267,19.086770392072417,1,1,1,1
boundary_1450_57,boundary,1450,fixed_oracle,1642.6421393063067,549.2926229679531,1350.0,450.0,direction,17.999233335943615,514.78150704935,1,5.836275663062507,13.86139468502679,27.722789370053338,1,1,1,1,1,5.836275663062507,13.86139468502679,27.722789370053338,1,1,1,1
boundary_1450_58,boundary,1450,fixed_oracle,1622.7516480702022,283.0993574887586,1350.0,450.0,direction,328.14616318734807,514.78150704935,1,4.0027810701104425,10.068586315154498,20.137172630308953,1,1,1,1,1,4.0027810701104425,10.068586315154498,20.1371726303089,1,1,1,1
boundary_1450_59,boundary,1450,fixed_oracle,1663.1556545487847,625.6642808751257,1350.0,450.0,direction,28.685117852837234,514.78150704935,1,12.597026926351367,18.06981428788845,36.13962857577697,1,1,1,1,1,12.597026926351528,18.069814287888363,36.139628575776726,1,1,1,1
boundary_1450_60,boundary,1450,fixed_oracle,1660.4879132828328,655.8092967336045,1350.0,450.0,direction,32.60448770059084,514.78150704935,1,9.815840006402963,20.229916194722524,40.459832389444905,1,1,1,0,1,9.815840006403297,20.229916194722378,40.45983238944467,1,1,1,0
boundary_1450_61,boundary,1450,fixed_oracle,1627.4352649346174,330.80722208372407,1350.0,450.0,direction,336.64573191794034,514.78150704935,1,1.8083742709539647,9.464277789462061,18.928555578924197,1,1,1,1,1,1.8083742709539647,9.464277789462061,18.928555578924072,1,1,1,1
boundary_1450_62,boundary,1450,fixed_oracle,1654.0949425037732,655.3895201732471,1350.0,450.0,direction,33.36564680529425,514.78150704935,1,4.18187565319558,20.702842793210298,41.40568558642083,1,1,1,0,1,4.181875653195803,20.702842793210298,41.405685586420596,1,1,1,0
boundary_1450_63,boundary,1450,fixed_oracle,1610.5957054869145,148.73008046837958,1350.0,450.0,direction,310.9566051600575,514.78150704935,1,2.6209718618330244,12.49671591723607,24.99343183447214,1,1,1,1,1,2.620971861833382,12.496715917236044,24.993431834472087,1,1,1,1
boundary_1450_64,boundary,1450,fixed_oracle,1626.4986458953695,306.00866816665786,1350.0,450.0,direction,331.8919366778194,514.78150704935,1,3.7547104802802536,9.76640262605476,19.53280525210952,1,1,1,1,1,3.7547104802804236,9.766402626054653,19.532805252109412,1,1,1,1
boundary_1450_65,boundary,1450,fixed_oracle,1654.8757970421575,592.4954466805093,1350.0,450.0,direction,24.733086087332797,514.78150704935,1,4.446406650729847,16.27450512137769,32.54901024275538,1,1,1,1,1,4.446406650728969,16.27450512137769,32.54901024275514,1,1,1,1
boundary_1450_66,boundary,1450,fixed_oracle,1653.626530980032,696.8166273430818,1350.0,450.0,direction,39.56043681468637,514.78150704935,1,3.3300963265478165,11.646077200109094,23.292154400218354,1,1,1,1,1,3.3300963265477437,11.646077200109094,23.292154400218188,1,1,1,1
boundary_1450_67,boundary,1450,fixed_oracle,1627.1010273765667,358.41871345186,1350.0,450.0,direction,341.31585454922487,514.78150704935,1,5.226389074648378,9.24523733577298,18.49047467154596,1,1,1,1,1,5.226389074648378,9.24523733577298,18.49047467154596,1,1,1,1
boundary_1450_68,boundary,1450,fixed_oracle,1618.3243656395036,181.35592863372221,1350.0,450.0,direction,314.02675144392947,514.78150704935,1,6.714514902442172,11.89750943771851,23.79501887543703,1,1,1,1,1,6.714514902442223,11.897509437718453,23.795018875436934,1,1,1,1
boundary_1450_69,boundary,1450,fixed_oracle,1667.888484400797,657.7031706206975,1350.0,450.0,direction,32.69926904441869,514.78150704935,1,15.00402020073866,20.287765255644278,40.5755305112885,1,1,1,0,1,15.004020200739568,20.287765255644132,40.575530511288264,1,1,1,0
boundary_1450_70,boundary,1450,fixed_oracle,1617.460266292107,231.1217922507892,1350.0,450.0,direction,319.74466882542794,514.78150704935,1,9.457587041544395,11.00041808244799,22.000836164896008,1,1,1,1,1,9.457587041544494,11.00041808244793,22.00083616489589,1,1,1,1
boundary_1450_71,boundary,1450,fixed_oracle,1634.3008076704605,429.006636412684,1350.0,450.0,direction,354.9567549196196,514.78150704935,1,5.156147862941905,8.988051394401815,17.965620625071214,1,1,1,1,1,5.156147862941905,8.988051394401815,17.965620625071214,1,1,1,1
boundary_1450_72,boundary,1450,fixed_oracle,1652.5496234453897,648.2646892295758,1350.0,450.0,direction,32.561720137284176,514.78150704935,1,4.702432076776242,20.20390838349962,40.40781676699924,1,1,1,0,1,4.702432076775251,20.20390838349953,40.407816766999154,1,1,1,0
boundary_1450_73,boundary,1450,fixed_oracle,1610.9689424941082,129.48448117513115,1350.0,450.0,direction,309.15436352820547,514.78150704935,1,0.4175625331948423,12.895330119529897,25.79066023905977,1,1,1,1,1,0.4175625331947868,12.89533011952987,25.79066023905974,1,1,1,1
boundary_1450_74,boundary,1450,fixed_oracle,1637.4920811634368,501.06479430489105,1350.0,450.0,direction,10.49341496428485,514.78150704935,1,7.710646080792156,11.840372856731364,23.680745713462546,1,1,1,1,1,7.7106460807922765,11.840372856731149,23.68074571346233,1,1,1,1
boundary_1450_75,boundary,1450,fixed_oracle,1636.369417723646,495.52286711181995,1350.0,450.0,direction,9.341884778590284,514.78150704935,1,7.957816087307546,11.576574405903203,23.153148811806375,1,1,1,1,1,7.957816087307292,11.576574405902987,23.153148811806158,1,1,1,1
boundary_1450_76,boundary,1450,fixed_oracle,1637.2233905967244,519.4595823014047,1350.0,450.0,direction,12.703006810583563,514.78150704935,1,8.566987391427785,12.377701444296118,24.755402888592307,1,1,1,1,1,8.566987391428002,12.377701444296118,24.755402888592126,1,1,1,1
boundary_1450_77,boundary,1450,fixed_oracle,1655.7972796131498,601.8066879560732,1350.0,450.0,direction,26.633472660418033,514.78150704935,1,2.9041716165338562,17.096079255934434,34.192158511869025,1,1,1,1,1,2.9041716165329396,17.09607925593435,34.19215851186878,1,1,1,1
boundary_1450_78,boundary,1450,fixed_oracle,1633.4641068361063,368.9132317588571,1350.0,450.0,direction,343.34402885159164,514.78150704935,1,3.7384547254632734,9.171948436270295,18.343896872540547,1,1,1,1,1,3.7384547254632734,9.171948436270295,18.343896872540547,1,1,1,1
boundary_1450_79,boundary,1450,fixed_oracle,1610.4109679798544,121.12701662772183,1350.0,450.0,direction,308.8371800535712,514.78150704935,1,4.673225725823484,12.969477402046998,25.938954804094028,1,1,1,1,1,4.6732257258234275,12.96947740204697,25.93895480409397,1,1,1,1
boundary_1450_80,boundary,1450,fixed_oracle,1634.35188948147,328.6390903284944,1350.0,450.0,direction,335.9301492113028,514.78150704935,1,6.770053732155904,9.504400063644308,19.008800127288687,1,1,1,1,1,6.770053732155474,9.50440006364426,19.00880012728864,1,1,1,1
boundary_1450_81,boundary,1450,fixed_oracle,1648.488285156843,658.4049920248457,1350.0,450.0,direction,34.85460225450971,514.78150704935,1,9.245022109986792,18.888492428743238,37.7769848574866,1,1,1,1,1,9.245022109986603,18.88849242874314,37.77698485748628,1,1,1,1
boundary_1450_82,boundary,1450,fixed_oracle,1640.6731688108177,454.2476939170129,1350.0,450.0,direction,1.3726699268880818,514.78150704935,1,2.9119681112654723,10.002223820496964,20.00444764099415,1,1,1,1,1,2.911968111265427,10.002223820496964,20.00444764099396,1,1,1,1
boundary_1450_83,boundary,1450,fixed_oracle,1641.5226934142295,589.7869110007996,1350.0,450.0,direction,25.932755887931208,514.78150704935,1,13.357278542468519,16.78468708692356,33.56937417384728,1,1,1,1,1,13.357278542468833,16.78468708692356,33.56937417384704,1,1,1,1
boundary_1450_84,boundary,1450,fixed_oracle,1616.1550008424206,198.19450492534864,1350.0,450.0,direction,316.28335416718653,514.78150704935,1,3.6306269442081187,11.512749017214988,23.025498034429976,1,1,1,1,1,3.630626944208202,11.512749017214961,23.025498034429923,1,1,1,1
boundary_1450_85,boundary,1450,fixed_oracle,1658.518453140502,692.1452093299641,1350.0,450.0,direction,38.44239176301642,514.78150704935,1,6.531980432236533,13.409260121747764,26.81852024349534,1,1,1,1,1,6.5319804322368995,13.40926012174747,26.818520243495044,1,1,1,1
boundary_1450_86,boundary,1450,fixed_oracle,1641.8014527077355,542.6195202148685,1350.0,450.0,direction,18.59510667149571,514.78150704935,1,10.336840480691887,14.04841544079896,28.09683088159792,1,1,1,1,1,10.336840480691976,14.048415440798792,28.096830881597675,1,1,1,1
boundary_1450_87,boundary,1450,fixed_oracle,1646.3500984804784,614.695045419074,1350.0,450.0,direction,28.842617205212076,514.78150704935,1,8.601318283014995,18.14864170610236,36.29728341220487,1,1,1,1,1,8.601318283015374,18.14864170610236,36.29728341220472,1,1,1,1
boundary_1450_88,boundary,1450,fixed_oracle,1635.6868944261967,382.1055557120159,1350.0,450.0,direction,346.7950753426776,514.78150704935,1,2.580099711555609,9.075706980206368,18.151413960412736,1,1,1,1,1,2.580099711555609,9.075706980206368,18.151413960412583,1,1,1,1
boundary_1450_89,boundary,1450,fixed_oracle,1653.8678496663529,561.9828440137051,1350.0,450.0,direction,19.928920304358567,514.78150704935,1,5.829244852676018,14.483926771260672,28.967853542521418,1,1,1,1,1,5.829244852676018,14.483926771260672,28.967853542521418,1,1,1,1
boundary_1450_90,boundary,1450,fixed_oracle,1628.121136605725,287.3910973315144,1350.0,450.0,direction,330.6484922502231,514.78150704935,1,7.834645750495974,9.860024934392467,19.720049868784933,1,1,1,1,1,7.834645750495884,9.860024934392415,19.720049868784884,1,1,1,1
boundary_1450_91,boundary,1450,fixed_oracle,1623.9494031102822,330.52366152477276,1350.0,450.0,direction,335.77277665130663,514.78150704935,1,7.30523245631829,9.513468988318284,19.02693797663652,1,1,1,1,1,7.305232456318516,9.513468988318115,19.02693797663635,1,1,1,1
boundary_1450_92,boundary,1450,fixed_oracle,1638.3166057973272,414.2031677186571,1350.0,450.0,direction,352.4852940134441,514.78150704935,1,3.124803101341645,8.991466599359937,17.982933198719703,1,1,1,1,1,3.124803101341645,8.991466599359937,17.982933198719703,1,1,1,1
boundary_1450_93,boundary,1450,fixed_oracle,1643.053839419096,528.6928049036206,1350.0,450.0,direction,14.357363167783365,514.78150704935,1,4.11035720689943,12.809355346441095,25.61871069288219,1,1,1,1,1,4.1103572068989855,12.809355346440919,25.61871069288201,1,1,1,1
boundary_1450_94,boundary,1450,fixed_oracle,1631.6593294663794,449.8698828461593,1350.0,450.0,direction,359.9917746354973,514.78150704935,1,7.82415321169872,9.766784142099599,19.533568284198974,1,1,1,1,1,7.824153211698953,9.766784142099404,19.53356828419878,1,1,1,1
boundary_1450_95,boundary,1450,fixed_oracle,1644.505486288445,460.65161420379417,1350.0,450.0,direction,1.501696470102209,514.78150704935,1,5.226005640117349,10.02471485706459,20.049429714129342,1,1,1,1,1,5.226005640117349,10.02471485706459,20.04942971412915,1,1,1,1
boundary_1450_96,boundary,1450,fixed_oracle,1634.1925882081296,347.27122299284144,1350.0,450.0,direction,339.76414750452466,514.78150704935,1,4.057659192336784,9.310034594701074,18.62006918940197,1,1,1,1,1,4.057659192336795,9.310034594701028,18.620069189401924,1,1,1,1
boundary_1450_97,boundary,1450,fixed_oracle,1611.9941562577278,131.0611369196553,1350.0,450.0,direction,309.55272549069815,514.78150704935,1,2.1768817162320038,12.803950597915254,25.607901195830493,1,1,1,1,1,2.176881716232094,12.803950597915225,25.607901195830436,1,1,1,1
boundary_1450_98,boundary,1450,fixed_oracle,1659.4023116820529,579.0624099399099,1350.0,450.0,direction,23.410001508819338,514.78150704935,1,8.535357758518403,15.743182225281382,31.486364450562842,1,1,1,1,1,8.535357758518403,15.74318222528122,31.486364450562682,1,1,1,1
boundary_1450_99,boundary,1450,fixed_oracle,1653.2722840513875,693.9911813202497,1350.0,450.0,direction,39.251970023566265,514.78150704935,1,3.1272350810662606,12.128586618874532,24.257173237749065,1,1,1,1,1,3.1272350810662064,12.128586618874424,24.257173237748848,1,1,1,1
