x,y,J,ED,p_near,p_none,probability_sum
0.0,-1800.0,340.22204441481773,680.4440888296353,0.0,1.0,1.0
-420.0,-1740.0,340.22204441481773,680.4440888296353,0.0,1.0,1.0
-360.0,-1740.0,340.22204441481773,680.4440888296353,0.0,1.0,1.0
-300.0,-1740.0,340.22204441481773,680.4440888296353,0.0,1.0,1.0
-240.0,-1740.0,340.22204441481773,680.4440888296353,0.0,1.0,1.0
-180.0,-1740.0,340.22204441481773,680.4440888296353,0.0,1.0,1.0
-120.0,-1740.0,340.22204441481773,680.4440888296353,0.0,1.0,1.0
-60.0,-1740.0,340.22204441481773,680.4440888296353,0.0,1.0,1.0
0.0,-1740.0,340.22204441481773,680.4440888296353,0.0,1.0,1.0
60.0,-1740.0,340.22204441481773,680.4440888296353,0.0,1.0,1.0
120.0,-1740.0,340.22204441481773,680.4440888296353,0.0,1.0,1.0
180.0,-1740.0,340.22204441481773,680.4440888296353,0.0,1.0,1.0
240.0,-1740.0,340.22204441481773,680.4440888296353,0.0,1.0,1.0
300.0,-1740.0,340.22204441481773,680.4440888296353,0.0,1.0,1.0
360.0,-1740.0,340.22204441481773,680.4440888296353,0.0,1.0,1.0
420.0,-1740.0,340.22204441481773,680.4440888296353,0.0,1.0,1.0
-600.0,-1680.0,340.22204441481773,680.4440888296353,0.0,1.0,1.0
-540.0,-1680.0,340.22204441481773,680.4440888296353,0.0,1.0,1.0
-480.0,-1680.0,340.22204441481773,680.4440888296353,0.0,1.0,1.0
-420.0,-1680.0,340.22204441481773,680.4440888296353,0.0,1.0,1.0
-360.0,-1680.0,340.22204441481773,680.4440888296353,0.0,1.0,1.0
-300.0,-1680.0,340.22204441481773,680.4440888296353,0.0,1.0,1.0
-240.0,-1680.0,340.22204441481773,680.4440888296353,0.0,1.0,1.0
-180.0,-1680.0,340.22204441481773,680.4440888296353,0.0,1.0,1.0
-120.0,-1680.0,340.22204441481773,680.4440888296353,0.0,1.0,1.0
-60.0,-1680.0,340.22204441481773,680.4440888296353,0.0,1.0,1.0
0.0,-1680.0,340.22204441481773,680.4440888296353,0.0,1.0,1.0
60.0,-1680.0,340.22204441481773,680.4440888296353,0.0,1.0,1.0
120.0,-1680.0,340.22204441481773,680.4440888296353,0.0,1.0,1.0
180.0,-1680.0,340.22204441481773,680.4440888296353,0.0,1.0,1.0
240.0,-1680.0,340.22204441481773,680.4440888296353,0.0,1.0,1.0
300.0,-1680.0,340.22204441481773,680.4440888296353,0.0,1.0,1.0
360.0,-1680.0,340.22204441481773,680.4440888296353,0.0,1.0,1.0
420.0,-1680.0,340.22204441481773,680.4440888296353,0.0,1.0,1.0
480.0,-1680.0,340.22204441481773,680.4440888296353,0.0,1.0,1.0
540.0,-1680.0,340.22204441481773,680.4440888296353,0.0,1.0,1.0
600.0,-1680.0,340.22204441481773,680.4440888296353,0.0,1.0,1.0
-780.0,-1620.0,340.22204441481773,680.4440888296353,0.0,1.0,1.0
-720.0,-1620.0,340.22204441481773,680.4440888296353,0.0,1.0,1.0
-660.0,-1620.0,340.22204441481773,680.4440888296353,0.0,1.0,1.0
-600.0,-1620.0,340.22204441481773,680.4440888296353,0.0,1.0,1.0
-540.0,-1620.0,340.22204441481773,680.4440888296353,0.0,1.0,1.0
-480.0,-1620.0,340.22204441481773,680.4440888296353,0.0,1.0,1.0
-420.0,-1620.0,340.22204441481773,680.4440888296353,0.0,1.0,1.0
-360.0,-1620.0,340.22204441481773,680.4440888296353,0.0,1.0,1.0
-300.0,-1620.0,340.22204441481773,680.4440888296353,0.0,1.0,1.0
-240.0,-1620.0,340.22204441481773,680.4440888296353,0.0,1.0,1.0
-180.0,-1620.0,340.22204441481773,680.4440888296353,0.0,1.0,1.0
-120.0,-1620.0,340.22204441481773,680.4440888296353,0.0,1.0,1.0
-60.0,-1620.0,340.22204441481773,680.4440888296353,0.0,1.0,1.0
0.0,-1620.0,340.22204441481773,680.4440888296353,0.0,1.0,1.0
60.0,-1620.0,340.22204441481773,680.4440888296353,0.0,1.0,1.0
120.0,-1620.0,340.22204441481773,680.4440888296353,0.0,1.0,1.0
180.0,-1620.0,340.22204441481773,680.4440888296353,0.0,1.0,1.0
240.0,-1620.0,340.22204441481773,680.4440888296353,0.0,1.0,1.0
300.0,-1620.0,340.22204441481773,680.4440888296353,0.0,1.0,1.0
360.0,-1620.0,340.22204441481773,680.4440888296353,0.0,1.0,1.0
420.0,-1620.0,340.22204441481773,680.4440888296353,0.0,1.0,1.0
480.0,-1620.0,340.22204441481773,680.4440888296353,0.0,1.0,1.0
540.0,-1620.0,340.22204441481773,680.4440888296353,0.0,1.0,1.0
600.0,-1620.0,340.22204441481773,680.4440888296353,0.0,1.0,1.0
660.0,-1620.0,340.22204441481773,680.4440888296353,0.0,1.0,1.0
720.0,-1620.0,340.22204441481773,680.4440888296353,0.0,1.0,1.0
780.0,-1620.0,340.22204441481773,680.4440888296353,0.0,1.0,1.0
-840.0,-1560.0,340.22204441481773,680.4440888296353,0.0,1.0,1.0
-780.0,-1560.0,340.22204441481773,680.4440888296353,0.0,1.0,1.0
-720.0,-1560.0,340.22204441481773,680.4440888296353,0.0,1.0,1.0
-660.0,-1560.0,340.22204441481773,680.4440888296353,0.0,1.0,1.0
-600.0,-1560.0,340.22204441481773,680.4440888296353,0.0,1.0,1.0
-540.0,-1560.0,340.22204441481773,680.4440888296353,0.0,1.0,1.0
-480.0,-1560.0,340.22204441481773,680.4440888296353,0.0,1.0,1.0
-420.0,-1560.0,340.22204441481773,680.4440888296353,0.0,1.0,1.0
-360.0,-1560.0,340.22204441481773,680.4440888296353,0.0,1.0,1.0
-300.0,-1560.0,340.22204441481773,680.4440888296353,0.0,1.0,1.0
-240.0,-1560.0,340.22204441481773,680.4440888296353,0.0,1.0,1.0
-180.0,-1560.0,340.22204441481773,680.4440888296353,0.0,1.0,1.0
-120.0,-1560.0,340.22204441481773,680.4440888296353,0.0,1.0,1.0
-60.0,-1560.0,340.22204441481773,680.4440888296353,0.0,1.0,1.0
0.0,-1560.0,340.22204441481773,680.4440888296353,0.0,1.0,1.0
60.0,-1560.0,340.22204441481773,680.4440888296353,0.0,1.0,1.0
120.0,-1560.0,340.22204441481773,680.4440888296353,0.0,1.0,1.0
180.0,-1560.0,340.22204441481773,680.4440888296353,0.0,1.0,1.0
240.0,-1560.0,340.22204441481773,680.4440888296353,0.0,1.0,1.0
300.0,-1560.0,340.22204441481773,680.4440888296353,0.0,1.0,1.0
360.0,-1560.0,340.22204441481773,680.4440888296353,0.0,1.0,1.0
420.0,-1560.0,340.22204441481773,680.4440888296353,0.0,1.0,1.0
480.0,-1560.0,340.22204441481773,680.4440888296353,0.0,1.0,1.0
540.0,-1560.0,340.22204441481773,680.4440888296353,0.0,1.0,1.0
600.0,-1560.0,340.22204441481773,680.4440888296353,0.0,1.0,1.0
660.0,-1560.0,340.22204441481773,680.4440888296353,0.0,1.0,1.0
720.0,-1560.0,340.22204441481773,680.4440888296353,0.0,1.0,1.0
780.0,-1560.0,340.22204441481773,680.4440888296353,0.0,1.0,1.0
840.0,-1560.0,340.22204441481773,680.4440888296353,0.0,1.0,1.0
-960.0,-1500.0,340.22204441481773,680.4440888296353,0.0,1.0,1.0
-900.0,-1500.0,340.22204441481773,680.4440888296353,0.0,1.0,1.0
-840.0,-1500.0,340.22204441481773,680.4440888296353,0.0,1.0,1.0
-780.0,-1500.0,340.22204441481773,680.4440888296353,0.0,1.0,1.0
-720.0,-1500.0,340.22204441481773,680.4440888296353,0.0,1.0,1.0
-660.0,-1500.0,340.22204441481773,680.4440888296353,0.0,1.0,1.0
-600.0,-1500.0,340.22204441481773,680.4440888296353,0.0,1.0,1.0
-540.0,-1500.0,340.22204441481773,680.4440888296353,0.0,1.0,1.0
-480.0,-1500.0,340.22204441481773,680.4440888296353,0.0,1.0,1.0
-420.0,-1500.0,340.22204441481773,680.4440888296353,0.0,1.0,1.0
-360.0,-1500.0,340.22204441481773,680.4440888296353,0.0,1.0,1.0
-300.0,-1500.0,340.22204441481773,680.4440888296353,0.0,1.0,1.0
-240.0,-1500.0,340.22204441481773,680.4440888296353,0.0,1.0,1.0
-180.0,-1500.0,340.22204441481773,680.4440888296353,0.0,1.0,1.0
-120.0,-1500.0,340.22204441481773,680.4440888296353,0.0,1.0,1.0
-60.0,-1500.0,340.22204441481773,680.4440888296353,0.0,1.0,1.0
0.0,-1500.0,340.22204441481773,680.4440888296353,0.0,1.0,1.0
60.0,-1500.0,340.22204441481773,680.4440888296353,0.0,1.0,1.0
120.0,-1500.0,340.22204441481773,680.4440888296353,0.0,1.0,1.0
180.0,-1500.0,340.22204441481773,680.4440888296353,0.0,1.0,1.0
240.0,-1500.0,340.22204441481773,680.4440888296353,0.0,1.0,1.0
300.0,-1500.0,340.22204441481773,680.4440888296353,0.0,1.0,1.0
360.0,-1500.0,340.22204441481773,680.4440888296353,0.0,1.0,1.0
420.0,-1500.0,340.22204441481773,680.4440888296353,0.0,1.0,1.0
480.0,-1500.0,340.22204441481773,680.4440888296353,0.0,1.0,1.0
540.0,-1500.0,340.22204441481773,680.4440888296353,0.0,1.0,1.0
600.0,-1500.0,340.22204441481773,680.4440888296353,0.0,1.0,1.0
660.0,-1500.0,340.22204441481773,680.4440888296353,0.0,1.0,1.0
720.0,-1500.0,340.22204441481773,680.4440888296353,0.0,1.0,1.0
780.0,-1500.0,340.22204441481773,680.4440888296353,0.0,1.0,1.0
840.0,-1500.0,340.22204441481773,680.4440888296353,0.0,1.0,1.0
900.0,-1500.0,340.22204441481773,680.4440888296353,0.0,1.0,1.0
960.0,-1500.0,340.22204441481773,680.4440888296353,0.0,1.0,1.0
-1080.0,-1440.0,340.22204441481773,680.4440888296353,0.0,1.0,1.0
-1020.0,-1440.0,340.22204441481773,680.4440888296353,0.0,1.0,1.0
-960.0,-1440.0,340.22204441481773,680.4440888296353,0.0,1.0,1.0
-900.0,-1440.0,340.22204441481773,680.4440888296353,0.0,1.0,1.0
-840.0,-1440.0,340.22204441481773,680.4440888296353,0.0,1.0,1.0
-780.0,-1440.0,340.22204441481773,680.4440888296353,0.0,1.0,1.0
-720.0,-1440.0,340.22204441481773,680.4440888296353,0.0,1.0,1.0
-660.0,-1440.0,340.22204441481773,680.4440888296353,0.0,1.0,1.0
-600.0,-1440.0,340.22204441481773,680.4440888296353,0.0,1.0,1.0
-540.0,-1440.0,340.22204441481773,680.4440888296353,0.0,1.0,1.0
-480.0,-1440.0,340.22204441481773,680.4440888296353,0.0,1.0,1.0
-420.0,-1440.0,340.22204441481773,680.4440888296353,0.0,1.0,1.0
-360.0,-1440.0,340.22204441481773,680.4440888296353,0.0,1.0,1.0
-300.0,-1440.0,340.22204441481773,680.4440888296353,0.0,1.0,1.0
-240.0,-1440.0,340.22204441481773,680.4440888296353,0.0,1.0,1.0
-180.0,-1440.0,340.22204441481773,680.4440888296353,0.0,1.0,1.0
-120.0,-1440.0,340.22204441481773,680.4440888296353,0.0,1.0,1.0
-60.0,-1440.0,340.22204441481773,680.4440888296353,0.0,1.0,1.0
0.0,-1440.0,340.22204441481773,680.4440888296353,0.0,1.0,1.0
60.0,-1440.0,340.22204441481773,680.4440888296353,0.0,1.0,1.0
120.0,-1440.0,340.22204441481773,680.4440888296353,0.0,1.0,1.0
180.0,-1440.0,340.22204441481773,680.4440888296353,0.0,1.0,1.0
240.0,-1440.0,340.22204441481773,680.4440888296353,0.0,1.0,1.0
300.0,-1440.0,340.22204441481773,680.4440888296353,0.0,1.0,1.0
360.0,-1440.0,340.22204441481773,680.4440888296353,0.0,1.0,1.0
420.0,-1440.0,340.22204441481773,680.4440888296353,0.0,1.0,1.0
480.0,-1440.0,340.22204441481773,680.4440888296353,0.0,1.0,1.0
540.0,-1440.0,340.22204441481773,680.4440888296353,0.0,1.0,1.0
600.0,-1440.0,340.22204441481773,680.4440888296353,0.0,1.0,1.0
660.0,-1440.0,340.22204441481773,680.4440888296353,0.0,1.0,1.0
720.0,-1440.0,340.22204441481773,680.4440888296353,0.0,1.0,1.0
780.0,-1440.0,340.22204441481773,680.4440888296353,0.0,1.0,1.0
840.0,-1440.0,340.22204441481773,680.4440888296353,0.0,1.0,1.0
900.0,-1440.0,340.22204441481773,680.4440888296353,0.0,1.0,1.0
960.0,-1440.0,340.22204441481773,680.4440888296353,0.0,1.0,1.0
1020.0,-1440.0,340.22204441481773,680.4440888296353,0.0,1.0,1.0
1080.0,-1440.0,340.22204441481773,680.4440888296353,0.0,1.0,1.0
-1140.0,-1380.0,340.22204441481773,680.4440888296353,0.0,1.0,1.0
-1080.0,-1380.0,340.22204441481773,680.4440888296353,0.0,1.0,1.0
-1020.0,-1380.0,340.22204441481773,680.4440888296353,0.0,1.0,1.0
-960.0,-1380.0,340.22204441481773,680.4440888296353,0.0,1.0,1.0
-900.0,-1380.0,340.22204441481773,680.4440888296353,0.0,1.0,1.0
-840.0,-1380.0,340.22204441481773,680.4440888296353,0.0,1.0,1.0
-780.0,-1380.0,340.22204441481773,680.4440888296353,0.0,1.0,1.0
-720.0,-1380.0,340.22204441481773,680.4440888296353,0.0,1.0,1.0
-660.0,-1380.0,340.22204441481773,680.4440888296353,0.0,1.0,1.0
-600.0,-1380.0,340.22204441481773,680.4440888296353,0.0,1.0,1.0
-540.0,-1380.0,340.22204441481773,680.4440888296353,0.0,1.0,1.0
-480.0,-1380.0,340.22204441481773,680.4440888296353,0.0,1.0,1.0
-420.0,-1380.0,340.22204441481773,680.4440888296353,0.0,1.0,1.0
-360.0,-1380.0,340.22204441481773,680.4440888296353,0.0,1.0,1.0
-300.0,-1380.0,340.22204441481773,680.4440888296353,0.0,1.0,1.0
-240.0,-1380.0,340.22204441481773,680.4440888296353,0.0,1.0,1.0
-180.0,-1380.0,340.22204441481773,680.4440888296353,0.0,1.0,1.0
-120.0,-1380.0,340.22204441481773,680.4440888296353,0.0,1.0,1.0
-60.0,-1380.0,340.22204441481773,680.4440888296353,0.0,1.0,1.0
0.0,-1380.0,340.22204441481773,680.4440888296353,0.0,1.0,1.0
60.0,-1380.0,340.22204441481773,680.4440888296353,0.0,1.0,1.0
120.0,-1380.0,340.22204441481773,680.4440888296353,0.0,1.0,1.0
180.0,-1380.0,340.22204441481773,680.4440888296353,0.0,1.0,1.0
240.0,-1380.0,340.22204441481773,680.4440888296353,0.0,1.0,1.0
300.0,-1380.0,340.22204441481773,680.4440888296353,0.0,1.0,1.0
360.0,-1380.0,340.22204441481773,680.4440888296353,0.0,1.0,1.0
420.0,-1380.0,340.22204441481773,680.4440888296353,0.0,1.0,1.0
480.0,-1380.0,340.22204441481773,680.4440888296353,0.0,1.0,1.0
540.0,-1380.0,340.22204441481773,680.4440888296353,0.0,1.0,1.0
600.0,-1380.0,340.22204441481773,680.4440888296353,0.0,1.0,1.0
660.0,-1380.0,340.22204441481773,680.4440888296353,0.0,1.0,1.0
720.0,-1380.0,340.22204441481773,680.4440888296353,0.0,1.0,1.0
780.0,-1380.0,340.22204441481773,680.4440888296353,0.0,1.0,1.0
840.0,-1380.0,340.22204441481773,680.4440888296353,0.0,1.0,1.0
900.0,-1380.0,340.22204441481773,680.4440888296353,0.0,1.0,1.0
960.0,-1380.0,340.22204441481773,680.4440888296353,0.0,1.0,1.0
1020.0,-1380.0,340.22204441481773,680.4440888296353,0.0,1.0,1.0
1080.0,-1380.0,340.22204441481773,680.4440888296353,0.0,1.0,1.0
1140.0,-1380.0,340.22204441481773,680.4440888296353,0.0,1.0,1.0
-1200.0,-1320.0,340.22204441481773,680.4440888296353,0.0,1.0,1.0
-1140.0,-1320.0,340.22204441481773,680.4440888296353,0.0,1.0,1.0
-1080.0,-1320.0,340.22204441481773,680.4440888296353,0.0,1.0,1.0
-1020.0,-1320.0,340.22204441481773,680.4440888296353,0.0,1.0,1.0
-960.0,-1320.0,340.22204441481773,680.4440888296353,0.0,1.0,1.0
-900.0,-1320.0,340.22204441481773,680.4440888296353,0.0,1.0,1.0
-840.0,-1320.0,340.22204441481773,680.4440888296353,0.0,1.0,1.0
-780.0,-1320.0,340.22204441481773,680.4440888296353,0.0,1.0,1.0
-720.0,-1320.0,340.22204441481773,680.4440888296353,0.0,1.0,1.0
-660.0,-1320.0,340.22204441481773,680.4440888296353,0.0,1.0,1.0
-600.0,-1320.0,340.22204441481773,680.4440888296353,0.0,1.0,1.0
-540.0,-1320.0,340.22204441481773,680.4440888296353,0.0,1.0,1.0
-480.0,-1320.0,340.22204441481773,680.4440888296353,0.0,1.0,1.0
-420.0,-1320.0,340.22204441481773,680.4440888296353,0.0,1.0,1.0
-360.0,-1320.0,340.22204441481773,680.4440888296353,0.0,1.0,1.0
-300.0,-1320.0,340.22204441481773,680.4440888296353,0.0,1.0,1.0
-240.0,-1320.0,340.22204441481773,680.4440888296353,0.0,1.0,1.0
-180.0,-1320.0,340.22204441481773,680.4440888296353,0.0,1.0,1.0
-120.0,-1320.0,340.22204441481773,680.4440888296353,0.0,1.0,1.0
-60.0,-1320.0,340.22204441481773,680.4440888296353,0.0,1.0,1.0
0.0,-1320.0,340.22204441481773,680.4440888296353,0.0,1.0,1.0
60.0,-1320.0,340.22204441481773,680.4440888296353,0.0,1.0,1.0
120.0,-1320.0,340.22204441481773,680.4440888296353,0.0,1.0,1.0
180.0,-1320.0,340.22204441481773,680.4440888296353,0.0,1.0,1.0
240.0,-1320.0,340.22204441481773,680.4440888296353,0.0,1.0,1.0
300.0,-1320.0,340.22204441481773,680.4440888296353,0.0,1.0,1.0
360.0,-1320.0,340.22204441481773,680.4440888296353,0.0,1.0,1.0
420.0,-1320.0,340.22204441481773,680.4440888296353,0.0,1.0,1.0
480.0,-1320.0,340.22204441481773,680.4440888296353,0.0,1.0,1.0
540.0,-1320.0,340.22204441481773,680.4440888296353,0.0,1.0,1.0
600.0,-1320.0,340.22204441481773,680.4440888296353,0.0,1.0,1.0
660.0,-1320.0,340.22204441481773,680.4440888296353,0.0,1.0,1.0
720.0,-1320.0,340.22204441481773,680.4440888296353,0.0,1.0,1.0
780.0,-1320.0,340.22204441481773,680.4440888296353,0.0,1.0,1.0
840.0,-1320.0,340.22204441481773,680.4440888296353,0.0,1.0,1.0
900.0,-1320.0,340.22204441481773,680.4440888296353,0.0,1.0,1.0
960.0,-1320.0,340.22204441481773,680.4440888296353,0.0,1.0,1.0
1020.0,-1320.0,340.22204441481773,680.4440888296353,0.0,1.0,1.0
1080.0,-1320.0,340.22204441481773,680.4440888296353,0.0,1.0,1.0
1140.0,-1320.0,340.22204441481773,680.4440888296353,0.0,1.0,1.0
1200.0,-1320.0,340.22204441481773,680.4440888296353,0.0,1.0,1.0
-1260.0,-1260.0,340.22204441481773,680.4440888296353,0.0,1.0,1.0
-1200.0,-1260.0,340.22204441481773,680.4440888296353,0.0,1.0,1.0
-1140.0,-1260.0,340.22204441481773,680.4440888296353,0.0,1.0,1.0
-1080.0,-1260.0,340.22204441481773,680.4440888296353,0.0,1.0,1.0
-1020.0,-1260.0,340.22204441481773,680.4440888296353,0.0,1.0,1.0
-960.0,-1260.0,340.22204441481773,680.4440888296353,0.0,1.0,1.0
-900.0,-1260.0,340.22204441481773,680.4440888296353,0.0,1.0,1.0
-840.0,-1260.0,340.22204441481773,680.4440888296353,0.0,1.0,1.0
-780.0,-1260.0,340.22204441481773,680.4440888296353,0.0,1.0,1.0
-720.0,-1260.0,340.22204441481773,680.4440888296353,0.0,1.0,1.0
-660.0,-1260.0,340.22204441481773,680.4440888296353,0.0,1.0,1.0
-600.0,-1260.0,340.22204441481773,680.4440888296353,0.0,1.0,1.0
-540.0,-1260.0,340.22204441481773,680.4440888296353,0.0,1.0,1.0
-480.0,-1260.0,340.22204441481773,680.4440888296353,0.0,1.0,1.0
-420.0,-1260.0,340.22204441481773,680.4440888296353,0.0,1.0,1.0
-360.0,-1260.0,340.22204441481773,680.4440888296353,0.0,1.0,1.0
-300.0,-1260.0,340.22204441481773,680.4440888296353,0.0,1.0,1.0
-240.0,-1260.0,340.22204441481773,680.4440888296353,0.0,1.0,1.0
-180.0,-1260.0,340.22204441481773,680.4440888296353,0.0,1.0,1.0
-120.0,-1260.0,340.22204441481773,680.4440888296353,0.0,1.0,1.0
-60.0,-1260.0,340.22204441481773,680.4440888296353,0.0,1.0,1.0
0.0,-1260.0,340.22204441481773,680.4440888296353,0.0,1.0,1.0
60.0,-1260.0,340.22204441481773,680.4440888296353,0.0,1.0,1.0
120.0,-1260.0,340.22204441481773,680.4440888296353,0.0,1.0,1.0
180.0,-1260.0,340.22204441481773,680.4440888296353,0.0,1.0,1.0
240.0,-1260.0,340.22204441481773,680.4440888296353,0.0,1.0,1.0
300.0,-1260.0,340.22204441481773,680.4440888296353,0.0,1.0,1.0
360.0,-1260.0,340.22204441481773,680.4440888296353,0.0,1.0,1.0
420.0,-1260.0,340.22204441481773,680.4440888296353,0.0,1.0,1.0
480.0,-1260.0,340.22204441481773,680.4440888296353,0.0,1.0,1.0
540.0,-1260.0,340.22204441481773,680.4440888296353,0.0,1.0,1.0
600.0,-1260.0,340.22204441481773,680.4440888296353,0.0,1.0,1.0
660.0,-1260.0,340.22204441481773,680.4440888296353,0.0,1.0,1.0
720.0,-1260.0,340.22204441481773,680.4440888296353,0.0,1.0,1.0
780.0,-1260.0,340.22204441481773,680.4440888296353,0.0,1.0,1.0
840.0,-1260.0,340.22204441481773,680.4440888296353,0.0,1.0,1.0
900.0,-1260.0,340.22204441481773,680.4440888296353,0.0,1.0,1.0
960.0,-1260.0,340.22204441481773,680.4440888296353,0.0,1.0,1.0
1020.0,-1260.0,340.22204441481773,680.4440888296353,0.0,1.0,1.0
1080.0,-1260.0,340.22204441481773,680.4440888296353,0.0,1.0,1.0
1140.0,-1260.0,340.22204441481773,680.4440888296353,0.0,1.0,1.0
1200.0,-1260.0,340.22204441481773,680.4440888296353,0.0,1.0,1.0
1260.0,-1260.0,340.22204441481773,680.4440888296353,0.0,1.0,1.0
-1320.0,-1200.0,340.22204441481773,680.4440888296353,0.0,1.0,1.0
-1260.0,-1200.0,340.22204441481773,680.4440888296353,0.0,1.0,1.0
-1200.0,-1200.0,340.22204441481773,680.4440888296353,0.0,1.0,1.0
-1140.0,-1200.0,340.22204441481773,680.4440888296353,0.0,1.0,1.0
-1080.0,-1200.0,340.22204441481773,680.4440888296353,0.0,1.0,1.0
-1020.0,-1200.0,340.22204441481773,680.4440888296353,0.0,1.0,1.0
-960.0,-1200.0,340.22204441481773,680.4440888296353,0.0,1.0,1.0
-900.0,-1200.0,340.22204441481773,680.4440888296353,0.0,1.0,1.0
-840.0,-1200.0,340.22204441481773,680.4440888296353,0.0,1.0,1.0
-780.0,-1200.0,340.22204441481773,680.4440888296353,0.0,1.0,1.0
-720.0,-1200.0,340.22204441481773,680.4440888296353,0.0,1.0,1.0
-660.0,-1200.0,340.22204441481773,680.4440888296353,0.0,1.0,1.0
-600.0,-1200.0,340.22204441481773,680.4440888296353,0.0,1.0,1.0
-540.0,-1200.0,340.22204441481773,680.4440888296353,0.0,1.0,1.0
-480.0,-1200.0,340.22204441481773,680.4440888296353,0.0,1.0,1.0
-420.0,-1200.0,340.22204441481773,680.4440888296353,0.0,1.0,1.0
-360.0,-1200.0,340.22204441481773,680.4440888296353,0.0,1.0,1.0
-300.0,-1200.0,340.22204441481773,680.4440888296353,0.0,1.0,1.0
-240.0,-1200.0,340.22204441481773,680.4440888296353,0.0,1.0,1.0
-180.0,-1200.0,340.22204441481773,680.4440888296353,0.0,1.0,1.0
-120.0,-1200.0,340.22204441481773,680.4440888296353,0.0,1.0,1.0
-60.0,-1200.0,340.22204441481773,680.4440888296353,0.0,1.0,1.0
0.0,-1200.0,340.22204441481773,680.4440888296353,0.0,1.0,1.0
60.0,-1200.0,340.22204441481773,680.4440888296353,0.0,1.0,1.0
120.0,-1200.0,340.22204441481773,680.4440888296353,0.0,1.0,1.0
180.0,-1200.0,340.22204441481773,680.4440888296353,0.0,1.0,1.0
240.0,-1200.0,340.22204441481773,680.4440888296353,0.0,1.0,1.0
300.0,-1200.0,340.22204441481773,680.4440888296353,0.0,1.0,1.0
360.0,-1200.0,340.22204441481773,680.4440888296353,0.0,1.0,1.0
420.0,-1200.0,340.22204441481773,680.4440888296353,0.0,1.0,1.0
480.0,-1200.0,340.22204441481773,680.4440888296353,0.0,1.0,1.0
540.0,-1200.0,340.22204441481773,680.4440888296353,0.0,1.0,1.0
600.0,-1200.0,340.22204441481773,680.4440888296353,0.0,1.0,1.0
660.0,-1200.0,340.22204441481773,680.4440888296353,0.0,1.0,1.0
720.0,-1200.0,340.22204441481773,680.4440888296353,0.0,1.0,1.0
780.0,-1200.0,340.22204441481773,680.4440888296353,0.0,1.0,1.0
840.0,-1200.0,340.22204441481773,680.4440888296353,0.0,1.0,1.0
900.0,-1200.0,340.22204441481773,680.4440888296353,0.0,1.0,1.0
960.0,-1200.0,340.22204441481773,680.4440888296353,0.0,1.0,1.0
1020.0,-1200.0,340.22204441481773,680.4440888296353,0.0,1.0,1.0
1080.0,-1200.0,340.22204441481773,680.4440888296353,0.0,1.0,1.0
1140.0,-1200.0,340.22204441481773,680.4440888296353,0.0,1.0,1.0
1200.0,-1200.0,340.22204441481773,680.4440888296353,0.0,1.0,1.0
1260.0,-1200.0,340.22204441481773,680.4440888296353,0.0,1.0,1.0
1320.0,-1200.0,340.22204441481773,680.4440888296353,0.0,1.0,1.0
-1380.0,-1140.0,340.22204441481773,680.4440888296353,0.0,1.0,1.0
-1320.0,-1140.0,340.22204441481773,680.4440888296353,0.0,1.0,1.0
-1260.0,-1140.0,340.22204441481773,680.4440888296353,0.0,1.0,1.0
-1200.0,-1140.0,340.22204441481773,680.4440888296353,0.0,1.0,1.0
-1140.0,-1140.0,340.22204441481773,680.4440888296353,0.0,1.0,1.0
-1080.0,-1140.0,340.22204441481773,680.4440888296353,0.0,1.0,1.0
-1020.0,-1140.0,340.22204441481773,680.4440888296353,0.0,1.0,1.0
-960.0,-1140.0,340.22204441481773,680.4440888296353,0.0,1.0,1.0
-900.0,-1140.0,340.22204441481773,680.4440888296353,0.0,1.0,1.0
-840.0,-1140.0,340.22204441481773,680.4440888296353,0.0,1.0,1.0
-780.0,-1140.0,340.22204441481773,680.4440888296353,0.0,1.0,1.0
-720.0,-1140.0,340.22204441481773,680.4440888296353,0.0,1.0,1.0
-660.0,-1140.0,340.22204441481773,680.4440888296353,0.0,1.0,1.0
-600.0,-1140.0,340.22204441481773,680.4440888296353,0.0,1.0,1.0
-540.0,-1140.0,340.22204441481773,680.4440888296353,0.0,1.0,1.0
-480.0,-1140.0,340.22204441481773,680.4440888296353,0.0,1.0,1.0
-420.0,-1140.0,340.22204441481773,680.4440888296353,0.0,1.0,1.0
-360.0,-1140.0,340.22204441481773,680.4440888296353,0.0,1.0,1.0
-300.0,-1140.0,340.22204441481773,680.4440888296353,0.0,1.0,1.0
-240.0,-1140.0,340.22204441481773,680.4440888296353,0.0,1.0,1.0
-180.0,-1140.0,340.22204441481773,680.4440888296353,0.0,1.0,1.0
-120.0,-1140.0,340.22204441481773,680.4440888296353,0.0,1.0,1.0
-60.0,-1140.0,340.22204441481773,680.4440888296353,0.0,1.0,1.0
0.0,-1140.0,340.22204441481773,680.4440888296353,0.0,1.0,1.0
60.0,-1140.0,340.22204441481773,680.4440888296353,0.0,1.0,1.0
120.0,-1140.0,340.22204441481773,680.4440888296353,0.0,1.0,1.0
180.0,-1140.0,340.22204441481773,680.4440888296353,0.0,1.0,1.0
240.0,-1140.0,340.22204441481773,680.4440888296353,0.0,1.0,1.0
300.0,-1140.0,340.22204441481773,680.4440888296353,0.0,1.0,1.0
360.0,-1140.0,340.22204441481773,680.4440888296353,0.0,1.0,1.0
420.0,-1140.0,340.22204441481773,680.4440888296353,0.0,1.0,1.0
480.0,-1140.0,340.22204441481773,680.4440888296353,0.0,1.0,1.0
540.0,-1140.0,340.22204441481773,680.4440888296353,0.0,1.0,1.0
600.0,-1140.0,340.22204441481773,680.4440888296353,0.0,1.0,1.0
660.0,-1140.0,340.22204441481773,680.4440888296353,0.0,1.0,1.0
720.0,-1140.0,340.22204441481773,680.4440888296353,0.0,1.0,1.0
780.0,-1140.0,340.22204441481773,680.4440888296353,0.0,1.0,1.0
840.0,-1140.0,340.22204441481773,680.4440888296353,0.0,1.0,1.0
900.0,-1140.0,340.22204441481773,680.4440888296353,0.0,1.0,1.0
960.0,-1140.0,340.22204441481773,680.4440888296353,0.0,1.0,1.0
1020.0,-1140.0,340.22204441481773,680.4440888296353,0.0,1.0,1.0
1080.0,-1140.0,340.22204441481773,680.4440888296353,0.0,1.0,1.0
1140.0,-1140.0,340.22204441481773,680.4440888296353,0.0,1.0,1.0
1200.0,-1140.0,340.22204441481773,680.4440888296353,0.0,1.0,1.0
1260.0,-1140.0,340.22204441481773,680.4440888296353,0.0,1.0,1.0
1320.0,-1140.0,340.22204441481773,680.4440888296353,0.0,1.0,1.0
1380.0,-1140.0,340.22204441481773,680.4440888296353,0.0,1.0,1.0
-1440.0,-1080.0,340.22204441481773,680.4440888296353,0.0,1.0,1.0
-1380.0,-1080.0,340.22204441481773,680.4440888296353,0.0,1.0,1.0
-1320.0,-1080.0,340.22204441481773,680.4440888296353,0.0,1.0,1.0
-1260.0,-1080.0,340.22204441481773,680.4440888296353,0.0,1.0,1.0
-1200.0,-1080.0,340.22204441481773,680.4440888296353,0.0,1.0,1.0
-1140.0,-1080.0,340.22204441481773,680.4440888296353,0.0,1.0,1.0
-1080.0,-1080.0,340.22204441481773,680.4440888296353,0.0,1.0,1.0
-1020.0,-1080.0,340.22204441481773,680.4440888296353,0.0,1.0,1.0
-960.0,-1080.0,340.22204441481773,680.4440888296353,0.0,1.0,1.0
-900.0,-1080.0,340.22204441481773,680.4440888296353,0.0,1.0,1.0
-840.0,-1080.0,340.22204441481773,680.4440888296353,0.0,1.0,1.0
-780.0,-1080.0,340.22204441481773,680.4440888296353,0.0,1.0,1.0
-720.0,-1080.0,340.22204441481773,680.4440888296353,0.0,1.0,1.0
-660.0,-1080.0,340.22204441481773,680.4440888296353,0.0,1.0,1.0
-600.0,-1080.0,340.22204441481773,680.4440888296353,0.0,1.0,1.0
-540.0,-1080.0,340.22204441481773,680.4440888296353,0.0,1.0,1.0
-480.0,-1080.0,340.22204441481773,680.4440888296353,0.0,1.0,1.0
-420.0,-1080.0,340.22204441481773,680.4440888296353,0.0,1.0,1.0
-360.0,-1080.0,340.22204441481773,680.4440888296353,0.0,1.0,1.0
-300.0,-1080.0,340.22204441481773,680.4440888296353,0.0,1.0,1.0
-240.0,-1080.0,340.22204441481773,680.4440888296353,0.0,1.0,1.0
-180.0,-1080.0,340.22204441481773,680.4440888296353,0.0,1.0,1.0
-120.0,-1080.0,340.22204441481773,680.4440888296353,0.0,1.0,1.0
-60.0,-1080.0,340.22204441481773,680.4440888296353,0.0,1.0,1.0
0.0,-1080.0,340.22204441481773,680.4440888296353,0.0,1.0,1.0
60.0,-1080.0,340.22204441481773,680.4440888296353,0.0,1.0,1.0
120.0,-1080.0,340.22204441481773,680.4440888296353,0.0,1.0,1.0
180.0,-1080.0,340.22204441481773,680.4440888296353,0.0,1.0,1.0
240.0,-1080.0,340.22204441481773,680.4440888296353,0.0,1.0,1.0
300.0,-1080.0,340.22204441481773,680.4440888296353,0.0,1.0,1.0
360.0,-1080.0,340.22204441481773,680.4440888296353,0.0,1.0,1.0
420.0,-1080.0,340.22204441481773,680.4440888296353,0.0,1.0,1.0
480.0,-1080.0,340.22204441481773,680.4440888296353,0.0,1.0,1.0
540.0,-1080.0,340.22204441481773,680.4440888296353,0.0,1.0,1.0
600.0,-1080.0,340.22204441481773,680.4440888296353,0.0,1.0,1.0
660.0,-1080.0,340.22204441481773,680.4440888296353,0.0,1.0,1.0
720.0,-1080.0,340.22204441481773,680.4440888296353,0.0,1.0,1.0
780.0,-1080.0,340.22204441481773,680.4440888296353,0.0,1.0,1.0
840.0,-1080.0,340.22204441481773,680.4440888296353,0.0,1.0,1.0
900.0,-1080.0,340.22204441481773,680.4440888296353,0.0,1.0,1.0
960.0,-1080.0,340.22204441481773,680.4440888296353,0.0,1.0,1.0
1020.0,-1080.0,340.22204441481773,680.4440888296353,0.0,1.0,1.0
1080.0,-1080.0,340.22204441481773,680.4440888296353,0.0,1.0,1.0
1140.0,-1080.0,340.22204441481773,680.4440888296353,0.0,1.0,1.0
1200.0,-1080.0,340.22204441481773,680.4440888296353,0.0,1.0,1.0
1260.0,-1080.0,340.22204441481773,680.4440888296353,0.0,1.0,1.0
1320.0,-1080.0,340.22204441481773,680.4440888296353,0.0,1.0,1.0
1380.0,-1080.0,340.22204441481773,680.4440888296353,0.0,1.0,1.0
1440.0,-1080.0,340.22204441481773,680.4440888296353,0.0,1.0,1.0
-1440.0,-1020.0,340.22204441481773,680.4440888296353,0.0,1.0,1.0
-1380.0,-1020.0,340.22204441481773,680.4440888296353,0.0,1.0,1.0
-1320.0,-1020.0,340.22204441481773,680.4440888296353,0.0,1.0,1.0
-1260.0,-1020.0,340.22204441481773,680.4440888296353,0.0,1.0,1.0
-1200.0,-1020.0,340.22204441481773,680.4440888296353,0.0,1.0,1.0
-1140.0,-1020.0,340.22204441481773,680.4440888296353,0.0,1.0,1.0
-1080.0,-1020.0,340.22204441481773,680.4440888296353,0.0,1.0,1.0
-1020.0,-1020.0,340.22204441481773,680.4440888296353,0.0,1.0,1.0
-960.0,-1020.0,340.22204441481773,680.4440888296353,0.0,1.0,1.0
-900.0,-1020.0,340.22204441481773,680.4440888296353,0.0,1.0,1.0
-840.0,-1020.0,340.22204441481773,680.4440888296353,0.0,1.0,1.0
-780.0,-1020.0,340.22204441481773,680.4440888296353,0.0,1.0,1.0
-720.0,-1020.0,340.22204441481773,680.4440888296353,0.0,1.0,1.0
-660.0,-1020.0,340.22204441481773,680.4440888296353,0.0,1.0,1.0
-600.0,-1020.0,340.22204441481773,680.4440888296353,0.0,1.0,1.0
-540.0,-1020.0,340.22204441481773,680.4440888296353,0.0,1.0,1.0
-480.0,-1020.0,340.22204441481773,680.4440888296353,0.0,1.0,1.0
-420.0,-1020.0,340.22204441481773,680.4440888296353,0.0,1.0,1.0
-360.0,-1020.0,340.22204441481773,680.4440888296353,0.0,1.0,1.0
-300.0,-1020.0,340.22204441481773,680.4440888296353,0.0,1.0,1.0
-240.0,-1020.0,340.22204441481773,680.4440888296353,0.0,1.0,1.0
-180.0,-1020.0,340.22204441481773,680.4440888296353,0.0,1.0,1.0
-120.0,-1020.0,340.22204441481773,680.4440888296353,0.0,1.0,1.0
-60.0,-1020.0,340.22204441481773,680.4440888296353,0.0,1.0,1.0
0.0,-1020.0,340.22204441481773,680.4440888296353,0.0,1.0,1.0
60.0,-1020.0,340.22204441481773,680.4440888296353,0.0,1.0,1.0
120.0,-1020.0,340.22204441481773,680.4440888296353,0.0,1.0,1.0
180.0,-1020.0,340.22204441481773,680.4440888296353,0.0,1.0,1.0
240.0,-1020.0,340.22204441481773,680.4440888296353,0.0,1.0,1.0
300.0,-1020.0,340.22204441481773,680.4440888296353,0.0,1.0,1.0
360.0,-1020.0,340.22204441481773,680.4440888296353,0.0,1.0,1.0
420.0,-1020.0,340.22204441481773,680.4440888296353,0.0,1.0,1.0
480.0,-1020.0,340.22204441481773,680.4440888296353,0.0,1.0,1.0
540.0,-1020.0,340.22204441481773,680.4440888296353,0.0,1.0,1.0
600.0,-1020.0,340.22204441481773,680.4440888296353,0.0,1.0,1.0
660.0,-1020.0,340.22204441481773,680.4440888296353,0.0,1.0,1.0
720.0,-1020.0,340.22204441481773,680.4440888296353,0.0,1.0,1.0
780.0,-1020.0,340.22204441481773,680.4440888296353,0.0,1.0,1.0
840.0,-1020.0,340.22204441481773,680.4440888296353,0.0,1.0,1.0
900.0,-1020.0,340.22204441481773,680.4440888296353,0.0,1.0,1.0
960.0,-1020.0,340.22204441481773,680.4440888296353,0.0,1.0,1.0
1020.0,-1020.0,340.22204441481773,680.4440888296353,0.0,1.0,1.0
1080.0,-1020.0,340.22204441481773,680.4440888296353,0.0,1.0,1.0
1140.0,-1020.0,340.22204441481773,680.4440888296353,0.0,1.0,1.0
1200.0,-1020.0,340.22204441481773,680.4440888296353,0.0,1.0,1.0
1260.0,-1020.0,340.22204441481773,680.4440888296353,0.0,1.0,1.0
1320.0,-1020.0,340.22204441481773,680.4440888296353,0.0,1.0,1.0
1380.0,-1020.0,340.22204441481773,680.4440888296353,0.0,1.0,1.0
1440.0,-1020.0,340.22204441481773,680.4440888296353,0.0,1.0,1.0
-1500.0,-960.0,340.22204441481773,680.4440888296353,0.0,1.0,1.0
-1440.0,-960.0,340.22204441481773,680.4440888296353,0.0,1.0,1.0
-1380.0,-960.0,340.22204441481773,680.4440888296353,0.0,1.0,1.0
-1320.0,-960.0,340.22204441481773,680.4440888296353,0.0,1.0,1.0
-1260.0,-960.0,340.22204441481773,680.4440888296353,0.0,1.0,1.0
-1200.0,-960.0,340.22204441481773,680.4440888296353,0.0,1.0,1.0
-1140.0,-960.0,340.22204441481773,680.4440888296353,0.0,1.0,1.0
-1080.0,-960.0,340.22204441481773,680.4440888296353,0.0,1.0,1.0
-1020.0,-960.0,340.22204441481773,680.4440888296353,0.0,1.0,1.0
-960.0,-960.0,340.22204441481773,680.4440888296353,0.0,1.0,1.0
-900.0,-960.0,340.22204441481773,680.4440888296353,0.0,1.0,1.0
-840.0,-960.0,340.22204441481773,680.4440888296353,0.0,1.0,1.0
-780.0,-960.0,340.22204441481773,680.4440888296353,0.0,1.0,1.0
-720.0,-960.0,340.22204441481773,680.4440888296353,0.0,1.0,1.0
-660.0,-960.0,340.22204441481773,680.4440888296353,0.0,1.0,1.0
-600.0,-960.0,340.22204441481773,680.4440888296353,0.0,1.0,1.0
-540.0,-960.0,340.22204441481773,680.4440888296353,0.0,1.0,1.0
-480.0,-960.0,340.22204441481773,680.4440888296353,0.0,1.0,1.0
-420.0,-960.0,340.22204441481773,680.4440888296353,0.0,1.0,1.0
-360.0,-960.0,340.22204441481773,680.4440888296353,0.0,1.0,1.0
-300.0,-960.0,340.22204441481773,680.4440888296353,0.0,1.0,1.0
-240.0,-960.0,340.22204441481773,680.4440888296353,0.0,1.0,1.0
-180.0,-960.0,340.22204441481773,680.4440888296353,0.0,1.0,1.0
-120.0,-960.0,340.22204441481773,680.4440888296353,0.0,1.0,1.0
-60.0,-960.0,340.22204441481773,680.4440888296353,0.0,1.0,1.0
0.0,-960.0,340.22204441481773,680.4440888296353,0.0,1.0,1.0
60.0,-960.0,340.22204441481773,680.4440888296353,0.0,1.0,1.0
120.0,-960.0,340.22204441481773,680.4440888296353,0.0,1.0,1.0
180.0,-960.0,340.22204441481773,680.4440888296353,0.0,1.0,1.0
240.0,-960.0,340.22204441481773,680.4440888296353,0.0,1.0,1.0
300.0,-960.0,340.22204441481773,680.4440888296353,0.0,1.0,1.0
360.0,-960.0,340.22204441481773,680.4440888296353,0.0,1.0,1.0
420.0,-960.0,340.22204441481773,680.4440888296353,0.0,1.0,1.0
480.0,-960.0,340.22204441481773,680.4440888296353,0.0,1.0,1.0
540.0,-960.0,340.22204441481773,680.4440888296353,0.0,1.0,1.0
600.0,-960.0,340.22204441481773,680.4440888296353,0.0,1.0,1.0
660.0,-960.0,340.22204441481773,680.4440888296353,0.0,1.0,1.0
720.0,-960.0,340.22204441481773,680.4440888296353,0.0,1.0,1.0
780.0,-960.0,340.22204441481773,680.4440888296353,0.0,1.0,1.0
840.0,-960.0,340.22204441481773,680.4440888296353,0.0,1.0,1.0
900.0,-960.0,340.22204441481773,680.4440888296353,0.0,1.0,1.0
960.0,-960.0,340.22204441481773,680.4440888296353,0.0,1.0,1.0
1020.0,-960.0,340.22204441481773,680.4440888296353,0.0,1.0,1.0
1080.0,-960.0,340.22204441481773,680.4440888296353,0.0,1.0,1.0
1140.0,-960.0,340.22204441481773,680.4440888296353,0.0,1.0,1.0
1200.0,-960.0,340.22204441481773,680.4440888296353,0.0,1.0,1.0
1260.0,-960.0,340.22204441481773,680.4440888296353,0.0,1.0,1.0
1320.0,-960.0,340.22204441481773,680.4440888296353,0.0,1.0,1.0
1380.0,-960.0,340.22204441481773,680.4440888296353,0.0,1.0,1.0
1440.0,-960.0,340.22204441481773,680.4440888296353,0.0,1.0,1.0
1500.0,-960.0,340.22204441481773,680.4440888296353,0.0,1.0,1.0
-1500.0,-900.0,340.22204441481773,680.4440888296353,0.0,1.0,1.0
-1440.0,-900.0,340.22204441481773,680.4440888296353,0.0,1.0,1.0
-1380.0,-900.0,340.22204441481773,680.4440888296353,0.0,1.0,1.0
-1320.0,-900.0,340.22204441481773,680.4440888296353,0.0,1.0,1.0
-1260.0,-900.0,340.22204441481773,680.4440888296353,0.0,1.0,1.0
-1200.0,-900.0,340.22204441481773,680.4440888296353,0.0,1.0,1.0
-1140.0,-900.0,340.22204441481773,680.4440888296353,0.0,1.0,1.0
-1080.0,-900.0,340.22204441481773,680.4440888296353,0.0,1.0,1.0
-1020.0,-900.0,340.22204441481773,680.4440888296353,0.0,1.0,1.0
-960.0,-900.0,340.22204441481773,680.4440888296353,0.0,1.0,1.0
-900.0,-900.0,340.22204441481773,680.4440888296353,0.0,1.0,1.0
-840.0,-900.0,340.22204441481773,680.4440888296353,0.0,1.0,1.0
-780.0,-900.0,340.22204441481773,680.4440888296353,0.0,1.0,1.0
-720.0,-900.0,340.22204441481773,680.4440888296353,0.0,1.0,1.0
-660.0,-900.0,340.22204441481773,680.4440888296353,0.0,1.0,1.0
-600.0,-900.0,340.22204441481773,680.4440888296353,0.0,1.0,1.0
-540.0,-900.0,340.22204441481773,680.4440888296353,0.0,1.0,1.0
-480.0,-900.0,340.22204441481773,680.4440888296353,0.0,1.0,1.0
-420.0,-900.0,340.22204441481773,680.4440888296353,0.0,1.0,1.0
-360.0,-900.0,340.22204441481773,680.4440888296353,0.0,1.0,1.0
-300.0,-900.0,340.22204441481773,680.4440888296353,0.0,1.0,1.0
-240.0,-900.0,340.22204441481773,680.4440888296353,0.0,1.0,1.0
-180.0,-900.0,340.22204441481773,680.4440888296353,0.0,1.0,1.0
-120.0,-900.0,340.22204441481773,680.4440888296353,0.0,1.0,1.0
-60.0,-900.0,340.22204441481773,680.4440888296353,0.0,1.0,1.0
0.0,-900.0,340.22204441481773,680.4440888296353,0.0,1.0,1.0
60.0,-900.0,340.22204441481773,680.4440888296353,0.0,1.0,1.0
120.0,-900.0,340.22204441481773,680.4440888296353,0.0,1.0,1.0
180.0,-900.0,340.22204441481773,680.4440888296353,0.0,1.0,1.0
240.0,-900.0,340.22204441481773,680.4440888296353,0.0,1.0,1.0
300.0,-900.0,340.22204441481773,680.4440888296353,0.0,1.0,1.0
360.0,-900.0,340.22204441481773,680.4440888296353,0.0,1.0,1.0
420.0,-900.0,340.22204441481773,680.4440888296353,0.0,1.0,1.0
480.0,-900.0,340.22204441481773,680.4440888296353,0.0,1.0,1.0
540.0,-900.0,340.22204441481773,680.4440888296353,0.0,1.0,1.0
600.0,-900.0,340.22204441481773,680.4440888296353,0.0,1.0,1.0
660.0,-900.0,340.22204441481773,680.4440888296353,0.0,1.0,1.0
720.0,-900.0,340.22204441481773,680.4440888296353,0.0,1.0,1.0
780.0,-900.0,340.22204441481773,680.4440888296353,0.0,1.0,1.0
840.0,-900.0,340.22204441481773,680.4440888296353,0.0,1.0,1.0
900.0,-900.0,340.22204441481773,680.4440888296353,0.0,1.0,1.0
960.0,-900.0,340.22204441481773,680.4440888296353,0.0,1.0,1.0
1020.0,-900.0,340.22204441481773,680.4440888296353,0.0,1.0,1.0
1080.0,-900.0,340.22204441481773,680.4440888296353,0.0,1.0,1.0
1140.0,-900.0,340.22204441481773,680.4440888296353,0.0,1.0,1.0
1200.0,-900.0,340.22204441481773,680.4440888296353,0.0,1.0,1.0
1260.0,-900.0,340.22204441481773,680.4440888296353,0.0,1.0,1.0
1320.0,-900.0,340.22204441481773,680.4440888296353,0.0,1.0,1.0
1380.0,-900.0,340.22204441481773,680.4440888296353,0.0,1.0,1.0
1440.0,-900.0,340.22204441481773,680.4440888296353,0.0,1.0,1.0
1500.0,-900.0,340.22204441481773,680.4440888296353,0.0,1.0,1.0
-1560.0,-840.0,340.22204441481773,680.4440888296353,0.0,1.0,1.0
-1500.0,-840.0,340.22204441481773,680.4440888296353,0.0,1.0,1.0
-1440.0,-840.0,340.22204441481773,680.4440888296353,0.0,1.0,1.0
-1380.0,-840.0,340.22204441481773,680.4440888296353,0.0,1.0,1.0
-1320.0,-840.0,340.22204441481773,680.4440888296353,0.0,1.0,1.0
-1260.0,-840.0,340.22204441481773,680.4440888296353,0.0,1.0,1.0
-1200.0,-840.0,340.22204441481773,680.4440888296353,0.0,1.0,1.0
-1140.0,-840.0,340.22204441481773,680.4440888296353,0.0,1.0,1.0
-1080.0,-840.0,340.22204441481773,680.4440888296353,0.0,1.0,1.0
-1020.0,-840.0,340.22204441481773,680.4440888296353,0.0,1.0,1.0
-960.0,-840.0,340.22204441481773,680.4440888296353,0.0,1.0,1.0
-900.0,-840.0,340.22204441481773,680.4440888296353,0.0,1.0,1.0
-840.0,-840.0,340.22204441481773,680.4440888296353,0.0,1.0,1.0
-780.0,-840.0,340.22204441481773,680.4440888296353,0.0,1.0,1.0
-720.0,-840.0,340.22204441481773,680.4440888296353,0.0,1.0,1.0
-660.0,-840.0,340.22204441481773,680.4440888296353,0.0,1.0,1.0
-600.0,-840.0,340.22204441481773,680.4440888296353,0.0,1.0,1.0
-540.0,-840.0,340.22204441481773,680.4440888296353,0.0,1.0,1.0
-480.0,-840.0,340.22204441481773,680.4440888296353,0.0,1.0,1.0
-420.0,-840.0,340.22204441481773,680.4440888296353,0.0,1.0,1.0
-360.0,-840.0,340.22204441481773,680.4440888296353,0.0,1.0,1.0
-300.0,-840.0,340.22204441481773,680.4440888296353,0.0,1.0,1.0
-240.0,-840.0,340.22204441481773,680.4440888296353,0.0,1.0,1.0
-180.0,-840.0,340.22204441481773,680.4440888296353,0.0,1.0,1.0
-120.0,-840.0,340.22204441481773,680.4440888296353,0.0,1.0,1.0
-60.0,-840.0,340.22204441481773,680.4440888296353,0.0,1.0,1.0
0.0,-840.0,340.22204441481773,680.4440888296353,0.0,1.0,1.0
60.0,-840.0,340.22204441481773,680.4440888296353,0.0,1.0,1.0
120.0,-840.0,340.22204441481773,680.4440888296353,0.0,1.0,1.0
180.0,-840.0,340.22204441481773,680.4440888296353,0.0,1.0,1.0
240.0,-840.0,340.22204441481773,680.4440888296353,0.0,1.0,1.0
300.0,-840.0,340.22204441481773,680.4440888296353,0.0,1.0,1.0
360.0,-840.0,340.22204441481773,680.4440888296353,0.0,1.0,1.0
420.0,-840.0,340.22204441481773,680.4440888296353,0.0,1.0,1.0
480.0,-840.0,340.22204441481773,680.4440888296353,0.0,1.0,1.0
540.0,-840.0,340.22204441481773,680.4440888296353,0.0,1.0,1.0
600.0,-840.0,340.22204441481773,680.4440888296353,0.0,1.0,1.0
660.0,-840.0,340.22204441481773,680.4440888296353,0.0,1.0,1.0
720.0,-840.0,340.22204441481773,680.4440888296353,0.0,1.0,1.0
780.0,-840.0,340.22204441481773,680.4440888296353,0.0,1.0,1.0
840.0,-840.0,340.22204441481773,680.4440888296353,0.0,1.0,1.0
900.0,-840.0,340.22204441481773,680.4440888296353,0.0,1.0,1.0
960.0,-840.0,340.22204441481773,680.4440888296353,0.0,1.0,1.0
1020.0,-840.0,340.22204441481773,680.4440888296353,0.0,1.0,1.0
1080.0,-840.0,340.22204441481773,680.4440888296353,0.0,1.0,1.0
1140.0,-840.0,340.22204441481773,680.4440888296353,0.0,1.0,1.0
1200.0,-840.0,340.22204441481773,680.4440888296353,0.0,1.0,1.0
1260.0,-840.0,340.22204441481773,680.4440888296353,0.0,1.0,1.0
1320.0,-840.0,340.22204441481773,680.4440888296353,0.0,1.0,1.0
1380.0,-840.0,340.22204441481773,680.4440888296353,0.0,1.0,1.0
1440.0,-840.0,340.22204441481773,680.4440888296353,0.0,1.0,1.0
1500.0,-840.0,340.22204441481773,680.4440888296353,0.0,1.0,1.0
1560.0,-840.0,340.22204441481773,680.4440888296353,0.0,1.0,1.0
-1620.0,-780.0,340.22204441481773,680.4440888296353,0.0,1.0,1.0
-1560.0,-780.0,340.22204441481773,680.4440888296353,0.0,1.0,1.0
-1500.0,-780.0,340.22204441481773,680.4440888296353,0.0,1.0,1.0
-1440.0,-780.0,340.22204441481773,680.4440888296353,0.0,1.0,1.0
-1380.0,-780.0,340.22204441481773,680.4440888296353,0.0,1.0,1.0
-1320.0,-780.0,340.22204441481773,680.4440888296353,0.0,1.0,1.0
-1260.0,-780.0,340.22204441481773,680.4440888296353,0.0,1.0,1.0
-1200.0,-780.0,340.22204441481773,680.4440888296353,0.0,1.0,1.0
-1140.0,-780.0,340.22204441481773,680.4440888296353,0.0,1.0,1.0
-1080.0,-780.0,340.22204441481773,680.4440888296353,0.0,1.0,1.0
-1020.0,-780.0,340.22204441481773,680.4440888296353,0.0,1.0,1.0
-960.0,-780.0,340.22204441481773,680.4440888296353,0.0,1.0,1.0
-900.0,-780.0,340.22204441481773,680.4440888296353,0.0,1.0,1.0
-840.0,-780.0,340.22204441481773,680.4440888296353,0.0,1.0,1.0
-780.0,-780.0,340.22204441481773,680.4440888296353,0.0,1.0,1.0
-720.0,-780.0,340.22204441481773,680.4440888296353,0.0,1.0,1.0
-660.0,-780.0,340.22204441481773,680.4440888296353,0.0,1.0,1.0
-600.0,-780.0,340.22204441481773,680.4440888296353,0.0,1.0,1.0
-540.0,-780.0,340.22204441481773,680.4440888296353,0.0,1.0,1.0
-480.0,-780.0,340.22204441481773,680.4440888296353,0.0,1.0,1.0
-420.0,-780.0,340.22204441481773,680.4440888296353,0.0,1.0,1.0
-360.0,-780.0,340.22204441481773,680.4440888296353,0.0,1.0,1.0
-300.0,-780.0,340.22204441481773,680.4440888296353,0.0,1.0,1.0
-240.0,-780.0,340.22204441481773,680.4440888296353,0.0,1.0,1.0
-180.0,-780.0,340.22204441481773,680.4440888296353,0.0,1.0,1.0
-120.0,-780.0,340.22204441481773,680.4440888296353,0.0,1.0,1.0
-60.0,-780.0,340.22204441481773,680.4440888296353,0.0,1.0,1.0
0.0,-780.0,340.22204441481773,680.4440888296353,0.0,1.0,1.0
60.0,-780.0,340.22204441481773,680.4440888296353,0.0,1.0,1.0
120.0,-780.0,340.22204441481773,680.4440888296353,0.0,1.0,1.0
180.0,-780.0,340.22204441481773,680.4440888296353,0.0,1.0,1.0
240.0,-780.0,340.22204441481773,680.4440888296353,0.0,1.0,1.0
300.0,-780.0,340.22204441481773,680.4440888296353,0.0,1.0,1.0
360.0,-780.0,340.22204441481773,680.4440888296353,0.0,1.0,1.0
420.0,-780.0,340.22204441481773,680.4440888296353,0.0,1.0,1.0
480.0,-780.0,340.22204441481773,680.4440888296353,0.0,1.0,1.0
540.0,-780.0,340.22204441481773,680.4440888296353,0.0,1.0,1.0
600.0,-780.0,340.22204441481773,680.4440888296353,0.0,1.0,1.0
660.0,-780.0,340.22204441481773,680.4440888296353,0.0,1.0,1.0
720.0,-780.0,340.22204441481773,680.4440888296353,0.0,1.0,1.0
780.0,-780.0,340.22204441481773,680.4440888296353,0.0,1.0,1.0
840.0,-780.0,340.22204441481773,680.4440888296353,0.0,1.0,1.0
900.0,-780.0,340.22204441481773,680.4440888296353,0.0,1.0,1.0
960.0,-780.0,340.22204441481773,680.4440888296353,0.0,1.0,1.0
1020.0,-780.0,339.44061013554636,678.8812202710927,0.0,1.0,1.0
1080.0,-780.0,335.4136526014441,670.8273052028879,0.0,1.0,1.0
1140.0,-780.0,332.84224361330524,665.6844872266106,0.0,1.0,1.0
1200.0,-780.0,331.80397065879356,663.6079413175871,0.0,1.0,1.0
1260.0,-780.0,332.39398886124286,664.7879777224858,0.0,1.0,1.0
1320.0,-780.0,334.728506685143,669.4570133702861,0.0,1.0,1.0
1380.0,-780.0,338.955663751787,677.9113275035738,0.0,1.0,1.0
1440.0,-780.0,340.22204441481773,680.4440888296353,0.0,1.0,1.0
1500.0,-780.0,340.22204441481773,680.4440888296353,0.0,1.0,1.0
1560.0,-780.0,340.22204441481773,680.4440888296353,0.0,1.0,1.0
1620.0,-780.0,340.22204441481773,680.4440888296353,0.0,1.0,1.0
-1620.0,-720.0,340.22204441481773,680.4440888296353,0.0,1.0,1.0
-1560.0,-720.0,340.22204441481773,680.4440888296353,0.0,1.0,1.0
-1500.0,-720.0,340.22204441481773,680.4440888296353,0.0,1.0,1.0
-1440.0,-720.0,340.22204441481773,680.4440888296353,0.0,1.0,1.0
-1380.0,-720.0,340.22204441481773,680.4440888296353,0.0,1.0,1.0
-1320.0,-720.0,340.22204441481773,680.4440888296353,0.0,1.0,1.0
-1260.0,-720.0,340.22204441481773,680.4440888296353,0.0,1.0,1.0
-1200.0,-720.0,340.22204441481773,680.4440888296353,0.0,1.0,1.0
-1140.0,-720.0,340.22204441481773,680.4440888296353,0.0,1.0,1.0
-1080.0,-720.0,340.22204441481773,680.4440888296353,0.0,1.0,1.0
-1020.0,-720.0,340.22204441481773,680.4440888296353,0.0,1.0,1.0
-960.0,-720.0,340.22204441481773,680.4440888296353,0.0,1.0,1.0
-900.0,-720.0,340.22204441481773,680.4440888296353,0.0,1.0,1.0
-840.0,-720.0,340.22204441481773,680.4440888296353,0.0,1.0,1.0
-780.0,-720.0,340.22204441481773,680.4440888296353,0.0,1.0,1.0
-720.0,-720.0,340.22204441481773,680.4440888296353,0.0,1.0,1.0
-660.0,-720.0,340.22204441481773,680.4440888296353,0.0,1.0,1.0
-600.0,-720.0,340.22204441481773,680.4440888296353,0.0,1.0,1.0
-540.0,-720.0,340.22204441481773,680.4440888296353,0.0,1.0,1.0
-480.0,-720.0,340.22204441481773,680.4440888296353,0.0,1.0,1.0
-420.0,-720.0,340.22204441481773,680.4440888296353,0.0,1.0,1.0
-360.0,-720.0,340.22204441481773,680.4440888296353,0.0,1.0,1.0
-300.0,-720.0,340.22204441481773,680.4440888296353,0.0,1.0,1.0
-240.0,-720.0,340.22204441481773,680.4440888296353,0.0,1.0,1.0
-180.0,-720.0,340.22204441481773,680.4440888296353,0.0,1.0,1.0
-120.0,-720.0,340.22204441481773,680.4440888296353,0.0,1.0,1.0
-60.0,-720.0,340.22204441481773,680.4440888296353,0.0,1.0,1.0
0.0,-720.0,340.22204441481773,680.4440888296353,0.0,1.0,1.0
60.0,-720.0,340.22204441481773,680.4440888296353,0.0,1.0,1.0
120.0,-720.0,340.22204441481773,680.4440888296353,0.0,1.0,1.0
180.0,-720.0,340.22204441481773,680.4440888296353,0.0,1.0,1.0
240.0,-720.0,340.22204441481773,680.4440888296353,0.0,1.0,1.0
300.0,-720.0,340.22204441481773,680.4440888296353,0.0,1.0,1.0
360.0,-720.0,340.22204441481773,680.4440888296353,0.0,1.0,1.0
420.0,-720.0,340.22204441481773,680.4440888296353,0.0,1.0,1.0
480.0,-720.0,340.22204441481773,680.4440888296353,0.0,1.0,1.0
540.0,-720.0,340.22204441481773,680.4440888296353,0.0,1.0,1.0
600.0,-720.0,340.22204441481773,680.4440888296353,0.0,1.0,1.0
660.0,-720.0,340.22204441481773,680.4440888296353,0.0,1.0,1.0
720.0,-720.0,340.22204441481773,680.4440888296353,0.0,1.0,1.0
780.0,-720.0,340.22204441481773,680.4440888296353,0.0,1.0,1.0
840.0,-720.0,330.8819718612012,661.7639437224024,0.0,1.0,1.0
900.0,-720.0,322.2260037887528,644.4520075775056,0.0,1.0,1.0
960.0,-720.0,314.86245336696834,629.7249067339367,0.0,1.0,1.0
1020.0,-720.0,308.841225483602,617.682450967204,0.0,1.0,1.0
1080.0,-720.0,304.1899975103471,608.3799950206943,0.0,1.0,1.0
1140.0,-720.0,300.96360797885467,601.9272159577093,0.0,1.0,1.0
1200.0,-720.0,299.23242277221215,598.4648455444243,0.0,1.0,1.0
1260.0,-720.0,299.0830192472605,598.1660384945208,0.0,1.0,1.0
1320.0,-720.0,300.6212524372354,601.2425048744707,0.0,1.0,1.0
1380.0,-720.0,303.9877703902201,607.9755407804402,0.0,1.0,1.0
1440.0,-720.0,309.36340580471494,618.7268116094298,0.0,1.0,1.0
1500.0,-720.0,316.9427192161804,633.8854384323606,0.0,1.0,1.0
1560.0,-720.0,327.0373482447526,654.0746964895053,0.0,1.0,1.0
1620.0,-720.0,340.03184617863633,680.0636923572727,0.0,1.0,1.0
-1620.0,-660.0,340.22204441481773,680.4440888296353,0.0,1.0,1.0
-1560.0,-660.0,340.22204441481773,680.4440888296353,0.0,1.0,1.0
-1500.0,-660.0,340.22204441481773,680.4440888296353,0.0,1.0,1.0
-1440.0,-660.0,340.22204441481773,680.4440888296353,0.0,1.0,1.0
-1380.0,-660.0,340.22204441481773,680.4440888296353,0.0,1.0,1.0
-1320.0,-660.0,340.22204441481773,680.4440888296353,0.0,1.0,1.0
-1260.0,-660.0,340.22204441481773,680.4440888296353,0.0,1.0,1.0
-1200.0,-660.0,340.22204441481773,680.4440888296353,0.0,1.0,1.0
-1140.0,-660.0,340.22204441481773,680.4440888296353,0.0,1.0,1.0
-1080.0,-660.0,340.22204441481773,680.4440888296353,0.0,1.0,1.0
-1020.0,-660.0,340.22204441481773,680.4440888296353,0.0,1.0,1.0
-960.0,-660.0,340.22204441481773,680.4440888296353,0.0,1.0,1.0
-900.0,-660.0,340.22204441481773,680.4440888296353,0.0,1.0,1.0
-840.0,-660.0,340.22204441481773,680.4440888296353,0.0,1.0,1.0
-780.0,-660.0,340.22204441481773,680.4440888296353,0.0,1.0,1.0
-720.0,-660.0,340.22204441481773,680.4440888296353,0.0,1.0,1.0
-660.0,-660.0,340.22204441481773,680.4440888296353,0.0,1.0,1.0
-600.0,-660.0,340.22204441481773,680.4440888296353,0.0,1.0,1.0
-540.0,-660.0,340.22204441481773,680.4440888296353,0.0,1.0,1.0
-480.0,-660.0,340.22204441481773,680.4440888296353,0.0,1.0,1.0
-420.0,-660.0,340.22204441481773,680.4440888296353,0.0,1.0,1.0
-360.0,-660.0,340.22204441481773,680.4440888296353,0.0,1.0,1.0
-300.0,-660.0,340.22204441481773,680.4440888296353,0.0,1.0,1.0
-240.0,-660.0,340.22204441481773,680.4440888296353,0.0,1.0,1.0
-180.0,-660.0,340.22204441481773,680.4440888296353,0.0,1.0,1.0
-120.0,-660.0,340.22204441481773,680.4440888296353,0.0,1.0,1.0
-60.0,-660.0,340.22204441481773,680.4440888296353,0.0,1.0,1.0
0.0,-660.0,340.22204441481773,680.4440888296353,0.0,1.0,1.0
60.0,-660.0,340.22204441481773,680.4440888296353,0.0,1.0,1.0
120.0,-660.0,340.22204441481773,680.4440888296353,0.0,1.0,1.0
180.0,-660.0,340.22204441481773,680.4440888296353,0.0,1.0,1.0
240.0,-660.0,340.22204441481773,680.4440888296353,0.0,1.0,1.0
300.0,-660.0,340.22204441481773,680.4440888296353,0.0,1.0,1.0
360.0,-660.0,340.22204441481773,680.4440888296353,0.0,1.0,1.0
420.0,-660.0,340.22204441481773,680.4440888296353,0.0,1.0,1.0
480.0,-660.0,340.22204441481773,680.4440888296353,0.0,1.0,1.0
540.0,-660.0,340.22204441481773,680.4440888296353,0.0,1.0,1.0
600.0,-660.0,340.22204441481773,680.4440888296353,0.0,1.0,1.0
660.0,-660.0,337.54449675984074,675.0889935196815,0.0,1.0,1.0
720.0,-660.0,324.54165658496663,649.0833131699334,0.0,1.0,1.0
780.0,-660.0,312.78727437526663,625.5745487505334,0.0,1.0,1.0
840.0,-660.0,302.3016292940669,604.6032585881339,0.0,1.0,1.0
900.0,-660.0,283.28286792977326,566.5657358590952,0.0,0.9608830100657362,1.0
960.0,-660.0,275.87711435367424,551.7542287073484,0.0,0.9608830100657362,1.0
1020.0,-660.0,269.64708374277996,539.2941674855598,0.0,0.9608830100657362,1.0
1080.0,-660.0,264.6293791696169,529.258758339234,0.0,0.9608830100657362,1.0
1140.0,-660.0,260.89234217714153,521.7846843542832,0.0,0.9608830100657362,1.0
1200.0,-660.0,258.5005824493476,517.001164898695,0.0,0.9608830100657362,1.0
1260.0,-660.0,257.54991809994,515.0998361998801,0.0,0.9608830100657362,1.0
1320.0,-660.0,258.153713977229,516.3074279544579,0.0,0.9608830100657362,1.0
1380.0,-660.0,260.4623506082977,520.9247012165953,0.0,0.9608830100657362,1.0
1440.0,-660.0,264.6068345029303,529.2136690058605,0.0,0.9608830100657362,1.0
1500.0,-660.0,270.7373967923367,541.4747935846733,0.0,0.9608830100657362,1.0
1560.0,-660.0,279.0735162839022,558.1470325678043,0.0,0.9608830100657362,1.0
1620.0,-660.0,301.0288880026852,602.0577760053704,0.0,1.0,1.0
-1680.0,-600.0,340.22204441481773,680.4440888296353,0.0,1.0,1.0
-1620.0,-600.0,340.22204441481773,680.4440888296353,0.0,1.0,1.0
-1560.0,-600.0,340.22204441481773,680.4440888296353,0.0,1.0,1.0
-1500.0,-600.0,340.22204441481773,680.4440888296353,0.0,1.0,1.0
-1440.0,-600.0,340.22204441481773,680.4440888296353,0.0,1.0,1.0
-1380.0,-600.0,340.22204441481773,680.4440888296353,0.0,1.0,1.0
-1320.0,-600.0,340.22204441481773,680.4440888296353,0.0,1.0,1.0
-1260.0,-600.0,340.22204441481773,680.4440888296353,0.0,1.0,1.0
-1200.0,-600.0,340.22204441481773,680.4440888296353,0.0,1.0,1.0
-1140.0,-600.0,340.22204441481773,680.4440888296353,0.0,1.0,1.0
-1080.0,-600.0,340.22204441481773,680.4440888296353,0.0,1.0,1.0
-1020.0,-600.0,340.22204441481773,680.4440888296353,0.0,1.0,1.0
-960.0,-600.0,340.22204441481773,680.4440888296353,0.0,1.0,1.0
-900.0,-600.0,340.22204441481773,680.4440888296353,0.0,1.0,1.0
-840.0,-600.0,340.22204441481773,680.4440888296353,0.0,1.0,1.0
-780.0,-600.0,340.22204441481773,680.4440888296353,0.0,1.0,1.0
-720.0,-600.0,340.22204441481773,680.4440888296353,0.0,1.0,1.0
-660.0,-600.0,340.22204441481773,680.4440888296353,0.0,1.0,1.0
-600.0,-600.0,340.22204441481773,680.4440888296353,0.0,1.0,1.0
-540.0,-600.0,340.22204441481773,680.4440888296353,0.0,1.0,1.0
-480.0,-600.0,340.22204441481773,680.4440888296353,0.0,1.0,1.0
-420.0,-600.0,340.22204441481773,680.4440888296353,0.0,1.0,1.0
-360.0,-600.0,340.22204441481773,680.4440888296353,0.0,1.0,1.0
-300.0,-600.0,340.22204441481773,680.4440888296353,0.0,1.0,1.0
-240.0,-600.0,340.22204441481773,680.4440888296353,0.0,1.0,1.0
-180.0,-600.0,340.22204441481773,680.4440888296353,0.0,1.0,1.0
-120.0,-600.0,340.22204441481773,680.4440888296353,0.0,1.0,1.0
-60.0,-600.0,340.22204441481773,680.4440888296353,0.0,1.0,1.0
0.0,-600.0,340.22204441481773,680.4440888296353,0.0,1.0,1.0
60.0,-600.0,340.22204441481773,680.4440888296353,0.0,1.0,1.0
120.0,-600.0,340.22204441481773,680.4440888296353,0.0,1.0,1.0
180.0,-600.0,340.22204441481773,680.4440888296353,0.0,1.0,1.0
240.0,-600.0,340.22204441481773,680.4440888296353,0.0,1.0,1.0
300.0,-600.0,340.22204441481773,680.4440888296353,0.0,1.0,1.0
360.0,-600.0,340.22204441481773,680.4440888296353,0.0,1.0,1.0
420.0,-600.0,340.22204441481773,680.4440888296353,0.0,1.0,1.0
480.0,-600.0,340.22204441481773,680.4440888296353,0.0,1.0,1.0
540.0,-600.0,340.22204441481773,680.4440888296353,0.0,1.0,1.0
600.0,-600.0,325.77088835427224,651.5417767085444,0.0,1.0,1.0
660.0,-600.0,310.96536546132984,621.9307309226599,0.0,1.0,1.0
720.0,-600.0,287.4228659399676,574.8456754358285,0.0,0.9608830100657362,1.0
780.0,-600.0,276.0205555543914,552.0411111087828,0.0,0.9608830100657362,1.0
840.0,-600.0,265.76322948255586,531.5264589651117,0.0,0.9608830100657362,1.0
900.0,-600.0,256.60881484810847,513.217629696217,0.0,0.9608830100657362,1.0
960.0,-600.0,240.93422190300262,481.86844380600513,0.0,0.9217660201314736,1.0000000000000002
1020.0,-600.0,234.22037920587255,468.4407584117452,0.0,0.9217660201314736,1.0
1080.0,-600.0,228.5644288507891,457.12885770157817,0.0,0.9217660201314736,1.0
1140.0,-600.0,224.08161109893032,448.16322219786076,0.0,0.9217660201314736,1.0
1200.0,-600.0,213.06933170318575,426.1386630801038,0.0,0.8826490301972084,1.0000000000000002
1260.0,-600.0,211.24818863839067,422.49637724196197,0.0,0.8826490301972084,1.0000000000000002
1320.0,-600.0,210.85009666053807,421.70019329053855,0.0,0.8826490301972084,1.0000000000000002
1380.0,-600.0,211.9552563013146,423.9105124866466,0.0,0.8826490301972084,1.0000000000000002
1440.0,-600.0,222.04198635914702,444.0839727182941,0.0,0.9168763963896902,1.0
1500.0,-600.0,227.9961641970882,455.9923283941763,0.0,0.9217660201314736,1.0
1560.0,-600.0,234.92557695087964,469.8511539017593,0.0,0.9217660201314736,1.0
1620.0,-600.0,250.62454239470898,501.2490847894182,0.0,0.9486589507112793,1.0
1680.0,-600.0,266.3756574938024,532.7513149876047,0.0,0.9608830100657362,1.0
-1680.0,-540.0,340.22204441481773,680.4440888296353,0.0,1.0,1.0
-1620.0,-540.0,340.22204441481773,680.4440888296353,0.0,1.0,1.0
-1560.0,-540.0,340.22204441481773,680.4440888296353,0.0,1.0,1.0
-1500.0,-540.0,340.22204441481773,680.4440888296353,0.0,1.0,1.0
-1440.0,-540.0,340.22204441481773,680.4440888296353,0.0,1.0,1.0
-1380.0,-540.0,340.22204441481773,680.4440888296353,0.0,1.0,1.0
-1320.0,-540.0,340.22204441481773,680.4440888296353,0.0,1.0,1.0
-1260.0,-540.0,340.22204441481773,680.4440888296353,0.0,1.0,1.0
-1200.0,-540.0,340.22204441481773,680.4440888296353,0.0,1.0,1.0
-1140.0,-540.0,340.22204441481773,680.4440888296353,0.0,1.0,1.0
-1080.0,-540.0,340.22204441481773,680.4440888296353,0.0,1.0,1.0
-1020.0,-540.0,340.22204441481773,680.4440888296353,0.0,1.0,1.0
-960.0,-540.0,340.22204441481773,680.4440888296353,0.0,1.0,1.0
-900.0,-540.0,340.22204441481773,680.4440888296353,0.0,1.0,1.0
-840.0,-540.0,340.22204441481773,680.4440888296353,0.0,1.0,1.0
-780.0,-540.0,340.22204441481773,680.4440888296353,0.0,1.0,1.0
-720.0,-540.0,340.22204441481773,680.4440888296353,0.0,1.0,1.0
-660.0,-540.0,340.22204441481773,680.4440888296353,0.0,1.0,1.0
-600.0,-540.0,340.22204441481773,680.4440888296353,0.0,1.0,1.0
-540.0,-540.0,340.22204441481773,680.4440888296353,0.0,1.0,1.0
-480.0,-540.0,340.22204441481773,680.4440888296353,0.0,1.0,1.0
-420.0,-540.0,340.22204441481773,680.4440888296353,0.0,1.0,1.0
-360.0,-540.0,340.22204441481773,680.4440888296353,0.0,1.0,1.0
-300.0,-540.0,340.22204441481773,680.4440888296353,0.0,1.0,1.0
-240.0,-540.0,340.22204441481773,680.4440888296353,0.0,1.0,1.0
-180.0,-540.0,340.22204441481773,680.4440888296353,0.0,1.0,1.0
-120.0,-540.0,340.22204441481773,680.4440888296353,0.0,1.0,1.0
-60.0,-540.0,340.22204441481773,680.4440888296353,0.0,1.0,1.0
0.0,-540.0,340.22204441481773,680.4440888296353,0.0,1.0,1.0
60.0,-540.0,340.22204441481773,680.4440888296353,0.0,1.0,1.0
120.0,-540.0,340.22204441481773,680.4440888296353,0.0,1.0,1.0
180.0,-540.0,340.22204441481773,680.4440888296353,0.0,1.0,1.0
240.0,-540.0,340.22204441481773,680.4440888296353,0.0,1.0,1.0
300.0,-540.0,340.22204441481773,680.4440888296353,0.0,1.0,1.0
360.0,-540.0,340.22204441481773,680.4440888296353,0.0,1.0,1.0
420.0,-540.0,340.22204441481773,680.4440888296353,0.0,1.0,1.0
480.0,-540.0,334.5982893618514,669.1965787237028,0.0,1.0,1.0
540.0,-540.0,316.7181681449423,633.4363362898844,0.0,1.0,1.0
600.0,-540.0,300.0860273252147,600.1720546504293,0.0,1.0,1.0
660.0,-540.0,275.64373183370736,551.2874634476212,0.0,0.9608830100657362,1.0
720.0,-540.0,262.6375668984814,525.2751337969628,0.0,0.9608830100657362,1.0
780.0,-540.0,243.82961656557916,487.6591055476097,0.0,0.9217660201314736,1.0000000000000002
840.0,-540.0,233.71733654838673,467.4346730967737,0.0,0.9217660201314736,1.0
900.0,-540.0,218.3623277068246,436.72465446079957,0.0,0.8826490301972084,1.0000000000000002
960.0,-540.0,210.01246054678128,420.02492078250845,0.0,0.8826490301972084,1.0000000000000002
1020.0,-540.0,202.4310289770572,404.8620579541143,0.0,0.8826490301972084,1.0000000000000002
1080.0,-540.0,189.59984249781843,379.19968487573954,0.0,0.8435320402629425,1.0000000000000002
1140.0,-540.0,184.3410740752557,368.6821481422715,0.0,0.8435320402629425,1.0000000000000002
1200.0,-540.0,180.36148837920055,360.7229767584011,0.0,0.8435320402629425,1.0000000000000002
1260.0,-540.0,173.13151716696072,346.26303370062703,0.0,0.8166391096831349,1.0000000000000002
1320.0,-540.0,169.78084825248052,339.5616957947057,0.0,0.8044150503286775,1.0000000000000004
1380.0,-540.0,172.3185147709506,344.63702914289297,0.0,0.8190839215540269,1.0000000000000002
1440.0,-540.0,178.34762627747986,356.69525255495967,0.0,0.8435320402629425,1.0000000000000002
1500.0,-540.0,181.74736062007497,363.49472124015006,0.0,0.8435320402629425,1.0000000000000002
1560.0,-540.0,186.92201181424707,373.84402358825247,0.0,0.8435320402629425,1.0000000000000002
1620.0,-540.0,202.17546398494926,404.3509279698985,0.0,0.8826490301972084,1.0000000000000002
1680.0,-540.0,212.23185067386888,424.46370104272376,0.0,0.8826490301972084,1.0000000000000002
-1680.0,-480.0,340.22204441481773,680.4440888296353,0.0,1.0,1.0
-1620.0,-480.0,340.22204441481773,680.4440888296353,0.0,1.0,1.0
-1560.0,-480.0,340.22204441481773,680.4440888296353,0.0,1.0,1.0
-1500.0,-480.0,340.22204441481773,680.4440888296353,0.0,1.0,1.0
-1440.0,-480.0,340.22204441481773,680.4440888296353,0.0,1.0,1.0
-1380.0,-480.0,340.22204441481773,680.4440888296353,0.0,1.0,1.0
-1320.0,-480.0,340.22204441481773,680.4440888296353,0.0,1.0,1.0
-1260.0,-480.0,340.22204441481773,680.4440888296353,0.0,1.0,1.0
-1200.0,-480.0,340.22204441481773,680.4440888296353,0.0,1.0,1.0
-1140.0,-480.0,340.22204441481773,680.4440888296353,0.0,1.0,1.0
-1080.0,-480.0,340.22204441481773,680.4440888296353,0.0,1.0,1.0
-1020.0,-480.0,340.22204441481773,680.4440888296353,0.0,1.0,1.0
-960.0,-480.0,340.22204441481773,680.4440888296353,0.0,1.0,1.0
-900.0,-480.0,340.22204441481773,680.4440888296353,0.0,1.0,1.0
-840.0,-480.0,340.22204441481773,680.4440888296353,0.0,1.0,1.0
-780.0,-480.0,340.22204441481773,680.4440888296353,0.0,1.0,1.0
-720.0,-480.0,340.22204441481773,680.4440888296353,0.0,1.0,1.0
-660.0,-480.0,340.22204441481773,680.4440888296353,0.0,1.0,1.0
-600.0,-480.0,340.22204441481773,680.4440888296353,0.0,1.0,1.0
-540.0,-480.0,340.22204441481773,680.4440888296353,0.0,1.0,1.0
-480.0,-480.0,340.22204441481773,680.4440888296353,0.0,1.0,1.0
-420.0,-480.0,340.22204441481773,680.4440888296353,0.0,1.0,1.0
-360.0,-480.0,340.22204441481773,680.4440888296353,0.0,1.0,1.0
-300.0,-480.0,340.22204441481773,680.4440888296353,0.0,1.0,1.0
-240.0,-480.0,340.22204441481773,680.4440888296353,0.0,1.0,1.0
-180.0,-480.0,340.22204441481773,680.4440888296353,0.0,1.0,1.0
-120.0,-480.0,340.22204441481773,680.4440888296353,0.0,1.0,1.0
-60.0,-480.0,340.22204441481773,680.4440888296353,0.0,1.0,1.0
0.0,-480.0,340.22204441481773,680.4440888296353,0.0,1.0,1.0
60.0,-480.0,340.22204441481773,680.4440888296353,0.0,1.0,1.0
120.0,-480.0,340.22204441481773,680.4440888296353,0.0,1.0,1.0
180.0,-480.0,340.22204441481773,680.4440888296353,0.0,1.0,1.0
240.0,-480.0,340.22204441481773,680.4440888296353,0.0,1.0,1.0
300.0,-480.0,340.22204441481773,680.4440888296353,0.0,1.0,1.0
360.0,-480.0,340.22204441481773,680.4440888296353,0.0,1.0,1.0
420.0,-480.0,330.25391927047826,660.5078385409565,0.0,1.0,1.0
480.0,-480.0,310.4349962487071,620.8699924974139,0.0,1.0,1.0
540.0,-480.0,282.146545945578,564.2930918911559,0.0,0.9608830100657362,1.0
600.0,-480.0,266.3056231509018,532.6112463018036,0.0,0.9608830100657362,0.9999999999999999
660.0,-480.0,244.2230539381789,488.44610754977873,0.0,0.9217660201314736,1.0
720.0,-480.0,232.09930960731492,464.19861790337103,0.0,0.9217660201314736,1.0
780.0,-480.0,216.20886269012095,432.41683791949674,0.0,0.8826490301972084,1.0000000000000002
840.0,-480.0,206.36764533494468,412.735287638589,0.0,0.8826490301972084,1.0000000000000002
900.0,-480.0,192.66486868488138,385.3297368608944,0.0,0.8435320402629425,1.0000000000000002
960.0,-480.0,178.7284262353927,357.4568496688469,0.0,0.8044150503286775,1.0000000000000004
1020.0,-480.0,169.6937890082819,339.3875768488834,0.0,0.8044150503286775,1.0000000000000004
1080.0,-480.0,157.05375719771925,314.1075140624425,0.0,0.7652980603944128,1.0000000000000004
1140.0,-480.0,150.80062786328273,301.6012552710916,0.0,0.7652980603944128,1.0000000000000004
1200.0,-480.0,141.3645885220114,282.7291762549148,0.0,0.7310706942019323,1.0000000000000004
1260.0,-480.0,137.18222327067102,274.3644459458881,0.0,0.7261810704601493,1.0000000000000004
1320.0,-480.0,134.8938862622673,269.78777188837813,0.0,0.7261810704601493,1.0000000000000004
1380.0,-480.0,133.9137384145064,267.82747631401236,0.0,0.7261810704601493,1.0000000000000004
1440.0,-480.0,134.2817875211859,268.5635740570217,0.0,0.7261810704601493,1.0000000000000004
1500.0,-480.0,138.90029725631354,277.8005937073607,0.0,0.7457395654272809,1.0000000000000004
1560.0,-480.0,145.55866614803955,291.11733226730064,0.0,0.7652980603944128,1.0000000000000004
1620.0,-480.0,154.13918601485807,308.27837127472645,0.0,0.784856555361545,1.0000000000000002
1680.0,-480.0,165.36934160048213,330.73868310774344,0.0,0.8044150503286775,1.0
-1740.0,-420.0,340.22204441481773,680.4440888296353,0.0,1.0,1.0
-1680.0,-420.0,340.22204441481773,680.4440888296353,0.0,1.0,1.0
-1620.0,-420.0,340.22204441481773,680.4440888296353,0.0,1.0,1.0
-1560.0,-420.0,340.22204441481773,680.4440888296353,0.0,1.0,1.0
-1500.0,-420.0,340.22204441481773,680.4440888296353,0.0,1.0,1.0
-1440.0,-420.0,340.22204441481773,680.4440888296353,0.0,1.0,1.0
-1380.0,-420.0,340.22204441481773,680.4440888296353,0.0,1.0,1.0
-1320.0,-420.0,340.22204441481773,680.4440888296353,0.0,1.0,1.0
-1260.0,-420.0,340.22204441481773,680.4440888296353,0.0,1.0,1.0
-1200.0,-420.0,340.22204441481773,680.4440888296353,0.0,1.0,1.0
-1140.0,-420.0,340.22204441481773,680.4440888296353,0.0,1.0,1.0
-1080.0,-420.0,340.22204441481773,680.4440888296353,0.0,1.0,1.0
-1020.0,-420.0,340.22204441481773,680.4440888296353,0.0,1.0,1.0
-960.0,-420.0,340.22204441481773,680.4440888296353,0.0,1.0,1.0
-900.0,-420.0,340.22204441481773,680.4440888296353,0.0,1.0,1.0
-840.0,-420.0,340.22204441481773,680.4440888296353,0.0,1.0,1.0
-780.0,-420.0,340.22204441481773,680.4440888296353,0.0,1.0,1.0
-720.0,-420.0,340.22204441481773,680.4440888296353,0.0,1.0,1.0
-660.0,-420.0,340.22204441481773,680.4440888296353,0.0,1.0,1.0
-600.0,-420.0,340.22204441481773,680.4440888296353,0.0,1.0,1.0
-540.0,-420.0,340.22204441481773,680.4440888296353,0.0,1.0,1.0
-480.0,-420.0,340.22204441481773,680.4440888296353,0.0,1.0,1.0
-420.0,-420.0,340.22204441481773,680.4440888296353,0.0,1.0,1.0
-360.0,-420.0,340.22204441481773,680.4440888296353,0.0,1.0,1.0
-300.0,-420.0,340.22204441481773,680.4440888296353,0.0,1.0,1.0
-240.0,-420.0,340.22204441481773,680.4440888296353,0.0,1.0,1.0
-180.0,-420.0,340.22204441481773,680.4440888296353,0.0,1.0,1.0
-120.0,-420.0,340.22204441481773,680.4440888296353,0.0,1.0,1.0
-60.0,-420.0,340.22204441481773,680.4440888296353,0.0,1.0,1.0
0.0,-420.0,340.22204441481773,680.4440888296353,0.0,1.0,1.0
60.0,-420.0,340.22204441481773,680.4440888296353,0.0,1.0,1.0
120.0,-420.0,340.22204441481773,680.4440888296353,0.0,1.0,1.0
180.0,-420.0,340.22204441481773,680.4440888296353,0.0,1.0,1.0
240.0,-420.0,340.22204441481773,680.4440888296353,0.0,1.0,1.0
300.0,-420.0,340.22204441481773,680.4440888296353,0.0,1.0,1.0
360.0,-420.0,328.88966193446,657.7793238689201,0.0,1.0,1.0
420.0,-420.0,307.05019166759473,614.1003833351893,0.0,1.0,1.0
480.0,-420.0,277.09751030931085,554.1950206186217,0.0,0.9608830100657362,1.0
540.0,-420.0,259.4046726034325,518.8093452068651,0.0,0.9608830100657362,1.0
600.0,-420.0,235.77438057976323,471.54876115952646,0.0,0.9217660201314736,1.0
660.0,-420.0,216.0186426022165,432.03728520365854,0.0,0.8826490301972084,1.0000000000000002
720.0,-420.0,203.61449486482502,407.22898895496525,0.0,0.8704249708427507,1.0000000000000002
780.0,-420.0,192.51871134207838,385.037408551405,0.0,0.8435320402629425,1.0000000000000002
840.0,-420.0,182.14860838319925,364.2971268533056,0.0,0.8044150503286775,1.0000000000000004
900.0,-420.0,169.96453911988013,339.92907581769066,0.0,0.7652980603944128,1.0000000000000004
960.0,-420.0,155.5280937502321,311.05618563744395,0.0,0.7261810704601493,1.0000000000000004
1020.0,-420.0,143.5389953958692,287.0779888457287,0.0,0.7212914467183666,1.0000000000000002
1080.0,-420.0,131.17817222718494,262.3563405915904,0.0,0.6870640805258856,1.0000000000000004
1140.0,-420.0,119.88484060640893,239.76967949574998,0.0,0.6479470905916211,1.0000000000000004
1200.0,-420.0,113.85317950801374,227.7063571796445,0.0,0.6479470905916211,1.0000000000000004
1260.0,-420.0,107.47467816761822,214.9493533548954,0.0,0.6308334074953806,1.0000000000000004
1320.0,-420.0,102.10928035773414,204.2185582562485,0.0,0.6088301006573569,1.0000000000000004
1380.0,-420.0,100.03915557352514,200.07830855982937,0.0,0.6088301006573569,1.0000000000000007
1440.0,-420.0,99.18171568281679,198.36342939415195,0.0,0.6088301006573569,1.0000000000000007
1500.0,-420.0,102.51547176141366,205.03094265219295,0.0,0.6357230312371638,1.0000000000000004
1560.0,-420.0,105.96438426265439,211.92876718923912,0.0,0.6479470905916211,1.0000000000000004
1620.0,-420.0,112.77988445356256,225.55976825831098,0.0,0.6748400211714283,1.0000000000000004
1680.0,-420.0,121.25314895961989,242.50629616016906,0.0,0.6968433280094517,0.9999999999999999
1740.0,-420.0,134.49062503627718,268.9812486810396,0.0,0.733515506072824,0.9999999999999993
-1740.0,-360.0,340.22204441481773,680.4440888296353,0.0,1.0,1.0
-1680.0,-360.0,340.22204441481773,680.4440888296353,0.0,1.0,1.0
-1620.0,-360.0,340.22204441481773,680.4440888296353,0.0,1.0,1.0
-1560.0,-360.0,340.22204441481773,680.4440888296353,0.0,1.0,1.0
-1500.0,-360.0,340.22204441481773,680.4440888296353,0.0,1.0,1.0
-1440.0,-360.0,340.22204441481773,680.4440888296353,0.0,1.0,1.0
-1380.0,-360.0,340.22204441481773,680.4440888296353,0.0,1.0,1.0
-1320.0,-360.0,340.22204441481773,680.4440888296353,0.0,1.0,1.0
-1260.0,-360.0,340.22204441481773,680.4440888296353,0.0,1.0,1.0
-1200.0,-360.0,340.22204441481773,680.4440888296353,0.0,1.0,1.0
-1140.0,-360.0,340.22204441481773,680.4440888296353,0.0,1.0,1.0
-1080.0,-360.0,340.22204441481773,680.4440888296353,0.0,1.0,1.0
-1020.0,-360.0,340.22204441481773,680.4440888296353,0.0,1.0,1.0
-960.0,-360.0,340.22204441481773,680.4440888296353,0.0,1.0,1.0
-900.0,-360.0,340.22204441481773,680.4440888296353,0.0,1.0,1.0
-840.0,-360.0,340.22204441481773,680.4440888296353,0.0,1.0,1.0
-780.0,-360.0,340.22204441481773,680.4440888296353,0.0,1.0,1.0
-720.0,-360.0,340.22204441481773,680.4440888296353,0.0,1.0,1.0
-660.0,-360.0,340.22204441481773,680.4440888296353,0.0,1.0,1.0
-600.0,-360.0,340.22204441481773,680.4440888296353,0.0,1.0,1.0
-540.0,-360.0,340.22204441481773,680.4440888296353,0.0,1.0,1.0
-480.0,-360.0,340.22204441481773,680.4440888296353,0.0,1.0,1.0
-420.0,-360.0,340.22204441481773,680.4440888296353,0.0,1.0,1.0
-360.0,-360.0,340.22204441481773,680.4440888296353,0.0,1.0,1.0
-300.0,-360.0,340.22204441481773,680.4440888296353,0.0,1.0,1.0
-240.0,-360.0,340.22204441481773,680.4440888296353,0.0,1.0,1.0
-180.0,-360.0,340.22204441481773,680.4440888296353,0.0,1.0,1.0
-120.0,-360.0,340.22204441481773,680.4440888296353,0.0,1.0,1.0
-60.0,-360.0,340.22204441481773,680.4440888296353,0.0,1.0,1.0
0.0,-360.0,340.22204441481773,680.4440888296353,0.0,1.0,1.0
60.0,-360.0,340.22204441481773,680.4440888296353,0.0,1.0,1.0
120.0,-360.0,340.22204441481773,680.4440888296353,0.0,1.0,1.0
180.0,-360.0,340.22204441481773,680.4440888296353,0.0,1.0,1.0
240.0,-360.0,340.22204441481773,680.4440888296353,0.0,1.0,1.0
300.0,-360.0,330.7135639327583,661.4271278655166,0.0,1.0,1.0
360.0,-360.0,306.7036164489896,613.407232897979,0.0,1.0,1.0
420.0,-360.0,274.73737261137245,549.4747451544557,0.0,0.9608830100657362,1.0
480.0,-360.0,255.09869274986642,510.19738549973283,0.0,0.9608830100657362,1.0
540.0,-360.0,229.51847340219427,459.0369468043886,0.0,0.9217660201314736,1.0
600.0,-360.0,207.71932344918963,415.43864654745636,0.0,0.8826490301972084,1.0000000000000002
660.0,-360.0,190.14957147684922,380.2991423452896,0.0,0.8435320402629425,1.0
720.0,-360.0,177.4599602959035,354.9199203068711,0.0,0.8044150503286775,1.0000000000000004
780.0,-360.0,170.21302406437843,340.4260322065445,0.0,0.7652980603944128,1.0000000000000004
840.0,-360.0,166.8706158775496,333.733381255836,0.0,0.7261810704601493,1.0000000000000004
900.0,-360.0,157.64174710825208,315.2379475356601,0.0,0.6870640805258856,1.0000000000000004
960.0,-360.0,141.59548068698075,283.19095259505303,0.0,0.6479470905916211,1.0000000000000004
1020.0,-360.0,124.46071689418089,248.921425614475,0.0,0.6088301006573569,1.0000000000000004
1080.0,-360.0,110.14062384969945,220.28123997905934,0.0,0.5697131107230928,1.0000000000000004
1140.0,-360.0,98.73592837346635,197.47185087524915,0.0,0.5403753682723945,1.0000000000000007
1200.0,-360.0,90.75890180996144,181.5177996471734,0.0,0.5305961207888286,1.0000000000000004
1260.0,-360.0,82.77760753841773,165.5552074380018,0.0,0.49636875459634777,1.0000000000000007
1320.0,-360.0,78.1244088496811,156.24881295213436,0.0,0.49147913085456496,1.0000000000000009
1380.0,-360.0,74.97024588964716,149.9404886384735,0.0,0.49147913085456496,1.0000000000000009
1440.0,-360.0,72.98013944948583,145.960274586921,0.0,0.49147913085456496,1.0000000000000009
1500.0,-360.0,72.12004993792367,144.24009711059938,0.0,0.49147913085456496,1.0000000000000009
1560.0,-360.0,74.08302583263887,148.16604908374032,0.0,0.5134824376925882,1.0000000000000007
1620.0,-360.0,77.30676476409566,154.6135251001274,0.0,0.5305961207888286,1.0000000000000004
1680.0,-360.0,84.27530251935576,168.55060312859007,0.0,0.5697131107230928,1.0
1740.0,-360.0,93.69293924789878,187.38587755734824,0.0,0.6088301006573569,0.9999999999999992
-1740.0,-300.0,340.22204441481773,680.4440888296353,0.0,1.0,1.0
-1680.0,-300.0,340.22204441481773,680.4440888296353,0.0,1.0,1.0
-1620.0,-300.0,340.22204441481773,680.4440888296353,0.0,1.0,1.0
-1560.0,-300.0,340.22204441481773,680.4440888296353,0.0,1.0,1.0
-1500.0,-300.0,340.22204441481773,680.4440888296353,0.0,1.0,1.0
-1440.0,-300.0,340.22204441481773,680.4440888296353,0.0,1.0,1.0
-1380.0,-300.0,340.22204441481773,680.4440888296353,0.0,1.0,1.0
-1320.0,-300.0,340.22204441481773,680.4440888296353,0.0,1.0,1.0
-1260.0,-300.0,340.22204441481773,680.4440888296353,0.0,1.0,1.0
-1200.0,-300.0,340.22204441481773,680.4440888296353,0.0,1.0,1.0
-1140.0,-300.0,340.22204441481773,680.4440888296353,0.0,1.0,1.0
-1080.0,-300.0,340.22204441481773,680.4440888296353,0.0,1.0,1.0
-1020.0,-300.0,340.22204441481773,680.4440888296353,0.0,1.0,1.0
-960.0,-300.0,340.22204441481773,680.4440888296353,0.0,1.0,1.0
-900.0,-300.0,340.22204441481773,680.4440888296353,0.0,1.0,1.0
-840.0,-300.0,340.22204441481773,680.4440888296353,0.0,1.0,1.0
-780.0,-300.0,340.22204441481773,680.4440888296353,0.0,1.0,1.0
-720.0,-300.0,340.22204441481773,680.4440888296353,0.0,1.0,1.0
-660.0,-300.0,340.22204441481773,680.4440888296353,0.0,1.0,1.0
-600.0,-300.0,340.22204441481773,680.4440888296353,0.0,1.0,1.0
-540.0,-300.0,340.22204441481773,680.4440888296353,0.0,1.0,1.0
-480.0,-300.0,340.22204441481773,680.4440888296353,0.0,1.0,1.0
-420.0,-300.0,340.22204441481773,680.4440888296353,0.0,1.0,1.0
-360.0,-300.0,340.22204441481773,680.4440888296353,0.0,1.0,1.0
-300.0,-300.0,340.22204441481773,680.4440888296353,0.0,1.0,1.0
-240.0,-300.0,340.22204441481773,680.4440888296353,0.0,1.0,1.0
-180.0,-300.0,340.22204441481773,680.4440888296353,0.0,1.0,1.0
-120.0,-300.0,340.22204441481773,680.4440888296353,0.0,1.0,1.0
-60.0,-300.0,340.22204441481773,680.4440888296353,0.0,1.0,1.0
0.0,-300.0,340.22204441481773,680.4440888296353,0.0,1.0,1.0
60.0,-300.0,340.22204441481773,680.4440888296353,0.0,1.0,1.0
120.0,-300.0,340.22204441481773,680.4440888296353,0.0,1.0,1.0
180.0,-300.0,340.22204441481773,680.4440888296353,0.0,1.0,1.0
240.0,-300.0,336.0148509454451,672.0297018908902,0.0,1.0,1.0
300.0,-300.0,309.6306979289482,619.2613958578966,0.0,1.0,1.0
360.0,-300.0,275.2573012816214,550.5146025632425,0.0,0.9608830100657362,1.0
420.0,-300.0,250.16553248563338,500.3310649040136,0.0,0.9462141388403879,1.0
480.0,-300.0,225.75670222093848,451.51340444187707,0.0,0.9217660201314736,1.0
540.0,-300.0,201.67463402799817,403.3492680559962,0.0,0.8826490301972084,1.0000000000000002
600.0,-300.0,175.88617229236687,351.7723440097227,0.0,0.8044150503286775,1.0000000000000004
660.0,-300.0,161.46618118733412,322.9323597177611,0.0,0.7652980603944128,1.0000000000000004
720.0,-300.0,152.66297285925825,305.3259424538653,0.0,0.7261810704601493,1.0000000000000002
780.0,-300.0,151.2099279336209,302.4198418913153,0.0,0.6870640805258856,1.0000000000000004
840.0,-300.0,156.79255080011723,313.5850102303176,0.0,0.6479470905916211,1.0000000000000004
900.0,-300.0,159.98158056030303,319.9624950545422,0.0,0.5697131107230928,1.0000000000000007
960.0,-300.0,140.2152636138839,280.39642138878577,0.0,0.5305961207888286,1.0000000000000007
1020.0,-300.0,117.08914154843164,234.1782475120249,0.0,0.49147913085456496,1.0000000000000009
1080.0,-300.0,99.61085445939023,199.22168305561505,0.0,0.4523621409203009,1.0000000000000007
1140.0,-300.0,86.28743260076301,172.574847980927,0.0,0.4132451509860364,1.0000000000000007
1200.0,-300.0,76.08496503483545,152.1699209780833,0.0,0.39124184414801244,1.0000000000000009
1260.0,-300.0,68.49541258854863,136.9908166976865,0.0,0.3741281610517719,1.0000000000000007
1320.0,-300.0,61.981637382066886,123.96326265162395,0.0,0.34723523047196486,1.0000000000000009
1380.0,-300.0,57.40301248439348,114.80601711281521,0.0,0.3350111711175073,1.0000000000000009
1440.0,-300.0,54.19189446648639,108.38378134283678,0.0,0.3350111711175073,1.0000000000000009
1500.0,-300.0,52.06324291212101,104.12647488755997,0.0,0.33745598298839896,1.0000000000000009
1560.0,-300.0,51.71763688587438,103.43526629489212,0.0,0.35945928982642256,1.0000000000000009
1620.0,-300.0,52.39198249403502,104.783959520091,0.0,0.3741281610517719,1.0000000000000004
1680.0,-300.0,55.70482956885945,111.40965568130125,0.0,0.4132451509860364,0.9999999999999998
1740.0,-300.0,60.969789989043235,121.93957491386602,0.0,0.4523621409203009,0.9999999999999989
-1740.0,-240.0,340.22204441481773,680.4440888296353,0.0,1.0,1.0
-1680.0,-240.0,340.22204441481773,680.4440888296353,0.0,1.0,1.0
-1620.0,-240.0,340.22204441481773,680.4440888296353,0.0,1.0,1.0
-1560.0,-240.0,340.22204441481773,680.4440888296353,0.0,1.0,1.0
-1500.0,-240.0,340.22204441481773,680.4440888296353,0.0,1.0,1.0
-1440.0,-240.0,340.22204441481773,680.4440888296353,0.0,1.0,1.0
-1380.0,-240.0,340.22204441481773,680.4440888296353,0.0,1.0,1.0
-1320.0,-240.0,340.22204441481773,680.4440888296353,0.0,1.0,1.0
-1260.0,-240.0,340.22204441481773,680.4440888296353,0.0,1.0,1.0
-1200.0,-240.0,340.22204441481773,680.4440888296353,0.0,1.0,1.0
-1140.0,-240.0,340.22204441481773,680.4440888296353,0.0,1.0,1.0
-1080.0,-240.0,340.22204441481773,680.4440888296353,0.0,1.0,1.0
-1020.0,-240.0,340.22204441481773,680.4440888296353,0.0,1.0,1.0
-960.0,-240.0,340.22204441481773,680.4440888296353,0.0,1.0,1.0
-900.0,-240.0,340.22204441481773,680.4440888296353,0.0,1.0,1.0
-840.0,-240.0,340.22204441481773,680.4440888296353,0.0,1.0,1.0
-780.0,-240.0,340.22204441481773,680.4440888296353,0.0,1.0,1.0
-720.0,-240.0,340.22204441481773,680.4440888296353,0.0,1.0,1.0
-660.0,-240.0,340.22204441481773,680.4440888296353,0.0,1.0,1.0
-600.0,-240.0,340.22204441481773,680.4440888296353,0.0,1.0,1.0
-540.0,-240.0,340.22204441481773,680.4440888296353,0.0,1.0,1.0
-480.0,-240.0,340.22204441481773,680.4440888296353,0.0,1.0,1.0
-420.0,-240.0,340.22204441481773,680.4440888296353,0.0,1.0,1.0
-360.0,-240.0,340.22204441481773,680.4440888296353,0.0,1.0,1.0
-300.0,-240.0,340.22204441481773,680.4440888296353,0.0,1.0,1.0
-240.0,-240.0,340.22204441481773,680.4440888296353,0.0,1.0,1.0
-180.0,-240.0,340.22204441481773,680.4440888296353,0.0,1.0,1.0
-120.0,-240.0,340.22204441481773,680.4440888296353,0.0,1.0,1.0
-60.0,-240.0,340.22204441481773,680.4440888296353,0.0,1.0,1.0
0.0,-240.0,340.22204441481773,680.4440888296353,0.0,1.0,1.0
60.0,-240.0,340.22204441481773,680.4440888296353,0.0,1.0,1.0
120.0,-240.0,340.22204441481773,680.4440888296353,0.0,1.0,1.0
180.0,-240.0,340.22204441481773,680.4440888296353,0.0,1.0,1.0
240.0,-240.0,316.15081737353165,632.3016347470633,0.0,1.0,1.0
300.0,-240.0,278.9176256079957,557.8352512159915,0.0,0.9608830100657362,1.0
360.0,-240.0,255.01178185037708,510.02356370075415,0.0,0.9608830100657362,1.0
420.0,-240.0,224.76872640500545,449.5374528100109,0.0,0.9217660201314736,1.0
480.0,-240.0,191.37453560888878,382.74907056683764,0.0,0.8435320402629425,1.0000000000000002
540.0,-240.0,169.9886602513436,339.9773203045773,0.0,0.8044150503286775,1.0000000000000004
600.0,-240.0,152.55598927465357,305.11197835116985,0.0,0.7652980603944128,1.0000000000000004
660.0,-240.0,135.9992784240592,271.9985553648477,0.0,0.6870640805258856,1.0000000000000004
720.0,-240.0,130.10820380240668,260.21640268071127,0.0,0.6479470905916211,1.0000000000000002
780.0,-240.0,132.2425598073644,264.48508694663894,0.0,0.5697131107230928,1.0000000000000004
840.0,-240.0,149.60933354518295,299.21858827087976,0.0,0.5305961207888286,1.0000000000000004
900.0,-240.0,176.37592428709817,352.7250471502064,0.0,0.4523621409203009,1.0000000000000009
960.0,-240.0,158.19622682495324,316.36755369386395,0.0,0.4132451509860364,1.0000000000000009
1020.0,-240.0,124.0829412446903,248.08021828988947,0.0,0.3741281610517719,1.0000000000000009
1080.0,-240.0,100.55063055636036,201.07303682298868,0.0,0.3350111711175073,1.0000000000000009
1140.0,-240.0,84.35858547153333,168.71061808854566,0.0,0.29589418118324284,1.0000000000000009
1200.0,-240.0,72.60039012803327,145.20037022134386,0.0,0.2567771912489783,1.000000000000001
1260.0,-240.0,63.756685835747014,127.5133577903545,0.0,0.21766020131471397,1.0000000000000013
1320.0,-240.0,56.715211397986366,113.43040396881146,0.0,0.18832245886401566,1.0000000000000013
1380.0,-240.0,51.28052995520853,102.56104570712208,0.0,0.17854321138044935,1.000000000000001
1440.0,-240.0,46.83669460304217,93.67337460175152,0.0,0.17609839950955752,1.000000000000001
1500.0,-240.0,43.39139098486831,86.7827701929305,0.0,0.17609839950955752,1.000000000000001
1560.0,-240.0,40.804480082688166,81.60894691164538,0.0,0.17854321138044935,1.000000000000001
1620.0,-240.0,39.14309036938197,78.28616851175799,0.0,0.20299133008936435,1.0000000000000007
1680.0,-240.0,38.81917624704841,77.63834125090854,0.0,0.23477388441095426,0.9999999999999999
1740.0,-240.0,40.16030985957524,80.32060557911451,0.0,0.27633568621611065,0.9999999999999987
-1740.0,-180.0,340.22204441481773,680.4440888296353,0.0,1.0,1.0
-1680.0,-180.0,340.22204441481773,680.4440888296353,0.0,1.0,1.0
-1620.0,-180.0,340.22204441481773,680.4440888296353,0.0,1.0,1.0
-1560.0,-180.0,340.22204441481773,680.4440888296353,0.0,1.0,1.0
-1500.0,-180.0,340.22204441481773,680.4440888296353,0.0,1.0,1.0
-1440.0,-180.0,340.22204441481773,680.4440888296353,0.0,1.0,1.0
-1380.0,-180.0,340.22204441481773,680.4440888296353,0.0,1.0,1.0
-1320.0,-180.0,340.22204441481773,680.4440888296353,0.0,1.0,1.0
-1260.0,-180.0,340.22204441481773,680.4440888296353,0.0,1.0,1.0
-1200.0,-180.0,340.22204441481773,680.4440888296353,0.0,1.0,1.0
-1140.0,-180.0,340.22204441481773,680.4440888296353,0.0,1.0,1.0
-1080.0,-180.0,340.22204441481773,680.4440888296353,0.0,1.0,1.0
-1020.0,-180.0,340.22204441481773,680.4440888296353,0.0,1.0,1.0
-960.0,-180.0,340.22204441481773,680.4440888296353,0.0,1.0,1.0
-900.0,-180.0,340.22204441481773,680.4440888296353,0.0,1.0,1.0
-840.0,-180.0,340.22204441481773,680.4440888296353,0.0,1.0,1.0
-780.0,-180.0,340.22204441481773,680.4440888296353,0.0,1.0,1.0
-720.0,-180.0,340.22204441481773,680.4440888296353,0.0,1.0,1.0
-660.0,-180.0,340.22204441481773,680.4440888296353,0.0,1.0,1.0
-600.0,-180.0,340.22204441481773,680.4440888296353,0.0,1.0,1.0
-540.0,-180.0,340.22204441481773,680.4440888296353,0.0,1.0,1.0
-480.0,-180.0,340.22204441481773,680.4440888296353,0.0,1.0,1.0
-420.0,-180.0,340.22204441481773,680.4440888296353,0.0,1.0,1.0
-360.0,-180.0,340.22204441481773,680.4440888296353,0.0,1.0,1.0
-300.0,-180.0,340.22204441481773,680.4440888296353,0.0,1.0,1.0
-240.0,-180.0,340.22204441481773,680.4440888296353,0.0,1.0,1.0
-180.0,-180.0,340.22204441481773,680.4440888296353,0.0,1.0,1.0
-120.0,-180.0,340.22204441481773,680.4440888296353,0.0,1.0,1.0
-60.0,-180.0,340.22204441481773,680.4440888296353,0.0,1.0,1.0
0.0,-180.0,340.22204441481773,680.4440888296353,0.0,1.0,1.0
60.0,-180.0,340.22204441481773,680.4440888296353,0.0,1.0,1.0
120.0,-180.0,340.22204441481773,680.4440888296353,0.0,1.0,1.0
180.0,-180.0,326.6943132356118,653.3886264712237,0.0,1.0,1.0
240.0,-180.0,286.0252901501072,572.0505803002143,0.0,0.9608830100657362,1.0
300.0,-180.0,259.8055204954141,519.6110409908282,0.0,0.9608830100657362,1.0
360.0,-180.0,226.851822338172,453.7036446763441,0.0,0.9217660201314736,1.0
420.0,-180.0,191.6170569118264,383.23411347584465,0.0,0.8484216640047255,1.0000000000000002
480.0,-180.0,166.9665137973147,333.93302739100824,0.0,0.8044150503286775,1.0000000000000004
540.0,-180.0,144.02457008849967,288.0491383964892,0.0,0.7432947535563896,1.0000000000000004
600.0,-180.0,127.09300214193718,254.18600335697255,0.0,0.6870640805258856,1.0000000000000004
660.0,-180.0,113.94448884516171,227.88897523264686,0.0,0.6088301006573569,1.0000000000000004
720.0,-180.0,108.95121076904137,217.9024108206373,0.0,0.5305961207888286,1.0000000000000007
780.0,-180.0,115.35470109333598,230.70937290625287,0.0,0.49147913085456496,1.0000000000000004
840.0,-180.0,138.90973735590512,277.8193819792383,0.0,0.4132451509860364,1.0000000000000009
900.0,-180.0,190.14065642189092,380.28039379247735,0.0,0.3350111711175073,1.0000000000000009
960.0,-180.0,199.76260433587893,399.52372688826415,0.0,0.29589418118324284,1.0000000000000009
1020.0,-180.0,153.53064061958491,307.0351317651505,0.0,0.21766020131471397,1.0000000000000013
1080.0,-180.0,117.53208866821987,235.00287926381677,0.0,0.17854321138044935,1.000000000000001
1140.0,-180.0,95.61435334309735,191.15075438975106,0.0,0.13942622144618497,1.0000000000000013
1200.0,-180.0,81.47463287179175,162.8827413795156,0.0,0.0905299840283539,1.0000000000000013
1260.0,-180.0,71.21573281675299,142.38160518269248,0.0,0.05630261783587308,1.0000000000000016
1320.0,-180.0,63.681730733297584,127.34510101554531,0.0,0.019609991937287942,1.0000000000000013
1380.0,-180.0,56.83830592647475,113.66921640318881,0.0,0.009428689981401296,1.0000000000000013
1440.0,-180.0,51.47167986822736,102.94323647656374,0.0,0.0001804032074277985,1.0000000000000013
1500.0,-180.0,46.73796109197111,93.4757780378957,0.0,0.0001804032074277985,1.0000000000000016
1560.0,-180.0,42.63775061712382,85.26860921443594,0.0,0.005046489648472009,1.0000000000000009
1620.0,-180.0,39.1183396815647,78.20428317294368,0.0,0.014773219451704555,1.0000000000000004
1680.0,-180.0,36.02101716241426,71.9408911446271,0.0,0.03622706866631367,0.9999999999999997
1740.0,-180.0,33.4438688262852,66.85438821315428,0.0,0.07830592467389623,0.9999999999999984
-1740.0,-120.0,340.22204441481773,680.4440888296353,0.0,1.0,1.0
-1680.0,-120.0,340.22204441481773,680.4440888296353,0.0,1.0,1.0
-1620.0,-120.0,340.22204441481773,680.4440888296353,0.0,1.0,1.0
-1560.0,-120.0,340.22204441481773,680.4440888296353,0.0,1.0,1.0
-1500.0,-120.0,340.22204441481773,680.4440888296353,0.0,1.0,1.0
-1440.0,-120.0,340.22204441481773,680.4440888296353,0.0,1.0,1.0
-1380.0,-120.0,340.22204441481773,680.4440888296353,0.0,1.0,1.0
-1320.0,-120.0,340.22204441481773,680.4440888296353,0.0,1.0,1.0
-1260.0,-120.0,340.22204441481773,680.4440888296353,0.0,1.0,1.0
-1200.0,-120.0,340.22204441481773,680.4440888296353,0.0,1.0,1.0
-1140.0,-120.0,340.22204441481773,680.4440888296353,0.0,1.0,1.0
-1080.0,-120.0,340.22204441481773,680.4440888296353,0.0,1.0,1.0
-1020.0,-120.0,340.22204441481773,680.4440888296353,0.0,1.0,1.0
-960.0,-120.0,340.22204441481773,680.4440888296353,0.0,1.0,1.0
-900.0,-120.0,340.22204441481773,680.4440888296353,0.0,1.0,1.0
-840.0,-120.0,340.22204441481773,680.4440888296353,0.0,1.0,1.0
-780.0,-120.0,340.22204441481773,680.4440888296353,0.0,1.0,1.0
-720.0,-120.0,340.22204441481773,680.4440888296353,0.0,1.0,1.0
-660.0,-120.0,340.22204441481773,680.4440888296353,0.0,1.0,1.0
-600.0,-120.0,340.22204441481773,680.4440888296353,0.0,1.0,1.0
-540.0,-120.0,340.22204441481773,680.4440888296353,0.0,1.0,1.0
-480.0,-120.0,340.22204441481773,680.4440888296353,0.0,1.0,1.0
-420.0,-120.0,340.22204441481773,680.4440888296353,0.0,1.0,1.0
-360.0,-120.0,340.22204441481773,680.4440888296353,0.0,1.0,1.0
-300.0,-120.0,340.22204441481773,680.4440888296353,0.0,1.0,1.0
-240.0,-120.0,340.22204441481773,680.4440888296353,0.0,1.0,1.0
-180.0,-120.0,340.22204441481773,680.4440888296353,0.0,1.0,1.0
-120.0,-120.0,340.22204441481773,680.4440888296353,0.0,1.0,1.0
-60.0,-120.0,340.22204441481773,680.4440888296353,0.0,1.0,1.0
0.0,-120.0,340.22204441481773,680.4440888296353,0.0,1.0,1.0
60.0,-120.0,340.22204441481773,680.4440888296353,0.0,1.0,1.0
120.0,-120.0,340.22204441481773,680.4440888296353,0.0,1.0,1.0
180.0,-120.0,308.7008612574371,617.4017225148742,0.0,1.0,1.0
240.0,-120.0,268.28840656247854,536.5768131249571,0.0,0.9608830100657362,1.0
300.0,-120.0,232.29342566834183,464.58685133668354,0.0,0.9217660201314736,1.0
360.0,-120.0,200.70589997423184,401.41179994846345,0.0,0.8826490301972084,1.0000000000000002
420.0,-120.0,166.83536886301223,333.6707375883999,0.0,0.8044150503286775,1.0000000000000004
480.0,-120.0,139.71025103965766,279.4205010144001,0.0,0.7310706942019323,1.0000000000000004
540.0,-120.0,121.66505106614908,243.33010167400417,0.0,0.6870640805258856,1.0000000000000004
600.0,-120.0,105.11246820786896,210.2249338769769,0.0,0.6088301006573569,1.0000000000000004
660.0,-120.0,95.24467242727864,190.48933711617914,0.0,0.5305961207888286,1.0000000000000004
720.0,-120.0,93.25942405041457,186.5188289401771,0.0,0.4523621409203009,1.0000000000000009
780.0,-120.0,101.885596200866,203.77115468267223,0.0,0.3741281610517719,1.0000000000000004
840.0,-120.0,127.73887252759289,255.4776624120495,0.0,0.29589418118324284,1.0000000000000009
900.0,-120.0,188.27696922468698,376.5533835698695,0.0,0.21766020131471397,1.000000000000001
960.0,-120.0,269.1185601921767,538.1895930101492,0.0,0.13942622144618497,1.0000000000000013
1020.0,-120.0,213.98185229841215,427.96171240451264,0.0,0.061192241577655904,1.0000000000000013
1080.0,-120.0,154.1708030832614,308.3400546703174,0.0,0.019609991937287942,1.0000000000000013
1140.0,-120.0,118.65028032699551,237.30056065399103,0.0,0.0,1.0000000000000016
1200.0,-120.0,93.2177571869583,186.43551437391665,0.0,0.0,1.0000000000000013
1260.0,-120.0,76.43387843765187,152.8677568753038,0.0,0.0,1.0000000000000013
1320.0,-120.0,64.7095998828053,129.41919976561064,0.0,0.0,1.0000000000000013
1380.0,-120.0,56.17224622525184,112.3444924505037,0.0,0.0,1.0000000000000013
1440.0,-120.0,49.79534912087543,99.5906982417509,0.0,0.0,1.0000000000000013
1500.0,-120.0,44.93457911539901,89.869158230798,0.0,0.0,1.0000000000000013
1560.0,-120.0,41.180229003550124,82.36045800710025,0.0,0.0,1.0000000000000009
1620.0,-120.0,38.258388316112104,76.51677663222422,0.0,0.0,1.0
1680.0,-120.0,35.97285356573254,71.94570713146506,0.0,0.0,0.999999999999999
1740.0,-120.0,34.18992657159493,68.37985314318988,0.0,0.0,0.999999999999998
-1740.0,-60.0,340.22204441481773,680.4440888296353,0.0,1.0,1.0
-1680.0,-60.0,340.22204441481773,680.4440888296353,0.0,1.0,1.0
-1620.0,-60.0,340.22204441481773,680.4440888296353,0.0,1.0,1.0
-1560.0,-60.0,340.22204441481773,680.4440888296353,0.0,1.0,1.0
-1500.0,-60.0,340.22204441481773,680.4440888296353,0.0,1.0,1.0
-1440.0,-60.0,340.22204441481773,680.4440888296353,0.0,1.0,1.0
-1380.0,-60.0,340.22204441481773,680.4440888296353,0.0,1.0,1.0
-1320.0,-60.0,340.22204441481773,680.4440888296353,0.0,1.0,1.0
-1260.0,-60.0,340.22204441481773,680.4440888296353,0.0,1.0,1.0
-1200.0,-60.0,340.22204441481773,680.4440888296353,0.0,1.0,1.0
-1140.0,-60.0,340.22204441481773,680.4440888296353,0.0,1.0,1.0
-1080.0,-60.0,340.22204441481773,680.4440888296353,0.0,1.0,1.0
-1020.0,-60.0,340.22204441481773,680.4440888296353,0.0,1.0,1.0
-960.0,-60.0,340.22204441481773,680.4440888296353,0.0,1.0,1.0
-900.0,-60.0,340.22204441481773,680.4440888296353,0.0,1.0,1.0
-840.0,-60.0,340.22204441481773,680.4440888296353,0.0,1.0,1.0
-780.0,-60.0,340.22204441481773,680.4440888296353,0.0,1.0,1.0
-720.0,-60.0,340.22204441481773,680.4440888296353,0.0,1.0,1.0
-660.0,-60.0,340.22204441481773,680.4440888296353,0.0,1.0,1.0
-600.0,-60.0,340.22204441481773,680.4440888296353,0.0,1.0,1.0
-540.0,-60.0,340.22204441481773,680.4440888296353,0.0,1.0,1.0
-480.0,-60.0,340.22204441481773,680.4440888296353,0.0,1.0,1.0
-420.0,-60.0,340.22204441481773,680.4440888296353,0.0,1.0,1.0
-360.0,-60.0,340.22204441481773,680.4440888296353,0.0,1.0,1.0
-300.0,-60.0,340.22204441481773,680.4440888296353,0.0,1.0,1.0
-240.0,-60.0,340.22204441481773,680.4440888296353,0.0,1.0,1.0
-180.0,-60.0,340.22204441481773,680.4440888296353,0.0,1.0,1.0
-120.0,-60.0,340.22204441481773,680.4440888296353,0.0,1.0,1.0
-60.0,-60.0,340.22204441481773,680.4440888296353,0.0,1.0,1.0
0.0,-60.0,340.22204441481773,680.4440888296353,0.0,1.0,1.0
60.0,-60.0,340.22204441481773,680.4440888296353,0.0,1.0,1.0
120.0,-60.0,325.59920103220776,651.1984020644154,0.0,1.0,1.0
180.0,-60.0,280.83479093959176,561.6695818791836,0.0,0.9608830100657362,1.0
240.0,-60.0,241.37149926365117,482.74299852730235,0.0,0.9217660201314736,1.0
300.0,-60.0,206.77877013174836,413.5575402634968,0.0,0.8826490301972084,1.0000000000000002
360.0,-60.0,171.34233318461594,342.6846658853957,0.0,0.8141942978122445,1.0000000000000002
420.0,-60.0,144.78928684433433,289.57857368866865,0.0,0.7652980603944128,1.0000000000000004
480.0,-60.0,119.30143729760498,238.60287426031599,0.0,0.6870640805258856,1.0000000000000004
540.0,-60.0,98.51710073629376,197.0341991997011,0.0,0.5941612294320078,1.0000000000000007
600.0,-60.0,84.3436522864768,168.68730041640842,0.0,0.49147913085456496,1.0000000000000009
660.0,-60.0,78.78329366162288,157.56657658733684,0.0,0.4132451509860364,1.0000000000000009
720.0,-60.0,80.85706443244538,161.71410620357383,0.0,0.3350111711175073,1.000000000000001
780.0,-60.0,92.94235178503875,185.88465367794302,0.0,0.2543323793780866,1.000000000000001
840.0,-60.0,123.41681505800975,246.83349137361972,0.0,0.13942622144618497,1.0000000000000009
900.0,-60.0,183.094511308137,366.1886219332758,0.0,0.061192241577655904,1.0000000000000013
960.0,-60.0,303.9231951991965,607.8463898572115,0.0,0.0001804032074277985,1.0000000000000013
1020.0,-60.0,284.1383656726106,568.2767313452212,0.0,0.0,1.0000000000000013
1080.0,-60.0,176.14340826440778,352.2868165288155,0.0,0.0,1.0000000000000013
1140.0,-60.0,123.58738793026632,247.1747758605326,0.0,0.0,1.0000000000000016
1200.0,-60.0,94.07940488260425,188.1588097652085,0.0,0.0,1.0000000000000013
1260.0,-60.0,75.5100330796804,151.02006615936085,0.0,0.0,1.0000000000000013
1320.0,-60.0,62.94741906655408,125.89483813310814,0.0,0.0,1.0000000000000013
1380.0,-60.0,54.04534821219758,108.09069642439518,0.0,0.0,1.0000000000000013
1440.0,-60.0,47.52255318759894,95.04510637519789,0.0,0.0,1.0000000000000016
1500.0,-60.0,42.63760284785504,85.27520569571011,0.0,0.0,1.0000000000000009
1560.0,-60.0,38.91612116182258,77.83224232364515,0.0,0.0,1.0000000000000007
1620.0,-60.0,36.06082094068804,72.12164188137609,0.0,0.0,0.9999999999999997
1680.0,-60.0,33.863777365784586,67.72755473156917,0.0,0.0,0.9999999999999984
1740.0,-60.0,32.172427628781584,64.3448552575632,0.0,0.0,0.9999999999999971
-1800.0,0.0,340.22204441481773,680.4440888296353,0.0,1.0,1.0
-1740.0,0.0,340.22204441481773,680.4440888296353,0.0,1.0,1.0
-1680.0,0.0,340.22204441481773,680.4440888296353,0.0,1.0,1.0
-1620.0,0.0,340.22204441481773,680.4440888296353,0.0,1.0,1.0
-1560.0,0.0,340.22204441481773,680.4440888296353,0.0,1.0,1.0
-1500.0,0.0,340.22204441481773,680.4440888296353,0.0,1.0,1.0
-1440.0,0.0,340.22204441481773,680.4440888296353,0.0,1.0,1.0
-1380.0,0.0,340.22204441481773,680.4440888296353,0.0,1.0,1.0
-1320.0,0.0,340.22204441481773,680.4440888296353,0.0,1.0,1.0
-1260.0,0.0,340.22204441481773,680.4440888296353,0.0,1.0,1.0
-1200.0,0.0,340.22204441481773,680.4440888296353,0.0,1.0,1.0
-1140.0,0.0,340.22204441481773,680.4440888296353,0.0,1.0,1.0
-1080.0,0.0,340.22204441481773,680.4440888296353,0.0,1.0,1.0
-1020.0,0.0,340.22204441481773,680.4440888296353,0.0,1.0,1.0
-960.0,0.0,340.22204441481773,680.4440888296353,0.0,1.0,1.0
-900.0,0.0,340.22204441481773,680.4440888296353,0.0,1.0,1.0
-840.0,0.0,340.22204441481773,680.4440888296353,0.0,1.0,1.0
-780.0,0.0,340.22204441481773,680.4440888296353,0.0,1.0,1.0
-720.0,0.0,340.22204441481773,680.4440888296353,0.0,1.0,1.0
-660.0,0.0,340.22204441481773,680.4440888296353,0.0,1.0,1.0
-600.0,0.0,340.22204441481773,680.4440888296353,0.0,1.0,1.0
-540.0,0.0,340.22204441481773,680.4440888296353,0.0,1.0,1.0
-480.0,0.0,340.22204441481773,680.4440888296353,0.0,1.0,1.0
-420.0,0.0,340.22204441481773,680.4440888296353,0.0,1.0,1.0
-360.0,0.0,340.22204441481773,680.4440888296353,0.0,1.0,1.0
-300.0,0.0,340.22204441481773,680.4440888296353,0.0,1.0,1.0
-240.0,0.0,340.22204441481773,680.4440888296353,0.0,1.0,1.0
-180.0,0.0,340.22204441481773,680.4440888296353,0.0,1.0,1.0
-120.0,0.0,340.22204441481773,680.4440888296353,0.0,1.0,1.0
-60.0,0.0,340.22204441481773,680.4440888296353,0.0,1.0,1.0
0.0,0.0,340.22204441481773,680.4440888296353,0.0,1.0,1.0
60.0,0.0,340.22204441481773,680.4440888296353,0.0,1.0,1.0
120.0,0.0,309.94023846955616,619.8804769391124,0.0,1.0,1.0
180.0,0.0,264.9190180415829,529.838036083166,0.0,0.9608830100657362,1.0
240.0,0.0,225.1052452534103,450.2104905068206,0.0,0.9217660201314736,1.0
300.0,0.0,183.15882996727905,366.3176599345582,0.0,0.8435320402629425,1.0000000000000002
360.0,0.0,148.19991988823227,296.39983922693284,0.0,0.7652980603944128,1.0000000000000004
420.0,0.0,119.82474887960002,239.64949752873838,0.0,0.6870640805258856,1.0000000000000004
480.0,0.0,97.66563521631149,195.33126924535188,0.0,0.6088301006573569,1.0000000000000004
540.0,0.0,79.0365205296731,158.07303337659613,0.0,0.49147913085456496,1.0000000000000009
600.0,0.0,70.16950272464351,140.33899728489448,0.0,0.4132451509860364,1.0000000000000009
660.0,0.0,67.39034142640263,134.78066940401686,0.0,0.29589418118324284,1.0000000000000009
720.0,0.0,73.42783996494092,146.8556602718874,0.0,0.21766020131471397,1.000000000000001
780.0,0.0,90.85905309398932,181.7180468928335,0.0,0.10030923151192048,1.0000000000000013
840.0,0.0,122.09054351133489,244.18102878481338,0.0,0.013156042184782928,1.0000000000000009
900.0,0.0,160.0397072180813,320.0794144361626,0.0,0.0,1.0000000000000013
960.0,0.0,234.43067131301032,468.8613426260206,0.0,0.0,1.0000000000000013
1020.0,0.0,332.43086084633126,664.8617216926624,0.0,0.0,1.0000000000000016
1080.0,0.0,200.7869783449737,401.5739566899474,0.0,0.0,1.0000000000000016
1140.0,0.0,131.0357726777662,262.0715453555324,0.0,0.0,1.0000000000000016
1200.0,0.0,95.71680117190984,191.4336023438197,0.0,0.0,1.0000000000000013
1260.0,0.0,74.83209804120335,149.66419608240676,0.0,0.0,1.0000000000000013
1320.0,0.0,61.26994536899393,122.53989073798783,0.0,0.0,1.0000000000000013
1380.0,0.0,51.938293508764616,103.87658701752923,0.0,0.0,1.0000000000000013
1440.0,0.0,45.24425662546339,90.48851325092676,0.0,0.0,1.0000000000000013
1500.0,0.0,40.326894612516945,80.65378922503389,0.0,0.0,1.0000000000000009
1560.0,0.0,36.65079231734664,73.30158463469327,0.0,0.0,1.0000000000000002
1620.0,0.0,33.87221357246291,67.7444271449258,0.0,0.0,0.9999999999999992
1680.0,0.0,31.767632762717717,63.53526552543545,0.0,0.0,0.999999999999998
1740.0,0.0,30.177473903798393,60.3549478075968,0.0,0.0,0.9999999999999966
1800.0,0.0,28.991119690010027,57.98223938002005,0.0,0.0,0.9999999999999947
-1740.0,60.0,340.22204441481773,680.4440888296353,0.0,1.0,1.0
-1680.0,60.0,340.22204441481773,680.4440888296353,0.0,1.0,1.0
-1620.0,60.0,340.22204441481773,680.4440888296353,0.0,1.0,1.0
-1560.0,60.0,340.22204441481773,680.4440888296353,0.0,1.0,1.0
-1500.0,60.0,340.22204441481773,680.4440888296353,0.0,1.0,1.0
-1440.0,60.0,340.22204441481773,680.4440888296353,0.0,1.0,1.0
-1380.0,60.0,340.22204441481773,680.4440888296353,0.0,1.0,1.0
-1320.0,60.0,340.22204441481773,680.4440888296353,0.0,1.0,1.0
-1260.0,60.0,340.22204441481773,680.4440888296353,0.0,1.0,1.0
-1200.0,60.0,340.22204441481773,680.4440888296353,0.0,1.0,1.0
-1140.0,60.0,340.22204441481773,680.4440888296353,0.0,1.0,1.0
-1080.0,60.0,340.22204441481773,680.4440888296353,0.0,1.0,1.0
-1020.0,60.0,340.22204441481773,680.4440888296353,0.0,1.0,1.0
-960.0,60.0,340.22204441481773,680.4440888296353,0.0,1.0,1.0
-900.0,60.0,340.22204441481773,680.4440888296353,0.0,1.0,1.0
-840.0,60.0,340.22204441481773,680.4440888296353,0.0,1.0,1.0
-780.0,60.0,340.22204441481773,680.4440888296353,0.0,1.0,1.0
-720.0,60.0,340.22204441481773,680.4440888296353,0.0,1.0,1.0
-660.0,60.0,340.22204441481773,680.4440888296353,0.0,1.0,1.0
-600.0,60.0,340.22204441481773,680.4440888296353,0.0,1.0,1.0
-540.0,60.0,340.22204441481773,680.4440888296353,0.0,1.0,1.0
-480.0,60.0,340.22204441481773,680.4440888296353,0.0,1.0,1.0
-420.0,60.0,340.22204441481773,680.4440888296353,0.0,1.0,1.0
-360.0,60.0,340.22204441481773,680.4440888296353,0.0,1.0,1.0
-300.0,60.0,340.22204441481773,680.4440888296353,0.0,1.0,1.0
-240.0,60.0,340.22204441481773,680.4440888296353,0.0,1.0,1.0
-180.0,60.0,340.22204441481773,680.4440888296353,0.0,1.0,1.0
-120.0,60.0,340.22204441481773,680.4440888296353,0.0,1.0,1.0
-60.0,60.0,340.22204441481773,680.4440888296353,0.0,1.0,1.0
0.0,60.0,340.22204441481773,680.4440888296353,0.0,1.0,1.0
60.0,60.0,335.1143561388398,670.2287122776795,0.0,1.0,1.0
120.0,60.0,284.25312666009376,568.5062533201876,0.0,0.9608830100657362,1.0
180.0,60.0,240.01461873579217,480.0292374715842,0.0,0.9217660201314736,1.0
240.0,60.0,201.4491045378019,402.89820907560386,0.0,0.8826490301972084,1.0000000000000002
300.0,60.0,161.38812934447287,322.77625868894575,0.0,0.8044150503286775,1.0000000000000002
360.0,60.0,126.75857593235442,253.51715136998547,0.0,0.7139570111056923,1.0000000000000004
420.0,60.0,98.19751002136651,196.39501780147134,0.0,0.6088301006573569,1.0000000000000004
480.0,60.0,77.88000852357682,155.76001205448947,0.0,0.5110376258216971,1.0000000000000009
540.0,60.0,64.9612565900897,129.92250954664303,0.0,0.4132451509860364,1.0000000000000009
600.0,60.0,58.75707181188119,117.51413385469596,0.0,0.29589418118324284,1.0000000000000009
660.0,60.0,61.0433086029249,122.08658402760398,0.0,0.17854321138044935,1.000000000000001
720.0,60.0,72.57095445250064,145.14185530372725,0.0,0.061192241577655904,1.0000000000000013
780.0,60.0,88.82990515661983,177.65981031323966,0.0,0.0,1.0000000000000013
840.0,60.0,103.61603655184778,207.23207310369557,0.0,0.0,1.0000000000000013
900.0,60.0,128.37232558788583,256.7446511757717,0.0,0.0,1.000000000000001
960.0,60.0,176.61816373726148,353.23632747452297,0.0,0.0,1.0000000000000013
1020.0,60.0,296.265159213255,592.53031842651,0.0,0.0,1.0000000000000013
1080.0,60.0,243.60149533525725,487.20299067051445,0.0,0.0,1.0000000000000016
1140.0,60.0,142.52636298963657,285.0527259792731,0.0,0.0,1.0000000000000016
1200.0,60.0,98.52788641431795,197.05577282863604,0.0,0.0,1.0000000000000013
1260.0,60.0,74.52556269923177,149.05112539846354,0.0,0.0,1.0000000000000016
1320.0,60.0,59.69384655487216,119.38769310974429,0.0,0.0,1.0000000000000013
1380.0,60.0,49.83648929515009,99.67297859030016,0.0,0.0,1.0000000000000013
1440.0,60.0,42.96122660392761,85.92245320785517,0.0,0.0,1.000000000000001
1500.0,60.0,38.01896402475154,76.03792804950307,0.0,0.0,1.0000000000000004
1560.0,60.0,34.387392274545334,68.77478454909068,0.0,0.0,0.9999999999999998
1620.0,60.0,31.696023097596797,63.3920461951936,0.0,0.0,0.9999999999999987
1680.0,60.0,29.695356754234567,59.39071350846917,0.0,0.0,0.9999999999999973
1740.0,60.0,28.2136283770909,56.4272567541818,0.0,0.0,0.9999999999999956
-1740.0,120.0,340.22204441481773,680.4440888296353,0.0,1.0,1.0
-1680.0,120.0,340.22204441481773,680.4440888296353,0.0,1.0,1.0
-1620.0,120.0,340.22204441481773,680.4440888296353,0.0,1.0,1.0
-1560.0,120.0,340.22204441481773,680.4440888296353,0.0,1.0,1.0
-1500.0,120.0,340.22204441481773,680.4440888296353,0.0,1.0,1.0
-1440.0,120.0,340.22204441481773,680.4440888296353,0.0,1.0,1.0
-1380.0,120.0,340.22204441481773,680.4440888296353,0.0,1.0,1.0
-1320.0,120.0,340.22204441481773,680.4440888296353,0.0,1.0,1.0
-1260.0,120.0,340.22204441481773,680.4440888296353,0.0,1.0,1.0
-1200.0,120.0,340.22204441481773,680.4440888296353,0.0,1.0,1.0
-1140.0,120.0,340.22204441481773,680.4440888296353,0.0,1.0,1.0
-1080.0,120.0,340.22204441481773,680.4440888296353,0.0,1.0,1.0
-1020.0,120.0,340.22204441481773,680.4440888296353,0.0,1.0,1.0
-960.0,120.0,340.22204441481773,680.4440888296353,0.0,1.0,1.0
-900.0,120.0,340.22204441481773,680.4440888296353,0.0,1.0,1.0
-840.0,120.0,340.22204441481773,680.4440888296353,0.0,1.0,1.0
-780.0,120.0,340.22204441481773,680.4440888296353,0.0,1.0,1.0
-720.0,120.0,340.22204441481773,680.4440888296353,0.0,1.0,1.0
-660.0,120.0,340.22204441481773,680.4440888296353,0.0,1.0,1.0
-600.0,120.0,340.22204441481773,680.4440888296353,0.0,1.0,1.0
-540.0,120.0,340.22204441481773,680.4440888296353,0.0,1.0,1.0
-480.0,120.0,340.22204441481773,680.4440888296353,0.0,1.0,1.0
-420.0,120.0,340.22204441481773,680.4440888296353,0.0,1.0,1.0
-360.0,120.0,340.22204441481773,680.4440888296353,0.0,1.0,1.0
-300.0,120.0,340.22204441481773,680.4440888296353,0.0,1.0,1.0
-240.0,120.0,340.22204441481773,680.4440888296353,0.0,1.0,1.0
-180.0,120.0,340.22204441481773,680.4440888296353,0.0,1.0,1.0
-120.0,120.0,340.22204441481773,680.4440888296353,0.0,1.0,1.0
-60.0,120.0,340.22204441481773,680.4440888296353,0.0,1.0,1.0
0.0,120.0,340.22204441481773,680.4440888296353,0.0,1.0,1.0
60.0,120.0,322.65644641822007,645.3128928364404,0.0,1.0,1.0
120.0,120.0,270.9193628852482,541.8387257704964,0.0,0.9608830100657362,1.0
180.0,120.0,225.83099760342145,451.6619952068428,0.0,0.9217660201314736,1.0
240.0,120.0,179.60701642314817,359.2140328462963,0.0,0.8435320402629425,1.0000000000000002
300.0,120.0,138.0486728403693,276.0973443737499,0.0,0.7432947535563896,1.0000000000000004
360.0,120.0,106.01693305216388,212.03386540049158,0.0,0.6479470905916211,1.0000000000000004
420.0,120.0,79.85584283146888,159.71168297194328,0.0,0.5305961207888286,1.0000000000000004
480.0,120.0,62.395926226336336,124.7918453744622,0.0,0.4132451509860364,1.0000000000000009
540.0,120.0,53.26484306465107,106.52967718949068,0.0,0.29589418118324284,1.0000000000000009
600.0,120.0,52.3104104690817,104.6208035497226,0.0,0.17854321138044935,1.000000000000001
660.0,120.0,59.64190888431413,119.28379121940321,0.0,0.061192241577655904,1.0000000000000013
720.0,120.0,68.97632242853147,137.95264485706295,0.0,0.0,1.0000000000000013
780.0,120.0,76.06429433591336,152.1285886718267,0.0,0.0,1.0000000000000013
840.0,120.0,86.77064247669135,173.5412849533827,0.0,0.0,1.0000000000000013
900.0,120.0,104.10332583580974,208.20665167161948,0.0,0.0,1.000000000000001
960.0,120.0,135.7698273362198,271.5396546724396,0.0,0.0,1.0000000000000013
1020.0,120.0,208.42452574541252,416.84905149082505,0.0,0.0,1.0000000000000016
1080.0,120.0,318.6581021808927,637.3162043617854,0.0,0.0,1.0000000000000013
1140.0,120.0,161.48248214548428,322.96496429096857,0.0,0.0,1.0000000000000018
1200.0,120.0,103.11823714697513,206.2364742939503,0.0,0.0,1.0000000000000013
1260.0,120.0,74.70344421295133,149.40688842590262,0.0,0.0,1.0000000000000016
1320.0,120.0,58.25319430750272,116.5063886150054,0.0,0.0,1.0000000000000013
1380.0,120.0,47.76790886648972,95.53581773297945,0.0,0.0,1.0000000000000013
1440.0,120.0,40.67629939913531,81.3525987982706,0.0,0.0,1.0000000000000009
1500.0,120.0,35.702729918412324,71.40545983682469,0.0,0.0,1.0000000000000002
1560.0,120.0,32.133924016042066,64.26784803208413,0.0,0.0,0.9999999999999992
1620.0,120.0,29.538141185096926,59.07628237019383,0.0,0.0,0.9999999999999981
1680.0,120.0,27.64811737987832,55.296234759756665,0.0,0.0,0.9999999999999964
1740.0,120.0,26.28147742408673,52.56295484817344,0.0,0.0,0.9999999999999949
-1740.0,180.0,340.22204441481773,680.4440888296353,0.0,1.0,1.0
-1680.0,180.0,340.22204441481773,680.4440888296353,0.0,1.0,1.0
-1620.0,180.0,340.22204441481773,680.4440888296353,0.0,1.0,1.0
-1560.0,180.0,340.22204441481773,680.4440888296353,0.0,1.0,1.0
-1500.0,180.0,340.22204441481773,680.4440888296353,0.0,1.0,1.0
-1440.0,180.0,340.22204441481773,680.4440888296353,0.0,1.0,1.0
-1380.0,180.0,340.22204441481773,680.4440888296353,0.0,1.0,1.0
-1320.0,180.0,340.22204441481773,680.4440888296353,0.0,1.0,1.0
-1260.0,180.0,340.22204441481773,680.4440888296353,0.0,1.0,1.0
-1200.0,180.0,340.22204441481773,680.4440888296353,0.0,1.0,1.0
-1140.0,180.0,340.22204441481773,680.4440888296353,0.0,1.0,1.0
-1080.0,180.0,340.22204441481773,680.4440888296353,0.0,1.0,1.0
-1020.0,180.0,340.22204441481773,680.4440888296353,0.0,1.0,1.0
-960.0,180.0,340.22204441481773,680.4440888296353,0.0,1.0,1.0
-900.0,180.0,340.22204441481773,680.4440888296353,0.0,1.0,1.0
-840.0,180.0,340.22204441481773,680.4440888296353,0.0,1.0,1.0
-780.0,180.0,340.22204441481773,680.4440888296353,0.0,1.0,1.0
-720.0,180.0,340.22204441481773,680.4440888296353,0.0,1.0,1.0
-660.0,180.0,340.22204441481773,680.4440888296353,0.0,1.0,1.0
-600.0,180.0,340.22204441481773,680.4440888296353,0.0,1.0,1.0
-540.0,180.0,340.22204441481773,680.4440888296353,0.0,1.0,1.0
-480.0,180.0,340.22204441481773,680.4440888296353,0.0,1.0,1.0
-420.0,180.0,340.22204441481773,680.4440888296353,0.0,1.0,1.0
-360.0,180.0,340.22204441481773,680.4440888296353,0.0,1.0,1.0
-300.0,180.0,340.22204441481773,680.4440888296353,0.0,1.0,1.0
-240.0,180.0,340.22204441481773,680.4440888296353,0.0,1.0,1.0
-180.0,180.0,340.22204441481773,680.4440888296353,0.0,1.0,1.0
-120.0,180.0,340.22204441481773,680.4440888296353,0.0,1.0,1.0
-60.0,180.0,340.22204441481773,680.4440888296353,0.0,1.0,1.0
0.0,180.0,340.22204441481773,680.4440888296353,0.0,1.0,1.0
60.0,180.0,311.19544763694637,622.3908952738925,0.0,1.0,1.0
120.0,180.0,258.0795550574461,516.1591101148921,0.0,0.9608830100657362,0.9999999999999999
180.0,180.0,204.16551513255962,408.33103026511924,0.0,0.8826490301972084,1.0000000000000002
240.0,180.0,159.53412552644346,319.06825105288686,0.0,0.8044150503286775,1.0000000000000004
300.0,180.0,118.04126451007565,236.08252831820457,0.0,0.6870640805258856,1.0000000000000004
360.0,180.0,86.69932552410233,173.39864890641334,0.0,0.5697131107230928,1.0000000000000004
420.0,180.0,64.7120731803109,129.42414044704597,0.0,0.4523621409203009,1.0000000000000007
480.0,180.0,51.157685474667105,102.31536414115429,0.0,0.32767673550483256,1.0000000000000009
540.0,180.0,46.35445314995339,92.70889276174638,0.0,0.18832245886401613,1.000000000000001
600.0,180.0,50.70516184573934,101.41030040189582,0.0,0.061192241577655904,1.0000000000000013
660.0,180.0,56.69241502590746,113.3848300518149,0.0,0.0,1.0000000000000013
720.0,180.0,60.24949857809646,120.49899715619293,0.0,0.0,1.0000000000000013
780.0,180.0,65.38201823964323,130.76403647928646,0.0,0.0,1.0000000000000013
840.0,180.0,73.06120040714984,146.12240081429965,0.0,0.0,1.0000000000000013
900.0,180.0,85.18991855521386,170.3798371104277,0.0,0.0,1.0000000000000013
960.0,180.0,106.2735361327068,212.54707226541353,0.0,0.0,1.0000000000000009
1020.0,180.0,149.82091197980398,299.64182395960796,0.0,0.0,1.0000000000000013
1080.0,180.0,282.1080150341967,564.2160300683934,0.0,0.0,1.0000000000000013
1140.0,180.0,195.95932952790827,391.91865905581653,0.0,0.0,1.0000000000000018
1200.0,180.0,110.66290562159647,221.32581124319293,0.0,0.0,1.0000000000000016
1260.0,180.0,75.64156138161879,151.28312276323754,0.0,0.0,1.0000000000000016
1320.0,180.0,57.010277092790275,114.02055418558054,0.0,0.0,1.0000000000000013
1380.0,180.0,45.73474845841254,91.46949691682511,0.0,0.0,1.000000000000001
1440.0,180.0,38.395912617620844,76.79182523524169,0.0,0.0,1.0000000000000004
1500.0,180.0,33.38820390276324,66.77640780552647,0.0,0.0,0.9999999999999999
1560.0,180.0,29.88642552456508,59.772851049130175,0.0,0.0,0.9999999999999987
1620.0,180.0,27.40056060373218,54.80112120746436,0.0,0.0,0.9999999999999974
1680.0,180.0,25.63527436028021,51.27054872056042,0.0,0.0,0.9999999999999959
1740.0,180.0,24.393014615941052,48.7860292318821,0.0,0.0,0.9999999999999939
-1740.0,240.0,340.22204441481773,680.4440888296353,0.0,1.0,1.0
-1680.0,240.0,340.22204441481773,680.4440888296353,0.0,1.0,1.0
-1620.0,240.0,340.22204441481773,680.4440888296353,0.0,1.0,1.0
-1560.0,240.0,340.22204441481773,680.4440888296353,0.0,1.0,1.0
-1500.0,240.0,340.22204441481773,680.4440888296353,0.0,1.0,1.0
-1440.0,240.0,340.22204441481773,680.4440888296353,0.0,1.0,1.0
-1380.0,240.0,340.22204441481773,680.4440888296353,0.0,1.0,1.0
-1320.0,240.0,340.22204441481773,680.4440888296353,0.0,1.0,1.0
-1260.0,240.0,340.22204441481773,680.4440888296353,0.0,1.0,1.0
-1200.0,240.0,340.22204441481773,680.4440888296353,0.0,1.0,1.0
-1140.0,240.0,340.22204441481773,680.4440888296353,0.0,1.0,1.0
-1080.0,240.0,340.22204441481773,680.4440888296353,0.0,1.0,1.0
-1020.0,240.0,340.22204441481773,680.4440888296353,0.0,1.0,1.0
-960.0,240.0,340.22204441481773,680.4440888296353,0.0,1.0,1.0
-900.0,240.0,340.22204441481773,680.4440888296353,0.0,1.0,1.0
-840.0,240.0,340.22204441481773,680.4440888296353,0.0,1.0,1.0
-780.0,240.0,340.22204441481773,680.4440888296353,0.0,1.0,1.0
-720.0,240.0,340.22204441481773,680.4440888296353,0.0,1.0,1.0
-660.0,240.0,340.22204441481773,680.4440888296353,0.0,1.0,1.0
-600.0,240.0,340.22204441481773,680.4440888296353,0.0,1.0,1.0
-540.0,240.0,340.22204441481773,680.4440888296353,0.0,1.0,1.0
-480.0,240.0,340.22204441481773,680.4440888296353,0.0,1.0,1.0
-420.0,240.0,340.22204441481773,680.4440888296353,0.0,1.0,1.0
-360.0,240.0,340.22204441481773,680.4440888296353,0.0,1.0,1.0
-300.0,240.0,340.22204441481773,680.4440888296353,0.0,1.0,1.0
-240.0,240.0,340.22204441481773,680.4440888296353,0.0,1.0,1.0
-180.0,240.0,340.22204441481773,680.4440888296353,0.0,1.0,1.0
-120.0,240.0,340.22204441481773,680.4440888296353,0.0,1.0,1.0
-60.0,240.0,340.22204441481773,680.4440888296353,0.0,1.0,1.0
0.0,240.0,340.22204441481773,680.4440888296353,0.0,1.0,1.0
60.0,240.0,300.88302776473597,601.7660555294719,0.0,1.0,1.0
120.0,240.0,236.95231000454405,473.9046200090881,0.0,0.9217660201314736,1.0
180.0,240.0,184.24945706348618,368.4989141269725,0.0,0.8435320402629425,1.0000000000000002
240.0,240.0,138.51734893076602,277.0346971938452,0.0,0.7481843772981729,1.0000000000000002
300.0,240.0,100.1300034677927,200.26000496894636,0.0,0.6308334074953809,1.0000000000000004
360.0,240.0,70.61425333696506,141.2285031061203,0.0,0.4939239427254568,1.0000000000000007
420.0,240.0,52.261563799827584,104.52312235223685,0.0,0.3667937254390971,1.0000000000000009
480.0,240.0,43.10944974938875,86.21888888099551,0.0,0.21766020131471397,1.0000000000000009
540.0,240.0,43.932707206411465,87.86539861047154,0.0,0.07341630093211358,1.000000000000001
600.0,240.0,48.59173047819495,97.1834609563899,0.0,0.0,1.0000000000000013
660.0,240.0,50.2973407587235,100.59468151744701,0.0,0.0,1.0000000000000013
720.0,240.0,52.782497672535186,105.56499534507033,0.0,0.0,1.0000000000000013
780.0,240.0,56.4097083564136,112.81941671282722,0.0,0.0,1.0000000000000013
840.0,240.0,61.82084833375814,123.64169666751624,0.0,0.0,1.0000000000000013
900.0,240.0,70.24370316452132,140.4874063290426,0.0,0.0,1.0000000000000013
960.0,240.0,84.35771089001932,168.7154217800386,0.0,0.0,1.0000000000000013
1020.0,240.0,111.33979126361295,222.67958252722596,0.0,0.0,1.0000000000000013
1080.0,240.0,179.33070720305793,358.6614144061158,0.0,0.0,1.0000000000000013
1140.0,240.0,274.3555867006044,548.7111734012087,0.0,0.0,1.0000000000000016
1200.0,240.0,123.61471961867765,247.22943923735525,0.0,0.0,1.0000000000000016
1260.0,240.0,77.69321521323226,155.38643042646453,0.0,0.0,1.0000000000000013
1320.0,240.0,56.02070628863409,112.0414125772682,0.0,0.0,1.0000000000000013
1380.0,240.0,43.754215070436594,87.50843014087313,0.0,0.0,1.0000000000000009
1440.0,240.0,36.11133171595748,72.22266343191494,0.0,0.0,1.0000000000000004
1500.0,240.0,31.07783100212587,62.15566200425174,0.0,0.0,0.9999999999999994
1560.0,240.0,27.65536037588738,55.31072075177478,0.0,0.0,0.9999999999999981
1620.0,240.0,25.291486507344967,50.58297301468994,0.0,0.0,0.9999999999999968
1680.0,240.0,23.66114702250188,47.322294045003765,0.0,0.0,0.9999999999999948
1740.0,240.0,22.554770667866954,45.10948353838233,0.0,0.0,0.9999999999999929
-1740.0,300.0,340.22204441481773,680.4440888296353,0.0,1.0,1.0
-1680.0,300.0,340.22204441481773,680.4440888296353,0.0,1.0,1.0
-1620.0,300.0,340.22204441481773,680.4440888296353,0.0,1.0,1.0
-1560.0,300.0,340.22204441481773,680.4440888296353,0.0,1.0,1.0
-1500.0,300.0,340.22204441481773,680.4440888296353,0.0,1.0,1.0
-1440.0,300.0,340.22204441481773,680.4440888296353,0.0,1.0,1.0
-1380.0,300.0,340.22204441481773,680.4440888296353,0.0,1.0,1.0
-1320.0,300.0,340.22204441481773,680.4440888296353,0.0,1.0,1.0
-1260.0,300.0,340.22204441481773,680.4440888296353,0.0,1.0,1.0
-1200.0,300.0,340.22204441481773,680.4440888296353,0.0,1.0,1.0
-1140.0,300.0,340.22204441481773,680.4440888296353,0.0,1.0,1.0
-1080.0,300.0,340.22204441481773,680.4440888296353,0.0,1.0,1.0
-1020.0,300.0,340.22204441481773,680.4440888296353,0.0,1.0,1.0
-960.0,300.0,340.22204441481773,680.4440888296353,0.0,1.0,1.0
-900.0,300.0,340.22204441481773,680.4440888296353,0.0,1.0,1.0
-840.0,300.0,340.22204441481773,680.4440888296353,0.0,1.0,1.0
-780.0,300.0,340.22204441481773,680.4440888296353,0.0,1.0,1.0
-720.0,300.0,340.22204441481773,680.4440888296353,0.0,1.0,1.0
-660.0,300.0,340.22204441481773,680.4440888296353,0.0,1.0,1.0
-600.0,300.0,340.22204441481773,680.4440888296353,0.0,1.0,1.0
-540.0,300.0,340.22204441481773,680.4440888296353,0.0,1.0,1.0
-480.0,300.0,340.22204441481773,680.4440888296353,0.0,1.0,1.0
-420.0,300.0,340.22204441481773,680.4440888296353,0.0,1.0,1.0
-360.0,300.0,340.22204441481773,680.4440888296353,0.0,1.0,1.0
-300.0,300.0,340.22204441481773,680.4440888296353,0.0,1.0,1.0
-240.0,300.0,340.22204441481773,680.4440888296353,0.0,1.0,1.0
-180.0,300.0,340.22204441481773,680.4440888296353,0.0,1.0,1.0
-120.0,300.0,340.22204441481773,680.4440888296353,0.0,1.0,1.0
-60.0,300.0,340.22204441481773,680.4440888296353,0.0,1.0,1.0
0.0,300.0,340.22204441481773,680.4440888296353,0.0,1.0,1.0
60.0,300.0,281.27061487484855,562.5412297496971,0.0,0.9608830100657362,0.9999999999999999
120.0,300.0,226.49392094131392,452.9878418826278,0.0,0.9217660201314736,1.0
180.0,300.0,166.06784532986282,332.13569023758447,0.0,0.8044150503286775,1.0000000000000002
240.0,300.0,119.48088079537119,238.96175988177563,0.0,0.6895088923967772,1.0000000000000004
300.0,300.0,84.0919816686431,168.183962428727,0.0,0.5697131107230928,1.0000000000000004
360.0,300.0,57.5461977607474,115.09239108522739,0.0,0.4205795865987111,1.0000000000000007
420.0,300.0,42.8354350464312,85.67085928688927,0.0,0.27144606247432745,1.0000000000000009
480.0,300.0,39.09479651853363,78.18957554052898,0.0,0.1149781027372698,1.000000000000001
540.0,300.0,43.049687241236064,86.09937448247214,0.0,0.0,1.0000000000000013
600.0,300.0,43.7016990288655,87.403398057731,0.0,0.0,1.0000000000000013
660.0,300.0,44.76776659511015,89.53553319022026,0.0,0.0,1.0000000000000013
720.0,300.0,46.40112745713659,92.80225491427316,0.0,0.0,1.0000000000000013
780.0,300.0,48.850391905469735,97.70078381093946,0.0,0.0,1.0000000000000013
840.0,300.0,52.5550075853602,105.11001517072039,0.0,0.0,1.0000000000000013
900.0,300.0,58.298886563244196,116.59777312648838,0.0,0.0,1.0000000000000013
960.0,300.0,67.70740928341661,135.41481856683322,0.0,0.0,1.0000000000000013
1020.0,300.0,84.73873882115684,169.4774776423137,0.0,0.0,1.0000000000000013
1080.0,300.0,122.25732145870388,244.51464291740785,0.0,0.0,1.000000000000001
1140.0,300.0,261.4481169064894,522.8962338129788,0.0,0.0,1.0000000000000013
1200.0,300.0,148.3672137157879,296.73442743157574,0.0,0.0,1.0000000000000016
1260.0,300.0,81.66475977388231,163.32951954776462,0.0,0.0,1.0000000000000016
1320.0,300.0,55.434652779935774,110.86930555987155,0.0,0.0,1.0000000000000013
1380.0,300.0,41.852441543502955,83.70488308700595,0.0,0.0,1.0000000000000007
1440.0,300.0,33.83962607906874,67.67925215813753,0.0,0.0,1.0
1500.0,300.0,28.77487087444566,57.54974174889133,0.0,0.0,0.9999999999999988
1560.0,300.0,25.447383970045124,50.894767940090254,0.0,0.0,0.9999999999999977
1620.0,300.0,23.222483654342966,46.444884524613414,0.0,0.0,0.9999999999999959
1680.0,300.0,21.743846716579043,43.4876926150352,0.0,0.0,0.999999999999994
1740.0,300.0,20.78561858960738,41.571237179214776,0.0,0.0,0.9999999999999919
-1740.0,360.0,340.22204441481773,680.4440888296353,0.0,1.0,1.0
-1680.0,360.0,340.22204441481773,680.4440888296353,0.0,1.0,1.0
-1620.0,360.0,340.22204441481773,680.4440888296353,0.0,1.0,1.0
-1560.0,360.0,340.22204441481773,680.4440888296353,0.0,1.0,1.0
-1500.0,360.0,340.22204441481773,680.4440888296353,0.0,1.0,1.0
-1440.0,360.0,340.22204441481773,680.4440888296353,0.0,1.0,1.0
-1380.0,360.0,340.22204441481773,680.4440888296353,0.0,1.0,1.0
-1320.0,360.0,340.22204441481773,680.4440888296353,0.0,1.0,1.0
-1260.0,360.0,340.22204441481773,680.4440888296353,0.0,1.0,1.0
-1200.0,360.0,340.22204441481773,680.4440888296353,0.0,1.0,1.0
-1140.0,360.0,340.22204441481773,680.4440888296353,0.0,1.0,1.0
-1080.0,360.0,340.22204441481773,680.4440888296353,0.0,1.0,1.0
-1020.0,360.0,340.22204441481773,680.4440888296353,0.0,1.0,1.0
-960.0,360.0,340.22204441481773,680.4440888296353,0.0,1.0,1.0
-900.0,360.0,340.22204441481773,680.4440888296353,0.0,1.0,1.0
-840.0,360.0,340.22204441481773,680.4440888296353,0.0,1.0,1.0
-780.0,360.0,340.22204441481773,680.4440888296353,0.0,1.0,1.0
-720.0,360.0,340.22204441481773,680.4440888296353,0.0,1.0,1.0
-660.0,360.0,340.22204441481773,680.4440888296353,0.0,1.0,1.0
-600.0,360.0,340.22204441481773,680.4440888296353,0.0,1.0,1.0
-540.0,360.0,340.22204441481773,680.4440888296353,0.0,1.0,1.0
-480.0,360.0,340.22204441481773,680.4440888296353,0.0,1.0,1.0
-420.0,360.0,340.22204441481773,680.4440888296353,0.0,1.0,1.0
-360.0,360.0,340.22204441481773,680.4440888296353,0.0,1.0,1.0
-300.0,360.0,340.22204441481773,680.4440888296353,0.0,1.0,1.0
-240.0,360.0,340.22204441481773,680.4440888296353,0.0,1.0,1.0
-180.0,360.0,340.22204441481773,680.4440888296353,0.0,1.0,1.0
-120.0,360.0,340.22204441481773,680.4440888296353,0.0,1.0,1.0
-60.0,360.0,340.22204441481773,680.4440888296353,0.0,1.0,1.0
0.0,360.0,340.22204441481773,680.4440888296353,0.0,1.0,1.0
60.0,360.0,274.2111527717444,548.4223055434887,0.0,0.9608830100657362,0.9999999999999999
120.0,360.0,208.65142488584326,417.30284977168645,0.0,0.8826490301972084,1.0
180.0,360.0,151.1950060461802,302.390010615558,0.0,0.7750773078779793,1.0
240.0,360.0,104.7295959737817,209.45919058652748,0.0,0.6479470905916211,1.0000000000000002
300.0,360.0,69.36415842723908,138.7283115106541,0.0,0.4988135664672395,1.0000000000000004
360.0,360.0,46.956176962026476,93.91234481808334,0.0,0.34234560673018194,1.0000000000000007
420.0,360.0,36.99543212943329,73.99085246795093,0.0,0.17609839950955772,1.0000000000000009
480.0,360.0,39.093407004968206,78.1867848611781,0.0,0.0006974574098550625,1.000000000000001
540.0,360.0,39.19784812527777,78.39569025903195,0.0,0.0,1.0000000000000013
600.0,360.0,39.44125448079661,78.88250896159322,0.0,0.0,1.0000000000000013
660.0,360.0,39.986596931064156,79.97319386212831,0.0,0.0,1.0000000000000013
720.0,360.0,40.942695190588786,81.88539038117757,0.0,0.0,1.000000000000001
780.0,360.0,42.48668563835305,84.97337127670608,0.0,0.0,1.0000000000000013
840.0,360.0,44.900596262113105,89.80119252422621,0.0,0.0,1.0000000000000013
900.0,360.0,48.694913680216914,97.38982736043383,0.0,0.0,1.0000000000000013
960.0,360.0,54.85812205206377,109.71624410412758,0.0,0.0,1.0000000000000013
1020.0,360.0,65.63299378142447,131.26598756284895,0.0,0.0,1.0000000000000013
1080.0,360.0,87.3317987900453,174.66359758009057,0.0,0.0,1.000000000000001
1140.0,360.0,147.81632365847315,295.6326473169463,0.0,0.0,1.0000000000000013
1200.0,360.0,208.06927924308388,416.1385584861679,0.0,0.0,1.0000000000000016
1260.0,360.0,89.13481249720843,178.26962499441683,0.0,0.0,1.0000000000000016
1320.0,360.0,55.46679691731161,110.93359383462324,0.0,0.0,1.0000000000000009
1380.0,360.0,40.05343751272223,80.10687502544447,0.0,0.0,1.0000000000000004
1440.0,360.0,31.585063788503543,63.17012757700709,0.0,0.0,0.9999999999999994
1500.0,360.0,26.487598562413744,52.97510910411192,0.0,0.0,0.9999999999999984
1560.0,360.0,23.277738799060092,46.55547759812016,0.0,0.0,0.9999999999999968
1620.0,360.0,21.214997495789408,42.42999499157883,0.0,0.0,0.9999999999999952
1680.0,360.0,19.89970987784584,39.799270856205965,0.0,0.0,0.999999999999993
1740.0,360.0,19.104219821464916,38.208439642929825,0.0,0.0,0.9999999999999908
-1740.0,420.0,340.22204441481773,680.4440888296353,0.0,1.0,1.0
-1680.0,420.0,340.22204441481773,680.4440888296353,0.0,1.0,1.0
-1620.0,420.0,340.22204441481773,680.4440888296353,0.0,1.0,1.0
-1560.0,420.0,340.22204441481773,680.4440888296353,0.0,1.0,1.0
-1500.0,420.0,340.22204441481773,680.4440888296353,0.0,1.0,1.0
-1440.0,420.0,340.22204441481773,680.4440888296353,0.0,1.0,1.0
-1380.0,420.0,340.22204441481773,680.4440888296353,0.0,1.0,1.0
-1320.0,420.0,340.22204441481773,680.4440888296353,0.0,1.0,1.0
-1260.0,420.0,340.22204441481773,680.4440888296353,0.0,1.0,1.0
-1200.0,420.0,340.22204441481773,680.4440888296353,0.0,1.0,1.0
-1140.0,420.0,340.22204441481773,680.4440888296353,0.0,1.0,1.0
-1080.0,420.0,340.22204441481773,680.4440888296353,0.0,1.0,1.0
-1020.0,420.0,340.22204441481773,680.4440888296353,0.0,1.0,1.0
-960.0,420.0,340.22204441481773,680.4440888296353,0.0,1.0,1.0
-900.0,420.0,340.22204441481773,680.4440888296353,0.0,1.0,1.0
-840.0,420.0,340.22204441481773,680.4440888296353,0.0,1.0,1.0
-780.0,420.0,340.22204441481773,680.4440888296353,0.0,1.0,1.0
-720.0,420.0,340.22204441481773,680.4440888296353,0.0,1.0,1.0
-660.0,420.0,340.22204441481773,680.4440888296353,0.0,1.0,1.0
-600.0,420.0,340.22204441481773,680.4440888296353,0.0,1.0,1.0
-540.0,420.0,340.22204441481773,680.4440888296353,0.0,1.0,1.0
-480.0,420.0,340.22204441481773,680.4440888296353,0.0,1.0,1.0
-420.0,420.0,340.22204441481773,680.4440888296353,0.0,1.0,1.0
-360.0,420.0,340.22204441481773,680.4440888296353,0.0,1.0,1.0
-300.0,420.0,340.22204441481773,680.4440888296353,0.0,1.0,1.0
-240.0,420.0,340.22204441481773,680.4440888296353,0.0,1.0,1.0
-180.0,420.0,340.22204441481773,680.4440888296353,0.0,1.0,1.0
-120.0,420.0,340.22204441481773,680.4440888296353,0.0,1.0,1.0
-60.0,420.0,340.22204441481773,680.4440888296353,0.0,1.0,1.0
0.0,420.0,340.22204441481773,680.4440888296353,0.0,1.0,1.0
60.0,420.0,268.7700516459711,537.5401032919422,0.0,0.9608830100657362,0.9999999999999999
120.0,420.0,200.72673080308815,401.45346160617606,0.0,0.8826490301972084,1.0
180.0,420.0,137.81836474523593,275.63672804840684,0.0,0.7457395654272813,1.0
240.0,420.0,90.98881497275346,181.9776285403952,0.0,0.6014956650446823,1.0000000000000002
300.0,420.0,57.60792917404505,115.21585235182604,0.0,0.4352484578240605,1.0000000000000004
360.0,420.0,39.03282452616689,78.0656347764839,0.0,0.26166681499076144,1.0000000000000007
420.0,420.0,34.36949338027617,68.73896092578482,0.0,0.0783059246738966,1.0000000000000009
480.0,420.0,36.07644890113473,72.15135637043062,0.0,0.0,1.0000000000000009
540.0,420.0,35.821870694738664,71.6430819470977,0.0,0.0,1.000000000000001
600.0,420.0,35.73610349954487,71.47208406123796,0.0,0.0,1.000000000000001
660.0,420.0,35.86466750678508,71.72933501357018,0.0,0.0,1.000000000000001
720.0,420.0,36.291681741281444,72.58336348256293,0.0,0.0,1.000000000000001
780.0,420.0,37.12833902254244,74.2566780450849,0.0,0.0,1.000000000000001
840.0,420.0,38.56683815397762,77.13367630795524,0.0,0.0,1.0000000000000013
900.0,420.0,40.93177225654608,81.86354451309217,0.0,0.0,1.0000000000000013
960.0,420.0,44.83264569214044,89.66529138428086,0.0,0.0,1.0000000000000013
1020.0,420.0,51.55110991116752,103.10221982233504,0.0,0.0,1.0000000000000013
1080.0,420.0,64.3448184701871,128.6896369403742,0.0,0.0,1.0000000000000013
1140.0,420.0,94.61867514523871,189.23735029047742,0.0,0.0,1.0000000000000013
1200.0,420.0,235.9975149148491,471.9950298296982,0.0,0.0,1.0000000000000013
1260.0,420.0,104.3338210950897,208.66764219017944,0.0,0.0,1.0000000000000016
1320.0,420.0,56.53017023493832,113.06034046987665,0.0,0.0,1.0000000000000009
1380.0,420.0,38.430683736759775,76.86135061841631,0.0,0.0,0.9999999999999999
1440.0,420.0,29.375472531409695,58.75094506281936,0.0,0.0,0.9999999999999989
1500.0,420.0,24.249906272971295,48.49981254594259,0.0,0.0,0.9999999999999977
1560.0,420.0,21.171731872783933,42.343378954754215,0.0,0.0,0.999999999999996
1620.0,420.0,19.293932249824724,38.587864499649434,0.0,0.0,0.9999999999999941
1680.0,420.0,18.166745932627467,36.33338423454572,0.0,0.0,0.999999999999992
1740.0,420.0,17.54253985620381,35.084987438383955,0.0,0.0,0.9999999999999898
-1680.0,480.0,340.22204441481773,680.4440888296353,0.0,1.0,1.0
-1620.0,480.0,340.22204441481773,680.4440888296353,0.0,1.0,1.0
-1560.0,480.0,340.22204441481773,680.4440888296353,0.0,1.0,1.0
-1500.0,480.0,340.22204441481773,680.4440888296353,0.0,1.0,1.0
-1440.0,480.0,340.22204441481773,680.4440888296353,0.0,1.0,1.0
-1380.0,480.0,340.22204441481773,680.4440888296353,0.0,1.0,1.0
-1320.0,480.0,340.22204441481773,680.4440888296353,0.0,1.0,1.0
-1260.0,480.0,340.22204441481773,680.4440888296353,0.0,1.0,1.0
-1200.0,480.0,340.22204441481773,680.4440888296353,0.0,1.0,1.0
-1140.0,480.0,340.22204441481773,680.4440888296353,0.0,1.0,1.0
-1080.0,480.0,340.22204441481773,680.4440888296353,0.0,1.0,1.0
-1020.0,480.0,340.22204441481773,680.4440888296353,0.0,1.0,1.0
-960.0,480.0,340.22204441481773,680.4440888296353,0.0,1.0,1.0
-900.0,480.0,340.22204441481773,680.4440888296353,0.0,1.0,1.0
-840.0,480.0,340.22204441481773,680.4440888296353,0.0,1.0,1.0
-780.0,480.0,340.22204441481773,680.4440888296353,0.0,1.0,1.0
-720.0,480.0,340.22204441481773,680.4440888296353,0.0,1.0,1.0
-660.0,480.0,340.22204441481773,680.4440888296353,0.0,1.0,1.0
-600.0,480.0,340.22204441481773,680.4440888296353,0.0,1.0,1.0
-540.0,480.0,340.22204441481773,680.4440888296353,0.0,1.0,1.0
-480.0,480.0,340.22204441481773,680.4440888296353,0.0,1.0,1.0
-420.0,480.0,340.22204441481773,680.4440888296353,0.0,1.0,1.0
-360.0,480.0,340.22204441481773,680.4440888296353,0.0,1.0,1.0
-300.0,480.0,340.22204441481773,680.4440888296353,0.0,1.0,1.0
-240.0,480.0,340.22204441481773,680.4440888296353,0.0,1.0,1.0
-180.0,480.0,340.22204441481773,680.4440888296353,0.0,1.0,1.0
-120.0,480.0,340.22204441481773,680.4440888296353,0.0,1.0,1.0
-60.0,480.0,340.22204441481773,680.4440888296353,0.0,1.0,1.0
0.0,480.0,340.22204441481773,680.4440888296353,0.0,1.0,1.0
60.0,480.0,265.3816520604053,530.7633041208105,0.0,0.9608830100657362,0.9999999999999999
120.0,480.0,186.3358875679857,372.6717750576748,0.0,0.8435320402629425,1.0
180.0,480.0,125.54050369752022,251.081006185968,0.0,0.7139570111056923,1.0
240.0,480.0,78.2500011920622,156.4999978558597,0.0,0.547709803885069,1.0
300.0,480.0,47.6262467350836,95.25248451882372,0.0,0.3643489135682055,1.0000000000000004
360.0,480.0,33.59493297204758,67.18984704754484,0.0,0.17120877576777468,1.0000000000000007
420.0,480.0,33.92133282150118,67.83732665361288,0.0,0.0,1.0000000000000009
480.0,480.0,33.353866158779844,66.70376145012362,0.0,0.0,1.0000000000000009
540.0,480.0,32.88219850392248,65.76164463363462,0.0,0.0,1.0000000000000009
600.0,480.0,32.52676769767531,65.05210696322129,0.0,0.0,1.0000000000000009
660.0,480.0,32.32777812747454,64.65510721339086,0.0,0.0,1.000000000000001
720.0,480.0,32.335672866952216,64.67134370301567,0.0,0.0,1.000000000000001
780.0,480.0,32.63113998980853,65.26227997961705,0.0,0.0,1.000000000000001
840.0,480.0,33.333713475709345,66.6674269514187,0.0,0.0,1.000000000000001
900.0,480.0,34.65354600787776,69.30709201575549,0.0,0.0,1.000000000000001
960.0,480.0,36.95599170458895,73.91198340917794,0.0,0.0,1.000000000000001
1020.0,480.0,40.985888262440206,81.97177652488043,0.0,0.0,1.0000000000000013
1080.0,480.0,48.46876656473321,96.93753312946643,0.0,0.0,1.000000000000001
1140.0,480.0,64.53547276323519,129.0709455264704,0.0,0.0,1.000000000000001
1200.0,480.0,114.82917329845819,229.65834659691637,0.0,0.0,1.000000000000001
1260.0,480.0,143.01793673512208,286.0358734702442,0.0,0.0,1.0000000000000009
1320.0,480.0,59.564691895204135,119.12938379040824,0.0,0.0,1.0000000000000004
1380.0,480.0,37.11463678262697,74.22927356525398,0.0,0.0,0.9999999999999996
1440.0,480.0,27.242948876761844,54.48589775352366,0.0,0.0,0.9999999999999986
1500.0,480.0,22.08313985627612,44.16627971255223,0.0,0.0,0.999999999999997
1560.0,480.0,19.173652523544835,38.34730280128171,0.0,0.0,0.9999999999999952
1620.0,480.0,17.503281181595927,35.0064534904963,0.0,0.0,0.9999999999999933
1680.0,480.0,16.583515884111467,33.16703176822292,0.0,0.0,0.9999999999999909
-1680.0,540.0,340.22204441481773,680.4440888296353,0.0,1.0,1.0
-1620.0,540.0,340.22204441481773,680.4440888296353,0.0,1.0,1.0
-1560.0,540.0,340.22204441481773,680.4440888296353,0.0,1.0,1.0
-1500.0,540.0,340.22204441481773,680.4440888296353,0.0,1.0,1.0
-1440.0,540.0,340.22204441481773,680.4440888296353,0.0,1.0,1.0
-1380.0,540.0,340.22204441481773,680.4440888296353,0.0,1.0,1.0
-1320.0,540.0,340.22204441481773,680.4440888296353,0.0,1.0,1.0
-1260.0,540.0,340.22204441481773,680.4440888296353,0.0,1.0,1.0
-1200.0,540.0,340.22204441481773,680.4440888296353,0.0,1.0,1.0
-1140.0,540.0,340.22204441481773,680.4440888296353,0.0,1.0,1.0
-1080.0,540.0,340.22204441481773,680.4440888296353,0.0,1.0,1.0
-1020.0,540.0,340.22204441481773,680.4440888296353,0.0,1.0,1.0
-960.0,540.0,340.22204441481773,680.4440888296353,0.0,1.0,1.0
-900.0,540.0,340.22204441481773,680.4440888296353,0.0,1.0,1.0
-840.0,540.0,340.22204441481773,680.4440888296353,0.0,1.0,1.0
-780.0,540.0,340.22204441481773,680.4440888296353,0.0,1.0,1.0
-720.0,540.0,340.22204441481773,680.4440888296353,0.0,1.0,1.0
-660.0,540.0,340.22204441481773,680.4440888296353,0.0,1.0,1.0
-600.0,540.0,340.22204441481773,680.4440888296353,0.0,1.0,1.0
-540.0,540.0,340.22204441481773,680.4440888296353,0.0,1.0,1.0
-480.0,540.0,340.22204441481773,680.4440888296353,0.0,1.0,1.0
-420.0,540.0,340.22204441481773,680.4440888296353,0.0,1.0,1.0
-360.0,540.0,340.22204441481773,680.4440888296353,0.0,1.0,1.0
-300.0,540.0,340.22204441481773,680.4440888296353,0.0,1.0,1.0
-240.0,540.0,340.22204441481773,680.4440888296353,0.0,1.0,1.0
-180.0,540.0,340.22204441481773,680.4440888296353,0.0,1.0,1.0
-120.0,540.0,340.22204441481773,680.4440888296353,0.0,1.0,1.0
-60.0,540.0,340.22204441481773,680.4440888296353,0.0,1.0,1.0
0.0,540.0,340.22204441481773,680.4440888296353,0.0,1.0,1.0
60.0,540.0,264.7076112796897,529.4152225593792,0.0,0.9608830100657362,0.9999999999999994
120.0,540.0,181.5100344601939,363.02006892038776,0.0,0.8435320402629425,0.9999999999999996
180.0,540.0,114.77140343791233,229.54280624389668,0.0,0.6821744567841023,0.9999999999999996
240.0,540.0,67.7780920941364,135.55617636348015,0.0,0.4988135664672395,0.9999999999999996
300.0,540.0,40.119088425482126,80.2381653092761,0.0,0.3007838049250263,0.9999999999999998
360.0,540.0,30.936490353169486,61.87295613042959,0.0,0.08564036028657132,1.0000000000000002
420.0,540.0,31.69441374053867,63.379703094865064,0.0,0.0,1.0000000000000004
480.0,540.0,30.979023238002714,61.95036767715766,0.0,0.0,1.0000000000000004
540.0,540.0,30.330995713615675,60.65583430526079,0.0,0.0,1.0000000000000007
600.0,540.0,29.765553906891018,59.526625535419406,0.0,0.0,1.0000000000000004
660.0,540.0,29.30754348590421,58.61237032444663,0.0,0.0,1.0000000000000004
720.0,540.0,28.993767362592447,57.986340670464585,0.0,0.0,1.0000000000000007
780.0,540.0,28.87347606918714,57.746786579171946,0.0,0.0,1.0000000000000007
840.0,540.0,29.025845013688752,58.05169002737749,0.0,0.0,1.0000000000000007
900.0,540.0,29.580008855197608,59.160017710395216,0.0,0.0,1.0000000000000009
960.0,540.0,30.758544650253555,61.51708930050714,0.0,0.0,1.0000000000000007
1020.0,540.0,32.98734975416513,65.97469950833027,0.0,0.0,1.0000000000000007
1080.0,540.0,37.18876774684433,74.37753549368867,0.0,0.0,1.0000000000000007
1140.0,540.0,45.81394414329398,91.62788828658795,0.0,0.0,1.0000000000000007
1200.0,540.0,68.11835406750124,136.23670813500246,0.0,0.0,1.0000000000000007
1260.0,540.0,212.26701271323492,424.53402542646984,0.0,0.0,1.0000000000000009
1320.0,540.0,66.98386485610055,133.9677297122011,0.0,0.0,0.9999999999999999
1380.0,540.0,36.334419692911986,72.66883938582397,0.0,0.0,0.9999999999999988
1440.0,540.0,25.27477209358548,50.549544187170966,0.0,0.0,0.9999999999999977
1500.0,540.0,20.058171058407005,40.11623915096395,0.0,0.0,0.9999999999999962
1560.0,540.0,17.343714278356803,34.68742855671359,0.0,0.0,0.9999999999999943
1620.0,540.0,15.910045399676806,31.8200907993536,0.0,0.0,0.9999999999999921
1680.0,540.0,15.211776633458667,30.423545616002546,0.0,0.0,0.9999999999999898
-1680.0,600.0,340.22204441481773,680.4440888296353,0.0,1.0,1.0
-1620.0,600.0,340.22204441481773,680.4440888296353,0.0,1.0,1.0
-1560.0,600.0,340.22204441481773,680.4440888296353,0.0,1.0,1.0
-1500.0,600.0,340.22204441481773,680.4440888296353,0.0,1.0,1.0
-1440.0,600.0,340.22204441481773,680.4440888296353,0.0,1.0,1.0
-1380.0,600.0,340.22204441481773,680.4440888296353,0.0,1.0,1.0
-1320.0,600.0,340.22204441481773,680.4440888296353,0.0,1.0,1.0
-1260.0,600.0,340.22204441481773,680.4440888296353,0.0,1.0,1.0
-1200.0,600.0,340.22204441481773,680.4440888296353,0.0,1.0,1.0
-1140.0,600.0,340.22204441481773,680.4440888296353,0.0,1.0,1.0
-1080.0,600.0,340.22204441481773,680.4440888296353,0.0,1.0,1.0
-1020.0,600.0,340.22204441481773,680.4440888296353,0.0,1.0,1.0
-960.0,600.0,340.22204441481773,680.4440888296353,0.0,1.0,1.0
-900.0,600.0,340.22204441481773,680.4440888296353,0.0,1.0,1.0
-840.0,600.0,340.22204441481773,680.4440888296353,0.0,1.0,1.0
-780.0,600.0,340.22204441481773,680.4440888296353,0.0,1.0,1.0
-720.0,600.0,340.22204441481773,680.4440888296353,0.0,1.0,1.0
-660.0,600.0,340.22204441481773,680.4440888296353,0.0,1.0,1.0
-600.0,600.0,340.22204441481773,680.4440888296353,0.0,1.0,1.0
-540.0,600.0,340.22204441481773,680.4440888296353,0.0,1.0,1.0
-480.0,600.0,340.22204441481773,680.4440888296353,0.0,1.0,1.0
-420.0,600.0,340.22204441481773,680.4440888296353,0.0,1.0,1.0
-360.0,600.0,340.22204441481773,680.4440888296353,0.0,1.0,1.0
-300.0,600.0,340.22204441481773,680.4440888296353,0.0,1.0,1.0
-240.0,600.0,340.22204441481773,680.4440888296353,0.0,1.0,1.0
-180.0,600.0,340.22204441481773,680.4440888296353,0.0,1.0,1.0
-120.0,600.0,340.22204441481773,680.4440888296353,0.0,1.0,1.0
-60.0,600.0,340.22204441481773,680.4440888296353,0.0,1.0,1.0
0.0,600.0,340.22204441481773,680.4440888296353,0.0,1.0,1.0
60.0,600.0,267.70108481905953,535.4021696381191,0.0,0.9608830100657362,0.9999999999999994
120.0,600.0,176.06608994131543,352.1321778986228,0.0,0.8313079809084851,0.9999999999999987
180.0,600.0,105.4926769015284,210.98535020218392,0.0,0.6503919024625127,0.9999999999999987
240.0,600.0,58.845171464325844,117.69032840177522,0.0,0.4499173290494099,0.9999999999999987
300.0,600.0,34.40269600399914,68.80537496118865,0.0,0.2347738844109546,0.9999999999999988
360.0,600.0,30.511275172200524,61.018107881211456,0.0,0.002465259706103856,0.9999999999999992
420.0,600.0,29.753522070934643,59.49290792734426,0.0,0.0,0.9999999999999991
480.0,600.0,28.920958121797554,57.82915318273795,0.0,0.0,0.9999999999999991
540.0,600.0,28.133950037535126,56.25670294710728,0.0,0.0,0.9999999999999993
600.0,600.0,27.404867273490392,54.80036347856321,0.0,0.0,0.9999999999999993
660.0,600.0,26.74842017009574,53.489612649611246,0.0,0.0,0.9999999999999996
720.0,600.0,26.18837049582454,52.37172916118455,0.0,0.0,0.9999999999999994
780.0,600.0,25.75628280196325,51.509864653325295,0.0,0.0,0.9999999999999994
840.0,600.0,25.50219371719014,51.0035848934539,0.0,0.0,0.9999999999999996
900.0,600.0,25.504358181713826,51.0087160151607,0.0,0.0,0.9999999999999996
960.0,600.0,25.894373546638676,51.78874709327734,0.0,0.0,0.9999999999999997
1020.0,600.0,26.920980573867343,53.84196114773473,0.0,0.0,0.9999999999999997
1080.0,600.0,29.077889336979055,58.155778673958096,0.0,0.0,0.9999999999999998
1140.0,600.0,33.551429053523265,67.10285810704654,0.0,0.0,0.9999999999999997
1200.0,600.0,44.130292166123816,88.26058433224765,0.0,0.0,0.9999999999999999
1260.0,600.0,82.46393084614463,164.92786169228924,0.0,0.0,0.9999999999999998
1320.0,600.0,88.25203959618479,176.5040791923695,0.0,0.0,0.9999999999999998
1380.0,600.0,36.652107468465104,73.30421493693018,0.0,0.0,0.9999999999999984
1440.0,600.0,23.601549192075094,47.20307026918488,0.0,0.0,0.999999999999997
1500.0,600.0,18.27847925247449,36.55695850494896,0.0,0.0,0.9999999999999953
1560.0,600.0,15.77644127823159,31.552882556463167,0.0,0.0,0.9999999999999934
1620.0,600.0,14.594242770589132,29.188485541178224,0.0,0.0,0.9999999999999912
1680.0,600.0,14.125763927642028,28.25152717428561,0.0,0.0,0.9999999999999888
-1620.0,660.0,340.22204441481773,680.4440888296353,0.0,1.0,1.0
-1560.0,660.0,340.22204441481773,680.4440888296353,0.0,1.0,1.0
-1500.0,660.0,340.22204441481773,680.4440888296353,0.0,1.0,1.0
-1440.0,660.0,340.22204441481773,680.4440888296353,0.0,1.0,1.0
-1380.0,660.0,340.22204441481773,680.4440888296353,0.0,1.0,1.0
-1320.0,660.0,340.22204441481773,680.4440888296353,0.0,1.0,1.0
-1260.0,660.0,340.22204441481773,680.4440888296353,0.0,1.0,1.0
-1200.0,660.0,340.22204441481773,680.4440888296353,0.0,1.0,1.0
-1140.0,660.0,340.22204441481773,680.4440888296353,0.0,1.0,1.0
-1080.0,660.0,340.22204441481773,680.4440888296353,0.0,1.0,1.0
-1020.0,660.0,340.22204441481773,680.4440888296353,0.0,1.0,1.0
-960.0,660.0,340.22204441481773,680.4440888296353,0.0,1.0,1.0
-900.0,660.0,340.22204441481773,680.4440888296353,0.0,1.0,1.0
-840.0,660.0,340.22204441481773,680.4440888296353,0.0,1.0,1.0
-780.0,660.0,340.22204441481773,680.4440888296353,0.0,1.0,1.0
-720.0,660.0,340.22204441481773,680.4440888296353,0.0,1.0,1.0
-660.0,660.0,340.22204441481773,680.4440888296353,0.0,1.0,1.0
-600.0,660.0,340.22204441481773,680.4440888296353,0.0,1.0,1.0
-540.0,660.0,340.22204441481773,680.4440888296353,0.0,1.0,1.0
-480.0,660.0,340.22204441481773,680.4440888296353,0.0,1.0,1.0
-420.0,660.0,340.22204441481773,680.4440888296353,0.0,1.0,1.0
-360.0,660.0,340.22204441481773,680.4440888296353,0.0,1.0,1.0
-300.0,660.0,340.22204441481773,680.4440888296353,0.0,1.0,1.0
-240.0,660.0,340.22204441481773,680.4440888296353,0.0,1.0,1.0
-180.0,660.0,340.22204441481773,680.4440888296353,0.0,1.0,1.0
-120.0,660.0,340.22204441481773,680.4440888296353,0.0,1.0,1.0
-60.0,660.0,340.22204441481773,680.4440888296353,0.0,1.0,1.0
0.0,660.0,340.22204441481773,680.4440888296353,0.0,1.0,1.0
60.0,660.0,276.04318187823753,552.0863637564751,0.0,0.9608830100657362,0.9999999999999994
120.0,660.0,173.93432163744896,347.86863978498457,0.0,0.8239735452958102,0.999999999999998
180.0,660.0,98.88198231786532,197.7639576074062,0.0,0.628388595624489,0.9999999999999978
240.0,660.0,51.536207795800635,103.07239603677401,0.0,0.4034659035024707,0.9999999999999977
300.0,660.0,30.391708202167035,60.78338173994783,0.0,0.16631915202599196,0.9999999999999978
360.0,660.0,29.02475396258923,58.02827882606603,0.0,0.0,0.9999999999999979
420.0,660.0,28.076034077769453,56.13159141784638,0.0,0.0,0.999999999999998
480.0,660.0,27.15225323113455,54.28518191658473,0.0,0.0,0.9999999999999981
540.0,660.0,26.259112753884008,52.500242307064724,0.0,0.0,0.9999999999999981
600.0,660.0,25.405800545509074,50.79516656067033,0.0,0.0,0.9999999999999983
660.0,660.0,24.599798262052087,49.18521720584429,0.0,0.0,0.9999999999999982
720.0,660.0,23.85531475223467,47.69894019622746,0.0,0.0,0.9999999999999984
780.0,660.0,23.194501221269096,46.380243013361344,0.0,0.0,0.9999999999999984
840.0,660.0,22.646522961412707,45.28746975748582,0.0,0.0,0.9999999999999986
900.0,660.0,22.26370643312984,44.52496577303278,0.0,0.0,0.9999999999999986
960.0,660.0,22.119902499327786,44.23953934953772,0.0,0.0,0.9999999999999987
1020.0,660.0,22.348213038298173,44.69640552048194,0.0,0.0,0.9999999999999987
1080.0,660.0,23.22808649399949,46.45617298799902,0.0,0.0,0.9999999999999987
1140.0,660.0,25.33821999901,50.67639581132504,0.0,0.0,0.9999999999999989
1200.0,660.0,30.336211506468388,60.67242301293676,0.0,0.0,0.9999999999999988
1260.0,660.0,45.03664737450666,90.07329474901331,0.0,0.0,0.9999999999999988
1320.0,660.0,162.90123124595058,325.80246246715876,0.03422736619248217,0.0,0.9999999999999993
1380.0,660.0,39.64095094145531,79.28190188291059,0.0,0.0,0.999999999999998
1440.0,660.0,22.523498113837007,45.046996227673986,0.0,0.0,0.9999999999999964
1500.0,660.0,16.906520159324646,33.81304031864929,0.0,0.0,0.9999999999999944
1560.0,660.0,14.603718356180426,29.207414281337073,0.0,0.0,0.9999999999999925
1620.0,660.0,13.670822535780905,27.34151768705247,0.0,0.0,0.99999999999999
-1620.0,720.0,340.22204441481773,680.4440888296353,0.0,1.0,1.0
-1560.0,720.0,340.22204441481773,680.4440888296353,0.0,1.0,1.0
-1500.0,720.0,340.22204441481773,680.4440888296353,0.0,1.0,1.0
-1440.0,720.0,340.22204441481773,680.4440888296353,0.0,1.0,1.0
-1380.0,720.0,340.22204441481773,680.4440888296353,0.0,1.0,1.0
-1320.0,720.0,340.22204441481773,680.4440888296353,0.0,1.0,1.0
-1260.0,720.0,340.22204441481773,680.4440888296353,0.0,1.0,1.0
-1200.0,720.0,340.22204441481773,680.4440888296353,0.0,1.0,1.0
-1140.0,720.0,340.22204441481773,680.4440888296353,0.0,1.0,1.0
-1080.0,720.0,340.22204441481773,680.4440888296353,0.0,1.0,1.0
-1020.0,720.0,340.22204441481773,680.4440888296353,0.0,1.0,1.0
-960.0,720.0,340.22204441481773,680.4440888296353,0.0,1.0,1.0
-900.0,720.0,340.22204441481773,680.4440888296353,0.0,1.0,1.0
-840.0,720.0,340.22204441481773,680.4440888296353,0.0,1.0,1.0
-780.0,720.0,340.22204441481773,680.4440888296353,0.0,1.0,1.0
-720.0,720.0,340.22204441481773,680.4440888296353,0.0,1.0,1.0
-660.0,720.0,340.22204441481773,680.4440888296353,0.0,1.0,1.0
-600.0,720.0,340.22204441481773,680.4440888296353,0.0,1.0,1.0
-540.0,720.0,340.22204441481773,680.4440888296353,0.0,1.0,1.0
-480.0,720.0,340.22204441481773,680.4440888296353,0.0,1.0,1.0
-420.0,720.0,340.22204441481773,680.4440888296353,0.0,1.0,1.0
-360.0,720.0,340.22204441481773,680.4440888296353,0.0,1.0,1.0
-300.0,720.0,340.22204441481773,680.4440888296353,0.0,1.0,1.0
-240.0,720.0,340.22204441481773,680.4440888296353,0.0,1.0,1.0
-180.0,720.0,340.22204441481773,680.4440888296353,0.0,1.0,1.0
-120.0,720.0,340.22204441481773,680.4440888296353,0.0,1.0,1.0
-60.0,720.0,340.22204441481773,680.4440888296353,0.0,1.0,1.0
0.0,720.0,340.22204441481773,680.4440888296353,0.0,1.0,1.0
60.0,720.0,304.7964152336497,609.5928304672996,0.0,1.0,1.0
120.0,720.0,177.65107815738136,355.3021526842704,0.0,0.8313079809084851,0.9999999999999981
180.0,720.0,94.71765010559966,189.43528426558734,0.0,0.6137197243991397,0.9999999999999969
240.0,720.0,46.14596606953158,92.29190769735163,0.0,0.36679372543909716,0.9999999999999969
300.0,720.0,28.04303677655451,56.086024378932606,0.0,0.10519885525370352,0.9999999999999967
360.0,720.0,27.64690545395737,55.26564399749292,0.0,0.0,0.9999999999999969
420.0,720.0,26.639231802688997,53.25057403698855,0.0,0.0,0.9999999999999969
480.0,720.0,25.647706242939787,51.26790890962164,0.0,0.0,0.9999999999999971
540.0,720.0,24.675399382716083,49.32427315117052,0.0,0.0,0.9999999999999971
600.0,720.0,23.728998415099866,47.43261859894422,0.0,0.0,0.9999999999999971
660.0,720.0,22.814655479655393,45.605458831997176,0.0,0.0,0.9999999999999973
720.0,720.0,21.939589692193678,43.85745082592684,0.0,0.0,0.9999999999999973
780.0,720.0,21.12149917112824,42.224274432289455,0.0,0.0,0.9999999999999973
840.0,720.0,20.375355190782653,40.735706233110655,0.0,0.0,0.9999999999999973
900.0,720.0,19.729143459776758,39.44742390163313,0.0,0.0,0.9999999999999977
960.0,720.0,19.235411126394386,38.464953427440676,0.0,0.0,0.9999999999999977
1020.0,720.0,18.965315163145625,37.928873309230255,0.0,0.0,0.9999999999999976
1080.0,720.0,19.074901629351768,38.149803258703535,0.0,0.0,0.9999999999999977
1140.0,720.0,19.85676059208451,39.71352118416901,0.0,0.0,0.9999999999999977
1200.0,720.0,22.062622746373734,44.12524122881007,0.0,0.0,0.9999999999999978
1260.0,720.0,28.261693030963606,56.52329063118597,0.0,0.0,0.9999999999999979
1320.0,720.0,56.72089000243121,113.44178000486245,0.0,0.0,0.9999999999999977
1380.0,720.0,51.86703264403905,103.73406528807809,0.0,0.0,0.9999999999999973
1440.0,720.0,22.720247112268908,45.44038638987502,0.0,0.0,0.9999999999999953
1500.0,720.0,16.25443174002763,32.50879228539516,0.0,0.0,0.9999999999999936
1560.0,720.0,14.045722991067525,28.091436301983038,0.0,0.0,0.9999999999999915
1620.0,720.0,13.30934323116469,26.618686398288713,0.0,0.0,0.999999999999989
-1620.0,780.0,340.22204441481773,680.4440888296353,0.0,1.0,1.0
-1560.0,780.0,340.22204441481773,680.4440888296353,0.0,1.0,1.0
-1500.0,780.0,340.22204441481773,680.4440888296353,0.0,1.0,1.0
-1440.0,780.0,340.22204441481773,680.4440888296353,0.0,1.0,1.0
-1380.0,780.0,340.22204441481773,680.4440888296353,0.0,1.0,1.0
-1320.0,780.0,340.22204441481773,680.4440888296353,0.0,1.0,1.0
-1260.0,780.0,340.22204441481773,680.4440888296353,0.0,1.0,1.0
-1200.0,780.0,340.22204441481773,680.4440888296353,0.0,1.0,1.0
-1140.0,780.0,340.22204441481773,680.4440888296353,0.0,1.0,1.0
-1080.0,780.0,340.22204441481773,680.4440888296353,0.0,1.0,1.0
-1020.0,780.0,340.22204441481773,680.4440888296353,0.0,1.0,1.0
-960.0,780.0,340.22204441481773,680.4440888296353,0.0,1.0,1.0
-900.0,780.0,340.22204441481773,680.4440888296353,0.0,1.0,1.0
-840.0,780.0,340.22204441481773,680.4440888296353,0.0,1.0,1.0
-780.0,780.0,340.22204441481773,680.4440888296353,0.0,1.0,1.0
-720.0,780.0,340.22204441481773,680.4440888296353,0.0,1.0,1.0
-660.0,780.0,340.22204441481773,680.4440888296353,0.0,1.0,1.0
-600.0,780.0,340.22204441481773,680.4440888296353,0.0,1.0,1.0
-540.0,780.0,340.22204441481773,680.4440888296353,0.0,1.0,1.0
-480.0,780.0,340.22204441481773,680.4440888296353,0.0,1.0,1.0
-420.0,780.0,340.22204441481773,680.4440888296353,0.0,1.0,1.0
-360.0,780.0,340.22204441481773,680.4440888296353,0.0,1.0,1.0
-300.0,780.0,340.22204441481773,680.4440888296353,0.0,1.0,1.0
-240.0,780.0,340.22204441481773,680.4440888296353,0.0,1.0,1.0
-180.0,780.0,340.22204441481773,680.4440888296353,0.0,1.0,1.0
-120.0,780.0,340.22204441481773,680.4440888296353,0.0,1.0,1.0
-60.0,780.0,340.22204441481773,680.4440888296353,0.0,1.0,1.0
0.0,780.0,340.22204441481773,680.4440888296353,0.0,1.0,1.0
60.0,780.0,340.22204441481773,680.4440888296353,0.0,1.0,1.0
120.0,780.0,186.95712987526966,373.9142579477987,0.0,0.8435320402629425,0.9999999999999982
180.0,780.0,92.79534946082909,185.5906749395962,0.0,0.6039404769155735,0.9999999999999956
240.0,780.0,42.095430668587525,84.19082375984092,0.0,0.33501117111750733,0.9999999999999957
300.0,780.0,26.957790175848913,53.915502613528204,0.0,0.04896818222319844,0.9999999999999953
360.0,780.0,26.47509983496664,52.91407154103563,0.0,0.0,0.9999999999999954
420.0,780.0,25.424655892396338,50.812544319351844,0.0,0.0,0.9999999999999956
480.0,780.0,24.383251598466057,48.72980711178662,0.0,0.0,0.9999999999999954
540.0,780.0,23.35615900563037,46.67556637128284,0.0,0.0,0.9999999999999956
600.0,780.0,22.346452992850764,44.65614813418369,0.0,0.0,0.9999999999999954
660.0,780.0,21.360697729084343,42.68538877430128,0.0,0.0,0.9999999999999956
720.0,780.0,20.40102915659927,40.767510623863174,0.0,0.0,0.9999999999999958
780.0,780.0,19.4778217622519,38.92292567969531,0.0,0.0,0.9999999999999958
840.0,780.0,18.607569186324262,37.185806526616645,0.0,0.0,0.9999999999999959
900.0,780.0,17.804448763535024,35.58372430775777,0.0,0.0,0.9999999999999959
960.0,780.0,17.10301797583815,34.186701867871335,0.0,0.0,0.9999999999999959
1020.0,780.0,16.550591635677936,33.088556873507535,0.0,0.0,0.999999999999996
1080.0,780.0,16.22860111946292,32.45165462833559,0.0,0.0,0.9999999999999962
1140.0,780.0,16.30252251003547,32.60455621517464,0.0,0.0,0.9999999999999961
1200.0,780.0,17.148160773650982,34.29620484653733,0.0,0.0,0.9999999999999962
1260.0,780.0,19.882887732344127,39.76570045122932,0.0,0.0,0.9999999999999963
1320.0,780.0,29.956804265876016,59.91360853175202,0.0,0.0,0.9999999999999964
1380.0,780.0,121.1276740951719,242.25534819034382,0.0,0.0,0.9999999999999963
1440.0,780.0,26.195244998556166,52.390489997112354,0.0,0.0,0.9999999999999947
1500.0,780.0,16.95149371978005,33.90298743956007,0.0,0.0,0.9999999999999929
1560.0,780.0,14.458738339140622,28.917368228167724,0.0,0.0,0.9999999999999902
1620.0,780.0,13.754151725427647,27.508303253874733,0.0,0.0,0.9999999999999887
-1560.0,840.0,340.22204441481773,680.4440888296353,0.0,1.0,1.0
-1500.0,840.0,340.22204441481773,680.4440888296353,0.0,1.0,1.0
-1440.0,840.0,340.22204441481773,680.4440888296353,0.0,1.0,1.0
-1380.0,840.0,340.22204441481773,680.4440888296353,0.0,1.0,1.0
-1320.0,840.0,340.22204441481773,680.4440888296353,0.0,1.0,1.0
-1260.0,840.0,340.22204441481773,680.4440888296353,0.0,1.0,1.0
-1200.0,840.0,340.22204441481773,680.4440888296353,0.0,1.0,1.0
-1140.0,840.0,340.22204441481773,680.4440888296353,0.0,1.0,1.0
-1080.0,840.0,340.22204441481773,680.4440888296353,0.0,1.0,1.0
-1020.0,840.0,340.22204441481773,680.4440888296353,0.0,1.0,1.0
-960.0,840.0,340.22204441481773,680.4440888296353,0.0,1.0,1.0
-900.0,840.0,340.22204441481773,680.4440888296353,0.0,1.0,1.0
-840.0,840.0,340.22204441481773,680.4440888296353,0.0,1.0,1.0
-780.0,840.0,340.22204441481773,680.4440888296353,0.0,1.0,1.0
-720.0,840.0,340.22204441481773,680.4440888296353,0.0,1.0,1.0
-660.0,840.0,340.22204441481773,680.4440888296353,0.0,1.0,1.0
-600.0,840.0,340.22204441481773,680.4440888296353,0.0,1.0,1.0
-540.0,840.0,340.22204441481773,680.4440888296353,0.0,1.0,1.0
-480.0,840.0,340.22204441481773,680.4440888296353,0.0,1.0,1.0
-420.0,840.0,340.22204441481773,680.4440888296353,0.0,1.0,1.0
-360.0,840.0,340.22204441481773,680.4440888296353,0.0,1.0,1.0
-300.0,840.0,340.22204441481773,680.4440888296353,0.0,1.0,1.0
-240.0,840.0,340.22204441481773,680.4440888296353,0.0,1.0,1.0
-180.0,840.0,340.22204441481773,680.4440888296353,0.0,1.0,1.0
-120.0,840.0,340.22204441481773,680.4440888296353,0.0,1.0,1.0
-60.0,840.0,340.22204441481773,680.4440888296353,0.0,1.0,1.0
0.0,840.0,340.22204441481773,680.4440888296353,0.0,1.0,1.0
60.0,840.0,340.22204441481773,680.4440888296353,0.0,1.0,1.0
120.0,840.0,210.19908708252152,420.398174165043,0.0,0.8826490301972084,0.9999999999999987
180.0,840.0,95.09091983984679,190.18179691411095,0.0,0.6112749125282484,0.9999999999999957
240.0,840.0,39.28461861606466,78.5691689185444,0.0,0.30811824053770037,0.9999999999999942
300.0,840.0,26.42469600599787,52.82616854652463,0.0,0.004910071576995556,0.9999999999999941
360.0,840.0,25.491886237081403,50.93914345270216,0.0,0.0,0.9999999999999941
420.0,840.0,24.41293519919842,48.77976482103725,0.0,0.0,0.9999999999999941
480.0,840.0,23.341141096727636,46.634672438783944,0.0,0.0,0.9999999999999942
540.0,840.0,22.28148805001319,44.51439166468668,0.0,0.0,0.9999999999999942
600.0,840.0,21.23426105623805,42.418869749929875,0.0,0.0,0.9999999999999942
660.0,840.0,20.203136696318648,40.35586843548375,0.0,0.0,0.9999999999999941
720.0,840.0,19.197262999890135,38.34414732493996,0.0,0.0,0.9999999999999942
780.0,840.0,18.221263590287016,36.39237060964099,0.0,0.0,0.9999999999999941
840.0,840.0,17.286753947673933,34.5250610131922,0.0,0.0,0.9999999999999942
900.0,840.0,16.41109215262589,32.776658701442706,0.0,0.0,0.9999999999999943
960.0,840.0,15.613694623038436,31.186491298947438,0.0,0.0,0.9999999999999944
1020.0,840.0,14.929875762996266,29.825389201350006,0.0,0.0,0.9999999999999944
1080.0,840.0,14.417282099295223,28.808792468105505,0.0,0.0,0.9999999999999946
1140.0,840.0,14.180673183812813,28.346112700304698,0.0,0.0,0.9999999999999947
1200.0,840.0,14.443466370179058,28.88273581945723,0.0,0.0,0.9999999999999947
1260.0,840.0,15.80806380442696,31.616127608853915,0.0,0.0,0.9999999999999948
1320.0,840.0,20.599403853051253,41.19880770610252,0.0,0.0,0.9999999999999947
1380.0,840.0,50.621271546758834,101.24246858550974,0.0,0.0,0.9999999999999949
1440.0,840.0,40.83329717726546,81.6665943545309,0.0,0.0,0.9999999999999938
1500.0,840.0,20.421779653842787,40.84355930768559,0.0,0.0,0.9999999999999916
1560.0,840.0,16.498282348152298,32.99655954322972,0.0,0.0,0.9999999999999892
-1500.0,900.0,340.22204441481773,680.4440888296353,0.0,1.0,1.0
-1440.0,900.0,340.22204441481773,680.4440888296353,0.0,1.0,1.0
-1380.0,900.0,340.22204441481773,680.4440888296353,0.0,1.0,1.0
-1320.0,900.0,340.22204441481773,680.4440888296353,0.0,1.0,1.0
-1260.0,900.0,340.22204441481773,680.4440888296353,0.0,1.0,1.0
-1200.0,900.0,340.22204441481773,680.4440888296353,0.0,1.0,1.0
-1140.0,900.0,340.22204441481773,680.4440888296353,0.0,1.0,1.0
-1080.0,900.0,340.22204441481773,680.4440888296353,0.0,1.0,1.0
-1020.0,900.0,340.22204441481773,680.4440888296353,0.0,1.0,1.0
-960.0,900.0,340.22204441481773,680.4440888296353,0.0,1.0,1.0
-900.0,900.0,340.22204441481773,680.4440888296353,0.0,1.0,1.0
-840.0,900.0,340.22204441481773,680.4440888296353,0.0,1.0,1.0
-780.0,900.0,340.22204441481773,680.4440888296353,0.0,1.0,1.0
-720.0,900.0,340.22204441481773,680.4440888296353,0.0,1.0,1.0
-660.0,900.0,340.22204441481773,680.4440888296353,0.0,1.0,1.0
-600.0,900.0,340.22204441481773,680.4440888296353,0.0,1.0,1.0
-540.0,900.0,340.22204441481773,680.4440888296353,0.0,1.0,1.0
-480.0,900.0,340.22204441481773,680.4440888296353,0.0,1.0,1.0
-420.0,900.0,340.22204441481773,680.4440888296353,0.0,1.0,1.0
-360.0,900.0,340.22204441481773,680.4440888296353,0.0,1.0,1.0
-300.0,900.0,340.22204441481773,680.4440888296353,0.0,1.0,1.0
-240.0,900.0,340.22204441481773,680.4440888296353,0.0,1.0,1.0
-180.0,900.0,340.22204441481773,680.4440888296353,0.0,1.0,1.0
-120.0,900.0,340.22204441481773,680.4440888296353,0.0,1.0,1.0
-60.0,900.0,340.22204441481773,680.4440888296353,0.0,1.0,1.0
0.0,900.0,340.22204441481773,680.4440888296353,0.0,1.0,1.0
60.0,900.0,340.22204441481773,680.4440888296353,0.0,1.0,1.0
120.0,900.0,265.2427042585783,530.4853950617196,0.0,0.9535485744530624,0.9999999999999996
180.0,900.0,102.91243623864484,205.82481849225232,0.0,0.6357230312371633,0.9999999999999958
240.0,900.0,38.18888853100732,76.37767216683038,0.0,0.29833899305413414,0.9999999999999925
300.0,900.0,25.78672516870555,51.52004313806766,0.0,0.0,0.9999999999999925
360.0,900.0,24.68668051616778,49.31776386512446,0.0,0.0,0.9999999999999925
420.0,900.0,23.594533953532245,47.131519878450725,0.0,0.0,0.9999999999999923
480.0,900.0,22.50664530637755,44.95415704230302,0.0,0.0,0.9999999999999925
540.0,900.0,21.430243243001012,42.798874256414436,0.0,0.0,0.9999999999999923
600.0,900.0,20.368361406294927,40.67267998139265,0.0,0.0,0.9999999999999925
660.0,900.0,19.32415531496797,38.58170311227735,0.0,0.0,0.9999999999999922
720.0,900.0,18.30382439664134,36.53869620751605,0.0,0.0,0.9999999999999925
780.0,900.0,17.316264349096826,34.56190592889443,0.0,0.0,0.9999999999999923
840.0,900.0,16.371158547375977,32.670776199555675,0.0,0.0,0.9999999999999925
900.0,900.0,15.483814363325184,30.89606106696663,0.0,0.0,0.9999999999999925
960.0,900.0,14.674870894795067,29.282277732031897,0.0,0.0,0.9999999999999925
1020.0,900.0,13.97688633461028,27.901351358142367,0.0,0.0,0.9999999999999925
1080.0,900.0,13.438804574011844,26.839832983260955,0.0,0.0,0.9999999999999925
1140.0,900.0,13.146276511577016,26.266148742838116,0.0,0.0,0.9999999999999927
1200.0,900.0,13.272112475141503,26.526057808243237,0.0,0.0,0.9999999999999926
1260.0,900.0,14.244286507361068,28.476480505266345,0.0,0.0,0.9999999999999928
1320.0,900.0,17.45013081391081,34.89894751841774,0.0,0.0,0.9999999999999928
1380.0,900.0,30.34740809073057,60.69470783188861,0.0,0.0,0.9999999999999929
1440.0,900.0,137.10171451563468,274.2034290249479,0.0,0.0,0.9999999999999927
1500.0,900.0,30.311118964289122,60.622236274674016,0.0,0.0,0.9999999999999906
-1500.0,960.0,340.22204441481773,680.4440888296353,0.0,1.0,1.0
-1440.0,960.0,340.22204441481773,680.4440888296353,0.0,1.0,1.0
-1380.0,960.0,340.22204441481773,680.4440888296353,0.0,1.0,1.0
-1320.0,960.0,340.22204441481773,680.4440888296353,0.0,1.0,1.0
-1260.0,960.0,340.22204441481773,680.4440888296353,0.0,1.0,1.0
-1200.0,960.0,340.22204441481773,680.4440888296353,0.0,1.0,1.0
-1140.0,960.0,340.22204441481773,680.4440888296353,0.0,1.0,1.0
-1080.0,960.0,340.22204441481773,680.4440888296353,0.0,1.0,1.0
-1020.0,960.0,340.22204441481773,680.4440888296353,0.0,1.0,1.0
-960.0,960.0,340.22204441481773,680.4440888296353,0.0,1.0,1.0
-900.0,960.0,340.22204441481773,680.4440888296353,0.0,1.0,1.0
-840.0,960.0,340.22204441481773,680.4440888296353,0.0,1.0,1.0
-780.0,960.0,340.22204441481773,680.4440888296353,0.0,1.0,1.0
-720.0,960.0,340.22204441481773,680.4440888296353,0.0,1.0,1.0
-660.0,960.0,340.22204441481773,680.4440888296353,0.0,1.0,1.0
-600.0,960.0,340.22204441481773,680.4440888296353,0.0,1.0,1.0
-540.0,960.0,340.22204441481773,680.4440888296353,0.0,1.0,1.0
-480.0,960.0,340.22204441481773,680.4440888296353,0.0,1.0,1.0
-420.0,960.0,340.22204441481773,680.4440888296353,0.0,1.0,1.0
-360.0,960.0,340.22204441481773,680.4440888296353,0.0,1.0,1.0
-300.0,960.0,340.22204441481773,680.4440888296353,0.0,1.0,1.0
-240.0,960.0,340.22204441481773,680.4440888296353,0.0,1.0,1.0
-180.0,960.0,340.22204441481773,680.4440888296353,0.0,1.0,1.0
-120.0,960.0,340.22204441481773,680.4440888296353,0.0,1.0,1.0
-60.0,960.0,340.22204441481773,680.4440888296353,0.0,1.0,1.0
0.0,960.0,340.22204441481773,680.4440888296353,0.0,1.0,1.0
60.0,960.0,340.22204441481773,680.4440888296353,0.0,1.0,1.0
120.0,960.0,340.22204441481773,680.4440888296353,0.0,1.0,1.0
180.0,960.0,120.94011665694954,241.88004945340322,0.0,0.6870640805258852,0.9999999999999964
240.0,960.0,38.82571058391479,77.65097297932078,0.0,0.3032286167959175,0.9999999999999921
300.0,960.0,25.154638080240524,50.2492716254651,0.0,0.0,0.9999999999999907
360.0,960.0,24.051744714228533,48.040819804700696,0.0,0.0,0.9999999999999906
420.0,960.0,22.955265301565642,45.845352777358436,0.0,0.0,0.9999999999999908
480.0,960.0,21.868655291539596,43.669779266445765,0.0,0.0,0.9999999999999906
540.0,960.0,20.79567343632159,41.52094424854332,0.0,0.0,0.9999999999999907
600.0,960.0,19.7386026578968,39.403355604938476,0.0,0.0,0.9999999999999907
660.0,960.0,18.70522578408594,37.333013916405,0.0,0.0,0.9999999999999907
720.0,960.0,17.700384290389064,35.31919493543297,0.0,0.0,0.9999999999999907
780.0,960.0,16.734739781663368,33.38301522850267,0.0,0.0,0.9999999999999907
840.0,960.0,15.819895379945743,31.54784543065115,0.0,0.0,0.9999999999999907
900.0,960.0,14.973533639868958,29.865294847697605,0.0,0.0,0.9999999999999907
960.0,960.0,14.218820683769442,28.375601055818038,0.0,0.0,0.9999999999999907
1020.0,960.0,13.589035250353653,27.133912157750327,0.0,0.0,0.9999999999999907
1080.0,960.0,13.136636812005221,26.243170444566143,0.0,0.0,0.9999999999999907
1140.0,960.0,12.951388856857283,25.88342169757058,0.0,0.0,0.9999999999999907
1200.0,960.0,13.200401191861053,26.389169570254076,0.0,0.0,0.9999999999999906
1260.0,960.0,14.269574525050027,28.532670467300804,0.0,0.0,0.9999999999999907
1320.0,960.0,17.235094750672577,34.46690172967027,0.0,0.0,0.9999999999999907
1380.0,960.0,26.306529755609773,52.61172332772441,0.0,0.0,0.9999999999999908
1440.0,960.0,91.10185595882639,182.2037119176528,0.0,0.0,0.9999999999999909
1500.0,960.0,61.01757006740025,122.0351401348005,0.0,0.0,0.9999999999999893
-1440.0,1020.0,340.22204441481773,680.4440888296353,0.0,1.0,1.0
-1380.0,1020.0,340.22204441481773,680.4440888296353,0.0,1.0,1.0
-1320.0,1020.0,340.22204441481773,680.4440888296353,0.0,1.0,1.0
-1260.0,1020.0,340.22204441481773,680.4440888296353,0.0,1.0,1.0
-1200.0,1020.0,340.22204441481773,680.4440888296353,0.0,1.0,1.0
-1140.0,1020.0,340.22204441481773,680.4440888296353,0.0,1.0,1.0
-1080.0,1020.0,340.22204441481773,680.4440888296353,0.0,1.0,1.0
-1020.0,1020.0,340.22204441481773,680.4440888296353,0.0,1.0,1.0
-960.0,1020.0,340.22204441481773,680.4440888296353,0.0,1.0,1.0
-900.0,1020.0,340.22204441481773,680.4440888296353,0.0,1.0,1.0
-840.0,1020.0,340.22204441481773,680.4440888296353,0.0,1.0,1.0
-780.0,1020.0,340.22204441481773,680.4440888296353,0.0,1.0,1.0
-720.0,1020.0,340.22204441481773,680.4440888296353,0.0,1.0,1.0
-660.0,1020.0,340.22204441481773,680.4440888296353,0.0,1.0,1.0
-600.0,1020.0,340.22204441481773,680.4440888296353,0.0,1.0,1.0
-540.0,1020.0,340.22204441481773,680.4440888296353,0.0,1.0,1.0
-480.0,1020.0,340.22204441481773,680.4440888296353,0.0,1.0,1.0
-420.0,1020.0,340.22204441481773,680.4440888296353,0.0,1.0,1.0
-360.0,1020.0,340.22204441481773,680.4440888296353,0.0,1.0,1.0
-300.0,1020.0,340.22204441481773,680.4440888296353,0.0,1.0,1.0
-240.0,1020.0,340.22204441481773,680.4440888296353,0.0,1.0,1.0
-180.0,1020.0,340.22204441481773,680.4440888296353,0.0,1.0,1.0
-120.0,1020.0,340.22204441481773,680.4440888296353,0.0,1.0,1.0
-60.0,1020.0,340.22204441481773,680.4440888296353,0.0,1.0,1.0
0.0,1020.0,340.22204441481773,680.4440888296353,0.0,1.0,1.0
60.0,1020.0,340.22204441481773,680.4440888296353,0.0,1.0,1.0
120.0,1020.0,340.22204441481773,680.4440888296353,0.0,1.0,1.0
180.0,1020.0,166.7818995488032,333.56355508841364,0.0,0.789746179103328,0.9999999999999978
240.0,1020.0,42.33657457924525,84.6727327931344,0.0,0.3301215473757242,0.9999999999999923
300.0,1020.0,24.671933208443413,49.27719667967513,0.0,0.0,0.9999999999999888
360.0,1020.0,23.577125402505985,47.085793873293355,0.0,0.0,0.9999999999999886
420.0,1020.0,22.492897172410412,44.91571120588444,0.0,0.0,0.9999999999999887
480.0,1020.0,21.42036086878466,42.76901600761703,0.0,0.0,0.9999999999999888
540.0,1020.0,20.367383169232316,40.662018515095795,0.0,0.0,0.9999999999999887
600.0,1020.0,19.33548619938703,38.597246912279545,0.0,0.0,0.9999999999999886
660.0,1020.0,18.334449071970525,36.59403191851156,0.0,0.0,0.9999999999999888
720.0,1020.0,17.370766536210347,34.6648517790252,0.0,0.0,0.9999999999999887
780.0,1020.0,16.4567153607025,32.833766771247724,0.0,0.0,0.9999999999999887
840.0,1020.0,15.607741227282947,31.145046510861803,0.0,0.0,0.9999999999999887
900.0,1020.0,14.844593086043936,29.633726328104203,0.0,0.0,0.9999999999999887
960.0,1020.0,14.193649112013151,28.343992990968896,0.0,0.0,0.9999999999999888
1020.0,1020.0,13.693246279872572,27.352784798931324,0.0,0.0,0.9999999999999887
1080.0,1020.0,13.400823910284565,26.77583632781082,0.0,0.0,0.9999999999999887
1140.0,1020.0,13.417685748165786,26.81697113169692,0.0,0.0,0.9999999999999887
1200.0,1020.0,13.924723767305757,27.83784963051753,0.0,0.0,0.9999999999999887
1260.0,1020.0,15.31105988478793,30.616806511328562,0.0,0.0,0.9999999999999887
1320.0,1020.0,18.542190758292964,37.083213276292256,0.0,0.0,0.9999999999999888
1380.0,1020.0,26.668318199300476,53.336388546166084,0.0,0.0,0.9999999999999887
1440.0,1020.0,57.689979349041984,115.37992615966994,0.0,0.0,0.9999999999999888
-1440.0,1080.0,340.22204441481773,680.4440888296353,0.0,1.0,1.0
-1380.0,1080.0,340.22204441481773,680.4440888296353,0.0,1.0,1.0
-1320.0,1080.0,340.22204441481773,680.4440888296353,0.0,1.0,1.0
-1260.0,1080.0,340.22204441481773,680.4440888296353,0.0,1.0,1.0
-1200.0,1080.0,340.22204441481773,680.4440888296353,0.0,1.0,1.0
-1140.0,1080.0,340.22204441481773,680.4440888296353,0.0,1.0,1.0
-1080.0,1080.0,340.22204441481773,680.4440888296353,0.0,1.0,1.0
-1020.0,1080.0,340.22204441481773,680.4440888296353,0.0,1.0,1.0
-960.0,1080.0,340.22204441481773,680.4440888296353,0.0,1.0,1.0
-900.0,1080.0,340.22204441481773,680.4440888296353,0.0,1.0,1.0
-840.0,1080.0,340.22204441481773,680.4440888296353,0.0,1.0,1.0
-780.0,1080.0,340.22204441481773,680.4440888296353,0.0,1.0,1.0
-720.0,1080.0,340.22204441481773,680.4440888296353,0.0,1.0,1.0
-660.0,1080.0,340.22204441481773,680.4440888296353,0.0,1.0,1.0
-600.0,1080.0,340.22204441481773,680.4440888296353,0.0,1.0,1.0
-540.0,1080.0,340.22204441481773,680.4440888296353,0.0,1.0,1.0
-480.0,1080.0,340.22204441481773,680.4440888296353,0.0,1.0,1.0
-420.0,1080.0,340.22204441481773,680.4440888296353,0.0,1.0,1.0
-360.0,1080.0,340.22204441481773,680.4440888296353,0.0,1.0,1.0
-300.0,1080.0,340.22204441481773,680.4440888296353,0.0,1.0,1.0
-240.0,1080.0,340.22204441481773,680.4440888296353,0.0,1.0,1.0
-180.0,1080.0,340.22204441481773,680.4440888296353,0.0,1.0,1.0
-120.0,1080.0,340.22204441481773,680.4440888296353,0.0,1.0,1.0
-60.0,1080.0,340.22204441481773,680.4440888296353,0.0,1.0,1.0
0.0,1080.0,340.22204441481773,680.4440888296353,0.0,1.0,1.0
60.0,1080.0,340.22204441481773,680.4440888296353,0.0,1.0,1.0
120.0,1080.0,340.22204441481773,680.4440888296353,0.0,1.0,1.0
180.0,1080.0,340.22204441481773,680.4440888296353,0.0,1.0,1.0
240.0,1080.0,52.07503113949837,104.14946891524386,0.0,0.3936866560189042,0.9999999999999931
300.0,1080.0,24.33715782755726,48.603250660434995,0.0,0.0,0.9999999999999887
360.0,1080.0,23.26229518935989,46.45283790943192,0.0,0.0,0.9999999999999887
420.0,1080.0,22.200040453622584,44.32908266117397,0.0,0.0,0.9999999999999887
480.0,1080.0,21.15771271583723,42.24585373820678,0.0,0.0,0.9999999999999887
540.0,1080.0,20.139788645508823,40.21275322989546,0.0,0.0,0.9999999999999887
600.0,1080.0,19.15309228721425,38.24129295041257,0.0,0.0,0.9999999999999887
660.0,1080.0,18.204819671220015,36.346186696072365,0.0,0.0,0.9999999999999886
720.0,1080.0,17.30576034311707,34.54891032838326,0.0,0.0,0.9999999999999887
780.0,1080.0,16.47111161182334,32.88589795056216,0.0,0.0,0.9999999999999888
840.0,1080.0,15.71796049568511,31.391428215109435,0.0,0.0,0.9999999999999888
900.0,1080.0,15.070793638407716,30.105358652526718,0.0,0.0,0.9999999999999888
960.0,1080.0,14.559446019559646,29.089861659636558,0.0,0.0,0.9999999999999887
1020.0,1080.0,14.228314299975496,28.43437343453133,0.0,0.0,0.9999999999999887
1080.0,1080.0,14.146422064470082,28.27648590259554,0.0,0.0,0.9999999999999887
1140.0,1080.0,14.425816817727458,28.84053419976062,0.0,0.0,0.9999999999999888
1200.0,1080.0,15.264290861032647,30.521927657882227,0.0,0.0,0.9999999999999886
1260.0,1080.0,17.052134050815372,34.101379872477274,0.0,0.0,0.9999999999999887
1320.0,1080.0,20.69146279411079,41.38264516655907,0.0,0.0,0.9999999999999886
1380.0,1080.0,28.60585436224761,57.21170872449521,0.0,0.0,0.9999999999999886
1440.0,1080.0,50.87183038936879,101.74366077873758,0.0,0.0,0.9999999999999887
-1380.0,1140.0,340.22204441481773,680.4440888296353,0.0,1.0,1.0
-1320.0,1140.0,340.22204441481773,680.4440888296353,0.0,1.0,1.0
-1260.0,1140.0,340.22204441481773,680.4440888296353,0.0,1.0,1.0
-1200.0,1140.0,340.22204441481773,680.4440888296353,0.0,1.0,1.0
-1140.0,1140.0,340.22204441481773,680.4440888296353,0.0,1.0,1.0
-1080.0,1140.0,340.22204441481773,680.4440888296353,0.0,1.0,1.0
-1020.0,1140.0,340.22204441481773,680.4440888296353,0.0,1.0,1.0
-960.0,1140.0,340.22204441481773,680.4440888296353,0.0,1.0,1.0
-900.0,1140.0,340.22204441481773,680.4440888296353,0.0,1.0,1.0
-840.0,1140.0,340.22204441481773,680.4440888296353,0.0,1.0,1.0
-780.0,1140.0,340.22204441481773,680.4440888296353,0.0,1.0,1.0
-720.0,1140.0,340.22204441481773,680.4440888296353,0.0,1.0,1.0
-660.0,1140.0,340.22204441481773,680.4440888296353,0.0,1.0,1.0
-600.0,1140.0,340.22204441481773,680.4440888296353,0.0,1.0,1.0
-540.0,1140.0,340.22204441481773,680.4440888296353,0.0,1.0,1.0
-480.0,1140.0,340.22204441481773,680.4440888296353,0.0,1.0,1.0
-420.0,1140.0,340.22204441481773,680.4440888296353,0.0,1.0,1.0
-360.0,1140.0,340.22204441481773,680.4440888296353,0.0,1.0,1.0
-300.0,1140.0,340.22204441481773,680.4440888296353,0.0,1.0,1.0
-240.0,1140.0,340.22204441481773,680.4440888296353,0.0,1.0,1.0
-180.0,1140.0,340.22204441481773,680.4440888296353,0.0,1.0,1.0
-120.0,1140.0,340.22204441481773,680.4440888296353,0.0,1.0,1.0
-60.0,1140.0,340.22204441481773,680.4440888296353,0.0,1.0,1.0
0.0,1140.0,340.22204441481773,680.4440888296353,0.0,1.0,1.0
60.0,1140.0,340.22204441481773,680.4440888296353,0.0,1.0,1.0
120.0,1140.0,340.22204441481773,680.4440888296353,0.0,1.0,1.0
180.0,1140.0,340.22204441481773,680.4440888296353,0.0,1.0,1.0
240.0,1140.0,188.9072660790045,377.81366395937187,0.0,0.5232616851761547,0.9999999999999944
300.0,1140.0,24.128687606577664,48.18751118047149,0.0,0.0005170542024272639,0.9999999999999887
360.0,1140.0,23.103549646244367,46.13920153503114,0.0,0.0,0.9999999999999887
420.0,1140.0,22.07984691421354,44.096109061146414,0.0,0.0,0.9999999999999887
480.0,1140.0,21.080521210205998,42.1016548114541,0.0,0.0,0.9999999999999887
540.0,1140.0,20.113959861022554,40.173290212311855,0.0,0.0,0.9999999999999887
600.0,1140.0,19.187790185055686,38.32513996458915,0.0,0.0,0.9999999999999886
660.0,1140.0,18.312119778479094,36.5770628426094,0.0,0.0,0.9999999999999889
720.0,1140.0,17.501478139785764,34.96057298607475,0.0,0.0,0.9999999999999888
780.0,1140.0,16.770482842068287,33.50916966631513,0.0,0.0,0.9999999999999886
840.0,1140.0,16.139426752249687,32.254531073950645,0.0,0.0,0.9999999999999887
900.0,1140.0,15.635090654970636,31.251540374477777,0.0,0.0,0.9999999999999887
960.0,1140.0,15.292159993955526,30.570853839208198,0.0,0.0,0.9999999999999887
1020.0,1140.0,15.163271969373652,30.318113715959736,0.0,0.0,0.9999999999999887
1080.0,1140.0,15.327430508576311,30.65071826625929,0.0,0.0,0.9999999999999886
1140.0,1140.0,15.906780651142862,31.81259563670356,0.0,0.0,0.9999999999999887
1200.0,1140.0,17.110136771605156,34.220233679165396,0.0,0.0,0.9999999999999887
1260.0,1140.0,19.291091637815942,38.5821832756319,0.0,0.0,0.9999999999999887
1320.0,1140.0,23.257202593388847,46.51440518677769,0.0,0.0,0.9999999999999888
1380.0,1140.0,30.96762324007824,61.93524648015651,0.0,0.0,0.9999999999999888
-1320.0,1200.0,340.22204441481773,680.4440888296353,0.0,1.0,1.0
-1260.0,1200.0,340.22204441481773,680.4440888296353,0.0,1.0,1.0
-1200.0,1200.0,340.22204441481773,680.4440888296353,0.0,1.0,1.0
-1140.0,1200.0,340.22204441481773,680.4440888296353,0.0,1.0,1.0
-1080.0,1200.0,340.22204441481773,680.4440888296353,0.0,1.0,1.0
-1020.0,1200.0,340.22204441481773,680.4440888296353,0.0,1.0,1.0
-960.0,1200.0,340.22204441481773,680.4440888296353,0.0,1.0,1.0
-900.0,1200.0,340.22204441481773,680.4440888296353,0.0,1.0,1.0
-840.0,1200.0,340.22204441481773,680.4440888296353,0.0,1.0,1.0
-780.0,1200.0,340.22204441481773,680.4440888296353,0.0,1.0,1.0
-720.0,1200.0,340.22204441481773,680.4440888296353,0.0,1.0,1.0
-660.0,1200.0,340.22204441481773,680.4440888296353,0.0,1.0,1.0
-600.0,1200.0,340.22204441481773,680.4440888296353,0.0,1.0,1.0
-540.0,1200.0,340.22204441481773,680.4440888296353,0.0,1.0,1.0
-480.0,1200.0,340.22204441481773,680.4440888296353,0.0,1.0,1.0
-420.0,1200.0,340.22204441481773,680.4440888296353,0.0,1.0,1.0
-360.0,1200.0,340.22204441481773,680.4440888296353,0.0,1.0,1.0
-300.0,1200.0,340.22204441481773,680.4440888296353,0.0,1.0,1.0
-240.0,1200.0,340.22204441481773,680.4440888296353,0.0,1.0,1.0
-180.0,1200.0,340.22204441481773,680.4440888296353,0.0,1.0,1.0
-120.0,1200.0,340.22204441481773,680.4440888296353,0.0,1.0,1.0
-60.0,1200.0,340.22204441481773,680.4440888296353,0.0,1.0,1.0
0.0,1200.0,340.22204441481773,680.4440888296353,0.0,1.0,1.0
60.0,1200.0,340.22204441481773,680.4440888296353,0.0,1.0,1.0
120.0,1200.0,340.22204441481773,680.4440888296353,0.0,1.0,1.0
180.0,1200.0,340.22204441481773,680.4440888296353,0.0,1.0,1.0
240.0,1200.0,340.22204441481773,680.4440888296353,0.0,1.0,1.0
300.0,1200.0,33.38703611952027,66.73900335841803,0.0,0.030297401416884813,0.999999999999989
360.0,1200.0,23.104198143225222,46.15349323879001,0.0,0.0,0.9999999999999887
420.0,1200.0,22.130264882066324,44.21125268172339,0.0,0.0,0.9999999999999887
480.0,1200.0,21.189487524137824,42.335106268574265,0.0,0.0,0.9999999999999886
540.0,1200.0,20.2908198718887,40.54303005021606,0.0,0.0,0.9999999999999888
600.0,1200.0,19.443353464210933,38.8533398137524,0.0,0.0,0.9999999999999887
660.0,1200.0,18.660382575146567,37.29180879508814,0.0,0.0,0.9999999999999887
720.0,1200.0,17.95653157292873,35.892244404263806,0.0,0.0,0.9999999999999886
780.0,1200.0,17.351227930354018,34.687954768762616,0.0,0.0,0.9999999999999887
840.0,1200.0,16.865184341036834,33.72089057426108,0.0,0.0,0.9999999999999887
900.0,1200.0,16.528579740245185,33.05188249082966,0.0,0.0,0.9999999999999887
960.0,1200.0,16.382978365274592,32.76382397254358,0.0,0.0,0.9999999999999887
1020.0,1200.0,16.487421936308035,32.974375018545786,0.0,0.0,0.9999999999999888
1080.0,1200.0,16.92263585778561,33.84526337606114,0.0,0.0,0.9999999999999887
1140.0,1200.0,17.774505821636836,35.54901164327367,0.0,0.0,0.9999999999999887
1200.0,1200.0,19.241371907352466,38.48274381470494,0.0,0.0,0.9999999999999887
1260.0,1200.0,21.69881802591669,43.39763605183341,0.0,0.0,0.9999999999999887
1320.0,1200.0,25.89377108563943,51.787542171278865,0.0,0.0,0.9999999999999887
-1260.0,1260.0,340.22204441481773,680.4440888296353,0.0,1.0,1.0
-1200.0,1260.0,340.22204441481773,680.4440888296353,0.0,1.0,1.0
-1140.0,1260.0,340.22204441481773,680.4440888296353,0.0,1.0,1.0
-1080.0,1260.0,340.22204441481773,680.4440888296353,0.0,1.0,1.0
-1020.0,1260.0,340.22204441481773,680.4440888296353,0.0,1.0,1.0
-960.0,1260.0,340.22204441481773,680.4440888296353,0.0,1.0,1.0
-900.0,1260.0,340.22204441481773,680.4440888296353,0.0,1.0,1.0
-840.0,1260.0,340.22204441481773,680.4440888296353,0.0,1.0,1.0
-780.0,1260.0,340.22204441481773,680.4440888296353,0.0,1.0,1.0
-720.0,1260.0,340.22204441481773,680.4440888296353,0.0,1.0,1.0
-660.0,1260.0,340.22204441481773,680.4440888296353,0.0,1.0,1.0
-600.0,1260.0,340.22204441481773,680.4440888296353,0.0,1.0,1.0
-540.0,1260.0,340.22204441481773,680.4440888296353,0.0,1.0,1.0
-480.0,1260.0,340.22204441481773,680.4440888296353,0.0,1.0,1.0
-420.0,1260.0,340.22204441481773,680.4440888296353,0.0,1.0,1.0
-360.0,1260.0,340.22204441481773,680.4440888296353,0.0,1.0,1.0
-300.0,1260.0,340.22204441481773,680.4440888296353,0.0,1.0,1.0
-240.0,1260.0,340.22204441481773,680.4440888296353,0.0,1.0,1.0
-180.0,1260.0,340.22204441481773,680.4440888296353,0.0,1.0,1.0
-120.0,1260.0,340.22204441481773,680.4440888296353,0.0,1.0,1.0
-60.0,1260.0,340.22204441481773,680.4440888296353,0.0,1.0,1.0
0.0,1260.0,340.22204441481773,680.4440888296353,0.0,1.0,1.0
60.0,1260.0,340.22204441481773,680.4440888296353,0.0,1.0,1.0
120.0,1260.0,340.22204441481773,680.4440888296353,0.0,1.0,1.0
180.0,1260.0,340.22204441481773,680.4440888296353,0.0,1.0,1.0
240.0,1260.0,340.22204441481773,680.4440888296353,0.0,1.0,1.0
300.0,1260.0,97.91442453699018,195.82727739732726,0.0,0.234773884410953,0.9999999999999913
360.0,1260.0,23.269678426414515,46.50039809959807,0.0,0.0,0.9999999999999887
420.0,1260.0,22.35770741778027,44.68235003637775,0.0,0.0,0.9999999999999887
480.0,1260.0,21.489987183500375,42.952320338410225,0.0,0.0,0.9999999999999887
540.0,1260.0,20.675208996438947,41.3286759599781,0.0,0.0,0.9999999999999887
600.0,1260.0,19.92483133182097,39.832795139348484,0.0,0.0,0.9999999999999886
660.0,1260.0,19.251296462097837,38.49073006794069,0.0,0.0,0.9999999999999887
720.0,1260.0,18.674555757663256,37.341808521858454,0.0,0.0,0.9999999999999887
780.0,1260.0,18.214101358365507,36.42455596550108,0.0,0.0,0.9999999999999887
840.0,1260.0,17.894455443939027,35.78767534175748,0.0,0.0,0.9999999999999887
900.0,1260.0,17.751250818886486,35.50208809488369,0.0,0.0,0.9999999999999886
960.0,1260.0,17.8162987547373,35.63259567055509,0.0,0.0,0.9999999999999887
1020.0,1260.0,18.11627209129631,36.23254418259265,0.0,0.0,0.9999999999999887
1080.0,1260.0,18.72913866624809,37.45827733249619,0.0,0.0,0.9999999999999887
1140.0,1260.0,19.780453121763518,39.56090624352702,0.0,0.0,0.9999999999999887
1200.0,1260.0,21.476199542570214,42.95239908514045,0.0,0.0,0.9999999999999888
1260.0,1260.0,24.178973068657776,48.35794613731554,0.0,0.0,0.9999999999999887
-1200.0,1320.0,340.22204441481773,680.4440888296353,0.0,1.0,1.0
-1140.0,1320.0,340.22204441481773,680.4440888296353,0.0,1.0,1.0
-1080.0,1320.0,340.22204441481773,680.4440888296353,0.0,1.0,1.0
-1020.0,1320.0,340.22204441481773,680.4440888296353,0.0,1.0,1.0
-960.0,1320.0,340.22204441481773,680.4440888296353,0.0,1.0,1.0
-900.0,1320.0,340.22204441481773,680.4440888296353,0.0,1.0,1.0
-840.0,1320.0,340.22204441481773,680.4440888296353,0.0,1.0,1.0
-780.0,1320.0,340.22204441481773,680.4440888296353,0.0,1.0,1.0
-720.0,1320.0,340.22204441481773,680.4440888296353,0.0,1.0,1.0
-660.0,1320.0,340.22204441481773,680.4440888296353,0.0,1.0,1.0
-600.0,1320.0,340.22204441481773,680.4440888296353,0.0,1.0,1.0
-540.0,1320.0,340.22204441481773,680.4440888296353,0.0,1.0,1.0
-480.0,1320.0,340.22204441481773,680.4440888296353,0.0,1.0,1.0
-420.0,1320.0,340.22204441481773,680.4440888296353,0.0,1.0,1.0
-360.0,1320.0,340.22204441481773,680.4440888296353,0.0,1.0,1.0
-300.0,1320.0,340.22204441481773,680.4440888296353,0.0,1.0,1.0
-240.0,1320.0,340.22204441481773,680.4440888296353,0.0,1.0,1.0
-180.0,1320.0,340.22204441481773,680.4440888296353,0.0,1.0,1.0
-120.0,1320.0,340.22204441481773,680.4440888296353,0.0,1.0,1.0
-60.0,1320.0,340.22204441481773,680.4440888296353,0.0,1.0,1.0
0.0,1320.0,340.22204441481773,680.4440888296353,0.0,1.0,1.0
60.0,1320.0,340.22204441481773,680.4440888296353,0.0,1.0,1.0
120.0,1320.0,340.22204441481773,680.4440888296353,0.0,1.0,1.0
180.0,1320.0,340.22204441481773,680.4440888296353,0.0,1.0,1.0
240.0,1320.0,340.22204441481773,680.4440888296353,0.0,1.0,1.0
300.0,1320.0,323.87161561659707,647.7428563289318,0.0,0.948658950711278,0.9999999999999993
360.0,1320.0,25.357110910046156,50.69023570255221,0.0,0.03911698993426373,0.9999999999999891
420.0,1320.0,22.76987539802417,45.52142828088426,0.0,0.0,0.9999999999999887
480.0,1320.0,21.989910553157443,43.966611104394595,0.0,0.0,0.9999999999999887
540.0,1320.0,21.275004746798235,42.54146039455011,0.0,0.0,0.9999999999999887
600.0,1320.0,20.63669819351656,41.268362374402855,0.0,0.0,0.9999999999999887
660.0,1320.0,20.091957884017546,40.181545494343126,0.0,0.0,0.9999999999999889
720.0,1320.0,19.66039202135177,39.319926340723796,0.0,0.0,0.9999999999999887
780.0,1320.0,19.364858423406417,38.72905448895714,0.0,0.0,0.9999999999999887
840.0,1320.0,19.21360412877363,38.42720784237407,0.0,0.0,0.9999999999999887
900.0,1320.0,19.215702066357554,38.4314041327151,0.0,0.0,0.9999999999999887
960.0,1320.0,19.410940307478167,38.82188061495634,0.0,0.0,0.9999999999999887
1020.0,1320.0,19.856282869288698,39.712565738577396,0.0,0.0,0.9999999999999888
1080.0,1320.0,20.63611620995472,41.27223241990947,0.0,0.0,0.9999999999999887
1140.0,1320.0,21.87730942999613,43.75461885999225,0.0,0.0,0.9999999999999887
1200.0,1320.0,23.785467571581037,47.57093514316208,0.0,0.0,0.9999999999999887
-1140.0,1380.0,340.22204441481773,680.4440888296353,0.0,1.0,1.0
-1080.0,1380.0,340.22204441481773,680.4440888296353,0.0,1.0,1.0
-1020.0,1380.0,340.22204441481773,680.4440888296353,0.0,1.0,1.0
-960.0,1380.0,340.22204441481773,680.4440888296353,0.0,1.0,1.0
-900.0,1380.0,340.22204441481773,680.4440888296353,0.0,1.0,1.0
-840.0,1380.0,340.22204441481773,680.4440888296353,0.0,1.0,1.0
-780.0,1380.0,340.22204441481773,680.4440888296353,0.0,1.0,1.0
-720.0,1380.0,340.22204441481773,680.4440888296353,0.0,1.0,1.0
-660.0,1380.0,340.22204441481773,680.4440888296353,0.0,1.0,1.0
-600.0,1380.0,340.22204441481773,680.4440888296353,0.0,1.0,1.0
-540.0,1380.0,340.22204441481773,680.4440888296353,0.0,1.0,1.0
-480.0,1380.0,340.22204441481773,680.4440888296353,0.0,1.0,1.0
-420.0,1380.0,340.22204441481773,680.4440888296353,0.0,1.0,1.0
-360.0,1380.0,340.22204441481773,680.4440888296353,0.0,1.0,1.0
-300.0,1380.0,340.22204441481773,680.4440888296353,0.0,1.0,1.0
-240.0,1380.0,340.22204441481773,680.4440888296353,0.0,1.0,1.0
-180.0,1380.0,340.22204441481773,680.4440888296353,0.0,1.0,1.0
-120.0,1380.0,340.22204441481773,680.4440888296353,0.0,1.0,1.0
-60.0,1380.0,340.22204441481773,680.4440888296353,0.0,1.0,1.0
0.0,1380.0,340.22204441481773,680.4440888296353,0.0,1.0,1.0
60.0,1380.0,340.22204441481773,680.4440888296353,0.0,1.0,1.0
120.0,1380.0,340.22204441481773,680.4440888296353,0.0,1.0,1.0
180.0,1380.0,340.22204441481773,680.4440888296353,0.0,1.0,1.0
240.0,1380.0,340.22204441481773,680.4440888296353,0.0,1.0,1.0
300.0,1380.0,340.22204441481773,680.4440888296353,0.0,1.0,1.0
360.0,1380.0,48.714691374298056,97.41861501573148,0.0,0.18580570218775624,0.9999999999999908
420.0,1380.0,24.949434565370353,49.89215922785436,0.0,0.03911698993426373,0.9999999999999891
480.0,1380.0,22.69598578120059,45.38838579871222,0.0,0.0,0.9999999999999887
540.0,1380.0,22.094910355895603,44.18815288184057,0.0,0.0,0.9999999999999886
600.0,1380.0,21.586174035941863,43.1714732086692,0.0,0.0,0.9999999999999886
660.0,1380.0,21.186721434714862,42.3729842520454,0.0,0.0,0.9999999999999887
720.0,1380.0,20.89083877702406,41.78167755404812,0.0,0.0,0.9999999999999886
780.0,1380.0,20.70602345962862,41.4120469192572,0.0,0.0,0.9999999999999887
840.0,1380.0,20.65546708113451,41.31093416226903,0.0,0.0,0.9999999999999887
900.0,1380.0,20.76996766569769,41.53993533139538,0.0,0.0,0.9999999999999886
960.0,1380.0,21.091945399718753,42.18389079943751,0.0,0.0,0.9999999999999888
1020.0,1380.0,21.680810378277123,43.36162075655424,0.0,0.0,0.9999999999999887
1080.0,1380.0,22.62167536799052,45.24335073598102,0.0,0.0,0.9999999999999886
1140.0,1380.0,24.043718008753356,48.08743601750672,0.0,0.0,0.9999999999999888
-1080.0,1440.0,340.22204441481773,680.4440888296353,0.0,1.0,1.0
-1020.0,1440.0,340.22204441481773,680.4440888296353,0.0,1.0,1.0
-960.0,1440.0,340.22204441481773,680.4440888296353,0.0,1.0,1.0
-900.0,1440.0,340.22204441481773,680.4440888296353,0.0,1.0,1.0
-840.0,1440.0,340.22204441481773,680.4440888296353,0.0,1.0,1.0
-780.0,1440.0,340.22204441481773,680.4440888296353,0.0,1.0,1.0
-720.0,1440.0,340.22204441481773,680.4440888296353,0.0,1.0,1.0
-660.0,1440.0,340.22204441481773,680.4440888296353,0.0,1.0,1.0
-600.0,1440.0,340.22204441481773,680.4440888296353,0.0,1.0,1.0
-540.0,1440.0,340.22204441481773,680.4440888296353,0.0,1.0,1.0
-480.0,1440.0,340.22204441481773,680.4440888296353,0.0,1.0,1.0
-420.0,1440.0,340.22204441481773,680.4440888296353,0.0,1.0,1.0
-360.0,1440.0,340.22204441481773,680.4440888296353,0.0,1.0,1.0
-300.0,1440.0,340.22204441481773,680.4440888296353,0.0,1.0,1.0
-240.0,1440.0,340.22204441481773,680.4440888296353,0.0,1.0,1.0
-180.0,1440.0,340.22204441481773,680.4440888296353,0.0,1.0,1.0
-120.0,1440.0,340.22204441481773,680.4440888296353,0.0,1.0,1.0
-60.0,1440.0,340.22204441481773,680.4440888296353,0.0,1.0,1.0
0.0,1440.0,340.22204441481773,680.4440888296353,0.0,1.0,1.0
60.0,1440.0,340.22204441481773,680.4440888296353,0.0,1.0,1.0
120.0,1440.0,340.22204441481773,680.4440888296353,0.0,1.0,1.0
180.0,1440.0,340.22204441481773,680.4440888296353,0.0,1.0,1.0
240.0,1440.0,340.22204441481773,680.4440888296353,0.0,1.0,1.0
300.0,1440.0,340.22204441481773,680.4440888296353,0.0,1.0,1.0
360.0,1440.0,274.1202141776374,548.2384899387475,0.0,0.7979308705894671,0.9999999999999978
420.0,1440.0,40.01702668348344,80.03260070793786,0.0,0.14668871225349117,0.9999999999999902
480.0,1440.0,25.261799680388684,50.52242155413962,0.0,0.03911698993426373,0.999999999999989
540.0,1440.0,23.06061411208654,46.1208696436826,0.0,0.0,0.9999999999999887
600.0,1440.0,22.744223879644064,45.48844775928814,0.0,0.0,0.9999999999999886
660.0,1440.0,22.4314352841395,44.862870568278986,0.0,0.0,0.9999999999999887
720.0,1440.0,22.218588003466103,44.437176006932205,0.0,0.0,0.9999999999999888
780.0,1440.0,22.12478070113762,44.24956140227524,0.0,0.0,0.9999999999999887
840.0,1440.0,22.17469359138439,44.349387182768766,0.0,0.0,0.9999999999999887
900.0,1440.0,22.401019635395578,44.802039270791155,0.0,0.0,0.9999999999999887
960.0,1440.0,22.847931801813097,45.695863603626194,0.0,0.0,0.9999999999999888
1020.0,1440.0,23.57594078257767,47.15188156515535,0.0,0.0,0.9999999999999887
1080.0,1440.0,24.671982229836924,49.34396445967385,0.0,0.0,0.9999999999999888
-960.0,1500.0,340.22204441481773,680.4440888296353,0.0,1.0,1.0
-900.0,1500.0,340.22204441481773,680.4440888296353,0.0,1.0,1.0
-840.0,1500.0,340.22204441481773,680.4440888296353,0.0,1.0,1.0
-780.0,1500.0,340.22204441481773,680.4440888296353,0.0,1.0,1.0
-720.0,1500.0,340.22204441481773,680.4440888296353,0.0,1.0,1.0
-660.0,1500.0,340.22204441481773,680.4440888296353,0.0,1.0,1.0
-600.0,1500.0,340.22204441481773,680.4440888296353,0.0,1.0,1.0
-540.0,1500.0,340.22204441481773,680.4440888296353,0.0,1.0,1.0
-480.0,1500.0,340.22204441481773,680.4440888296353,0.0,1.0,1.0
-420.0,1500.0,340.22204441481773,680.4440888296353,0.0,1.0,1.0
-360.0,1500.0,340.22204441481773,680.4440888296353,0.0,1.0,1.0
-300.0,1500.0,340.22204441481773,680.4440888296353,0.0,1.0,1.0
-240.0,1500.0,340.22204441481773,680.4440888296353,0.0,1.0,1.0
-180.0,1500.0,340.22204441481773,680.4440888296353,0.0,1.0,1.0
-120.0,1500.0,340.22204441481773,680.4440888296353,0.0,1.0,1.0
-60.0,1500.0,340.22204441481773,680.4440888296353,0.0,1.0,1.0
0.0,1500.0,340.22204441481773,680.4440888296353,0.0,1.0,1.0
60.0,1500.0,340.22204441481773,680.4440888296353,0.0,1.0,1.0
120.0,1500.0,340.22204441481773,680.4440888296353,0.0,1.0,1.0
180.0,1500.0,340.22204441481773,680.4440888296353,0.0,1.0,1.0
240.0,1500.0,340.22204441481773,680.4440888296353,0.0,1.0,1.0
300.0,1500.0,340.22204441481773,680.4440888296353,0.0,1.0,1.0
360.0,1500.0,340.22204441481773,680.4440888296353,0.0,1.0,1.0
420.0,1500.0,96.41034957789606,192.82020412860334,0.0,0.36672178063372773,0.9999999999999927
480.0,1500.0,39.59728982936472,79.19457697189286,0.0,0.14424390038259974,0.9999999999999903
540.0,1500.0,26.785391526561185,53.57078280423815,0.0,0.05134104928872072,0.9999999999999893
600.0,1500.0,24.67974096907304,49.3594819381461,0.0,0.03911698993426373,0.9999999999999891
660.0,1500.0,23.742156090621993,47.484312181244,0.0,0.0,0.9999999999999887
720.0,1500.0,23.61675002345603,47.233500046912056,0.0,0.0,0.9999999999999887
780.0,1500.0,23.613961644673868,47.22792328934772,0.0,0.0,0.9999999999999887
840.0,1500.0,23.764008503265316,47.528017006530604,0.0,0.0,0.9999999999999887
900.0,1500.0,24.100864376766463,48.20172875353293,0.0,0.0,0.9999999999999887
960.0,1500.0,24.669804946187575,49.339609892375165,0.0,0.0,0.9999999999999887
-840.0,1560.0,340.22204441481773,680.4440888296353,0.0,1.0,1.0
-780.0,1560.0,340.22204441481773,680.4440888296353,0.0,1.0,1.0
-720.0,1560.0,340.22204441481773,680.4440888296353,0.0,1.0,1.0
-660.0,1560.0,340.22204441481773,680.4440888296353,0.0,1.0,1.0
-600.0,1560.0,340.22204441481773,680.4440888296353,0.0,1.0,1.0
-540.0,1560.0,340.22204441481773,680.4440888296353,0.0,1.0,1.0
-480.0,1560.0,340.22204441481773,680.4440888296353,0.0,1.0,1.0
-420.0,1560.0,340.22204441481773,680.4440888296353,0.0,1.0,1.0
-360.0,1560.0,340.22204441481773,680.4440888296353,0.0,1.0,1.0
-300.0,1560.0,340.22204441481773,680.4440888296353,0.0,1.0,1.0
-240.0,1560.0,340.22204441481773,680.4440888296353,0.0,1.0,1.0
-180.0,1560.0,340.22204441481773,680.4440888296353,0.0,1.0,1.0
-120.0,1560.0,340.22204441481773,680.4440888296353,0.0,1.0,1.0
-60.0,1560.0,340.22204441481773,680.4440888296353,0.0,1.0,1.0
0.0,1560.0,340.22204441481773,680.4440888296353,0.0,1.0,1.0
60.0,1560.0,340.22204441481773,680.4440888296353,0.0,1.0,1.0
120.0,1560.0,340.22204441481773,680.4440888296353,0.0,1.0,1.0
180.0,1560.0,340.22204441481773,680.4440888296353,0.0,1.0,1.0
240.0,1560.0,340.22204441481773,680.4440888296353,0.0,1.0,1.0
300.0,1560.0,340.22204441481773,680.4440888296353,0.0,1.0,1.0
360.0,1560.0,340.22204441481773,680.4440888296353,0.0,1.0,1.0
420.0,1560.0,292.85281913442657,585.7049086902257,0.0,0.8626886887998138,0.9999999999999984
480.0,1560.0,80.30519620185672,160.6103285366578,0.0,0.31782554321589707,0.9999999999999923
540.0,1560.0,42.32953730029497,84.65907460058996,0.0,0.15646795973705752,0.9999999999999905
600.0,1560.0,30.326858251707385,60.65371650341474,0.0,0.07823397986852643,0.9999999999999896
660.0,1560.0,26.41703934654209,52.834078693084194,0.0,0.03911698993426373,0.999999999999989
720.0,1560.0,24.620033000926213,49.240066001852405,0.0,0.0,0.9999999999999887
780.0,1560.0,25.11713947850027,50.23427895700053,0.0,0.0,0.9999999999999887
840.0,1560.0,25.416568546185704,50.83313709237139,0.0,0.0,0.9999999999999887
-780.0,1620.0,340.22204441481773,680.4440888296353,0.0,1.0,1.0
-720.0,1620.0,340.22204441481773,680.4440888296353,0.0,1.0,1.0
-660.0,1620.0,340.22204441481773,680.4440888296353,0.0,1.0,1.0
-600.0,1620.0,340.22204441481773,680.4440888296353,0.0,1.0,1.0
-540.0,1620.0,340.22204441481773,680.4440888296353,0.0,1.0,1.0
-480.0,1620.0,340.22204441481773,680.4440888296353,0.0,1.0,1.0
-420.0,1620.0,340.22204441481773,680.4440888296353,0.0,1.0,1.0
-360.0,1620.0,340.22204441481773,680.4440888296353,0.0,1.0,1.0
-300.0,1620.0,340.22204441481773,680.4440888296353,0.0,1.0,1.0
-240.0,1620.0,340.22204441481773,680.4440888296353,0.0,1.0,1.0
-180.0,1620.0,340.22204441481773,680.4440888296353,0.0,1.0,1.0
-120.0,1620.0,340.22204441481773,680.4440888296353,0.0,1.0,1.0
-60.0,1620.0,340.22204441481773,680.4440888296353,0.0,1.0,1.0
0.0,1620.0,340.22204441481773,680.4440888296353,0.0,1.0,1.0
60.0,1620.0,340.22204441481773,680.4440888296353,0.0,1.0,1.0
120.0,1620.0,340.22204441481773,680.4440888296353,0.0,1.0,1.0
180.0,1620.0,340.22204441481773,680.4440888296353,0.0,1.0,1.0
240.0,1620.0,340.22204441481773,680.4440888296353,0.0,1.0,1.0
300.0,1620.0,340.22204441481773,680.4440888296353,0.0,1.0,1.0
360.0,1620.0,340.22204441481773,680.4440888296353,0.0,1.0,1.0
420.0,1620.0,340.22204441481773,680.4440888296353,0.0,1.0,1.0
480.0,1620.0,183.3814252479146,366.7623738722715,0.0,0.6112029677228792,0.9999999999999956
540.0,1620.0,79.43627681332494,158.87253049183082,0.0,0.3153807313450053,0.9999999999999922
600.0,1620.0,47.88114474348297,95.76228787669528,0.0,0.18336089031686512,0.9999999999999907
660.0,1620.0,35.993447637008806,71.98689527401761,0.0,0.11735096980279158,0.99999999999999
720.0,1620.0,30.752436572488968,61.50487314497795,0.0,0.07823397986852643,0.9999999999999897
780.0,1620.0,27.900009894334264,55.80001978866852,0.0,0.03911698993426373,0.9999999999999891
-600.0,1680.0,340.22204441481773,680.4440888296353,0.0,1.0,1.0
-540.0,1680.0,340.22204441481773,680.4440888296353,0.0,1.0,1.0
-480.0,1680.0,340.22204441481773,680.4440888296353,0.0,1.0,1.0
-420.0,1680.0,340.22204441481773,680.4440888296353,0.0,1.0,1.0
-360.0,1680.0,340.22204441481773,680.4440888296353,0.0,1.0,1.0
-300.0,1680.0,340.22204441481773,680.4440888296353,0.0,1.0,1.0
-240.0,1680.0,340.22204441481773,680.4440888296353,0.0,1.0,1.0
-180.0,1680.0,340.22204441481773,680.4440888296353,0.0,1.0,1.0
-120.0,1680.0,340.22204441481773,680.4440888296353,0.0,1.0,1.0
-60.0,1680.0,340.22204441481773,680.4440888296353,0.0,1.0,1.0
0.0,1680.0,340.22204441481773,680.4440888296353,0.0,1.0,1.0
60.0,1680.0,340.22204441481773,680.4440888296353,0.0,1.0,1.0
120.0,1680.0,340.22204441481773,680.4440888296353,0.0,1.0,1.0
180.0,1680.0,340.22204441481773,680.4440888296353,0.0,1.0,1.0
240.0,1680.0,340.22204441481773,680.4440888296353,0.0,1.0,1.0
300.0,1680.0,340.22204441481773,680.4440888296353,0.0,1.0,1.0
360.0,1680.0,340.22204441481773,680.4440888296353,0.0,1.0,1.0
420.0,1680.0,340.22204441481773,680.4440888296353,0.0,1.0,1.0
480.0,1680.0,334.53534845869524,669.0706920871335,0.0,0.9877903770561284,0.9999999999999999
540.0,1680.0,157.45336143862178,314.9065129848711,0.0,0.5525274828214828,0.9999999999999951
600.0,1680.0,85.18102343121545,170.36203443721215,0.0,0.33493922631213835,0.9999999999999926
-420.0,1740.0,340.22204441481773,680.4440888296353,0.0,1.0,1.0
-360.0,1740.0,340.22204441481773,680.4440888296353,0.0,1.0,1.0
-300.0,1740.0,340.22204441481773,680.4440888296353,0.0,1.0,1.0
-240.0,1740.0,340.22204441481773,680.4440888296353,0.0,1.0,1.0
-180.0,1740.0,340.22204441481773,680.4440888296353,0.0,1.0,1.0
-120.0,1740.0,340.22204441481773,680.4440888296353,0.0,1.0,1.0
-60.0,1740.0,340.22204441481773,680.4440888296353,0.0,1.0,1.0
0.0,1740.0,340.22204441481773,680.4440888296353,0.0,1.0,1.0
60.0,1740.0,340.22204441481773,680.4440888296353,0.0,1.0,1.0
120.0,1740.0,340.22204441481773,680.4440888296353,0.0,1.0,1.0
180.0,1740.0,340.22204441481773,680.4440888296353,0.0,1.0,1.0
240.0,1740.0,340.22204441481773,680.4440888296353,0.0,1.0,1.0
300.0,1740.0,340.22204441481773,680.4440888296353,0.0,1.0,1.0
360.0,1740.0,340.22204441481773,680.4440888296353,0.0,1.0,1.0
420.0,1740.0,340.22204441481773,680.4440888296353,0.0,1.0,1.0
0.0,1800.0,340.22204441481773,680.4440888296353,0.0,1.0,1.0
